Peak	Residue	N	T1	T2	T3	T4	T5	T6	T7	T8	T9	T10	T11	T12	T13	T14	T15	T16	T17	T18	T19	T20	T21	T22	T23	T24	T25	T26	T27	T28	T29	T30	T31	T32	T33	T34	T35	T36	T37	T38	T39	T40	T41	T42	T43	T44	T45	T46	T47	T48	T49	T50	T51	T52	T53	T54	T55	T56	T57	T58	T59	T60	T61	T62	T63	T64	T65	T66	T67	T68	T69	T70	T71	T72	T73	T74	T75	T76	T77	T78	T79	T80	T81	T82	T83	T84	T85	T86	T87	T88	T89	T90	T91	T92	T93	T94	T95	T96	T97	T98	T99	T100	T101	T102	T103	T104	T105	T106	T107	T108	T109	T110	T111	T112	T113	T114	T115	T116	T117	T118	T119	T120	T121	T122	T123	T124	T125	T126	T127	T128	T129	T130	T131	T132	T133	T134	T135	T136	T137	T138	T139	T140	T141	T142	T143	T144	T145	T146	T147	T148	T149	T150	T151	T152	T153	T154	T155	T156	T157	T158	T159	T160	T161	T162	T163	T164	T165	T166	T167	T168	T169	T170	T171	T172	T173	T174	T175	T176	T177	T178	T179	T180	T181	T182	T183	T184	T185	T186	T187	T188	T189	T190	T191	T192	T193	T194	T195	T196	T197	T198	T199	T200	T201	T202	T203	T204	T205	T206	T207	T208	T209	T210	T211	T212	T213	T214	T215	T216	T217	T218	T219	T220	T221	T222	T223	T224	T225	T226	T227	T228	T229	T230	T231	T232	T233	T234	T235	T236	T237	T238	T239	T240	T241	T242	T243	T244	T245	T246	T247	T248	T249	T250	T251	a	asigma	b	bsigma	rmsd
0	2	251	2.7614085	1.09296675	1.189682	1.237838	1.131818875	1.14619825	1.0706815	1.053626125	1.067725125	0.8629235	0.9891215625	1.03806125	0.8084455625	1.12518	1.181059625	1.209931125	1.203575375	0.9027606875	0.9478193125	0.743401	0.792649125	0.9406153125	0.97436625	0.89296875	0.800732125	0.863288375	1.002819375	0.960254125	0.8339333125	0.8685355625	0.950117375	0.8416645625	0.6094988125	0.792488625	0.7001496875	0.8663128125	0.85110375	0.835862	0.536722125	0.7554546875	1.0211915	0.9620165	0.6033841875	0.7166545625	0.9665130625	0.760612125	0.87450225	0.6980789375	0.905718875	0.7658003125	0.9367746875	0.7802676875	0.753624875	0.8611896875	0.7838710625	0.8132006875	0.950684	0.5989835625	0.570495625	0.9243201875	0.645818875	0.8135225625	0.6290006875	0.735390875	0.8021338125	0.66216325	0.630168625	0.705108625	0.739062375	0.6359615625	0.813145125	0.8212761875	0.9351778125	0.4911193125	0.898437375	0.683844	0.7158873125	0.3955144375	0.7049778125	0.7670194375	0.6796598125	0.7638485	0.6396119375	0.42495459375	0.5357081875	0.4037250625	0.5512688125	0.68240825	0.73372225	1.0220281875	0.60606325	0.45114275	0.6160159375	0.6365879375	0.6453323125	0.75435775	0.78713675	0.766392625	0.527382875	0.38979415625	0.587055	0.6441088125	0.681763875	0.5782701875	0.5958891875	0.44746321875	0.48927290625	0.3375724375	0.4822115625	0.5338985625	0.6634989375	0.69673525	0.3213345	0.39967009375	0.52305471875	0.541527375	0.6662880625	0.321703625	0.7381040625	0.5571053125	0.4188964375	0.45360928125	0.384511	0.590609	0.6327583125	0.6795833125	0.729032125	0.44786346875	0.73106375	0.690758	0.2360158125	0.50019846875	0.400293	0.527233875	0.562970125	0.358066125	0.6645305625	0.4312949375	0.3448056875	0.3816615	0.715903875	0.3061938125	0.44948846875	0.557572125	0.5471500625	0.3563104375	0.46471053125	0.4347634375	0.24725165625	0.580315625	0.36810234375	0.5470546875	0.5278291875	0.39308075	0.4964543125	0.34246684375	0.534527125	0.392991125	0.47041609375	0.6560326875	0.156189609375	0.4487126875	0.661520125	0.57924325	0.39259615625	0.26972428125	0.37159171875	0.4532735625	0.6526341875	0.6043806875	0.5088785	0.3580646875	0.29684209375	0.18216415625	0.39834153125	0.45754075	0.5183650625	0.50558825	0.36361459375	0.161271765625	0.5384001875	0.305227875	0.227948921875	0.5775213125	0.39580490625	0.47703459375	0.36819615625	0.33430875	0.37519553125	0.3355919375	0.21735275	0.519612625	0.30179640625	0.22118721875	0.46185971875	0.4021044375	0.24098390625	0.29318528125	0.594659	0.258060234375	0.43980325	0.5975275625	0.40651928125	0.459564	0.6877255	0.170696203125	0.388782625	0.5026258125	0.48344653125	0.6477664375	0.4212481875	-0.132450421875	0.42723121875	0.2459209375	0.1996319375	0.48514015625	0.158285765625	0.29778584375	0.234420265625	-0.046358234375	0.404043875	0.19615525	0.164040375	0.411449	0.4206688125	0.40174721875	0.20733946875	0.33444325	0.27120509375	0.27758053125	0.26395271875	0.188962703125	0.28581825	0.33216953125	0.3062790625	0.39078	0.24551265625	-0.0919894375	0.3468984375	0.12476990625	0.27542709375	0.33242809375	0.253422921875	0.47215078125	0.162725796875	0.40641196875	0.27713975	0.21345909375	0.157539546875	0.2224584375	0.3176211875	1.123	0.029	0.00121	6.0E-5	0.17188343576
1	119	251	3.902458	0.18904734375	0.0676718359375	0.117762078125	0.3727938125	0.207630046875	0.28135815625	0.25262103125	-0.1107135625	0.2465065	0.19116140625	0.16985853125	0.1539393125	-0.196599671875	-0.059677109375	0.2175946875	-0.2217654375	-0.094934390625	0.26330190625	-0.095669	0.43427753125	0.0956187109375	-0.035847390625	-0.0300674960937	-0.184134734375	0.22109109375	0.197744421875	-0.0665404921875	0.30432121875	0.2716591875	-0.036815765625	-0.3025165625	0.36937746875	0.2855168125	0.110765078125	-0.113115609375	0.0610595351562	0.15109984375	0.227188	0.128521664062	0.0814442265625	-0.177791859375	0.254259625	0.37842028125	0.166068703125	0.136956109375	0.216961453125	0.085273203125	0.214013890625	-0.184629921875	-0.21107284375	0.2899883125	0.3476029375	0.0490730429687	0.5202635625	0.3030591875	-0.179553296875	0.165374234375	0.105746117187	0.149742640625	0.0829395546875	0.105467734375	0.3281208125	-0.126777460937	0.2801630625	0.128586507812	0.119337210937	-0.0698793828125	0.21771815625	-0.0649474609375	0.095435234375	0.216785609375	0.215818390625	0.234898140625	0.302210375	-0.181445515625	0.47520525	-0.157316578125	0.17859890625	0.454041125	0.18806678125	-0.16747690625	0.166801328125	-0.2128073125	0.343096125	-0.123053109375	0.33029759375	0.27173846875	-0.108567773437	0.3067281875	0.5079371875	0.218886359375	0.30006625	0.29003609375	0.1402445625	0.42121815625	-0.158636859375	-0.05639309375	-0.230332828125	0.130081507812	-0.194401875	-0.08251953125	0.28607890625	0.24191846875	-0.0488430078125	0.119102585937	-0.07463515625	0.109498609375	-0.2653603125	0.34327953125	0.126503054687	0.102760085937	0.3689679375	0.211908859375	0.145073625	0.208487703125	0.202463078125	0.1167094375	-0.28697371875	0.3230591875	-0.0991526328125	0.280683375	-0.09365115625	0.3534029375	0.2349606875	-0.151276453125	-0.0472775195312	0.39557715625	-0.0401668007812	0.226190546875	0.122409484375	-0.11165128125	-0.0431074492187	-0.276594375	0.185257421875	0.2631816875	0.4034160625	0.3516821875	0.25049375	0.3213120625	-0.091915359375	-0.068685046875	0.426750625	0.241202984375	0.33236584375	0.2240575	-0.22519725	0.228784125	0.099612015625	-0.100377789062	0.12434971875	0.16822784375	0.209833609375	-0.091708203125	0.27924815625	0.26269284375	-0.0522143945312	-0.04698934375	0.4620578125	-0.119790640625	0.1795144375	0.117305742187	-0.0810338359375	0.1705791875	-0.12973915625	0.33544028125	-0.120904273437	0.147599125	-0.21698290625	-0.0779572421875	0.108842039062	0.238733734375	0.1592545	0.1159500625	0.28198946875	-0.0544414453125	0.2545849375	-0.126804851562	0.137601703125	0.20315903125	0.3775714375	0.161847359375	0.48426878125	0.255516765625	-0.115973851562	-0.04716615625	-0.22186315625	0.415140875	0.173117875	0.372946125	-0.169920265625	0.44386521875	0.130841914062	0.150650953125	-0.122271921875	-0.108894921875	0.2395585	0.2432835	0.14123346875	0.1464490625	0.41185784375	0.23843578125	0.128563546875	0.098581546875	0.17925040625	0.0735394609375	-0.0770412265625	0.2963424375	0.193458203125	0.243430171875	0.3470721875	0.0711547578125	0.4035844375	0.247272234375	0.11303040625	-0.0296671113281	0.24089840625	-0.1522751875	0.164344078125	0.3690279375	0.261374140625	0.3120929375	0.38426065625	0.340475375	-0.191317140625	-0.35559890625	-0.150944546875	0.1305396875	0.34081265625	0.130151289062	0.13639078125	0.221204	0.44985459375	0.396895375	0.204544109375	-0.12901771875	0.08045840625	0.29972703125	0.139846890625	0.159419015625	0.193453234375	0.53044425	0.242507015625	0.257895921875	0.219027515625	0.28646384375	0.113579851562	0.1678233125	0.22358028125	-0.187948953125	0.289288375	0.168	0.044	2.3E-4	3.9E-4	0.305846146469
2	133	251	2.12498875	0.6320100625	0.7645775625	0.5280063125	0.476351625	0.8438211875	0.6458245625	0.8941280625	0.6110175625	0.5717153125	0.6946783125	0.46200490625	0.6496316875	0.5703274375	0.68995275	0.767593	0.7108815	0.5491356875	0.49961953125	0.88396375	0.772171875	0.8731909375	0.6735284375	0.6942620625	0.732399	0.8019125625	0.6951585	0.6660955625	0.7693138125	0.654135	0.7622858125	0.5363848125	0.8137873125	0.87664825	0.79067975	0.74089475	0.8790795625	0.7115629375	0.46007609375	0.732919375	0.6895825625	0.4585964375	0.825632125	0.786632125	0.83086275	0.620111125	0.79509375	0.48481403125	0.635921125	0.662781125	0.7523903125	0.25844228125	0.6213079375	0.43958959375	0.7705945	0.5617386875	0.7062315625	0.7863245	0.46893703125	0.9079499375	0.9175769375	0.650813125	0.647484	0.7690330625	0.8856875625	0.71571875	0.779034625	0.8778433125	0.83138025	0.682696875	0.51767284375	0.625039125	0.610740125	0.821459625	0.5888849375	0.77201075	0.621714875	0.775421875	0.7510936875	0.784347875	0.8046829375	0.8975816875	0.8669719375	0.8994740625	0.8220939375	0.6164824375	0.5342226875	0.749576875	0.5926581875	0.740719625	0.892090625	0.68327575	0.39731709375	0.7160495625	0.8689520625	0.5664960625	0.64700475	0.575365375	0.6402665	0.6043744375	0.588120125	0.51863421875	0.956679625	0.36323965625	0.65742375	0.4484911875	0.660691625	0.6586784375	0.7271014375	0.73479925	0.48996009375	0.668194625	0.36499459375	0.827043875	0.6837460625	0.837786	0.6571714375	0.6994179375	0.7160450625	0.8217009375	0.7809788125	0.7983784375	1.046475875	0.7596723125	0.50656309375	0.758049125	0.51721684375	0.39572259375	0.5218550625	0.69800975	0.914471375	0.8321366875	0.540563875	0.893133375	0.843280875	0.8552166875	0.635216375	0.6644458125	0.6174075625	0.724730125	0.7966115	0.682423625	0.910802	0.696512375	0.5553721875	0.666051125	0.84951725	0.7000753125	0.664731375	0.846181875	0.6078395625	0.86904075	0.55239225	0.8112546875	0.6496356875	0.650214	0.496703125	0.8434725625	0.738091125	0.6158276875	0.7029948125	1.053084125	0.82892475	0.797609	0.47650571875	0.6384478125	0.6747428125	0.552130625	0.8853999375	0.687581125	0.51622984375	0.8445568125	0.7820835625	0.867597125	0.8494680625	0.755259	0.6297529375	0.47418596875	0.5562236875	0.80016475	0.7412999375	0.914393875	0.5304000625	0.5621395625	0.5354418125	0.819885125	0.6980719375	0.82825575	0.7468439375	0.6816039375	0.5558924375	0.781312375	0.7305109375	0.9848055	0.8159628125	0.7995965625	0.8356475	0.7564675625	0.6560971875	0.8146015	0.8903415	0.83157325	0.6646405	0.480962625	0.8784095	0.6323916875	0.6244590625	0.8175449375	0.4430395	0.44438140625	0.6682076875	0.9196968125	0.6177755625	0.6877699375	0.74894075	0.650191125	0.361556875	0.56712225	0.8332318125	0.8259945	0.6245500625	0.526800375	0.7562705	0.47882825	0.6593781875	0.639303125	0.600087375	0.595556	0.7060274375	0.6548013125	0.5147625	0.694588125	0.454124375	0.6371025	0.675584	0.52288221875	0.696746	0.56658925	0.830327875	0.725924375	0.9090163125	0.66870975	0.8234381875	0.847616875	0.667024375	0.58338125	0.71185825	0.48188940625	0.93316925	0.6735369375	0.6082595625	0.72	0.023	4.3E-5	4.2E-5	0.165523570049
3	10	251	4.7136635	0.896431	1.10666375	1.0134144375	1.34265325	1.0304848125	1.103751375	1.021166	0.6769314375	0.9055731875	1.0145921875	0.960948375	0.931666	0.9221546875	0.92215575	0.7769311875	0.92853825	0.8218994375	0.9588659375	0.9386489375	0.913243875	1.020066	0.7619058125	1.019936875	0.9819745	1.1211855	0.7934110625	0.9467810625	1.0059899375	0.8733678125	1.0236425625	0.570380875	0.813755375	0.813608375	1.0875595	0.7864009375	0.9634538125	0.7842360625	1.079135375	0.952320125	0.994368875	0.9736960625	0.7375310625	1.0050159375	1.0452024375	0.83093125	1.0456475625	0.8172403125	0.942554375	0.8544753125	0.7713735	1.0278991875	0.783805375	0.820160375	0.787359125	0.937200125	0.6534305625	0.9389095625	0.9651301875	1.0410306875	0.9796963125	0.9702375	0.7489825	0.91581625	0.6269440625	0.8675588125	0.860525875	0.8827735	0.8808614375	0.549038375	0.839942	1.018919875	0.960918625	0.9277955625	0.7656273125	1.049108	0.8697841875	0.6784671875	0.885256875	0.8257828125	0.7264065	0.8823695625	0.681367375	0.8679395625	0.8136073125	0.634657875	0.79738225	0.940533875	0.88520775	0.9179854375	0.805037375	1.052513875	0.7327240625	0.7874478125	0.8042910625	0.978232625	0.8426969375	0.8675850625	0.930018625	0.763006625	1.0656275	0.7767221875	0.8728383125	0.862877375	0.9066588125	0.9558148125	0.988764625	0.7543473125	1.102983875	0.8817945625	0.814388125	0.7126988125	0.780896375	0.8715568125	0.7488855	0.7151855625	1.05643025	1.149872125	1.094373625	0.73619975	0.940726	0.9903181875	0.7593805	0.98655425	0.922774375	0.604248625	0.780918	0.712311	0.8171186875	0.8475215	0.934094625	0.7036600625	1.035	0.7951056875	0.675513875	0.63078	1.008113625	0.8827554375	0.94051075	0.7149796875	0.750160875	0.8248530625	0.9409428125	0.837969875	0.7044175625	0.9089586875	0.6479025	1.0117991875	1.06143775	0.860802375	0.7319828125	0.716216	0.836221375	0.946046625	0.8019850625	0.8490809375	0.996321625	0.717494125	0.8696595625	0.6156894375	0.7869918125	1.049269625	0.9253405	0.8369854375	0.87873975	0.8049821875	0.7164305625	0.932175875	0.8645348125	0.8703924375	0.961464625	0.6346529375	1.0305244375	0.86677225	0.9664313125	0.8574259375	0.5970895	0.7932930625	0.9563786875	0.75946575	0.98551925	0.74742375	0.811288375	0.8533768125	0.9020866875	0.80767175	0.911880625	0.868509125	0.7471460625	0.61885625	1.15983075	1.05328325	0.8038935	0.7754025	1.0388468125	0.812117875	0.936939875	0.831816375	0.92424425	0.9600740625	0.9916858125	0.8802986875	0.6482685	0.8400233125	0.8790575	0.8724031875	0.8079546875	1.0252210625	0.8396705	0.5629035625	0.962967375	0.8619185	0.9732279375	0.943086125	0.5912395625	0.944455625	0.9228840625	0.667274	0.898674125	0.6129346875	1.135028875	0.8429239375	0.7939745625	0.7482898125	0.99457725	0.8304778125	0.848415375	1.0355813125	0.883004625	0.6311278125	0.85156925	0.999060875	0.923325	0.8634749375	0.9381185	0.9592145625	0.873089375	0.949993375	0.78762825	0.796014875	1.00760325	1.07156575	0.770078875	1.157617375	0.8746764375	1.008825125	0.8715505	0.6915993125	1.141320625	0.833103125	0.5831965625	0.975	0.036	1.5E-4	5.0E-5	0.27180113619
4	76	251	2.84171975	1.1683305	1.214668625	1.287164625	1.2061435	1.310551625	1.079316875	1.110689625	1.291952375	1.430888125	1.3732605	1.3917085	1.258704625	1.082072375	1.30884125	1.43061425	1.47579475	1.32811675	1.517503375	1.14257275	1.324285	1.72607	1.482169	1.322218125	1.525926875	1.484564625	1.425966375	1.4616765	1.29182575	1.16243575	1.457475125	1.433736	1.121206625	1.4326825	1.435993375	1.155756125	1.481907125	1.196931875	1.40422025	1.4118125	1.41888	1.324947625	0.9973673125	1.113305125	1.148737375	1.193805125	1.088781375	1.2405005	1.358323375	1.33006025	1.218050125	1.297569375	1.48592025	1.372917	1.349563375	1.210047125	1.137074625	1.17266575	1.349283875	1.011706125	1.391981625	1.47983575	1.337869875	1.35273825	1.368993	1.3305855	1.254404125	1.305225	1.481412625	1.268811375	1.500455	1.23272075	1.487473	1.36181525	1.44756275	1.145514875	1.1800015	1.0372591875	1.4131335	1.2833785	1.35518675	1.351871875	1.34066025	1.42660375	1.36266775	1.33912275	1.161553875	1.32612375	1.34120725	1.347936375	1.531766875	1.38443375	1.310222625	1.142161375	1.47458125	1.409945875	1.20680325	1.180870875	1.178859	1.330675	1.2756775	1.344204	1.27576175	1.18444275	1.439913	1.335855625	1.390292	1.38838075	1.335819375	1.320614375	1.39702625	1.4743895	1.143035625	1.343242625	1.4087745	1.201406375	1.15926075	1.331542375	1.16705025	1.305407125	1.4398275	1.399062	1.240552	1.4088355	1.290482625	1.29479025	1.378466	1.270792875	1.301814	1.542725	1.322890375	1.22439	1.62247125	1.493092375	1.442226375	1.513180125	1.520219875	1.21453	1.14100175	1.38820025	1.173101875	1.1826285	1.2515095	1.388153375	1.046385125	1.479767375	1.353843625	1.31346725	1.541481875	1.220974625	1.312330875	1.10080725	1.489169125	1.137797625	1.2368985	1.35133425	1.063075625	1.407102625	1.2755345	1.251174375	1.339517375	1.33166225	1.413395625	1.441233375	1.471088375	1.2634675	1.33326375	1.32335525	1.346637	1.33346325	1.337432125	1.348390125	0.8732941875	1.537966625	1.387376	1.224066	1.31656175	1.3345985	1.189472	1.443345	1.184053125	1.27266275	1.269794	1.498985625	1.5009995	1.314416	1.150245375	1.323738625	1.0891195	1.2655715	1.353757375	1.39838275	1.26575025	1.256365875	1.146682375	1.3871265	1.325410375	1.4205745	1.317499375	1.6083925	1.471367125	1.378336125	1.44978975	1.412767	1.373207625	1.29167	1.46600875	1.164215625	1.06924875	1.186378125	1.64300725	1.151189375	1.369912875	1.234643625	1.305530875	1.47953825	1.6683805	1.464440375	1.510987375	1.36946	1.103076375	1.37322775	1.075702875	1.28754275	1.50608375	1.200130875	1.231095625	1.334725625	1.3486625	1.35125425	1.0895665	1.3712865	1.43933275	1.2880975	1.162357125	1.11146725	1.45092175	1.105623	1.3182485	1.297081125	1.467795125	1.255304875	1.353396875	1.41907825	1.279690875	1.178088125	1.503557375	1.31023475	1.2846415	1.26826475	1.4231455	1.34	0.022	1.6E-5	2.3E-5	0.163657034746
5	21	251	5.2123075	2.90556375	2.61459725	2.49183025	2.66893275	2.36258075	2.1757065	2.15379925	2.057426125	1.854618125	1.74855225	1.622840625	1.616461375	1.51471875	1.3994415	1.2523815	1.506489125	1.40026275	1.400797625	1.178779375	0.92327325	1.107062375	1.19315525	0.9954900625	1.083593875	0.9994045	0.7231359375	0.9080938125	0.882315	0.678192625	0.7290930625	0.6963034375	0.573275	0.51425625	0.624435875	0.7104078125	0.23295353125	0.6995133125	0.685804875	0.614138875	0.37681378125	0.4695113125	0.704708375	0.3273758125	0.41574109375	0.461132	0.39321321875	0.53029975	0.193011078125	0.336887375	0.224988625	0.38835090625	0.205641234375	0.255462265625	0.3522519375	0.31711321875	0.220823015625	0.4071353125	0.32136015625	0.146702	0.225255953125	0.127657046875	0.2606600625	0.3447279375	0.28974965625	0.241845171875	0.37439628125	0.122326234375	0.13602321875	0.245790625	0.0689824140625	0.193010953125	0.34655996875	0.25097884375	-0.379208375	0.338534875	0.38114809375	0.105674546875	0.2849101875	0.259571234375	0.18399646875	0.21374953125	0.18240778125	0.17502034375	-0.109771125	0.3263855	0.153997546875	0.1981935625	0.157764234375	-0.1492333125	0.147522515625	0.217145421875	-0.25185365625	0.36170675	0.17747346875	-0.0770080703125	0.146836828125	0.14477646875	0.171851078125	0.2244573125	-0.154310671875	0.22048840625	-0.0538119492187	0.0521326601562	-0.135745453125	0.38981009375	0.0364568984375	0.21599375	0.20101903125	0.163955328125	0.19940046875	-0.1011805	0.26711903125	-0.115287421875	0.116901828125	-0.209924984375	0.17990384375	-0.2745940625	0.16643878125	0.116288226562	0.29779203125	-0.163303703125	0.134485125	0.2184075625	0.20763503125	-0.1405085625	-0.1068545	0.114804929687	0.14234725	0.125564679687	-0.14789771875	0.3265153125	0.235604421875	0.225100828125	-0.176738078125	0.108674515625	-0.18959990625	0.20659375	0.238834171875	-0.16828434375	0.0686944921875	0.36854990625	0.209790671875	-0.12459228125	0.0900394765625	0.202314828125	0.198708734375	0.09169665625	0.43983990625	0.0656383203125	0.137168359375	-0.0503653828125	0.28079509375	-0.205746890625	0.11346515625	-0.1606691875	0.115848539062	-0.227282703125	0.31581915625	0.248880375	0.13014596875	0.31259834375	-0.1412685	0.25335325	0.0509259804687	0.386351375	-0.0949275546875	0.2602744375	0.20763153125	0.182884921875	-0.163255265625	0.15035559375	0.286223375	0.278077625	0.1232039375	0.174330921875	0.084626078125	0.100153226562	-0.15850340625	0.15145121875	-0.17919428125	-0.150518109375	-0.170026890625	-0.118149867187	-0.21973459375	0.3674265625	0.189720578125	-0.102793890625	-0.1209044375	0.159684078125	0.138777234375	-0.04617484375	0.27855425	-0.19669284375	0.3591591875	-0.09998740625	-0.103758078125	0.246685015625	0.28483028125	-0.0126761035156	-0.12444290625	0.28324446875	0.2714598125	0.188714890625	0.138943203125	0.1585051875	0.193507265625	-0.2910751875	-0.2906120625	-0.0661839453125	-0.219814359375	0.29306921875	0.45420159375	0.262535625	-0.0614425234375	-0.082281765625	-0.0776382578125	-0.161941359375	0.13472234375	0.111123515625	-0.205556828125	0.125324523437	0.243363921875	0.25535721875	-0.142877609375	0.252764734375	0.115656421875	0.198778625	-0.0257231914062	-0.1362924375	-0.114065007812	0.0798806015625	0.1727410625	0.163195140625	0.0903419921875	0.1286515	-0.0277746601562	-0.096453109375	-0.28751278125	-0.150775	0.169788796875	0.133806421875	0.28061053125	-0.24752734375	-0.1651496875	0.17506090625	0.23890821875	-0.230167171875	0.14209953125	0.123258195312	0.257106671875	3.65	0.11	0.01031	3.9E-4	0.211679928065
6	103	251	2.83825775	1.32031225	1.14974575	1.27506925	1.084495	1.126559	1.151209	1.160404	1.2849375	1.2439955	1.241471125	1.192477375	1.4021395	1.207559	1.246207375	1.1676135	1.257377	1.29915175	1.269759375	1.0232193125	1.07304725	1.382227125	1.249440875	1.102883625	1.0969645	0.9582740625	1.222281125	0.97244675	1.5181355	1.161869125	0.945293625	1.0341334375	1.229781	1.225957125	1.3573405	1.23758325	1.0757725	1.2381585	1.13240575	1.089186375	0.9656440625	1.14741875	0.986532375	1.3981265	1.05316725	1.1551575	1.13740375	1.055104875	0.8400748125	1.332793875	0.983366375	1.245794	1.228968125	1.083089625	1.186552625	1.187786	1.154524625	1.283796375	1.17247225	1.228663875	0.9700720625	1.11510875	1.212692125	1.327078375	1.005753875	1.041445875	1.09068625	1.1745065	0.907029	1.110754625	1.095463125	1.057534625	0.9632570625	1.232439125	1.3873835	0.9745415625	1.296665	1.4557205	1.0179724375	1.229823375	1.111668375	1.09467325	0.99174725	1.0311655625	0.979969375	1.48979525	0.995884	1.280344875	1.2256925	1.33909825	1.21162975	1.064981625	1.287744875	1.22597775	0.9994935625	1.193163	1.068495875	1.10987375	1.197669875	1.21793475	1.08619825	1.179898125	1.266087625	1.047589375	1.28324	1.214775875	1.270004875	1.1188675	1.284063	1.0222201875	1.2821705	1.113419875	1.109043375	1.20332375	0.9982010625	1.30044475	0.9665874375	0.882030125	1.24736925	1.2130845	1.120881625	1.080902875	1.081154	0.986821625	1.18956425	0.7712380625	1.184898125	0.9937180625	1.091758125	1.389457375	1.133506	1.0442990625	1.330606125	0.8711779375	0.98630575	1.07818725	1.123552875	1.19626625	1.1883905	1.0242124375	0.960262625	0.9560744375	1.2945885	1.0418750625	1.232038625	1.228835	1.17381975	1.1216055	1.1403525	1.264452375	1.175802625	0.91095675	1.150395125	1.109735625	1.067754375	1.22753575	1.2891125	1.0186044375	1.217796125	1.084038875	0.9899604375	0.989610625	1.00649225	1.237567375	1.157226	0.9231094375	1.150493625	1.35854625	1.1612215	1.01487125	0.85332825	1.36011925	1.071151125	0.97599075	1.209088	0.927594625	1.2924645	0.987428375	1.10520225	1.07293875	0.941432	1.179371375	1.047883625	1.086505	1.1184025	1.227809625	0.988957	1.232516375	1.171939	1.149955	0.865661125	0.89971525	1.0253928125	0.925713	1.07438575	1.251183125	0.886310375	0.976522125	0.975387375	1.1718715	1.193781625	1.391527875	1.053158375	1.049046375	1.234595875	1.109881125	0.957213	1.090436875	1.256534375	1.241375	1.153665375	1.065830625	1.21548575	1.281495	1.026853	1.124190375	1.13883175	1.121525375	1.149636125	1.212800375	0.9396058125	1.16753	1.1423065	1.261655125	1.177816625	1.168535	0.9874989375	1.350617375	1.096576625	1.032870375	1.173870375	0.8469235	1.2849695	1.215494625	1.125814	1.007482625	0.8856516875	1.141000125	1.1357335	0.9938440625	1.08790975	1.186985375	1.07694025	1.257511	1.208543	0.9880215625	0.9897855	1.184088625	1.34656925	1.0796995	1.294577125	1.203	0.02	8.3E-5	2.4E-5	0.166308679881
7	122	251	3.39024625	1.330251375	1.17981575	0.74256825	0.932152125	0.8378929375	0.558301125	0.37102434375	0.43601553125	0.3845035625	0.4350425	0.34044828125	0.4254495	-0.0151489355469	0.42150384375	0.3208491875	0.2412809375	0.38887946875	0.35794053125	0.4348350625	-0.09285096875	0.231232515625	-0.25305425	-0.167992421875	-0.0595633554687	0.197249125	0.2539299375	0.221342859375	0.16058321875	0.3121900625	0.43405846875	0.2353929375	0.168630171875	0.210251421875	0.160269203125	0.203454328125	0.336673375	0.3486925	0.278794375	0.17728040625	0.222098953125	0.33621134375	0.245508421875	-0.153525375	0.42203396875	0.2206975	0.261414171875	0.38104375	0.34070309375	0.236936453125	0.43853253125	0.4485054375	0.2143439375	0.28108584375	0.191121546875	0.34473925	0.1863370625	0.34572334375	0.224441625	-0.0524383203125	-0.13146946875	0.359428	0.542333875	-0.0824267890625	0.4187006875	-0.0870090234375	0.197718578125	0.297736375	0.255659390625	0.301044375	0.28007528125	0.50098384375	-0.16112128125	-0.21964784375	0.335531375	0.25035415625	0.15889109375	0.131555140625	0.5483915625	0.4037776875	-0.077188546875	0.42249871875	-0.101195640625	0.4520954375	0.379410875	-0.17724428125	0.31346221875	0.3786544375	0.342410125	0.054926796875	0.20646546875	0.42962378125	0.142582296875	0.35291403125	0.470357	0.30576496875	0.31334365625	0.102080359375	-0.0984219140625	0.37992903125	0.6177435625	0.5162239375	-0.0988942890625	0.4030510625	-0.0523126484375	0.3245495	0.2926815	0.40583528125	0.37885140625	0.28965484375	-0.0104578496094	0.23956353125	0.2130160625	-0.35302246875	0.5072733125	0.251300015625	0.193265546875	-0.129622023437	0.20232396875	0.30940721875	0.32370803125	0.25720421875	0.26744328125	-0.20006359375	0.3175349375	0.32659953125	-0.103232320312	0.13451709375	-0.0214836757812	0.34536153125	0.1523845	-0.0627379726562	0.116473351562	0.2414436875	-0.02668890625	0.36208440625	0.2376684375	0.15304021875	0.23556928125	0.2145484375	-0.1948535	0.27805178125	0.3174660625	0.24208153125	0.1816581875	0.41282803125	0.184549671875	0.13800290625	0.33466621875	0.2925006875	0.2219833125	0.29578175	0.221776296875	0.33231409375	-0.0726311328125	0.145413484375	-0.0515684609375	-0.0486046367187	-0.132183640625	-0.0286392988281	0.28717590625	0.213800953125	-0.106213046875	0.1397434375	0.34612184375	0.242244921875	0.0997546875	0.22609503125	0.129801007812	0.262233625	-0.110512859375	0.29970834375	-0.2901904375	0.2815466875	0.2462	-0.085923140625	0.32447728125	0.105818265625	0.124228664062	0.19214409375	0.3809615625	0.104552492187	0.29873228125	0.24760996875	0.119650203125	0.1104149375	0.32288975	0.168707484375	0.3629945625	0.35303575	0.18372728125	0.16687665625	0.2680591875	0.212618296875	0.13954128125	-0.16590884375	0.2203828125	0.200600015625	0.26927146875	-0.2881064375	0.203316078125	-0.174771671875	-0.106978523437	0.54220575	0.155061203125	0.14375953125	-0.1543923125	0.21442121875	0.0834280234375	-0.262058203125	0.33870921875	0.19971009375	0.21423834375	-0.247161125	0.235256875	0.153402921875	0.18599221875	0.28227665625	0.229713421875	0.19205225	0.31405121875	-0.118430640625	0.0673642578125	0.124242625	0.2972305625	-0.203972953125	0.1671955	0.4436486875	0.142853125	-0.054429125	-0.0555480273437	0.14535434375	0.1973174375	0.257603109375	0.1784653125	0.2582088125	0.378446125	0.25543575	0.2322511875	0.100014453125	0.19937540625	0.4225415625	0.359781	-0.0929849765625	0.3989875625	0.14402053125	0.28779853125	-0.0974981796875	-0.1425925625	-0.28858490625	0.402952625	3.14	0.24	0.0424	0.0038	0.262507676661
8	149	251	4.6992675	2.7190345	2.39586875	2.321977	2.395696	2.475208	2.28293975	2.177019	2.24573	2.2301265	2.11716225	2.09456	2.2965105	2.3512785	2.258812	2.138012	2.076858125	2.1455885	1.896415625	2.080884875	1.95364225	1.862241625	2.09841825	2.23524375	2.0288985	2.23575775	1.996894	2.19525175	2.053005	2.00960125	1.9719555	2.13438975	1.746764375	2.0266355	1.96245075	1.93810375	2.012887375	1.765667625	1.824460625	2.03242675	1.978324125	1.97433125	2.009238375	1.929077875	2.046615125	2.082077	1.877336125	1.934116625	1.821340375	1.910861125	1.6663495	2.016562875	1.872818125	1.933045	1.9708015	1.963506	1.998264875	1.72768475	1.719406	1.828588125	1.866795375	1.726878125	1.72672025	1.80792975	1.7893455	1.77581175	1.891865	1.7168875	1.67807325	1.87763625	1.90240625	1.592238	1.550578125	1.712777625	1.52931025	1.77462575	1.88998825	1.734821125	1.615216375	1.89813275	1.638456125	1.97624725	1.626704625	1.771108125	2.03167975	1.79752525	1.528417625	1.849299375	1.831083875	1.542031625	1.6022115	1.865292875	1.602575375	1.50597275	1.587410125	1.9588825	1.543357375	1.601427375	1.923874625	1.748668375	1.462952	1.68317425	1.659163	1.411506875	1.67933825	1.887272875	1.511546	1.799083125	1.671406625	1.61107775	1.631048375	1.773589	1.5165125	1.349702	1.744923875	1.581031	1.673026875	1.49994425	1.6124685	1.585808	1.70608125	1.642697875	1.719476375	1.87995125	1.5623685	1.507091125	1.500193375	1.830105375	1.49287125	1.497758875	1.615285625	1.590653	1.72417025	1.590872875	1.596413875	1.769204625	1.774377375	1.759167875	1.757032125	1.513557	1.5400375	1.6195065	1.65157675	1.49124125	1.561743	1.480282875	1.512551375	1.470161625	1.63265625	1.54448375	1.5614235	1.401458	1.589192875	1.924346875	1.49633775	1.404359	1.787076875	1.391385125	1.50165975	1.649068375	1.4044795	1.336935625	1.408900875	1.491182375	1.533856375	1.399576125	1.4539095	1.38711175	1.41649625	1.872324	1.623865625	1.55264575	1.400694875	1.396767875	1.425986	1.559832875	1.494872625	1.53438575	1.619263125	1.57262725	1.149059375	1.364599875	1.368093375	1.38483625	1.44709175	1.597661375	1.5877815	1.58949425	1.487651375	1.408392125	1.25222875	1.409725125	1.588364875	1.483457375	1.235019	1.61130675	1.570039625	1.3232515	1.392068125	1.474552125	1.369452375	1.536031875	1.476923875	1.254312125	1.519215875	1.615077375	1.205848375	1.25342675	1.621016625	1.3960405	1.491167625	1.474730375	1.576877875	1.41786475	1.58732425	1.3287785	1.432842	1.42940575	1.4938455	1.445013	1.466754875	1.29499675	1.30627275	1.49509275	1.4030985	1.413083625	1.356534	1.43934025	1.3210555	1.304542375	1.27969375	1.363280625	1.38860575	1.267343125	1.48241175	1.551516125	1.14463475	1.422743625	1.43427	1.347126125	1.417806375	1.162489625	1.27525375	1.4280455	1.37408075	1.316340125	1.24222825	1.30364075	1.50703825	1.551895	1.357871375	2.201	0.033	4.46E-4	2.4E-5	0.213305277377
9	37	251	3.06370375	-0.31319165625	0.08412809375	-0.18533265625	0.27432471875	-0.12983096875	0.159470671875	-0.03934159375	0.1984585625	-0.18104709375	0.17435371875	-0.175788984375	-0.241112296875	-0.146726328125	0.141070625	-0.181076015625	-0.223346640625	-0.089425953125	0.15212390625	0.068979375	0.0802357109375	0.24187559375	-0.1248004375	-0.02275296875	0.184511828125	0.14162821875	-0.186893859375	0.104264367187	0.0456662109375	0.0904210859375	0.172066125	0.149042578125	-0.26143440625	0.0569911328125	-0.0511860625	0.271672375	-0.2760704375	-0.131077921875	-0.081851921875	-0.154875875	-0.146181328125	-0.16847434375	-0.255325453125	-0.103792585937	0.33347846875	0.0888636015625	-0.123419234375	0.167337265625	0.100000789062	-0.4900631875	-0.21261890625	-0.086184125	-0.137731734375	0.129835945312	0.060441171875	0.205742359375	-0.08420384375	-0.148866453125	-0.108512421875	0.22864753125	0.0293681914062	0.25342896875	0.40738521875	-0.1588313125	0.13825765625	0.2248295625	0.169569359375	0.0891262265625	0.1843363125	0.3945755	-0.27803421875	-0.1703070625	0.111778179687	0.131969390625	0.123882007812	0.0916838046875	-0.21743284375	-0.18570321875	0.220711609375	-0.0882790625	-0.092614515625	-0.29586328125	0.0516232109375	-0.150719859375	-0.14960028125	0.152969546875	-0.174436453125	-0.3239119375	0.25312846875	-0.135333984375	-0.0571111289062	0.1406795625	-0.113211453125	-0.2362029375	0.153402671875	0.129923710937	-0.237738671875	0.0336520390625	-0.184917453125	0.18722215625	-0.101207976562	-0.0954140390625	0.16211959375	-0.15442378125	0.509246375	-0.21638853125	-0.127736820312	0.11115909375	-0.127315304687	-0.232894828125	0.09209325	0.213387796875	-0.096963921875	-0.198368875	-0.051388921875	-0.15649234375	-0.201353171875	0.212644546875	-0.22946828125	-0.206358515625	-0.144375234375	0.091615875	-0.109853179687	-0.251260890625	0.1613948125	-0.0593414726562	0.1051979375	0.149229734375	0.19270284375	-0.18993646875	-0.220445875	-0.14425975	0.222804234375	-0.0537165117187	-0.16125075	0.098161421875	-0.101063125	-0.13639690625	0.09985896875	0.135636125	0.129099734375	-0.36817490625	-0.118375703125	0.193267703125	0.0968868359375	0.210352640625	0.12853865625	-0.225724265625	-0.160566234375	-0.14317934375	0.093904546875	0.187368078125	0.169366171875	-0.2091335625	-0.1738019375	0.204103078125	-0.140528953125	0.3266650625	-0.1789820625	0.0817216328125	0.122937445312	-0.32401696875	-0.0297007851562	-0.2674328125	0.08372325	-0.136659640625	-0.1551808125	-0.28903303125	0.27716853125	-0.0927249453125	-0.295225125	-0.130648492187	0.0283775097656	0.26792228125	-0.3134691875	0.104043734375	-0.13270984375	-0.162852671875	0.24750459375	-0.24697475	0.148814	0.106319664062	0.113987625	0.14802028125	-0.195060984375	0.0781391640625	-0.1394889375	0.079744171875	0.16609571875	-0.151472546875	-0.381445	0.1589625	-0.18434734375	0.118683234375	-0.2434875	0.2713771875	0.19052659375	0.11533390625	0.1321435	-0.153805578125	0.1522578125	-0.140786296875	0.3364076875	-0.075199875	-0.238525875	0.220230109375	-0.155782859375	-0.151384375	0.0861172109375	-0.07425028125	-0.23114965625	0.0626005390625	-0.096213046875	-0.127067828125	-0.244025015625	0.223193203125	-0.1264285	-0.099355125	-0.13787596875	-0.140384359375	0.34545646875	-0.2395735625	-0.17032484375	-0.27230884375	0.103122148437	-0.304182375	-0.110893835937	0.25356475	-0.205392796875	0.113575414062	0.0541749140625	0.093821546875	-0.150127015625	-0.120990140625	0.0545421835937	0.221519984375	-0.0940263125	-0.2774305	0.163518046875	0.109926164062	-0.1715321875	0.100241664062	0.0884085	-0.11592059375	-0.347190625	-0.0634929765625	-0.087842125	-0.24844078125	0.2172336875	0.115178992187	-0.26725378125	3.06	0.07	2.0	0.0	0.184639111329
10	109	251	2.2664165	1.134734625	0.976472	1.079084	1.042394125	0.6680608125	1.0101459375	0.970242625	0.81687975	0.8361933125	1.15622025	0.962022125	0.7095755	0.740729	0.9426301875	0.726669	0.8053865625	0.681810375	0.972152375	0.9466056875	0.713117125	0.9820113125	0.96648875	0.7607976875	0.9200586875	0.9444728125	0.8010195	0.9841530625	0.7929704375	0.682785375	0.984508	0.9277075	0.7185116875	0.8733580625	0.7823178125	0.962727375	0.7706845	0.943156125	0.6083936875	0.8292293125	0.6922725625	0.73103275	0.647357125	0.727540875	0.8187706875	0.6620480625	0.8743886875	0.5960359375	0.9356874375	0.957969125	0.859169625	0.676769875	1.0163969375	0.6983363125	1.01235675	0.7104486875	0.660841125	0.7974893125	0.5548200625	0.8310995	0.780151125	0.7953374375	0.6910931875	0.6578256875	0.69826825	0.5904505625	0.662720625	0.5253064375	0.73185375	0.42314703125	0.6031078125	0.80460875	0.597732125	0.51674275	0.5419960625	0.7585536875	0.7354575625	0.8709474375	0.574397	0.6301374375	0.6976255625	0.7007738125	0.6119030625	0.62849175	0.682778	0.51169746875	0.7147568125	0.3779501875	0.64412325	0.92227525	0.6023128125	0.5511429375	0.560702875	0.664003625	0.7377541875	0.32232203125	0.807265	0.37870434375	0.692400625	0.7072021875	0.6626539375	0.528087	0.60178075	0.639004375	0.5687291875	0.709580875	0.4792491875	0.5909984375	0.56395525	0.7345931875	0.557689625	0.9058820625	0.587027625	0.5723689375	0.831717125	0.3011168125	0.45264628125	0.5286255	0.5855315	0.47859878125	0.5973245625	0.5076195	0.3718525	0.45902684375	0.47726503125	0.3857370625	0.560267875	0.50190865625	0.4057028125	0.663486875	0.45912715625	0.50067696875	0.41812128125	0.704002625	0.28817415625	0.509560375	0.49103	0.44134340625	0.121557023437	0.642174875	0.5821355625	0.588329125	0.47767534375	0.260883546875	0.38796425	0.5157653125	0.4660628125	0.4547010625	0.610473375	0.4065191875	0.41141978125	0.5795614375	0.568289625	0.3650604375	0.27688284375	0.38988425	0.532126	0.6797270625	0.355973375	0.5400585	0.6850768125	0.4217311875	0.24713496875	0.447902375	0.49603728125	0.497876625	0.45997175	0.34609034375	0.41071721875	0.538330125	0.585332125	0.4069285625	0.25573865625	0.29956640625	0.3290971875	0.56798825	0.435576375	0.4822249375	0.29692871875	0.45155796875	0.6004001875	0.238674515625	0.39467703125	0.527047	0.5661210625	0.4584426875	0.261540296875	0.352983375	0.23022134375	0.4114805625	0.5261155625	0.436160625	0.34226753125	0.1554603125	0.4623195625	0.51965315625	0.463579375	0.35292965625	0.29044596875	0.43993003125	0.259470578125	0.625762625	0.32077153125	0.39565425	0.43045171875	0.221185203125	0.32699084375	0.4749620625	0.29098809375	0.3332256875	0.34839928125	0.3632905	0.500518875	0.34364046875	0.5268069375	0.10851121875	0.31039490625	0.3685496875	0.43968671875	0.487106375	0.3786700625	0.48700990625	0.175728640625	0.1578940625	0.270381375	0.256665296875	0.3228241875	0.43122559375	0.549216375	0.3375498125	0.4153044375	0.150272296875	-0.153799	0.1843861875	0.297492125	0.2860738125	0.28621175	0.3053424375	0.603538125	0.3763171875	0.42185878125	0.29567346875	0.194920109375	0.3306883125	0.52816725	0.28571771875	0.261049046875	0.3807975	0.105996640625	0.121846140625	0.38251846875	1.004	0.025	0.00101	5.0E-5	0.15109789804
11	146	251	2.2714265	1.17273425	1.246938	1.267606	1.250493125	1.333564625	1.042040375	0.882152375	1.25388	1.22165775	1.057772375	1.34960075	1.25892925	1.504468375	1.33713925	1.133102625	1.359023375	1.120953	1.4317255	1.374185875	1.2586125	1.217818125	1.21468775	1.062873875	1.2629565	1.196907875	1.430790875	1.146838875	1.32922325	1.28467375	1.42764925	1.184392125	1.292694	1.3812185	1.11480775	1.159928625	1.113444875	1.37363375	1.150712	1.26207675	1.29407925	0.9842706875	1.20394225	1.183707125	1.20134125	1.225801875	1.180570625	1.24039325	1.04815	1.457862375	1.26743775	1.546347125	1.319078625	1.132821375	1.17780225	1.1403055	0.994608375	1.3810645	1.101430125	1.269571	1.45206025	1.247066375	1.287547	1.266525375	1.3193415	1.19330275	1.038054125	1.260053	1.17583825	1.013973625	1.387339375	1.26285125	1.254195125	1.299387625	1.24328175	1.0099343125	1.25568875	1.06230725	0.993796	1.249540125	1.087301625	1.167702	1.30453975	1.161700375	1.399149375	1.309407875	1.06231575	1.304328875	1.244535125	1.161484625	1.234849625	1.016478375	1.1534445	1.248882875	1.017944625	1.3340915	1.23141475	1.259415	1.19838175	1.408915125	1.350582875	1.411671625	1.068830875	1.343067375	1.37524475	1.234463875	1.0257299375	1.288712125	1.31158275	1.0362146875	1.342013375	1.158739375	1.365248125	1.202867625	1.2052275	1.345783625	1.0146104375	1.09779075	1.21023425	1.43706275	1.2235065	1.220995875	1.335433375	1.2115945	1.228722625	1.4710195	0.904222125	1.1180985	1.0474585625	1.2158835	1.325587	1.297569125	1.429396	1.226436375	1.18409075	1.080340125	1.323994625	0.9554989375	1.2170905	1.1381195	1.064631875	1.42349625	1.167298375	1.15629325	1.2971675	1.471631625	1.20387325	1.2715095	1.08669775	1.255508625	1.310705875	1.355907125	1.146742	1.232937875	1.537265	1.2967755	1.243808125	1.2112525	1.12207925	1.247293125	1.327188375	1.401044125	1.19968475	1.32640875	1.346464875	1.143239	1.275598125	1.3019855	1.374002875	1.37527925	1.128759375	1.3617425	1.316990375	1.373706875	1.306554875	1.268222875	1.407614625	1.225833	1.33916775	1.200772625	1.060595625	1.192749125	1.34084625	1.497061375	1.449792125	1.285302375	1.272936625	0.9984506875	1.269753625	1.140357625	1.229601375	1.2487475	1.054669875	1.239901	0.9400661875	1.2413315	1.0322984375	1.116633625	1.134325	1.464895125	1.3188455	1.18003475	1.153859375	1.27119275	1.06178175	1.2127225	1.0229031875	1.0377096875	1.19303625	1.418913375	1.095227375	1.233403375	1.035160375	1.32819475	1.182513	1.246681625	1.402977125	1.128940875	1.49798125	1.27577075	1.415141875	1.40677	1.4296035	1.541553125	1.385410875	1.418182875	1.16125575	1.0860495	1.1576925	1.450546375	1.093130875	1.090301375	1.34595575	1.256978125	1.4805255	1.384388625	1.11494625	1.19531875	1.478318875	1.393297625	1.49966225	1.24398825	1.230766875	1.35369125	1.332007875	1.12877275	1.120384625	1.340005375	1.5207365	1.13863325	1.2524185	1.233	0.018	-1.6E-5	2.0E-5	0.147641330622
12	20	251	3.3482365	1.10401625	1.196311375	1.250347625	1.081091625	1.293376875	1.144577625	1.341670125	1.015215	1.374537625	1.464877125	1.310648125	1.23157675	1.264183875	1.436933	1.0324934375	1.094560375	1.251980625	1.325837	1.361872375	1.17919175	1.25941625	1.392026875	1.3940075	1.220493125	1.317453125	1.248095	1.21083475	1.258137	1.087499625	1.1542665	1.25624725	0.9125878125	0.9188015625	1.072148	1.2454295	1.39213325	1.0394588125	1.32161775	1.13605475	1.083719625	1.06318025	1.235438375	1.345537625	1.5131845	0.9445100625	1.304056	1.27548625	1.132283625	1.14673875	1.210111625	1.077916	0.9931474375	1.1449545	0.9519180625	1.323362125	1.35223525	1.2525995	1.144477375	1.05927775	1.135127875	1.342471	1.088734875	1.0070586875	1.182433625	1.096176375	1.235106375	1.114924875	1.10376075	1.17866625	1.085654125	1.157769	1.46361675	0.979304875	1.1061425	1.15782525	1.394518	1.249439125	1.212308	1.0320606875	1.324058	1.36802175	1.260413375	1.0228823125	1.168299375	1.055483375	1.248280875	0.9839201875	1.0394411875	1.065574	1.12450725	1.175536375	0.9460804375	1.143285	1.364763125	1.27616325	1.149810875	1.60679075	1.22592025	1.1385025	1.276684875	1.06629975	1.189780125	1.094666125	1.1403035	1.146795625	0.9928085	1.304220875	1.0332239375	0.9730879375	1.0213741875	1.31579125	0.941462625	1.0593195	1.0074581875	1.0069555625	1.0612735	1.260819	1.196650625	1.086935	1.371016625	1.049705375	1.1533425	1.090839375	1.24243725	0.9175215625	1.246131	1.3803775	1.219555	1.105076875	1.354568125	1.16014225	0.9531505	1.253610625	0.8597984375	1.23863175	1.343535	1.278990875	1.168609	1.1392125	1.183397875	1.175749875	1.246793375	1.41226275	1.06340025	1.14628375	1.27413125	0.949703125	1.380936375	1.24197125	1.307817375	1.371547375	1.0423099375	1.149902625	1.330721125	1.1913635	1.39631925	1.0240525	1.155390125	0.9862278125	1.340666	1.516565	1.332336	1.241069	1.283972625	1.04328025	1.232188125	1.140652	1.29173625	1.30640525	0.9764329375	1.249376125	1.0378795625	1.373062625	1.118384875	0.98565625	1.222269875	1.0022554375	1.254497	1.124895875	0.9392760625	0.8617173125	1.09469675	1.309463375	1.117599875	0.839233625	0.999403	1.014200375	1.17006675	1.206982125	1.031162125	1.2768745	1.259658375	1.148532625	1.171286	1.061032125	1.056375375	1.085929375	1.05669125	1.0041081875	1.318351375	1.258542875	1.172674875	1.0084978125	1.142732875	1.164091625	1.080334375	1.147154375	1.154539125	1.112561125	1.1082775	1.27391575	1.0195029375	1.219359375	1.23681625	0.994457375	1.1939945	1.148126125	1.410633875	0.92795275	1.0459114375	1.286337625	1.2423765	1.0044740625	0.9784729375	1.175172375	1.109904625	1.1331755	1.198537375	1.156122125	1.0409218125	1.225394	1.302882625	1.25590325	1.10936175	1.25013275	1.1904415	1.07628725	1.332463375	1.157630375	1.05450675	1.267971	1.2823735	1.22298125	1.136477125	1.217336375	1.20363425	1.070920875	1.116498875	1.3037675	1.347505375	1.238	0.026	7.3E-5	2.9E-5	0.189823834981
13	125	251	3.11011225	0.9611698125	0.70862825	0.708360375	0.9016871875	0.8936261875	0.919460625	0.750206	0.9485148125	1.178427	0.86834925	0.8130178125	0.8366380625	1.196601625	1.0092075625	0.876464875	1.022042	0.928601	1.027542375	0.6356200625	0.8623555625	0.7765669375	0.8293891875	1.110085	0.7112291875	0.842070625	0.6960266875	0.8526739375	0.894147	0.819084375	0.8941799375	0.68656875	0.6751176875	0.612596375	0.895919125	0.8623993125	0.596929875	0.71481875	0.707783125	0.69732325	0.8717061875	0.65041375	0.82987225	1.0010855625	0.605335	0.66636775	0.8075824375	0.6380695	0.72453	0.8351828125	0.8658245625	0.546211	0.7130869375	0.6050170625	0.57114725	0.84707	0.8063295	0.8268400625	0.6930391875	0.83750225	0.604052875	0.7745515625	0.6080705625	1.114029	0.9413868125	0.6987646875	0.6949298125	0.701398875	0.50837478125	0.5823120625	0.825044625	0.6893775	0.7881450625	0.784476625	0.37631421875	0.68294375	0.890497625	0.49896375	0.9766286875	0.6621009375	0.4549599375	0.580974	0.6263058125	0.6481060625	0.7463486875	0.663696	0.72371175	0.6846995625	0.8041850625	0.85940525	0.897326375	0.5132448125	0.7003556875	0.914709875	0.5551685	0.5282524375	0.7880211875	0.7432415	0.6388756875	0.752853125	1.01022675	0.6951335625	0.7489485625	0.81875525	0.656806125	0.7287444375	0.708746375	0.793469375	0.41841725	0.840682375	0.62648775	0.57051675	0.69479625	0.6241334375	0.606316625	0.42993025	0.7307491875	0.769218125	0.809742625	0.93897625	0.6313389375	0.708261	0.813082625	0.694667125	0.64417625	0.7527415	0.7117194375	0.601668875	0.7577291875	0.7266594375	0.85634825	0.658139125	0.7335378125	0.4449120625	0.7840886875	0.781051	0.7577519375	0.882114	0.57181575	0.996157	1.0517695	0.9078800625	0.6689174375	0.816361	0.63316775	0.4851430625	0.5921024375	0.80503	0.6237649375	0.8032371875	0.61669875	0.8691045	0.7595760625	0.7739589375	0.658597375	0.7090231875	0.8142253125	0.9582348125	0.77063425	0.61046825	0.5930530625	0.6303081875	0.7588919375	0.6295443125	0.87697075	0.8184165	0.645004625	0.9837793125	0.7020873125	0.7208093125	0.7931815	0.77349475	0.713253375	0.7362121875	0.7012066875	0.6337945	0.7060715	0.9321983125	0.7923660625	0.7002979375	0.709292625	0.5573563125	0.8196873125	0.88085875	0.745516375	0.46790175	0.49245615625	0.7330523125	0.6191274375	0.6575311875	0.8023878125	0.613635875	0.7511006875	0.7846245625	0.891472375	0.7509679375	0.68898475	0.6325506875	0.725536375	0.6469213125	0.7235916875	0.6088341875	0.5897689375	0.4920290625	0.40943115625	0.9714548125	0.6535485	0.47214975	0.8193665	0.563915125	0.82128975	0.7579811875	0.65613975	0.820931375	0.7531364375	0.6013160625	0.8701903125	0.7538908125	0.50776621875	0.6238194375	0.897414875	0.977319375	0.6551626875	0.8161714375	0.7402133125	0.5566963125	0.70843175	0.7086779375	0.7317489375	0.776520875	0.76498725	0.7763009375	0.7938156875	0.835286625	0.552585125	0.8354264375	0.69327875	0.757968125	0.7253605	0.535890125	0.4883251875	0.8286680625	0.6001484375	0.605047125	0.7229696875	0.4211615	0.8976576875	0.4631779375	0.629994625	0.5210635	0.769889	0.851	0.029	2.14E-4	4.9E-5	0.199114997341
14	106	251	4.4786345	1.81759325	1.7548725	1.577421	1.8139085	1.6678815	1.721986625	1.61845725	1.76158125	1.665333	1.7460935	1.807574625	1.4315465	1.69471925	1.98134525	1.7822945	1.625775	1.443824125	1.66550325	1.583640625	1.5565865	1.66786925	1.71255025	1.79700525	1.5483765	1.698804	1.655079125	1.552967625	1.486448875	1.518988625	1.35315525	1.5531465	1.501150125	1.766351	1.455704375	1.668103625	1.664987	1.6187495	1.625724625	1.509937625	1.72538975	1.585129	1.607687125	1.429401875	1.518132625	1.539055125	1.69786975	1.41289175	1.6439025	1.487121125	1.517486125	1.36491725	1.458896	1.63562825	1.59725725	1.422124875	1.4196395	1.65865975	1.614581125	1.563126875	1.401068125	1.42299325	1.360656125	1.726533875	1.614036	1.478228875	1.53377225	1.53411825	1.62533975	1.420599875	1.6059235	1.35384275	1.449527375	1.4891895	1.50515275	1.58013075	1.26498875	1.212162375	1.459947	1.648930625	1.343496375	1.614573375	1.796402125	1.35899625	1.43627575	1.618737875	1.688863375	1.400504375	1.485748875	1.378425875	1.537583125	1.626646	1.395469	1.697040625	1.458898875	1.40591725	1.59438225	1.539857625	1.40500325	1.550194625	1.608827	1.537640875	1.579836125	1.505830875	1.695532	1.514021	1.429341625	1.768243125	1.3780695	1.441106875	1.5085305	1.562970125	1.3794815	1.516331625	1.72513825	1.614430125	1.472419625	1.50339175	1.54035225	1.29931475	1.32751175	1.598016375	1.7213055	1.635060875	1.6300595	1.639036125	1.57322525	1.311854375	1.30225075	1.699238875	1.699082625	1.479957625	1.46554625	1.404276375	1.602509625	1.555971625	1.67996825	1.553170875	1.45249275	1.45531025	1.548077375	1.74109775	1.352944625	1.557287875	1.404120375	1.562391	1.446750375	1.7282055	1.227461375	1.4008785	1.5319015	1.415947625	1.40619975	1.4921725	1.690874875	1.7335135	1.7184555	1.501064	1.430804	1.694413875	1.370788	1.409202875	1.414940125	1.536001	1.336359625	1.535152125	1.6022145	1.414813875	1.678643125	1.390680875	1.4521855	1.67275825	1.61291725	1.465960125	1.451955875	1.551423625	1.30122025	1.665366125	1.518832375	1.3251225	1.4987695	1.53003775	1.52077725	1.56197875	1.60564925	1.455870125	1.50997725	1.57005275	1.62070975	1.459763625	1.25086575	1.61675075	1.545375375	1.749587625	1.46251575	1.32014825	1.586406375	1.5868875	1.5458485	1.479692	1.35817	1.654167625	1.396199875	1.489516875	1.241427875	1.73963575	1.472100875	1.559946	1.66212275	1.54684175	1.60501775	1.53473425	1.41603775	1.454370625	1.67769125	1.439065125	1.66550575	1.47317525	1.3607295	1.52031075	1.401982875	1.457961875	1.495076375	1.65146825	1.63292625	1.589714	1.477290375	1.529123125	1.730642375	1.346019875	1.67319675	1.723155875	1.56652125	1.5221285	1.551933875	1.66387525	1.464485125	1.728238375	1.40377275	1.564038375	1.554038625	1.770810125	1.617580625	1.733401875	1.632568375	1.458373125	1.453058625	1.597715125	1.47324175	1.762223625	1.609616625	1.632	0.033	7.5E-5	2.7E-5	0.222666974342
15	129	251	2.44096575	1.174666	0.9841303125	1.060174	0.980942875	1.065709125	1.145539125	1.246917375	1.376173375	0.8895205	0.980078875	1.099906875	1.150201125	1.12333225	1.06910075	1.111028875	1.050342	0.8856880625	1.01993925	1.1327995	1.069526	1.282666	0.8683378125	0.83278925	1.007003875	1.065672375	1.414031625	1.090562375	0.973811375	0.7298860625	1.074257	0.8919414375	0.567678625	1.211433375	1.030040125	0.923999875	0.899533375	0.9426218125	0.805049	1.12122575	1.15484875	0.9897341875	1.0223746875	0.9432323125	1.0241409375	0.87276725	1.122725375	0.8950395625	1.040625375	0.947927	0.8362296875	1.198877375	0.8227553125	1.1167185	1.0359884375	0.9376774375	1.0477935	0.8393604375	1.073452375	0.9765931875	0.878529125	0.9942618125	1.11853225	1.09722	1.09688675	0.8739700625	0.9313690625	1.08270125	0.9179561875	1.092643875	1.2588155	0.9490166875	0.961336375	0.931729	0.789975375	0.8914893125	0.8396145625	0.8491495625	1.044750375	0.905077	0.9654725	0.8935445625	1.0438746875	0.9289759375	0.729255875	0.9715774375	1.0157613125	0.9909223125	1.033237	0.792897375	0.885397375	0.9567434375	0.7359015	0.916223125	0.850989875	0.8833311875	1.121039375	1.2599165	0.7566888125	1.2001765	1.053423	1.214317375	1.0712165	0.9810795	0.93229125	1.2939455	0.8809640625	0.839171	0.9868155625	0.960868625	0.882544	0.9894029375	1.0144175625	1.0210355	0.9704288125	0.5999874375	1.08565625	1.0053594375	1.096697625	1.0296545625	1.0447050625	0.904392375	0.8458829375	0.8591373125	0.866186	1.0172895625	0.8958208125	1.100334125	1.0350718125	0.852015375	1.086353125	0.995831625	1.245821625	0.8809350625	0.77852975	1.14393975	0.775844375	1.10256375	1.164690625	0.88825025	1.0268393125	0.8818980625	0.9423830625	1.114812875	0.8889625	1.0280276875	1.0084660625	1.067254875	0.87624075	0.9260745	0.8320479375	1.0443811875	1.077741125	1.004399125	1.0164655625	0.9282715	0.92575075	0.9490395	0.91141875	0.82043	0.9012814375	0.8362530625	1.024110625	1.146295375	0.7118963125	1.061049375	1.09043725	0.9318360625	0.9998108125	0.9078244375	1.088743125	1.058907	0.694627125	1.14299525	0.994222625	0.789668875	0.7980860625	0.8198808125	0.9915905	0.855544875	0.7584373125	0.979243375	1.140494625	0.99862275	1.134907875	0.8619709375	1.0803895	1.0123790625	1.025762875	0.792455625	0.986076	0.908989	1.149455	1.005907625	1.133352625	1.044041125	1.076012375	1.062641875	1.0194055625	0.8926550625	0.937779625	1.05577125	0.847745625	0.6355035625	0.99832575	0.886553375	1.0093161875	0.9825044375	0.9591875625	1.160447	1.128274875	0.859976125	1.0411881875	0.9272674375	0.99124825	0.7620069375	1.109615375	1.0237124375	0.8587134375	0.7852151875	0.9648885625	1.08598275	0.9455376875	1.099670875	0.8343849375	1.0070085	1.0447008125	1.0190954375	0.878512	0.9040320625	1.044547625	1.058072375	0.6796963125	1.114390125	0.849966375	1.067850125	0.886628125	1.0220114375	0.9132595625	0.9347298125	0.870729625	0.9447770625	1.24692325	0.866870375	1.159136875	0.8947343125	1.069835125	0.8991345625	0.8491465	0.8684426875	0.74282925	1.044	0.021	9.1E-5	2.6E-5	0.158003248656
16	28	251	4.16521	0.1846229375	0.40471034375	0.3138826875	0.129484484375	-0.080564265625	0.3792845625	0.21523759375	0.16095209375	-0.170846515625	0.31878278125	0.28676671875	0.3976831875	0.188727328125	-0.06049478125	0.3452768125	0.26635809375	-0.18661015625	0.24969003125	0.31560259375	0.157724203125	0.3146216875	0.1394064375	0.223014765625	0.255050171875	0.30686653125	0.38911096875	0.244930109375	0.22567940625	0.174819078125	0.42975646875	-0.07545309375	-0.117194617187	0.164528265625	0.400868625	-0.12548253125	0.34383759375	-0.178316796875	0.2850155	0.2908666875	0.1951706875	-0.0341058164062	0.26923265625	0.176806109375	0.240252171875	0.31182971875	-0.148382	-0.150980015625	0.157930890625	0.28067671875	0.124398492187	0.3798438125	0.2862501875	0.241415671875	-0.0588813710937	-0.152264984375	0.176151375	0.1387949375	0.223120703125	-0.093814515625	0.247703984375	0.31770096875	-0.121705234375	0.253174796875	-0.1549113125	0.24594421875	0.3023478125	-0.09143328125	-0.12711765625	0.20361575	0.28603378125	-0.183874984375	0.273183625	0.23511790625	-0.23915428125	0.194754625	-0.233230859375	0.331268625	0.217852515625	0.139015796875	0.18166984375	-0.1540980625	0.2709346875	0.21419215625	0.274629625	0.220003921875	-0.129939109375	-0.22277859375	0.165107375	0.237015140625	0.164115578125	0.258969296875	0.4345563125	0.175360484375	-0.0880774921875	0.14385384375	0.35616575	0.28835440625	-0.130482171875	0.23008121875	0.16546678125	0.40184396875	0.34413421875	0.208605578125	0.15363390625	-0.175834890625	0.145083	-0.16355253125	0.26414553125	-0.243226203125	0.233609625	0.100680664062	0.222172625	0.1925938125	-0.11614003125	0.186256390625	-0.1743810625	-0.103236992187	-0.191527125	-0.0543283203125	0.149607765625	-0.094133078125	-0.148288390625	-0.0584195273437	0.431621375	0.107388421875	-0.120503203125	0.194448984375	0.2976121875	-0.1430485625	0.2819255	-0.0718938515625	0.30751715625	0.414812125	0.34597625	0.26541525	0.2931741875	0.36270846875	0.24537096875	0.227633296875	0.185475625	-0.091258578125	0.252743796875	-0.159432890625	0.148833234375	0.40409809375	-0.0482995664062	-0.15187378125	-0.0675012578125	0.28194259375	0.14768553125	-0.0618996289062	0.112458757812	0.23995528125	0.29413221875	0.215352734375	0.34905153125	-0.14249234375	0.124673664062	-0.1326404375	0.20604128125	-0.3115701875	0.0930581484375	-0.232785796875	-0.2942990625	-0.136851734375	0.35849371875	-0.13750721875	-0.145694578125	-0.113316960937	0.28535915625	-0.152496234375	0.226375015625	0.38822959375	0.088194734375	0.20269446875	-0.202021609375	0.2770078125	-0.154895	0.259848890625	-0.2922681875	0.2786424375	0.229894078125	0.1574656875	-0.123817070312	-0.38637871875	0.24908325	-0.147476890625	0.24815978125	-0.16307575	0.124059289062	0.229932453125	0.0452712695312	0.157838234375	-0.103336507812	-0.09116340625	0.241719390625	0.152487921875	-0.0966224609375	0.169828265625	0.2868695625	0.08622534375	0.240426953125	-0.22513675	-0.121082648437	-0.184496328125	0.2585795	0.139668140625	0.18044521875	0.176630140625	0.2373809375	0.200809046875	-0.254016	0.1705370625	0.31777428125	0.205859015625	0.22515240625	-0.166956921875	-0.140286171875	0.1800473125	0.1681996875	0.140340703125	-0.089538265625	0.18754271875	0.115240140625	0.216620015625	0.225701796875	0.22635275	0.2095489375	-0.179297875	-0.236690546875	-0.1148475625	0.206737703125	0.1970243125	-0.16551271875	-0.163268328125	-0.1323193125	0.22070765625	-0.151890125	0.238164109375	0.252174921875	-0.089888078125	0.110392046875	-0.07344971875	0.23363896875	-0.148322953125	0.182740640625	-0.248005171875	0.192248984375	0.2756630625	0.41124209375	4.16	0.22	0.151	0.029	0.222955679853
17	121	251	3.77260075	0.07485865625	0.203886421875	-0.0436214453125	0.2310289375	0.112870859375	0.070925515625	0.33912815625	0.224728859375	0.09264746875	0.261143203125	0.18353625	0.191768125	0.125995523437	0.2299754375	0.318058	0.3157025625	0.102986632812	-0.15794421875	0.42181596875	0.229330453125	0.0494341484375	0.2152865	0.4019094375	0.2509521875	0.13043159375	-0.31968471875	0.26454021875	-0.124252539062	-0.386135375	0.190494453125	-0.030403578125	0.15607071875	-0.224321921875	-0.164916296875	0.32329384375	-0.29614328125	-0.161960578125	0.352233375	0.3240946875	0.099117890625	0.130759273437	-0.127884609375	-0.128336992187	-0.30113690625	0.24585278125	0.24853071875	-0.11741421875	0.222717125	0.2314636875	0.106550882812	0.262541375	-0.47732271875	-0.133805015625	0.24364278125	0.138847984375	0.1998855625	0.129154429687	0.3944309375	0.237053421875	-0.195346453125	-0.10245590625	0.1565038125	0.18993059375	0.28102034375	0.197395578125	0.38801440625	0.20620384375	0.3121105	0.2226125625	-0.169539265625	0.18486746875	0.231098375	-0.1479283125	0.200823484375	-0.3892093125	0.175813625	0.143601109375	0.136889	-0.10317596875	0.27394153125	0.0688389609375	0.0611198203125	0.126288578125	-0.133337109375	-0.121159351562	0.15135015625	0.27814221875	-0.21850959375	-0.218775671875	0.22075565625	-0.1571815625	-0.194424765625	0.233722265625	0.144645421875	0.176402515625	0.29367878125	0.198511484375	0.216907875	-0.110541789062	0.101151015625	-0.142695375	0.21882303125	0.10593259375	-0.191016578125	-0.2624230625	-0.257964890625	0.27399075	-0.214191015625	-0.123429867187	0.245310203125	0.32302240625	0.2721590625	0.0500406289062	0.149330125	-0.106722109375	-0.106107367187	0.207982453125	0.073174828125	0.249965328125	0.0160257324219	-0.119247046875	0.187664828125	-0.17244821875	-0.231560203125	-0.218601234375	-0.0973657109375	0.243725203125	-0.34595396875	0.0910310234375	0.21455634375	-0.168504	-0.3242045625	-0.144292828125	0.136461828125	0.3147083125	0.203970109375	-0.2447813125	-0.202078875	0.234068046875	-0.28053596875	0.3534840625	0.15919409375	0.143776546875	-0.262883875	0.2561175625	0.24060209375	0.248815390625	0.36517796875	0.14964403125	0.154217796875	0.150602359375	0.100244304687	-0.127696171875	0.20392853125	0.252386890625	-0.15426025	-0.358433375	-0.1356813125	0.221774703125	-0.189597359375	-0.142525359375	0.35767121875	0.16348384375	-0.117045289062	-0.0996326015625	0.136350078125	-0.21348959375	-0.2081378125	-0.165951578125	-0.12936128125	0.20326278125	-0.42156884375	-0.193468859375	0.17059875	0.116563195312	0.27266428125	-0.184093765625	-0.101938539062	0.135146765625	0.0945353984375	0.172968390625	-0.1636125625	0.216713203125	-0.0614510546875	0.250940015625	-0.150174359375	-0.22168284375	0.41396325	-0.115606804687	0.392866125	-0.0696911484375	-0.08626396875	0.2200244375	-0.142913953125	0.190624640625	0.1647705	0.211464078125	-0.0595865234375	-0.0480057148437	0.118705039062	-0.21710184375	-0.032506296875	0.124886921875	0.143284109375	0.35387609375	0.0883185859375	0.265109625	0.34095221875	-0.3541209375	0.0509092539062	0.32160090625	-0.2415706875	0.20608671875	0.14332384375	0.29464271875	-0.1889174375	0.1319894375	0.190057203125	0.3003345625	0.14779875	-0.12071071875	0.196031171875	-0.100959648437	0.0996416640625	0.28009271875	-0.15804890625	-0.0448271953125	0.11983759375	0.36171065625	-0.38540696875	-0.086381796875	0.32649025	-0.17133621875	0.102121546875	0.171878625	0.20551109375	0.22058134375	0.2514135625	0.137145359375	-0.19271559375	0.2921386875	-0.214412390625	0.259508734375	0.143385640625	-0.163387234375	0.26763125	0.166714125	0.107493554687	-0.15714784375	-0.18432703125	3.77	0.21	0.2	0.3	0.215229997837
18	110	251	1.879396125	0.34331203125	0.3958219375	0.340241	-0.19026196875	0.189550234375	0.33360184375	0.27009621875	0.11653790625	0.32834178125	-0.241074609375	0.17488853125	-0.3124020625	0.245944296875	-0.12206925	0.18349865625	0.3152208125	0.2863646875	0.224066140625	0.1839079375	0.2168855625	-0.34777009375	-0.17807565625	0.27765665625	0.36160865625	0.11570675	0.225810765625	0.254245359375	0.259364234375	0.2834286875	0.276678375	0.243142265625	-0.1544708125	-0.1912686875	0.15303703125	-0.188094484375	0.37246359375	-0.4099541875	0.3341784375	-0.180579671875	0.29677525	-0.107677664062	0.201854640625	0.234466125	-0.19337109375	-0.1892095	-0.27356609375	-0.128355523437	0.27759590625	0.27928403125	0.2635816875	0.3284271875	0.30271371875	0.24893684375	-0.194670828125	-0.18946228125	-0.273626875	0.250125265625	-0.09123715625	-0.29077471875	0.2363991875	0.119783007812	0.175701578125	0.25978365625	0.286394	0.2928763125	0.134949734375	0.141089421875	0.172915625	0.05996721875	0.37796028125	0.308704	-0.108562953125	0.2736474375	-0.141388765625	-0.22161159375	0.26632071875	0.29660034375	-0.12244378125	-0.336772875	-0.397090625	-0.183591109375	0.20936371875	0.173788390625	-0.186901375	-0.159115078125	0.21473596875	-0.21192690625	0.124136703125	-0.192088015625	0.25666525	0.259761984375	0.3131573125	-0.21880025	0.30318634375	0.26846471875	0.192991078125	-0.24878403125	-0.105570546875	0.20213915625	0.38811434375	0.1747083125	0.17908615625	-0.214078859375	-0.116677765625	0.27872946875	-0.37292825	0.1367603125	0.27181534375	0.31764884375	0.371968625	0.3792866875	-0.13861978125	0.27210403125	0.33108271875	-0.250844125	-0.3133935625	0.32384290625	0.206238625	-0.42123146875	0.25514859375	-0.3317441875	0.224212	-0.211743390625	0.24889921875	-0.240625875	0.135200109375	0.248864453125	-0.33926615625	0.1914634375	-0.30216103125	-0.228081671875	-0.1827718125	0.3387314375	0.1823621875	0.32758478125	0.18783990625	-0.25632790625	0.138659109375	0.1760003125	-0.16798959375	0.28471353125	-0.205628453125	0.081702109375	-0.2834689375	-0.166165734375	0.48986965625	-0.19918475	0.1626888125	0.279751125	-0.47523003125	-0.098753640625	-0.151980578125	0.28288546875	-0.203651796875	0.28710234375	-0.32149903125	-0.196657171875	0.1749856875	0.20141278125	0.15410603125	-0.0550404804687	0.221623546875	-0.100781	0.175766875	0.334115	0.203761640625	-0.130109265625	0.27983125	-0.2799750625	0.3714401875	-0.29375953125	0.084203109375	0.122443132812	-0.31029859375	0.2437998125	0.29547296875	-0.2019046875	-0.34687575	-0.18251346875	0.36003909375	-0.203413703125	0.138460078125	0.152567578125	0.175774203125	-0.075017984375	0.3454973125	0.239920796875	0.1599803125	0.29520078125	0.193475484375	0.33428809375	0.32121396875	-0.2710875625	-0.210847890625	0.37356840625	0.189116828125	0.174365421875	0.151590140625	0.39306803125	0.226797828125	0.3021836875	0.26961253125	-0.30329621875	0.1437665	0.10316553125	0.329598875	-0.181425625	0.332287875	-0.18407965625	0.153135171875	-0.25380259375	-0.181822359375	-0.12238509375	-0.111294875	-0.24978878125	0.16537228125	-0.4906888125	0.113855242187	0.2634159375	0.209808625	0.38688403125	0.102753953125	-0.39771521875	0.169000734375	-0.210725453125	0.33073309375	-0.202819421875	0.19018428125	0.21289925	-0.125248546875	0.241622859375	-0.1999914375	-0.173531515625	-0.27253971875	-0.219821359375	0.299910375	0.251549359375	0.33421840625	0.14465628125	0.2424393125	0.31254015625	0.220561625	-0.3149215625	0.237855234375	-0.21823678125	0.17889140625	0.178693015625	0.102162609375	-0.211678046875	0.1531954375	1.85	0.24	0.085	0.022	0.246258989153
19	63	251	2.95364175	0.8861359375	0.8412199375	0.82498175	0.6940516875	0.6181299375	0.9256574375	0.9519621875	0.878484125	0.879299875	0.664771375	0.6292869375	0.5347583125	0.45339340625	0.40554734375	0.25323021875	0.3485874375	0.522225125	0.4005970625	0.5472168125	0.403960875	0.5482281875	0.1827705625	0.5409505	0.41164515625	0.14634325	0.32898109375	0.342648875	0.1202456875	0.202315	0.3639276875	0.3698579375	0.28755315625	0.19782190625	0.41299996875	0.28267175	0.225372859375	0.18849246875	0.161485703125	0.25462040625	0.3056196875	0.14025234375	-0.233754265625	0.125543890625	-0.0993754375	0.1967725	0.177912375	0.1903196875	0.1011399375	0.122445367187	0.0987553984375	-0.0438595234375	0.0249829433594	0.479515875	-0.14806159375	0.163195125	0.105813125	0.1954028125	-0.162471890625	0.103437109375	0.092673421875	-0.110937203125	-0.0198028066406	-0.117781679687	-0.12756746875	-0.1637214375	0.241612109375	-0.191345125	0.141982453125	-0.182134203125	0.118584757812	0.208981046875	0.103310234375	-0.211398390625	0.124800523437	-0.1320111875	0.27294290625	-0.12326346875	0.171072140625	0.115248265625	0.0983608203125	-0.0626286171875	0.125397492187	0.44689703125	0.15205765625	0.18061453125	-0.193381546875	-0.243680140625	0.17704028125	0.211115671875	-0.13272546875	0.167819328125	0.31787328125	-0.0978720703125	-0.0828404765625	0.09018571875	0.167705046875	-0.1367578125	-0.18758653125	0.115622078125	-0.211377796875	-0.186600796875	-0.13565275	0.121051820312	0.236555140625	0.223210828125	0.1709196875	-0.2190101875	-0.26243028125	0.0938021328125	-0.31414546875	-0.155658890625	-0.1706465625	0.26866659375	0.13155590625	-0.359665375	-0.15157640625	-0.20607934375	-0.0432669179687	-0.0809405703125	-0.1435261875	-0.0731942890625	0.240785546875	-0.20296709375	0.0901822578125	0.225481734375	-0.24952840625	-0.126371421875	-0.13581253125	-0.123051289062	0.175652796875	0.07091434375	-0.199088359375	-0.3434644375	-0.198610625	-0.167294828125	0.068461515625	0.188435671875	-0.244264375	-0.179317125	-0.219445078125	0.116550757812	0.2479418125	0.0538566953125	0.164739359375	0.205811109375	-0.259221140625	0.147242265625	-0.0317709902344	0.147236390625	0.075954296875	0.1509511875	0.0740602109375	0.117624328125	-0.28639740625	-0.229320625	-0.28704546875	-0.121382101562	0.229403203125	-0.195657625	-0.265104875	-0.3044114375	-0.231936984375	0.105295296875	0.12082896875	-0.125590148437	-0.120281703125	0.0795186875	0.210025453125	-0.137578671875	0.08530078125	-0.29952390625	0.144943515625	-0.257800515625	0.0780111171875	0.2854813125	-0.184784453125	0.141401171875	-0.226935796875	-0.19863578125	-0.26165275	-0.213163046875	0.171348140625	0.1330015625	-0.130652914062	-0.32125190625	0.19360990625	0.22726834375	0.135601453125	-0.098080765625	-0.07794334375	-0.14765153125	0.16148621875	-0.1660138125	0.0586428945312	0.15820353125	-0.182461171875	-0.1256568125	-0.114214726562	0.310163625	-0.09528871875	-0.2777754375	0.129905390625	-0.23279328125	0.132592125	-0.174085328125	0.2002109375	-0.0710844140625	-0.08448253125	0.16941465625	-0.26850221875	-0.155915171875	0.227636578125	-0.101653671875	-0.2799408125	-0.170733453125	-0.127122554687	-0.206294046875	0.202035046875	-0.313884375	-0.173109546875	-0.24108303125	0.185684	-0.256134828125	-0.173859203125	0.0223373203125	-0.2766254375	0.0577016328125	0.168227765625	-0.232098390625	0.0916191328125	-0.257351375	-0.2747114375	-0.218592828125	0.08715315625	-0.17131834375	0.0510368359375	-0.15101640625	-0.192395359375	-0.15604571875	0.134402734375	-0.081918578125	0.075680125	-0.157602734375	-0.19740684375	-0.071147796875	0.200516421875	-0.0892501953125	-0.20917171875	0.14636865625	-0.15868309375	1.7	0.12	0.0146	0.0015	0.20166054698
20	120	251	2.49534175	1.299476875	1.184890375	1.136979	1.667355125	1.2217395	1.178183125	1.370998375	1.112907375	1.43977525	1.08102625	0.9980470625	1.236479125	1.125383125	1.3665695	1.27694425	1.14557475	1.093904125	1.18426225	0.98824775	1.35945575	1.072118875	1.0116935	0.8063010625	0.887524	0.940415375	0.78536	0.9499303125	0.6447603125	1.0316800625	0.9358155625	0.7829545625	0.8313305	0.603003125	0.9055339375	0.515180625	0.6112054375	0.624857625	0.934840375	0.888863875	0.7494459375	0.658878625	0.6292623125	0.975454	0.732996375	0.56964525	0.7093171875	0.6051530625	0.44118184375	0.725988375	0.5686148125	0.63957275	0.7503031875	0.5851279375	0.33703659375	0.6733224375	0.6575269375	0.42328440625	0.5863356875	0.4993801875	0.51239809375	0.6471778125	0.42220265625	0.6303026875	0.534530125	0.5802171875	0.31455840625	0.5273795	0.50767196875	0.582657125	0.412466125	0.223601234375	0.41153496875	0.357363125	0.5387225625	0.417445375	0.552176375	0.4393769375	0.2804544375	0.175816	0.50846553125	0.44922446875	0.43757	0.279585125	0.30599634375	0.408150125	0.15036790625	0.3412868125	0.3002181875	0.1902778125	0.4096993125	0.39802796875	0.212418359375	0.43274859375	0.4274629375	0.424815	0.29612875	0.3383219375	0.188145859375	0.15623825	0.302313	0.18103278125	0.193403328125	0.349868125	0.34585759375	0.14494903125	0.13443525	0.3042541875	0.2901068125	0.27656778125	0.248978078125	0.297136	0.17776528125	0.50252696875	0.2474496875	0.29172559375	-0.138685390625	0.33788246875	0.26749121875	0.20364934375	-0.00793359375	-0.072035375	-0.0654939375	0.2751295	-0.0980091328125	-0.0534059335937	0.14444096875	0.251253578125	-0.101926882812	0.3426829375	-0.058988828125	-0.15228609375	0.27944509375	0.148504921875	0.2659868125	0.108691507812	0.2286504375	0.23299821875	0.17440646875	0.27543815625	0.286312375	0.210871765625	0.163599890625	0.196859234375	-0.31272	0.171888234375	-0.186612265625	0.27020103125	-0.1133121875	0.222177328125	0.3103538125	0.0932873828125	-0.179584828125	0.166054140625	0.223954875	0.237041296875	0.24437875	0.41167759375	0.191946375	-0.0963239140625	0.240331015625	-0.0906087734375	0.17704978125	-0.173771296875	-0.0590106328125	0.208219296875	-0.139769984375	0.16951828125	-0.097300828125	0.06453653125	0.172909265625	0.2800290625	-0.200870859375	-0.13785734375	0.186982859375	0.133948796875	-0.1430978125	0.28114090625	0.31473809375	0.088505515625	0.21117509375	-0.056361515625	0.29490678125	-0.208522203125	0.08300946875	-0.24399403125	0.207624453125	0.0751385625	-0.183594046875	0.18482434375	0.0607318320312	-0.201692875	0.29597659375	0.214178203125	0.16428253125	-0.071224515625	0.30370609375	0.18437225	0.137961390625	-0.178103109375	-0.15430246875	0.1702321875	0.26029321875	0.46104390625	-0.046147125	-0.0700294609375	0.27781825	-0.17713034375	0.192855109375	-0.065847875	0.18654671875	-0.085075203125	-0.100644921875	0.19609278125	-0.32178909375	-0.076573703125	0.185799046875	-0.0509438085937	-0.180356484375	0.109724164062	0.149803953125	-0.118627859375	0.162173109375	0.17223996875	0.16842959375	-0.0523860078125	0.220161890625	-0.103043570312	-0.101265773437	0.42900196875	0.20798040625	0.152195203125	-0.14338665625	-0.0606433515625	0.236225296875	0.19161046875	-0.148252046875	-0.169138625	0.25113346875	-0.118016617187	0.230549765625	-0.02704709375	0.157312015625	0.16049465625	-0.0785816796875	-0.125119109375	0.21488271875	0.186021859375	0.1374223125	-0.10271765625	0.17080878125	1.55	0.05	0.00353	1.5E-4	0.169308040311
21	105	251	3.9237345	2.06588375	2.2120315	1.781700125	1.931943375	1.943099875	1.806695	1.892047875	1.792877875	1.94430525	1.776058375	1.879303875	1.556392875	1.662235375	1.59107525	1.81674325	1.947777625	1.83081175	1.8752295	1.57710875	1.947758375	1.786827375	1.707781125	1.86176775	1.570352375	1.509467875	1.699708375	1.580168125	1.658260875	1.941429375	1.66702525	1.638729875	1.643126125	1.680407	1.790816	1.697125875	1.863875	1.74541675	1.573705625	1.649324375	1.794848625	1.721670625	1.561484	1.60251275	1.582036375	1.806291625	1.626499625	1.758893875	1.668967875	1.661134375	1.867908125	1.91182675	1.727777125	1.7182205	1.614026625	1.644315375	1.6445795	1.54563025	1.726964625	1.53582675	1.62395225	1.593041125	1.45017675	1.49364675	1.500383375	1.579222625	1.6805915	1.530563625	1.596794625	1.549709375	1.76404475	1.653604375	1.582825625	1.754241125	1.684811625	1.63359175	1.505198	1.407972	1.6087725	1.6133315	1.712371875	1.589309375	1.719869625	1.71424375	1.530969875	1.707107	1.694789875	1.65500175	1.78887525	1.811030625	1.876931	1.59369925	1.62809325	1.50684375	1.91978025	1.460058125	1.57544675	1.70211425	1.589410375	1.784416375	1.661069375	1.424689375	1.472378375	1.54932	1.5347425	1.462425875	1.667403125	1.593449375	1.662278375	1.4982575	1.67608375	1.67343875	1.63808125	1.671986375	1.776510875	1.380346125	1.6132825	1.64013475	1.640512375	1.264403875	1.599584375	1.65060225	1.3856145	1.648281	1.668413375	1.81919425	1.70276825	1.990278125	1.7197925	1.72681	1.453273125	1.5619755	1.6632245	1.693986	1.57266575	1.651141875	1.804974375	1.485927	1.520162	1.675942875	1.55531175	1.478837875	1.592134375	1.70991125	1.534453125	1.356370625	1.521310625	1.814318	1.716296	1.416785625	1.661890625	1.6850395	1.391387375	1.754386	1.549049	1.564304875	1.74213675	1.62081875	1.6898085	1.41107525	1.689501375	1.6363645	1.462405125	1.652453125	1.739853625	1.696948625	1.339240375	1.355869625	1.486333875	1.814511	1.673814	1.50993925	1.542297125	1.46110275	1.561574125	1.671660375	1.698754875	1.68837025	1.372439	1.399759375	1.465912125	1.535594875	1.651045375	1.528394375	1.57362925	1.5476165	1.44671775	1.43654525	1.48221	1.69171625	1.601030875	1.476027625	1.421503875	1.69176475	1.354514125	1.7028605	1.706244	1.62612075	1.448613375	1.614936375	1.618897125	1.715811375	1.586389625	1.45455525	1.558412875	1.440102125	1.862562375	1.777324	1.7364555	1.472964	1.639974125	1.5969965	1.70603575	1.761562875	1.623841625	1.74260025	1.410529	1.241510125	1.631622375	1.561539125	1.70612575	1.616440375	1.6440475	1.377932625	1.570925625	1.613675375	1.544332	1.540833	1.7407985	1.462773875	1.45877475	1.628266125	1.592322125	1.730854875	1.50917175	1.741212125	1.54305525	1.5047615	1.507591	1.553983875	1.579459375	1.547842875	1.548708375	1.465588875	1.567090125	1.739759375	1.4383065	1.695178125	1.563874125	1.6758135	1.678667875	1.778	0.026	1.27E-4	2.1E-5	0.189377277501
22	24	251	2.45033775	0.30540525	0.27444209375	0.289728	-0.04940221875	0.40691359375	0.40297728125	0.3995145	0.3739085625	0.5874006875	0.248273234375	0.115407515625	0.564218875	0.443738	0.218637015625	0.5753415	0.5889611875	0.283602875	0.489358875	0.37694021875	0.5339401875	0.23259090625	0.50754653125	0.2233683125	-0.195552328125	-0.2403295625	0.5203135625	0.35060884375	0.2666129375	0.49275309375	0.32837615625	0.422792875	0.307690375	0.587681625	0.31038140625	0.209027609375	0.37564553125	0.21575340625	-0.16465128125	0.46927409375	0.48834378125	0.372954375	0.26135490625	0.36218965625	0.5909955625	0.223948578125	0.555561625	0.2879970625	0.2288121875	0.45280275	0.6634019375	0.37769059375	-0.0366189609375	0.5392823125	0.3635525625	0.46632590625	0.3086445	0.58827175	0.218833109375	0.34540315625	0.4771900625	0.438553	0.187346640625	0.3997586875	0.30686146875	0.41628515625	0.37831971875	0.370229625	-0.0788525546875	-0.0314011230469	0.420944	0.28794078125	0.248674734375	0.486394125	0.51106134375	0.5940820625	0.43689209375	0.30164459375	0.42648121875	0.570900625	0.3382638125	0.36088821875	0.4962921875	0.39294878125	0.204738796875	0.30838165625	0.5578975625	0.36112271875	0.37000003125	0.36692809375	0.29858621875	0.44487315625	0.31051553125	0.43121015625	0.29273684375	0.43316959375	-0.136871578125	0.4090198125	0.61916825	0.30114428125	0.2993929375	0.35698496875	0.44046590625	0.5324831875	0.199159328125	0.336715875	0.36966525	0.49401484375	0.319241125	0.30217465625	0.34637609375	0.31235365625	0.218060171875	0.29631428125	0.631354	0.44957375	0.17441653125	0.2858040625	0.2009578125	0.280741	0.5812329375	0.6637271875	0.21437065625	0.42817453125	0.16727478125	0.45233378125	0.278231375	0.6121869375	-0.06665121875	0.25895990625	0.27807865625	0.237004	0.159286140625	0.3766891875	0.46763234375	-0.14532296875	0.428643625	-0.32625675	0.26427084375	0.23781734375	0.38767571875	0.5129345625	0.48565853125	0.534462875	0.36793046875	0.2834395	0.1811586875	0.2293934375	0.2875950625	0.655007875	0.5154798125	0.3923668125	-0.14165378125	0.6226818125	-0.06916703125	0.214037234375	0.3355905625	0.19518334375	0.30185996875	0.4885558125	0.27955296875	0.24099290625	0.361442125	0.187343578125	0.30574809375	0.332828	0.223800453125	-0.0393138671875	0.3926303125	0.511499375	0.35077959375	0.31729221875	0.4219084375	0.374893875	-0.1273454375	0.36658690625	0.6345614375	0.36859425	0.239303625	0.543176	0.56363025	0.3167401875	0.37789790625	0.5292149375	0.227753296875	0.234079171875	0.30171121875	0.29210190625	-0.114678820312	0.5178336875	0.31719753125	0.292032875	0.41743828125	0.29444896875	0.234865296875	0.5502781875	0.4384444375	0.3460661875	-0.24699421875	0.40954353125	0.392941625	0.32772853125	0.501809625	0.35158303125	0.29184	0.247054734375	0.3895948125	0.29574334375	0.35163790625	0.46148925	0.4477310625	0.43439225	0.4116109375	0.33991475	0.135106140625	0.41744090625	0.5451775625	0.246612171875	0.319592	0.62258425	0.257835765625	0.32458246875	0.3769754375	0.3241465	0.491487875	0.212452578125	0.28132984375	0.58729475	0.2786188125	0.5131654375	0.5256915	0.225607328125	0.157148390625	0.3568699375	0.42004184375	0.25990740625	0.28863565625	0.280483125	0.33956578125	0.43847496875	0.4051115625	0.5258528125	0.3281683125	0.3885754375	0.45386584375	0.30418240625	0.198110171875	0.5082455625	0.40812184375	0.158837828125	0.43731440625	0.377	0.03	1.3E-4	1.0E-4	0.218559230511
23	246	251	2.25011925	0.73719525	0.686868875	0.59313225	1.05206625	0.822180875	0.73632375	1.014533375	0.86245625	0.837936875	0.6524479375	0.874392625	0.716189875	0.8026320625	0.79086025	1.0351191875	0.79482925	0.68542825	1.02027775	0.7752209375	0.9298406875	0.71361825	0.9237958125	0.669972	0.873175125	0.5434680625	0.9708286875	0.755615125	0.716938375	0.835196125	0.71014775	0.51709890625	0.827031125	0.9336173125	0.80017675	0.741226625	0.8081320625	0.7870471875	0.667133375	0.760935625	0.7159746875	0.746851375	0.5403015625	0.6076570625	0.940073375	0.78540525	0.888659	0.6805686875	0.8048604375	0.848073375	0.8059370625	0.6934230625	0.81300625	0.8390286875	0.7966761875	0.6619898125	0.7759960625	0.6263739375	0.7206740625	0.56422325	0.7958886875	0.5913613125	0.89708325	0.8649864375	0.5291213125	0.6746441875	0.589674125	0.679046375	0.8351229375	1.0403561875	0.6395840625	0.7852770625	0.888619875	0.8315689375	0.7505109375	0.7526803125	0.900925375	0.8637678125	0.753555625	0.6579023125	1.054877125	0.6857706875	0.703786375	0.49770871875	0.735042125	0.8008459375	0.8339809375	0.6945378125	0.645581625	0.44335553125	0.71884275	0.73551525	0.655286375	0.7961535625	1.05628975	0.812274125	0.7899165625	0.7163943125	0.5935136875	0.3936839375	0.8137116875	0.812080875	0.7667603125	0.6403716875	0.6058491875	0.7239889375	0.673143125	0.8700360625	0.8712695625	0.7526143125	0.7615375625	0.94695675	0.6360095625	0.677682625	0.6388693125	0.46105621875	0.6680331875	0.744947375	0.83608125	0.6446824375	0.800222875	0.7944238125	0.732234375	0.7011825	0.6365909375	0.807416	0.5264255	0.658852	0.7565791875	0.8629078125	0.5981430625	0.710677625	0.597453375	0.7254936875	0.6427481875	0.715273875	0.5781603125	0.7429988125	0.5920556875	0.6537705	0.76540175	0.7609718125	0.810260375	0.6011199375	0.738152	0.5491568125	0.6131070625	0.675287875	0.8161081875	0.6159028125	0.810070875	0.88303975	0.650972625	1.01115575	0.740617375	0.7457291875	0.662315375	0.8886405625	0.7553185	0.716373875	0.5637288125	1.0049168125	0.800828375	0.651245125	0.52222540625	0.562844375	0.635072875	0.7350010625	0.616087625	0.7539100625	0.597281125	0.822609625	0.5583990625	0.782634875	0.70988525	0.7289206875	0.756002375	0.66726225	0.7505396875	0.6224195	0.879885	0.9221326875	0.66363825	0.6623625625	0.8013365	0.7881178125	0.8504808125	0.849200625	0.8494226875	0.75449075	0.54271975	0.7112863125	0.5831599375	0.691844625	0.8094670625	0.63834525	0.7912403125	0.697731375	0.6159495	0.6779003125	0.791777125	0.7884553125	0.8913464375	0.6084386875	0.9861200625	0.840299	0.5461759375	0.8152410625	0.65193925	0.761096	0.7224611875	0.724931625	0.9684458125	0.7060398125	0.56264375	0.7093560625	0.777846125	0.776135125	0.7951273125	0.9074436875	0.698503125	0.734740375	0.679069125	0.730766625	0.5822980625	0.8077838125	0.74422375	0.7140589375	0.54966275	0.618025875	0.698472625	0.7262744375	0.52830225	0.5613178125	0.76869625	0.7068406875	0.8527136875	0.652691375	0.863764	0.787842625	0.871397125	0.643391375	0.74177275	0.737491875	0.8604625625	0.75848475	0.687113	0.9999188125	0.7129323125	0.690822875	0.5622771875	0.799	0.02	1.09E-4	3.5E-5	0.150999056112
24	115	251	6.368492	0.0691819609375	-0.315020875	0.18353065625	0.10633321875	0.2800116875	0.2436150625	-0.075863203125	0.18989225	-0.090448390625	0.125714484375	-0.14205225	-0.163573984375	-0.174329765625	-0.13744340625	0.130368351562	-0.37615715625	-0.14261640625	0.207130640625	0.112073171875	-0.33547609375	0.159198421875	-0.113247257812	-0.0808573125	0.304555625	0.101782007812	-0.17211609375	-0.2892858125	-0.08689634375	-0.193599921875	-0.17597771875	0.17190378125	-0.064062	-0.167873765625	0.1398481875	0.0294542832031	-0.217970765625	-0.121223804687	-0.170585	-0.132035203125	-0.19421878125	0.14454634375	-0.15288059375	-0.0645458046875	-0.232544359375	-0.1611793125	-0.161305234375	-0.146507453125	0.256011625	-0.32914925	-0.27045284375	-0.1228904375	-0.18824859375	0.4259751875	-0.13357953125	-0.121700171875	-0.27764065625	-0.0305437089844	-0.0595713242187	0.1089580625	-0.0761049375	-0.33384721875	0.18384371875	-0.230374421875	-0.201446953125	-0.30026484375	-0.26290153125	0.062820453125	0.155685125	-0.19732990625	-0.18072815625	0.123446023437	0.09122546875	0.1790031875	-0.15400425	-0.12681175	-0.128635265625	0.192181390625	0.11103384375	0.154721234375	0.100739851562	0.15677940625	0.20385475	-0.128125257812	0.091672140625	-0.073491265625	0.17568209375	-0.197441234375	0.2794065625	-0.16296575	-0.1477754375	0.126367734375	0.185461484375	-0.26391696875	-0.2730494375	0.197379234375	-0.0830565	0.14694496875	-0.0575900546875	0.14110890625	-0.19825971875	0.15075978125	0.1027368125	0.107898289062	-0.137429578125	-0.118970375	-0.19191665625	-0.246987640625	0.113807625	-0.12399825	-0.25291196875	-0.1440254375	0.0820210859375	0.212884421875	0.2823744375	-0.1073916875	0.3721106875	-0.245361109375	0.18143425	0.260415015625	-0.249579015625	-0.2394155625	-0.2672830625	-0.1640029375	0.250958796875	-0.15389425	0.195674078125	-0.210514546875	0.203938765625	-0.2298071875	0.190840765625	-0.0773425703125	0.0455385625	-0.127068953125	0.247002265625	0.0292426054687	0.07068515625	-0.259704796875	0.19353578125	0.17637215625	0.2964645	-0.0341169257812	-0.103411320312	0.151200515625	-0.5462556875	-0.211297109375	0.221517375	0.3499615625	-0.2774925	0.20121796875	0.18008103125	0.120254226562	0.091592859375	0.256928234375	-0.184659046875	-0.0758071875	-0.2674209375	-0.0784638828125	-0.111686203125	0.249098453125	0.0931618984375	0.19141446875	-0.205547609375	0.3325678125	0.07080675	-0.155363484375	0.23273425	0.058076015625	-0.07116103125	0.20613596875	0.0579040585937	-0.07928428125	-0.171978859375	0.0965124765625	-0.205161890625	-0.33032521875	0.0838989375	-0.0940666875	0.1279155	-0.226417453125	-0.28287403125	0.22729909375	-0.134749125	0.0763989453125	0.174349265625	-0.159071203125	-0.161514953125	-0.0872751875	-0.133293578125	0.0810488046875	-0.0155370566406	-0.18614709375	-0.183361234375	0.197734125	0.125059046875	-0.0786020390625	0.070083984375	-0.109509789062	0.236866984375	-0.20076884375	-0.1512323125	-0.187333296875	-0.21756215625	-0.0960368359375	0.25515021875	-0.168143953125	0.0779790546875	0.2403245625	0.249549578125	0.1649181875	0.365359875	-0.2950634375	0.126467539062	-0.0807532109375	-0.31231396875	0.2010603125	0.17785853125	-0.181055359375	-0.107566273437	0.2487156875	-0.192010375	-0.3596666875	0.204613984375	-0.0626356796875	0.125579289062	0.225314421875	-0.22629796875	-0.257508078125	0.116947710937	0.1532660625	0.115183539062	-0.180361640625	0.14383221875	0.0957152890625	-0.096491015625	0.0502975507812	0.139315640625	0.1730748125	0.211281390625	0.261934796875	-0.0232520390625	0.291231125	0.2598066875	-0.318518375	-0.17497128125	-0.2286239375	-0.0657305625	-0.0201187675781	0.0771687109375	0.20511690625	0.27560303125	6.37	0.18	0.4	0.7	0.191033920835
25	11	251	3.43083525	1.553354625	1.47649025	1.691988	1.3750865	1.42128375	1.480704125	1.464567	1.347269	1.166582625	1.31782925	1.363796	1.300116	1.331742875	1.1174725	1.3930725	1.170163625	1.18528075	0.9391668125	1.220081125	1.102408375	1.095670875	1.38535375	1.237248875	1.140125	1.19788225	1.218006125	1.129372875	1.12171225	1.2250835	1.09717375	1.230091	1.002411875	0.8774985	1.0275469375	0.9759868125	1.001095375	0.88050875	1.0210601875	0.8741424375	0.8805738125	0.776444875	0.8745839375	0.880535125	0.7968325625	0.7746314375	0.9255635	0.6720540625	0.848462625	0.89192325	0.8446128125	0.756040875	0.6789035	0.5817986875	0.5801863125	0.8100661875	0.6516700625	0.7116083125	0.74644525	0.588559	0.8967285625	0.802791125	0.8265435625	0.6491623125	0.7262653125	0.69889475	0.7003004375	0.701185375	0.6433464375	0.727998625	0.5506953125	0.4727326875	0.680628625	0.56027125	0.7323931875	0.48047659375	0.82009275	0.5839865	0.4426066875	0.7603393125	0.4559851875	0.38196396875	0.5828050625	0.6770875	0.3331526875	0.6755109375	0.3996149375	0.6068585625	0.530071625	0.58184975	0.42397071875	0.52254684375	0.40563534375	0.5888378125	0.37024340625	0.3764315	0.446743125	0.219226640625	0.4080795	0.5711398125	0.3969925	0.28460709375	0.51019978125	0.510464375	0.642772625	0.4519743125	0.5260880625	0.47212721875	0.581880375	0.46455296875	0.246823875	0.28774128125	0.27347965625	0.5236603125	0.50394046875	0.372713625	0.31424884375	0.257495046875	0.253409515625	0.26260875	0.313649125	0.35114209375	0.5234719375	0.30444765625	0.248716046875	0.473932125	0.47842571875	0.159928125	0.163420171875	0.3514599375	0.13444471875	0.4362300625	0.132613984375	0.4433200625	0.42823240625	0.34294825	0.2592750625	0.25208303125	0.085026609375	0.262732125	0.498651125	0.2796379375	0.32703484375	0.3315611875	0.35369721875	0.2797136875	0.35702128125	0.39910240625	0.2659395625	0.4309598125	0.2671456875	0.38745628125	0.5540301875	0.23858759375	0.23153815625	-0.15937978125	0.16373003125	0.242530546875	-0.2130803125	0.245485484375	0.3288033125	0.20535396875	0.3708421875	0.2749896875	0.238481953125	0.403206875	0.45131625	0.50833634375	0.22727059375	0.42069346875	0.42194103125	0.3120001875	0.22162690625	0.24538365625	0.28328765625	0.42367621875	0.314812875	0.17227028125	0.103830984375	0.25261959375	0.2768318125	0.29650259375	0.2453145625	0.16065659375	0.37265034375	0.218858703125	0.3038981875	0.227752890625	0.252901609375	0.207629609375	0.157661828125	0.3254090625	0.36056953125	0.32179559375	0.35169309375	0.1341759375	0.37840378125	-0.18362125	-0.0994799609375	0.22509621875	0.20447234375	-0.16203415625	0.17615846875	0.3787073125	0.106497992187	0.187161375	0.152943484375	0.1664385	0.203078015625	0.1945515625	0.25602290625	0.088089	0.194468453125	-0.1450718125	0.195191734375	0.171573765625	-0.17848275	-0.18440915625	0.18643640625	0.151523171875	-0.24657390625	0.239328515625	0.2292336875	-0.158714671875	0.23614503125	0.198729703125	0.13655778125	0.062321515625	-0.1250565	0.166918	0.14826353125	0.261063921875	0.223813671875	0.208893546875	0.234014859375	0.181930390625	0.1312659375	0.14702828125	-0.21447875	-0.0250573691406	-0.0266566640625	-0.153127125	-0.13902696875	0.1929146875	0.33524865625	0.3874636875	-0.0921435234375	0.22919909375	0.21004665625	0.1290928125	0.119610375	1.622	0.043	0.00249	8.0E-5	0.17905527149
26	89	251	3.388362	-0.29032253125	-0.281308	-0.2852785	-0.2488961875	-0.193811484375	-0.3728405625	-0.14738225	-0.397630125	-0.23781925	0.14011246875	-0.2708729375	0.26599678125	-0.147257625	0.161778921875	0.028030046875	-0.2123624375	-0.147667375	-0.2379878125	-0.11609121875	0.21729096875	0.130280242187	0.195306234375	-0.47623525	-0.256092484375	-0.374457125	-0.45048459375	0.21536971875	-0.1751566875	-0.2574960625	0.0705438984375	-0.3663954375	0.32477328125	-0.13360953125	-0.176369734375	-0.22853878125	-0.167790375	-0.39550525	-0.208563390625	-0.11065903125	0.0889965703125	-0.329243375	-0.1716695	0.2761345625	0.0273537773437	-0.115427125	0.070591109375	-0.063729734375	0.14001078125	-0.21064334375	-0.262241875	0.0632775625	-0.2350715625	0.35676465625	-0.117261523437	0.22593603125	0.0913378671875	0.0929805859375	-0.0961509296875	-0.124676257812	0.17099178125	-0.26632303125	-0.257913953125	0.156150640625	-0.237367	0.37606903125	-0.3182835625	0.32205575	0.0801101640625	-0.124821429687	-0.37058603125	0.20821271875	0.116079273437	0.1643493125	-0.21734103125	-0.165681578125	-0.3087928125	-0.25088240625	-0.31911428125	-0.265677125	-0.15439775	0.215964578125	0.123771960937	0.2609716875	0.10612590625	-0.13150715625	0.108453859375	0.1851955	0.25772584375	0.126540859375	0.105952367187	0.29737534375	-0.111967734375	-0.148593703125	0.103806835937	-0.23380728125	-0.20073071875	-0.209584046875	-0.16709559375	-0.215376390625	0.143532640625	0.20829690625	0.0243579882812	-0.32172475	-0.1968046875	-0.1872869375	-0.16311546875	-0.2085028125	-0.23023140625	0.225138671875	-0.1672756875	0.166495859375	0.241864328125	-0.280875625	0.328811875	-0.159471890625	-0.1879684375	-0.1817435625	-0.180998046875	-0.0729249765625	-0.172674890625	0.19372871875	0.101827773437	0.1456749375	-0.192297578125	-0.192707	0.1265313125	0.215655046875	0.189359859375	-0.0576716796875	0.102067023437	-0.119420429687	-0.170428953125	0.17803096875	0.101784648437	-0.18498153125	-0.137215578125	-0.24048709375	-0.2123045625	-0.1752868125	-0.16162	-0.28127303125	0.173474875	0.3400805625	0.20394753125	0.138549703125	0.19176878125	0.18302459375	-0.084193859375	0.298071	0.32692096875	-0.1779145625	-0.0993028046875	-0.148504765625	-0.191701828125	-0.18086034375	-0.2002648125	0.096213640625	0.10827475	-0.106283140625	0.120385625	-0.29769259375	0.32546871875	-0.32476396875	-0.128803851562	-0.117116	-0.16282940625	-0.3708496875	0.17426746875	0.180143625	0.179824640625	-0.207193359375	-0.21363203125	0.0283866835937	0.132107140625	-0.1390938125	-0.283370625	-0.222782296875	0.30681125	-0.1445573125	0.116488234375	0.21392171875	0.229856265625	0.08772	-0.33386859375	-0.14265296875	-0.07246153125	-0.3336573125	-0.200807234375	0.155505828125	0.3157659375	-0.28062425	0.12589946875	-0.22306396875	-0.14094384375	0.2501833125	-0.115577664062	-0.18821384375	-0.194642578125	0.11515	0.26529871875	-0.27454615625	0.080628	-0.27960975	0.114327773437	0.18957828125	-0.187292515625	-0.197821359375	-0.179846875	-0.28087884375	-0.106229695312	0.255110875	0.180493109375	0.164642390625	-0.38554259375	-0.2885409375	-0.27724509375	0.118890453125	0.152062796875	0.185219546875	0.102868726562	-0.202797890625	0.126480164062	0.10960640625	0.117335570312	-0.13182196875	-0.209695234375	0.2078243125	-0.17213871875	-0.113992734375	-0.221817375	-0.30246715625	-0.127805765625	-0.174803421875	0.085905078125	0.20631625	-0.234792953125	-0.162158203125	-0.114288609375	-0.254320265625	-0.1989973125	0.0797181640625	-0.0900964921875	-0.279186	-0.3250185625	-0.23832384375	0.14461884375	-0.273136375	-0.18914109375	-0.21683496875	-0.164368890625	3.39	0.14	1.7	18338.3	0.21188067828
27	148	251	3.75278875	1.735201375	1.923350625	1.81849	1.61757875	1.61140775	1.7765995	1.81979725	1.714348125	1.504229125	1.653224875	1.89577375	1.7057485	1.613942875	1.57743975	1.622304	1.64174925	1.6545175	1.80509	1.6058315	1.50899875	1.670764	1.549084625	1.804680875	1.8451245	1.7369195	1.99073125	1.744587625	1.776056625	1.601877	1.66402325	1.929138875	1.87277025	1.754653625	1.63208975	1.73846175	1.74056925	1.56007525	1.494826875	1.69385625	1.565085125	1.524543	1.72557425	1.541928	1.63555425	1.712131625	1.64156475	1.664739125	1.6930385	1.7621475	1.538233125	1.418583875	1.715278125	1.705537125	1.641468375	1.792727375	1.79059925	1.572616	1.654918375	1.620944625	1.707154125	1.670092	1.630899	1.718160375	1.94679625	1.5719425	1.79168	1.683382875	1.745628125	1.711007875	1.704324125	1.901555875	1.747300125	1.878334375	1.74202775	1.640143125	1.554624625	1.6287525	1.82019325	1.684463375	1.7707435	1.7353615	1.798135625	1.586480875	1.78148475	1.738184	1.732672625	1.51420625	1.6134805	1.767877375	1.803712375	1.52806	1.6824085	1.6709565	1.743184125	1.475686625	1.56447725	1.626642625	1.724555375	1.62785025	1.792954	1.659209375	1.66996875	1.511934625	1.70575325	1.5143905	1.595592125	1.814527875	1.451033375	1.91535975	1.548864	1.680682625	1.650377875	1.60561875	1.5020215	1.76893575	1.505019375	1.6930035	1.65004125	1.703285	1.348713375	1.835171875	1.836704375	1.763129625	1.620412125	1.660874875	1.462979625	1.401208	1.534127375	1.674930125	1.602054125	1.789666	1.627195875	1.73001525	1.71373625	1.690493	1.50700075	1.806653	1.618111625	1.6005785	1.533446875	1.654527	1.6308805	1.641152125	1.51388325	1.763631	1.87425475	1.723062875	1.497111875	1.680284625	1.70570725	1.7559495	1.455358625	1.626729	1.488467875	1.6125675	1.622475375	1.596669	1.5708325	1.59058675	1.649406875	1.806221875	1.737569	1.708716875	1.622814875	1.65536075	1.680018625	1.6332375	1.5787	1.978421	1.6589555	1.643317375	1.575778875	1.79459125	1.659954375	1.67978475	1.55612	1.8251075	1.568562125	1.5739115	1.555960125	1.612095625	1.60076875	1.8359765	1.74755725	1.73682125	1.7139675	1.676464	1.60819325	1.77472975	1.637154375	1.578281375	1.616586125	1.703412125	1.695432625	1.59285825	1.8620355	1.693997625	1.822666875	1.62582925	1.577578625	1.71690525	1.614896	1.556639375	1.75708425	1.865033625	1.361974	1.54004225	1.654834125	1.726196375	1.551387375	1.839742125	1.556528	1.76187125	1.6110905	1.45007	1.731637375	1.68423825	1.6762735	1.674452875	1.548194375	1.9001955	1.815207125	1.59475225	1.697555875	1.635880125	1.688569	1.63987	1.578652375	1.645193125	1.720883375	1.557307	1.535556875	1.432010125	1.66444475	1.704819125	1.765149125	1.51861075	1.8660305	1.503023875	1.808191375	1.590131	1.593180375	1.53635375	1.70629075	1.51678375	1.61217625	1.71272375	1.816317875	1.428486375	1.81821375	1.732	0.022	5.1E-5	1.6E-5	0.172265681884
28	78	251	2.72122375	0.4002076875	-0.23584359375	-0.0611015078125	0.2768374375	0.251394859375	0.1438813125	0.1634680625	0.4884605625	0.24143375	-0.0204529921875	0.29498378125	-0.0483973398437	0.235080078125	0.28486565625	-0.09823015625	0.199608046875	0.22332415625	0.103012289062	0.24918321875	0.42418146875	0.2144026875	0.233070375	0.30226603125	0.154148671875	0.3897443125	0.26851146875	0.253337296875	0.2740135	0.279343625	0.2457725625	0.46502346875	0.33918553125	0.348053875	-0.054161703125	0.460928	0.26225934375	0.31976059375	0.208522625	0.106847648437	0.3697961875	0.41948540625	0.128674257812	0.2788873125	0.0943521875	0.262580625	-0.198347953125	0.254525453125	0.246425046875	0.3848685	0.32663246875	0.2699179375	0.3684340625	0.17952690625	0.152304265625	0.2759856875	0.128975929687	0.2662168125	0.351409375	0.182673203125	0.318711625	0.14062490625	0.315114125	0.197883734375	0.16956	0.169500078125	0.5627784375	0.188683140625	0.32177384375	0.2608459375	-0.0875007578125	0.1456889375	-0.255093171875	0.40584684375	0.2367895625	0.39598046875	0.23671565625	0.186559828125	0.3165855625	-0.082561078125	0.230115296875	0.3341855	0.23723825	0.0845255625	0.184914671875	0.213843703125	0.33047365625	0.29456815625	0.237852265625	0.239996015625	0.37611275	0.255001578125	0.3770855625	0.30807546875	0.3906104375	0.27586321875	0.23652334375	0.109908546875	-0.0853986171875	0.185464140625	0.3967228125	0.1476796875	0.283397125	0.40189075	0.26536165625	0.23650665625	0.352020875	0.1941713125	0.463737125	0.4663561875	0.2691149375	0.16905659375	0.092328046875	0.218905	0.24700534375	0.2603685625	0.3394353125	0.3259476875	0.49635065625	0.41590728125	0.179061640625	0.47566909375	0.28970765625	0.300917875	0.47084725	0.375008125	0.4090300625	0.43717521875	0.360260625	0.238966171875	0.218286453125	0.40061090625	0.2883408125	0.4751861875	0.18744365625	0.29615196875	0.2547586875	0.27109903125	0.412499875	0.581326125	0.212644328125	0.223774609375	0.356869625	0.38696928125	-0.177215984375	0.0705401875	0.16349359375	0.27451590625	0.188759984375	-0.0316814042969	0.2712978125	0.22208309375	0.18804009375	0.3362815	0.36569171875	0.238238546875	0.14804096875	0.3223435	0.3616718125	0.3051861875	0.45884603125	0.2680158125	0.222248984375	0.19904365625	0.3704480625	0.23801875	-0.122656351562	0.31491115625	0.36789265625	0.1661155625	0.184037484375	0.185028984375	0.216955015625	0.159114171875	0.2733798125	0.40584740625	0.30348221875	0.12668546875	0.26879234375	0.4891696875	0.3501793125	0.36301053125	0.37068934375	0.2103801875	0.2763273125	0.33810371875	0.30529396875	0.5422698125	0.257575515625	0.4015750625	0.26229853125	0.30579678125	0.38356090625	0.38123509375	0.30013321875	0.33885846875	0.129031359375	0.41577046875	0.2746588125	-0.120260664062	0.316437	0.36131521875	0.37416496875	-0.134066859375	0.30151690625	0.287590375	0.51783740625	0.28350140625	0.204965296875	0.310813625	0.37037665625	0.10433128125	0.2352673125	0.188883578125	0.3059086875	0.29440440625	-0.17554028125	0.217104015625	0.24443046875	0.39227203125	0.3639845	0.4031966875	0.170548890625	0.255665953125	0.2976600625	0.308832	0.19086165625	0.30399653125	0.251519203125	0.253466078125	0.161958765625	-0.103760039062	0.242066984375	0.16444234375	0.32504384375	0.29505103125	0.225562203125	0.23932740625	0.254848890625	0.16944653125	0.41142109375	0.257412359375	0.3025938125	0.34789578125	0.28253265625	0.130977257812	0.328257625	0.3416475625	0.148947578125	0.2499813125	0.527040125	0.267	0.027	1.0E-5	1.4E-4	0.210240160252
29	60	251	2.317587	0.37128628125	-0.3040641875	0.10667671875	0.239284359375	-0.1904416875	0.183075515625	-0.05202675	0.1803365	-0.1848565	-0.116514132812	-0.15822246875	0.204586984375	0.200570625	-0.171709984375	0.231533015625	0.21443696875	0.171251984375	-0.2001101875	0.162781765625	0.1602345625	-0.160457046875	-0.4121514375	-0.138847546875	-0.21588490625	-0.163288015625	-0.22095303125	-0.246487390625	0.149960828125	-0.248383390625	0.27280578125	-0.25712540625	-0.22854875	-0.213053890625	0.16843025	0.237196421875	-0.119345585937	0.204231140625	-0.31667925	0.072176546875	-0.3234699375	0.29222465625	0.158019109375	-0.11592334375	0.113191	0.2153198125	0.252510234375	0.3892659375	0.06830346875	-0.555543375	0.38274190625	-0.174789453125	0.142118203125	-0.1237825625	-0.21982728125	0.214946875	-0.3636445625	0.149138296875	-0.203326625	0.37780684375	-0.09531134375	0.1521250625	0.123327382812	-0.13755625	-0.31465334375	0.103370375	0.131642015625	-0.20894315625	0.189224765625	-0.22398984375	0.3521928125	0.28288271875	0.240868375	-0.32933334375	-0.2637168125	-0.424236125	-0.175454703125	-0.246826671875	-0.27080953125	0.216872296875	-0.226883296875	-0.20257884375	-0.223696515625	0.13558025	-0.29215784375	-0.14832821875	-0.050408671875	0.1665055625	0.14792234375	-0.198413171875	-0.1068616875	0.174167015625	-0.183442703125	-0.171635859375	-0.208817390625	0.13206571875	-0.0979729296875	0.09549696875	0.32776365625	0.22062034375	-0.12471996875	-0.263969375	0.20319165625	0.155754953125	-0.08618015625	0.243265125	0.2732355625	-0.13517471875	-0.133122578125	-0.1782485	0.16395890625	0.252782484375	0.111592585937	-0.15480803125	-0.094254046875	-0.315577625	-0.089645984375	-0.342445125	-0.2635474375	0.1783025	-0.171855171875	-0.156426578125	0.136916953125	0.27499653125	0.1349186875	0.0824848671875	-0.36590759375	-0.246951921875	0.198075296875	-0.239547078125	0.213676125	-0.24824015625	0.12003803125	-0.143736375	0.217660703125	-0.1442310625	-0.1712496875	0.195159390625	0.180503640625	0.117808359375	-0.201131546875	0.10483646875	0.156234171875	0.2282685625	0.0480449335937	-0.2986825625	0.0631295	0.26950828125	0.118748640625	-0.111920515625	0.218555921875	-0.40624525	0.1882205625	-0.121016367187	0.0954580546875	0.104224953125	-0.0704960546875	0.0395589570312	-0.159464515625	0.15541175	0.1348710625	0.25154828125	-0.074022375	-0.190663765625	-0.26662903125	0.2262820625	0.130729976562	0.40776859375	0.18725434375	-0.20299109375	-0.177536328125	0.227240171875	0.161869984375	-0.137988046875	0.185894234375	0.100808625	0.16366075	0.102202	0.117879945312	0.175230921875	-0.203756234375	-0.0349713515625	-0.176639671875	-0.215347640625	0.254222875	-0.212130375	0.4361930625	0.2173905	0.289025375	-0.245483640625	-0.0754074609375	0.167773	-0.108247757812	-0.099401359375	0.212942890625	0.2279361875	0.123566117187	0.0470155898437	-0.0239659277344	-0.25298503125	-0.206835890625	0.100458640625	-0.14346171875	-0.241787640625	0.0648165898437	0.165734265625	0.196941890625	0.230393015625	-0.1633640625	-0.039918984375	0.13095475	-0.3891591875	0.167337359375	0.0759504140625	-0.103246664062	0.099524015625	0.1434663125	0.24160128125	-0.101802242187	0.22131203125	0.217436078125	0.1619360625	-0.2913725625	0.0753750390625	0.211506515625	0.33561890625	-0.127448679687	0.127563203125	-0.1405226875	-0.163487953125	-0.203703015625	0.33218046875	0.0410343203125	-0.246822875	0.19916403125	-0.251097265625	0.0897814453125	0.34634465625	-0.079682578125	-0.166435390625	-0.034913890625	-0.145604125	-0.12331884375	-0.222019203125	-0.112524585937	0.142622265625	-0.129374304687	0.21120475	0.221952984375	0.187285265625	0.268486125	2.32	0.2	0.2	0.2	0.207188668281
30	59	251	3.4006845	1.606426	1.6386855	1.42303925	1.587360125	1.4647245	1.6320455	1.343271625	1.40862125	1.64095525	1.495568875	1.45112825	1.4204085	1.505463625	1.559646	1.438182625	1.535212625	1.387595125	1.556199375	1.6561	1.367914	1.565529	1.631225625	1.337298125	1.314663375	1.450216875	1.492928125	1.386124375	1.548745625	1.149059125	1.559608875	1.370946625	1.402050375	1.56967625	1.571261625	1.513102125	1.414891375	1.463042625	1.520401875	1.291373875	1.362960125	1.63632525	1.660267	1.2351725	1.583591	1.68004725	1.404323625	1.62987625	1.40353975	1.65563675	1.7066015	1.464768625	1.56420325	1.226222875	1.417951	1.142318625	1.63467075	1.451346	1.45253575	1.53292775	1.448660375	1.542496875	1.71373475	1.469157	1.288192875	1.40295775	1.387931625	1.3705035	1.39327925	1.4092275	1.662869375	1.557644375	1.50541025	1.4125615	1.565604	1.30772075	1.539293	1.525419125	1.41146475	1.468392125	1.3989765	1.207361875	1.530712	1.280648625	1.322807625	1.38195325	1.312945	1.3861495	1.288809	1.52295375	1.573784625	1.596751375	1.401637625	1.239333	1.377492	1.08743725	1.58708075	1.41736125	1.673269125	1.543047875	1.425630125	1.473813	1.50779625	1.28890675	1.22570575	1.483327625	1.50570275	1.61513325	1.231578625	1.3473895	1.46829925	1.354883875	1.336750375	1.54789375	1.569401	1.285694625	1.528557125	1.69814975	1.419307625	1.3603795	1.227274	1.596292375	1.40414775	1.467293125	1.54126375	1.570712625	1.152042375	1.414684	1.673258375	1.420529625	1.3477205	1.464126125	1.48733375	1.536058125	1.4376155	1.417058875	1.380790125	1.4522925	1.534503125	1.495577375	1.2596955	1.33072375	1.327356375	1.167059125	1.367297125	1.518042875	1.349515375	1.4379055	1.297127375	1.33747575	1.46739475	1.386843875	1.466685375	1.234705	1.45445225	1.51967975	1.232315875	1.413834375	1.398735375	1.609016125	1.4080145	1.307653875	1.164263875	1.373496625	1.371156125	1.359504625	1.451677875	1.4254835	1.293291625	1.45881475	1.53123675	1.570221	1.373109375	1.554370875	1.3274365	1.16965575	1.4941295	1.407247625	1.547473375	1.1956995	1.569570375	1.58322525	1.50839675	1.507082125	1.3407955	1.616904875	1.35861275	1.611626375	1.667115875	1.545805375	1.357217125	1.486297375	1.242499125	1.165410875	1.537634875	1.470235875	1.505265375	1.533269	1.452921625	1.522621875	1.388946625	1.532883125	1.401839875	1.463777	1.43738975	1.535832125	1.26947775	1.37001975	1.5021825	1.485108375	1.279325875	1.432268625	1.614678875	1.46622425	1.30673675	1.34378775	1.442094125	1.59608925	1.309919375	1.403739625	1.418506125	1.44835275	1.3477115	1.437304625	1.4629735	1.235641	1.630317875	1.572505	1.5328805	1.699970875	1.273383125	1.41141825	1.400729625	1.233548125	1.49715025	1.182947	1.38319175	1.4678715	1.413322875	1.2728595	1.4454095	1.492443125	1.42088575	1.397834125	1.500444	1.457285375	1.620055625	1.45035025	1.44502175	1.364805	1.520960625	1.506	0.022	6.0E-5	2.2E-5	0.173540424813
31	140	251	4.617414	-0.122399726562	0.17476934375	-0.23558546875	0.0857319609375	-0.26984415625	-0.081795578125	-0.150905640625	0.0953971328125	0.0282537558594	0.176757328125	-0.114794125	0.28936609375	-0.20505678125	0.0702418984375	0.15414515625	-0.18633709375	0.35425896875	-0.150338859375	-0.2730660625	-0.26566628125	-0.205911609375	0.0583077460937	-0.26096028125	-0.189441421875	0.252491515625	-0.21455115625	0.250152078125	-0.178951328125	-0.1941498125	-0.15757478125	-0.32222840625	0.0682487734375	-0.249196171875	-0.21736265625	-0.27603784375	-0.21987746875	0.08521025	-0.29090240625	-0.11704378125	-0.1495843125	-0.1900820625	-0.135065953125	0.14117815625	0.35874015625	-0.29616746875	-0.201384578125	-0.30416865625	0.151908625	0.133662921875	-0.050274765625	-0.14877196875	-0.155696234375	0.102692289062	-0.189460515625	0.182590453125	0.257916625	0.15880659375	-0.180130671875	-0.536299375	-0.2369141875	-0.3103655625	-0.144385421875	-0.28974921875	0.16920796875	0.089015859375	0.121717398437	-0.165140234375	0.2969970625	-0.0905379296875	-0.16270346875	-0.434078875	-0.13351540625	-0.12954890625	-0.3584225	0.101350210937	0.145964046875	-0.2865023125	-0.208658828125	0.194476	-0.0670762265625	-0.0387009726562	-0.204269328125	-0.26683296875	-0.141994578125	-0.247026671875	-0.149138890625	0.104410515625	0.23569978125	0.1839905625	0.127606421875	0.094199828125	0.150546	0.219759375	-0.103440992187	-0.2671934375	-0.0879109609375	0.2613478125	-0.194327859375	-0.3327449375	0.0968782109375	-0.15086584375	0.130015023437	-0.0956907109375	0.130863234375	0.15981790625	0.30803378125	0.3003039375	-0.229460296875	-0.249813140625	-0.097911109375	-0.3260963125	-0.22342965625	0.142636875	-0.159093875	0.109170890625	-0.262958375	-0.2407751875	-0.32401496875	-0.32720553125	0.386208625	-0.176349390625	-0.20327371875	0.0514089296875	0.3360476875	-0.1171101875	0.1144336875	-0.27991340625	-0.34351115625	0.20602803125	0.25965659375	-0.147314453125	-0.13997996875	-0.13047134375	-0.20110284375	0.132123625	-0.2321496875	-0.088852796875	0.131641015625	-0.22185475	0.100637570312	-0.13347371875	0.14814359375	0.0458938984375	0.22223425	0.1493571875	0.291217125	-0.25632215625	0.25674828125	0.236400359375	0.053521828125	-0.26530875	-0.0839528203125	0.17545528125	-0.228221578125	0.0915417734375	-0.1968605	0.37784803125	0.219794515625	0.192855640625	-0.0654371601562	0.123076921875	-0.27343953125	0.0198348925781	0.31601396875	-0.32844690625	0.09130121875	-0.132200171875	-0.24703325	0.1360525	0.091017984375	-0.106258484375	-0.237523796875	0.165762640625	0.199747171875	-0.128492054687	-0.110414476562	0.0493512929687	0.14148515625	0.3154965625	0.31218471875	-0.3034316875	-0.24094365625	-0.21400509375	-0.1664945625	-0.1186481875	0.0917233515625	-0.34871671875	0.0872083515625	0.162974265625	-0.251286609375	-0.37328675	-0.164605078125	-0.1437449375	0.1942003125	-0.253583359375	-0.3515844375	-0.25507484375	-0.0492997421875	0.1454301875	0.14470440625	-0.11902453125	0.170159734375	-0.31665578125	0.240239984375	0.20161490625	-0.3327563125	-0.261923703125	-0.118213421875	-0.114902375	0.047218359375	-0.1356510625	-0.0416590976562	0.1725044375	-0.1392290625	0.2102685625	-0.119839023437	-0.070156515625	-0.2756469375	-0.158554265625	0.102988648437	-0.15563	-0.3159169375	0.226793484375	0.23655421875	-0.086819640625	-0.199189203125	-0.15868615625	0.0232978808594	-0.233426375	0.104423796875	-0.215301234375	-0.27459484375	0.2461775625	0.12311728125	-0.248204109375	0.0219300273437	-0.12359484375	-0.3890180625	0.153321578125	-0.2621784375	-0.0521114570312	-0.278499	-0.26504690625	-0.22991978125	0.2171189375	0.23683575	0.140282359375	-0.48737571875	0.17238509375	0.079033421875	4.62	0.1	1.8	0.0	0.209845472792
32	84	251	3.9441175	1.40890775	1.598368	1.604039	1.437299	1.30122725	1.4217845	1.430165625	1.54112125	1.331877625	1.56998275	1.468465375	1.457943625	1.417347375	1.64814675	1.36504975	1.441561625	1.42128825	1.416239	1.44712675	1.525737625	1.507614875	1.153521125	1.5198415	1.4970525	1.5217045	1.404218625	1.431099375	1.546577625	1.156920375	1.355439125	1.3082665	1.493701	1.4706145	1.500299875	1.376982875	1.33876225	1.36790825	1.315816625	1.4170265	1.277402875	1.12476375	1.313017875	1.401001125	1.226663	1.56937675	1.561993	1.168248375	1.304838125	1.124078125	1.306961875	1.19671175	1.146803	1.222727375	1.440140125	1.136286875	1.423823375	1.215141	1.21313175	1.454759625	1.449913125	1.099401125	1.1648575	1.3571465	1.288832625	1.15685975	1.504296	1.102939125	1.227267	1.32375625	1.3655025	1.21664575	1.2755255	1.188322625	1.400133	1.230695125	1.45070575	1.534956375	1.184437375	1.230711	1.1806835	1.330646	0.997898125	1.54763775	1.09764775	1.4455385	1.411888125	1.375938375	1.083075125	1.21367275	1.353695875	1.38749525	1.518118	1.246044375	1.285875875	1.367867	1.222674	1.454976125	1.316591875	1.523891625	1.342831375	1.473081	1.37250775	1.323325125	1.1619215	1.332929125	1.230469625	1.1413775	1.449843625	1.275363125	1.402182875	1.50574225	1.336179875	1.3390205	1.2622795	1.208403875	1.394725	1.245892625	1.31065675	1.0181263125	1.35737175	1.210003375	1.30614575	1.260522	1.327084	1.202491875	1.192948875	1.298722875	1.537311625	1.433507875	1.13554225	1.385116	1.3393735	1.266232375	1.408632625	1.437854	1.28584925	1.26837775	1.161377625	1.461285125	1.48073625	1.52666825	1.128316875	1.09105825	1.214900125	1.188766625	1.317092125	1.255993625	1.34969825	1.513983	1.20956975	1.37627375	1.18960425	1.16897025	1.24259025	1.388279	1.51168225	1.469498	1.36763525	1.183129	1.303961125	1.30253375	1.466384	1.36058775	1.371413125	1.4417395	1.082039375	1.280791375	1.285131875	1.538557375	1.460031625	1.398966	1.38359275	1.225713	1.260975	1.260247375	1.32084825	1.2838555	1.330169	1.485321	1.207002625	1.427465875	1.18403775	1.413454875	1.08773975	1.246518625	1.401766875	1.28555475	1.040945875	1.227505	1.12198	1.2188015	1.33859525	1.29612475	1.12701875	1.23324525	1.226032625	1.225124	1.322866625	1.421834125	1.225553	1.367404	1.173663875	1.025207	1.339563125	1.320417375	1.29725125	1.454195625	1.22516625	1.001345625	1.264956375	1.273258	1.2177605	1.18288375	1.40367725	1.353017375	1.175261125	1.28052475	1.34394525	1.4322575	1.093503875	1.258248375	1.297167	1.300964625	1.200378875	1.313431125	1.348473625	1.452634125	1.280963125	1.405860625	1.340898125	1.39076975	1.300139	1.27907375	1.215975875	1.219694125	1.50140975	1.165092375	1.370727875	1.345858375	1.443772375	1.30747825	1.322782375	1.21914	1.23134825	1.26322475	1.334152875	1.184637875	1.266618375	1.401836	1.327596875	1.426	0.028	1.11E-4	2.8E-5	0.202394278256
33	43	251	2.60286525	1.194606875	1.541898	1.26989475	1.523834875	0.8805161875	0.95620025	1.1931725	1.073351375	1.31918025	0.934129875	1.0699325	1.291350375	1.149056	1.052076	1.105943375	1.326225	1.162432625	1.13558275	1.1340685	1.160007125	1.085853375	1.02134325	1.141136125	1.068978875	1.081741375	1.190799375	0.823460125	1.14863675	0.972946125	1.0085201875	1.2735515	1.167592375	1.267460625	1.051653875	1.066173125	1.23193425	1.10452275	1.151104625	1.23646275	1.183206875	0.895345	1.346642	1.072127	1.200095625	1.28813225	1.207511875	0.905670125	1.081357625	1.174911875	1.060694875	1.32069425	1.212066625	0.923770875	0.972474375	1.1630805	1.07352375	1.014331625	0.9610368125	1.0209189375	1.111816875	0.9009780625	1.091679625	1.0479609375	0.9859025	1.114700375	1.13266675	1.2428365	1.048961875	1.259113875	0.978315625	1.295185	1.07843025	1.098967	1.290289375	0.9043763125	1.28117125	1.0313435	1.0282190625	1.1768585	0.9404123125	1.251940375	0.8102	1.037496375	1.150653625	1.365634625	1.20609025	1.228395	1.009723625	1.1689015	0.7753018125	1.4217325	1.133906125	1.053570375	1.33188175	1.12636225	1.001961625	1.10819025	1.032792375	1.052083875	1.05433625	1.14784175	1.0915635	1.19593025	1.069548625	1.220218375	1.11532325	1.0170591875	0.93424725	1.080156875	1.190344625	1.16571175	1.12519125	1.123888375	1.2321065	1.20138825	1.0378016875	0.96778875	1.162356625	1.065424875	1.25127175	1.134097625	1.118063125	1.04901375	1.0205724375	1.07316475	1.185894375	1.06011175	1.31090725	0.7985216875	1.2796175	1.056543	1.201056625	0.9914191875	0.8785651875	1.091749625	1.09225925	1.11418975	0.938398625	1.198940875	1.10406875	1.125056625	1.0328814375	1.242132375	0.94211575	1.21488675	1.0414389375	1.077314125	1.313975625	1.114152125	0.99502175	1.076022375	1.195473875	1.06723325	1.0358033125	0.9462015	1.054965625	1.02399175	1.0777625	1.064099	0.9593379375	1.13729025	1.14600175	1.1873475	1.12825125	0.9848535	1.161838	1.193817875	1.15397275	0.8815114375	1.153032375	0.9667895625	1.144057875	1.078914125	1.17031925	0.81340575	1.07827075	1.0386173125	0.9477884375	1.174558375	1.129656125	1.04898575	1.15776925	0.9676291875	1.224266875	0.947919375	1.121062125	1.06463075	1.0216399375	1.0329485625	1.077054875	1.053261875	1.171457	1.197232125	1.116802875	1.081808375	1.099887875	0.8430054375	1.032048125	1.20316975	1.072286	1.040412375	0.8296788125	1.274332375	1.057318875	1.06150825	0.9258206875	1.264351625	0.9885678125	1.24638475	1.129311875	1.177222625	1.1382655	1.086130875	1.263017	1.01914425	0.9798043125	1.08001825	1.149099	1.166003875	1.110960875	0.864674625	1.13604925	1.100769375	1.105170625	0.9759098125	1.213528125	1.164798625	1.066184125	1.0221691875	1.130250625	1.04378375	1.198354375	1.066376875	0.976284	1.0403794375	1.247409	1.19750425	1.0468216875	1.3233765	1.09408125	0.8534350625	1.1200365	1.160041625	0.8378955625	0.996168125	0.912317875	1.35036525	1.106482125	0.9839668125	1.219114	1.159	0.019	7.2E-5	2.2E-5	0.15341879312
34	82	251	3.53795325	1.788176625	1.729079125	1.6186785	1.797472875	1.833423375	1.915699625	1.959284	1.472618875	1.68739275	1.756810625	1.71916425	1.76664625	1.764184375	1.69722025	1.650468	1.642887625	2.06014225	1.758790875	1.824400125	2.008835625	1.695711125	1.750907375	1.6356915	1.544427375	1.546789625	1.653009125	1.433782125	1.8924265	1.886174875	1.667602875	1.351134	1.7515915	1.6394955	1.535821875	1.759706	1.832303625	1.580099375	1.776993875	1.642004875	1.584114	1.762790375	1.755042875	1.753993625	1.7155965	1.728923375	1.609661375	1.791216125	1.5763175	1.645887625	1.51546175	1.57140375	1.241331125	1.555806	1.45737375	1.5907865	1.301700375	1.520580625	1.524602	1.491006125	1.674722	1.39621075	1.373015375	1.57214925	1.489669375	1.594944625	1.630831875	1.787919375	1.601620125	1.52867675	1.502685	1.464857625	1.667502125	1.700280375	1.5107485	1.446719875	1.6147425	1.55406725	1.29372325	1.57139975	1.58276025	1.549758625	1.3758735	1.426094375	1.451007	1.491257375	1.61422175	1.6109805	1.494556375	1.577031125	1.296224	1.572590375	1.401382125	1.423532	1.626990875	1.513295625	1.592858	1.478936	1.476789125	1.797547875	1.474800625	1.443077625	1.52981475	1.53114125	1.4169235	1.26001175	1.527376125	1.296495875	1.814952375	1.38397725	1.51944225	1.403234375	1.74549425	1.50563725	1.433005625	1.38945775	1.32212	1.529153125	1.605468625	1.4248835	1.39902175	1.3919135	1.36024925	1.513704125	1.616826625	1.582873375	1.399748	1.42803375	1.250958375	1.709291625	1.393300125	1.55883975	1.454614375	1.689391	1.463794625	1.57426225	1.3547985	1.34051825	1.580387	1.396877125	1.519608	1.354065875	1.680008625	1.468508875	1.51173	1.537805125	1.5371565	1.51212225	1.432252375	1.72088775	1.386589	1.4073925	1.514249375	1.356497125	1.24963375	1.303272125	1.46848775	1.437033875	1.43754875	1.3068135	1.328229125	1.5229	1.44857475	1.544805375	1.476472875	1.421612375	1.3235975	1.48291725	1.246877125	1.3645995	1.586125625	1.652708625	1.42816525	1.4111245	1.65636525	1.245495125	1.53685475	1.2479415	1.414502875	1.540567	1.536014125	1.32968675	1.42149575	1.69828875	1.538109125	1.439974875	1.395036	1.39070275	1.457566375	1.342767625	1.37179475	1.342108	1.22866225	1.465137125	1.227888125	1.46159225	1.3529765	1.431118125	1.40895375	1.337945625	1.366450375	1.448600625	1.252666375	1.41685425	1.439141	1.348994875	1.34840075	1.537583375	1.4507905	1.50036825	1.274744125	1.579984125	1.60358425	1.303644375	1.405368125	1.54158275	1.2975965	1.528936875	1.49877525	1.528561	1.661598875	1.603229125	1.351509125	1.524487375	1.41680625	1.39205475	1.482026375	1.5094585	1.547928625	1.301335125	1.336963375	1.27064075	1.29979225	1.18601975	1.377188875	1.208506375	1.36739425	1.368229125	1.431386625	1.177663375	1.37126225	1.181416125	1.503436625	1.422055125	1.6186575	1.392706625	1.327261375	1.523049125	1.41657	1.529370375	1.270871	1.728	0.026	2.09E-4	2.1E-5	0.173252727697
35	95	251	3.7077705	1.281344125	1.418820375	1.32190225	1.35903275	1.42470225	1.37741825	1.339686125	1.348817375	1.586512	1.359766875	1.36347025	1.4196185	1.099271125	1.300946375	1.596468625	1.263976	1.26278325	1.493345625	1.354496375	1.366641625	1.26281625	1.35326975	1.419877375	1.183653375	1.1314105	1.207000625	1.2881155	1.258597875	1.28196875	1.10486825	1.296413875	1.227330125	1.304872875	1.378284125	1.3705485	1.1179405	1.14734425	1.43473125	1.30838575	1.062138625	1.083780625	1.2870635	1.254021375	1.126610875	0.89842325	1.046716375	1.0962035	1.14543475	1.24878275	1.2555655	1.06640225	1.30739925	1.088905	1.056136125	0.957647125	1.17891275	1.2899925	1.38228825	1.0581295	1.146421625	1.169983125	1.241689875	0.915608375	1.194915	1.177274875	1.108856375	0.9389505	1.20769825	0.86062175	1.1609105	1.085352375	0.9295444375	1.015994	0.95060275	0.9623074375	1.155519625	1.0183865625	1.17492225	1.150924625	1.288545625	1.167657875	1.275442375	0.9241283125	1.151534875	1.06080975	1.2449975	0.960131	1.136247875	1.233281875	1.101959375	1.0091088125	0.955184125	1.12148575	0.932418	1.115002125	1.229795375	1.0870955	1.226855875	1.08757575	0.9205080625	0.9900118125	0.9182651875	0.9686931875	1.052166625	1.249206875	0.9538530625	0.92258775	0.8098626875	0.8188694375	1.001095875	0.970936125	1.09007725	1.0700705	1.104232375	1.0288215	1.011054375	1.0032941875	1.109823375	0.78006325	0.871230125	0.9699594375	1.0948005	1.016048125	0.7764249375	0.65577575	0.981532	1.135136625	1.012354625	0.957831125	0.78063725	1.12252325	1.035365375	1.10924675	1.0471125625	0.8043568125	0.834151	0.725088125	0.77395275	1.104365625	0.95628675	1.103765	1.087858	0.779587	0.7691974375	0.7180438125	0.8567935	0.7955189375	0.8392323125	0.9165325	0.9236519375	0.977725375	0.6597741875	0.8522545625	0.851613375	1.0180336875	0.8502423125	0.9023250625	0.9101180625	0.6054075	0.8495434375	0.7623469375	0.8082349375	0.821015375	0.9421735625	1.03551775	0.9280173125	0.712866375	0.9278835	0.7869115	0.921663875	0.605345375	0.8732895	0.6537206875	0.7959084375	0.9677994375	0.7729115625	0.48694359375	0.6190564375	0.728677375	0.66865375	0.8149178125	0.737403375	0.8453426875	0.93756475	0.7355069375	0.75128175	0.8313334375	0.68805575	0.9566785625	0.6852206875	0.6925256875	0.868575875	0.7116161875	0.5955710625	0.78983875	0.8504501875	0.934874625	0.9363898125	0.5001865625	0.9007708125	0.9464058125	0.695508875	0.8312764375	0.6907335625	1.0420865	0.7966425	0.877265	0.737801625	0.8723715625	0.939456	0.655153	0.707408625	0.624761375	0.6281833125	0.8296973125	0.836671125	0.5471086875	0.7937126875	0.6254939375	0.681447375	0.607965125	0.7139096875	0.826012125	0.7155260625	0.654099375	0.5482413125	0.7809521875	0.69163325	0.6530273125	0.7397758125	0.767918875	0.65156	0.6855574375	0.573417125	0.708835875	0.6228949375	0.773770125	0.630817	0.9624526875	0.6458958125	0.9533136875	0.9129970625	0.7555715	0.7925468125	0.41418721875	0.5596336875	0.70656775	0.8501166875	0.6768731875	0.686088875	1.435	0.031	6.38E-4	3.8E-5	0.19061661129
36	54	251	2.164696	0.9984266875	1.288645125	0.6876465	0.9158659375	0.9159615625	0.889607125	0.9459800625	1.176543125	0.80754725	0.80934675	0.80779225	1.256111	0.984938375	1.028905625	0.8483133125	0.95430225	0.96991875	0.68402775	0.7647360625	0.812706375	0.8250403125	0.8429611875	0.8716374375	0.93281475	0.9505125625	0.9052631875	0.923806375	0.792035625	1.0181555	0.6956411875	0.824998875	0.6965784375	0.617500625	0.7976086875	0.8181228125	0.7640890625	0.77489475	0.8897851875	0.68099625	1.1045325	0.8474316875	0.700926625	0.899173	1.083665625	1.050392125	1.130589875	0.89883375	0.7198838125	0.8313488125	0.747328375	0.71573875	1.0418733125	1.0449245	0.959836125	0.9991021875	1.0273139375	0.5419505	0.6566259375	0.9350870625	0.8111534375	0.8803423125	0.7541243125	0.8325458125	0.664755625	1.1703755	0.7781873125	0.8760016875	0.9361851875	0.8135313125	0.7747540625	0.871070125	0.822261625	0.948908875	1.162690125	0.9054684375	0.787619625	0.6592398125	0.79952475	0.8342329375	0.711671	0.887119875	0.8120868125	1.078515625	0.9611525	1.03657325	0.8257029375	1.0212133125	1.09543075	1.02396475	0.68327	1.025121875	0.889662375	1.058256875	0.6718404375	0.7359431875	0.693177625	0.951312625	0.935864875	0.8888303125	0.7869095625	0.9003269375	0.8116841875	0.9121525625	0.5991871875	0.6874809375	0.948888375	0.5467940625	0.894514375	0.8573806875	0.728292375	0.809501125	0.95537675	0.76926925	0.7964380625	0.826015875	0.853624875	1.053497625	0.8521394375	0.5489379375	1.055738	1.034800875	0.892815125	0.8563335	0.7326015	0.6571375625	1.034719	0.88471875	0.961252125	0.749578375	0.943992125	0.632043125	0.852906125	0.7523094375	0.6299181875	0.859807	0.65080475	0.553437875	0.9438960625	0.905033375	0.6626076875	0.94141875	0.80188025	0.8542569375	0.8148059375	0.809720125	0.839452125	0.724372375	0.8876590625	1.087731125	0.8142591875	0.881597375	0.71324425	0.7631940625	0.901918375	0.7671208125	0.791340875	0.8036950625	0.9573965	0.7955265625	0.911969125	0.7847045625	0.665687	0.766304125	0.9490868125	1.0129480625	0.5807386875	0.777903375	0.88762925	0.8724748125	0.903801125	0.8554823125	0.7738514375	0.8639985	0.772726	0.859706625	0.947296125	0.562434375	0.632220375	0.878276875	0.843656375	0.809496875	0.7992104375	0.6332321875	0.989206625	0.886183375	0.7215301875	0.605416	0.8153895625	1.207473	0.894823875	0.725246125	0.820393125	1.07703575	0.772007	0.90202825	0.9806793125	0.80252575	0.899875	0.7230628125	0.6137075625	1.051201125	0.766262625	0.9056551875	0.7937558125	0.571649625	0.561840375	0.81233025	0.7794084375	0.9585556875	1.0304199375	0.7904093125	0.5570133125	0.9619814375	0.6872098125	0.65736325	0.6819568125	0.96866525	0.6685910625	0.8634555	0.68318025	0.6695245	0.713754375	0.853404125	0.681600125	0.83215575	0.7289305	0.5674	0.758203375	0.72129775	0.7437275	0.640934375	0.8614291875	0.8119210625	0.9349590625	0.6945520625	0.95054575	0.9366015	0.8499578125	0.70823825	0.4884554375	0.910580625	1.00992675	0.9893976875	0.820784625	0.7517364375	1.117549625	0.8982224375	0.819245625	0.735013	0.7177595	0.921	0.022	1.38E-4	3.5E-5	0.159788643704
37	101	251	2.443681	0.9471045625	0.824591875	1.0761565	0.9599564375	1.09279025	0.942058375	0.9832508125	0.9506405	0.863073875	1.286162	0.9176479375	0.809555375	0.968456375	0.761009875	0.9209885	0.9895419375	1.069193	0.9018095	0.841983	0.7784738125	0.949609125	0.7931453125	0.86538375	0.6766385625	0.9943336875	0.8795879375	0.805786875	0.788116	0.920327875	0.77502275	0.75994225	0.8476396875	0.96222275	0.994026875	0.88612175	0.6474988125	0.754997375	0.59991825	0.81146075	0.96437325	0.9176498125	0.9088184375	1.0143951875	0.859974625	0.855855375	1.08060675	1.0285391875	0.943216875	0.7378840625	0.940683625	0.7841939375	1.0279576875	0.6949905625	0.8242161875	0.8352755625	0.832098375	0.885438	0.870551375	0.9275400625	0.920519	0.899262125	0.552994375	0.730266375	0.7869378125	0.710694	0.62583925	0.7644594375	0.7581904375	0.75654575	0.9911901875	0.6836533125	0.826924875	0.9067843125	0.8655305625	0.7314081875	0.8772276875	0.7110868125	0.8998656875	0.7349824375	0.8834319375	0.616734875	0.7924134375	0.9909411875	0.6551171875	0.6368926875	0.49507165625	0.7614806875	0.811963625	1.129458	0.6964696875	0.71243	0.919260625	0.6250096875	0.9430771875	0.75792025	0.8492336875	0.9483808125	0.826537375	0.80408925	0.7955465625	0.993214	0.49767121875	0.8728825	0.653364625	0.612331	0.779996625	0.6600155625	0.7334304375	0.7755891875	0.6735176875	0.75553225	0.6946584375	0.8349984375	0.6025795	0.5850206875	0.8538095625	0.8352208125	0.8968600625	0.7439805625	0.905726375	0.7930781875	0.66464625	0.9671861875	0.888086375	0.6956145	1.164273125	0.6715991875	0.7017669375	0.9317576875	0.8482710625	0.6811921875	0.8064831875	0.7205653125	0.661987625	0.8648265	0.702012	1.0023501875	0.7115284375	0.604062375	0.736160375	0.761762125	0.79769925	0.811643375	0.728332625	0.8981393125	0.8415449375	0.652468375	0.8340139375	0.8515754375	0.76439475	0.674703125	0.7554403125	0.6072831875	0.8042490625	0.671002875	0.5360524375	0.74233475	0.48268	0.9125590625	0.6071033125	0.696971	0.7726035	0.7225609375	0.8406749375	0.8155224375	0.61454475	0.6974876875	0.723688125	0.5407791875	0.754838125	0.52479925	0.464562625	0.47324715625	0.5648313125	0.850725875	0.6700659375	0.88052675	0.8504669375	0.606849375	0.5650791875	0.834982625	0.6652891875	0.6885355	0.9116474375	0.50393590625	0.83246225	0.615685875	0.8604789375	0.7894955625	0.6974915	0.5373953125	0.8440476875	0.634472125	0.76966725	0.770445875	0.7652123125	0.667404125	0.709773	0.7855094375	0.7488346875	0.6068564375	0.80723825	0.87670475	0.812338875	0.5558790625	0.6574350625	0.6945315625	0.6227668125	0.84840825	0.583442375	0.626331125	0.6761108125	0.7382141875	0.8895474375	0.6482395625	0.6252200625	0.710650375	0.8190206875	0.4849370625	0.6380661875	0.576396375	0.7329036875	0.47762675	0.7341383125	0.660698375	0.6200790625	0.49809478125	0.668469125	0.7948720625	0.42782453125	0.556969375	0.746353	0.4592875	0.8034904375	0.7502615625	0.8625935625	0.5665425625	0.73790475	0.530936625	0.4867279375	0.477542	0.35636921875	0.43158378125	0.55184775	0.59293575	0.614556875	0.558685875	0.598468875	0.5757338125	0.6819550625	0.957	0.023	3.57E-4	3.6E-5	0.155972043984
38	67	251	2.691626	-0.167398328125	-0.2148815	-0.17539065625	0.28912578125	-0.3322090625	0.082201765625	-0.262009296875	-0.1518344375	0.136018453125	0.129322140625	0.261980640625	-0.187600546875	0.14603996875	-0.14683196875	0.2588895	-0.234059203125	-0.24322890625	0.26136128125	0.28016865625	0.28647246875	-0.14424909375	0.30349075	0.4818135625	-0.0459504140625	0.29689403125	0.35268503125	0.2095145	0.22571921875	0.296994875	0.27355325	0.18475478125	0.11446678125	0.246442953125	-0.099020546875	0.2247605625	0.23255396875	0.31303225	0.26731734375	0.30932178125	-0.214720875	-0.073522078125	0.30515940625	0.27794428125	0.4435075	-0.2104771875	0.2445875	0.5656139375	0.35676109375	-0.152424109375	0.34670740625	0.26444128125	0.3642645625	0.31818203125	0.31249275	0.247535796875	0.365344	-0.11950575	0.136311	0.34509346875	-0.21776771875	-0.230793171875	0.220533625	-0.085439515625	-0.18837615625	0.3425143125	0.50355040625	0.27026321875	0.3028488125	-0.221615203125	-0.164818484375	-0.0817916953125	0.210286890625	0.31687134375	0.33121875	0.42403590625	0.239757203125	0.4265068125	0.179791	0.282066125	-0.2013740625	0.35730328125	0.30722796875	0.224407171875	0.18189925	0.07190640625	0.19315996875	0.214594484375	0.21989640625	-0.209071140625	0.13707590625	-0.22096190625	0.233163515625	0.2645715	0.21174903125	-0.26473628125	0.282227875	0.3022504375	0.2557044375	0.327346875	0.244475171875	-0.234881921875	0.174573171875	0.0795934375	0.351155125	0.294818	0.189954984375	-0.0812777578125	0.226093421875	0.32719275	0.33745346875	-0.27958709375	0.251851875	-0.190247515625	0.15868828125	-0.34152078125	0.25955596875	0.32798975	-0.098530734375	0.47568890625	0.29705990625	0.239079765625	0.4263433125	0.100980132812	0.32359015625	0.242781	0.3047935625	0.2531283125	0.33031165625	0.301782125	0.2517498125	0.235563765625	0.178770640625	0.708179125	-0.30413	0.32142659375	-0.36889671875	-0.114251382812	0.4257825625	0.33286921875	0.2209979375	-0.30185171875	0.333454	0.302320625	-0.141755046875	0.40593975	0.2832583125	0.250133125	-0.11128090625	0.27003296875	0.37155753125	0.21675128125	-0.1543369375	-0.081747890625	-0.22774571875	-0.212073921875	0.14455575	0.1012226875	-0.111873734375	0.35528465625	0.15476596875	0.352703375	0.24106334375	0.17416378125	0.19694615625	0.223061609375	0.16325934375	-0.203066265625	0.213626859375	0.26242546875	-0.133909875	0.3046433125	0.2779260625	0.2680759375	0.327950625	0.3142448125	-0.21842196875	0.29173421875	0.240655796875	-0.139977109375	0.390605625	0.3635870625	-0.152999984375	-0.2623528125	0.2873925	0.100260984375	0.19143371875	0.15810509375	0.214610234375	0.166965828125	0.187577390625	-0.0879133515625	0.27217234375	0.1994915	0.27247628125	0.202375375	0.0686770234375	0.140821765625	-0.178551953125	0.164543296875	-0.12544715625	-0.079803953125	0.149847359375	-0.0431422382812	-0.115912960937	-0.2261955625	-0.252311546875	0.19572778125	0.137036609375	0.214421859375	0.3002954375	0.213266296875	0.235167859375	-0.196587875	0.31516003125	0.3619055625	0.201113890625	-0.0906327109375	0.27683	0.25846159375	-0.0777371484375	0.30903603125	0.214091	0.41267028125	0.349541125	0.12253128125	-0.100874070312	0.1310779375	-0.229776203125	-0.2511825625	0.250092828125	0.3150786875	0.21376190625	0.249481546875	-0.1781441875	0.17550421875	0.4266846875	0.14671065625	0.1808115625	0.165116984375	0.2550485	0.0510329453125	0.3228301875	0.50161171875	-0.218310640625	-0.27438634375	0.14205725	0.25957478125	-0.156710890625	-0.226010296875	0.36415153125	0.184	0.039	3.6E-4	3.3E-4	0.271519019611
39	155	251	6.8420045	2.297896	2.070382875	1.8024375	2.015281375	1.8970565	1.572464	1.821486	1.404577875	1.479060625	1.426672375	1.295816125	1.222995875	1.131472375	1.042469125	1.05106475	1.138630875	0.858825125	0.953592	0.8362144375	0.8472368125	0.925221125	0.74985575	0.8649733125	0.8039910625	0.662467875	0.494971625	0.30825778125	0.5033734375	0.6313206875	0.5087871875	0.35361721875	0.223452375	0.47897475	0.563021	0.513465625	0.40512596875	0.4007990625	0.4035656875	0.19579975	0.472250625	0.427878375	0.3682774375	0.368628125	0.515915875	0.193268953125	0.46202896875	0.3452850625	0.214719640625	0.230569875	0.45314740625	0.47943215625	0.38430709375	0.25886590625	0.1766229375	0.173696125	0.6020734375	0.162873859375	0.125149132812	0.38639659375	0.27476653125	0.32571859375	0.3316775	0.4611786875	0.2547145625	0.259734109375	-0.10332209375	0.28032084375	0.2671505	-0.0413197304687	0.21156959375	0.30248021875	0.153390921875	0.152534578125	0.3651620625	0.34329075	0.1570375625	0.23898090625	0.2173545625	-0.141910390625	0.33054315625	0.255231453125	0.236221484375	-0.305424	0.3088008125	-0.0944009296875	0.371405375	0.191106765625	0.196277	0.164826921875	0.22243778125	0.26902421875	0.134838421875	0.3252596875	0.28238846875	0.177573140625	0.30317846875	0.1450595	0.399027625	0.6472494375	0.344371625	0.136350296875	-0.180807078125	-0.106231921875	-0.083699078125	0.3515449375	0.15902696875	0.3130169375	0.28732628125	-0.0739151875	0.219250234375	0.184190484375	-0.18564525	0.18677221875	0.3679061875	-0.08956453125	-0.18442821875	0.235459625	0.114091890625	0.4145999375	0.2916779375	0.35020978125	0.1803118125	0.31091075	-0.112186921875	0.3233508125	0.154851125	-0.116040585937	-0.2099325625	0.159793078125	0.4544884375	0.21769040625	0.29819975	0.36597328125	0.107256109375	0.25740696875	0.071741671875	0.30903271875	0.35596575	-0.106958421875	-0.080074296875	0.2229849375	0.19434025	0.33170196875	0.3634853125	0.15568403125	0.196306171875	0.2274851875	0.22007696875	0.38076240625	0.25504096875	0.30397396875	-0.150541203125	0.31820434375	0.27953715625	-0.08782034375	0.15805715625	0.255875265625	0.089018484375	0.1879078125	0.2960039375	0.142379015625	0.29930584375	0.156793625	0.42722003125	0.205862	0.0989898203125	0.26726203125	0.33412825	-0.0767561953125	0.26679190625	0.152075328125	0.227567109375	0.207999203125	0.27505965625	0.2375694375	0.2925678125	0.220331984375	0.35436215625	0.1483778125	0.28435575	0.41027353125	0.105782296875	0.3402899375	0.250939921875	0.30343375	0.096212953125	0.30553109375	0.23070875	0.2706936875	0.203078359375	-0.192944421875	0.3045741875	0.3628245	-0.22892128125	0.4411695625	-0.0861347265625	0.14022596875	-0.1659915	0.153305984375	0.28827959375	-0.175549984375	0.153198953125	0.2901621875	-0.090922828125	0.17019440625	0.5212319375	0.320910625	0.32501384375	0.0757131953125	-0.178109375	0.461286375	0.228936328125	0.2694996875	0.27700853125	-0.119217421875	0.35570403125	0.22912740625	0.26445275	0.133544453125	0.31109484375	0.226314921875	-0.170912953125	0.20857696875	0.2847081875	0.2712534375	0.13592646875	0.31742134375	0.127497851562	-0.13974084375	0.2922525625	0.16877703125	0.3253095625	0.28778334375	-0.0752617890625	0.2838120625	-0.1106573125	0.14172446875	-0.0659898125	0.32167678125	0.352884125	0.23292371875	0.24212159375	0.182669078125	0.23649778125	0.260834375	0.27573184375	0.121848203125	0.1590770625	0.18555746875	0.127946265625	4.26	0.23	0.0174	0.0011	0.322604263828
40	141	251	2.637488	0.179720046875	0.29254996875	0.1828908125	-0.12315415625	0.042720078125	0.1500168125	-0.150884984375	0.265168125	-0.172551140625	-0.104836820312	0.09160259375	0.122596695312	-0.138567625	0.100874867187	0.136495296875	-0.32658084375	-0.225144203125	0.09382425	-0.205613484375	-0.214080859375	0.134647703125	-0.09601184375	0.156226640625	-0.190569015625	-0.207262296875	0.177351078125	-0.0367911640625	-0.20062253125	0.25364325	0.104039734375	0.29823153125	0.2425610625	0.124915640625	0.08133825	-0.112559398437	-0.095971234375	-0.18386796875	-0.14388021875	-0.1644829375	-0.29862775	-0.28302146875	0.084904375	-0.23821234375	-0.07752103125	-0.167444546875	-0.151812296875	-0.186328328125	-0.518421	-0.0966835546875	0.1226654375	-0.184968078125	-0.0592115625	-0.08724490625	0.143544625	0.237677734375	0.33943725	0.17538503125	0.156814375	0.211531859375	-0.116512164062	0.073372125	-0.175180375	-0.3846411875	0.238229765625	-0.09765140625	-0.225543140625	-0.18555175	-0.190236296875	0.16755209375	-0.256760640625	-0.115115875	-0.1803966875	-0.11906640625	0.152171375	-0.15121578125	-0.145028	-0.27987509375	0.154939015625	0.10449075	0.0264650117187	-0.114204507812	0.209036296875	0.141909921875	0.34145053125	-0.355022625	-0.27101546875	0.114447546875	0.123989125	-0.27814728125	-0.14371446875	-0.161423171875	-0.21524340625	0.205232703125	0.14473409375	-0.224319125	-0.166742578125	0.25433621875	-0.24450934375	0.105396140625	-0.31969621875	-0.2682030625	0.185282390625	-0.0647776953125	-0.12776584375	0.18043896875	-0.340222875	-0.13561159375	0.149333390625	0.30258215625	-0.190000296875	-0.115698039062	0.2210406875	0.220881328125	0.09298771875	-0.17359859375	-0.191756671875	0.119002609375	-0.1598375	-0.143974625	-0.146556875	-0.1543394375	0.0818555	0.210946703125	0.199844734375	-0.185755765625	-0.13141765625	-0.1755561875	0.1524636875	0.225738171875	0.24516525	0.108757914062	-0.38406853125	0.35248446875	-0.0976985703125	-0.3791255625	-0.1650640625	-0.183262703125	0.23645596875	0.4426270625	-0.147393953125	-0.12497690625	-0.127366960937	-0.20480609375	-0.150112359375	-0.113427789062	-0.0895674921875	0.082067609375	0.16156034375	-0.14434709375	0.204469921875	-0.37222859375	-0.117759078125	-0.13885965625	-0.17706390625	0.177746984375	-0.15612271875	-0.2922273125	-0.329803625	-0.15970196875	0.103813726562	-0.21610734375	-0.17077828125	-0.2022093125	0.07457109375	-0.211486921875	-0.234597859375	0.069922359375	-0.2183936875	-0.20677046875	-0.17299665625	0.18544184375	-0.1431869375	-0.173370546875	-0.13731296875	0.11102421875	0.2020115	0.14373640625	-0.0524247890625	-0.172467515625	-0.0905239609375	-0.189697765625	-0.2562946875	-0.19635678125	-0.0871494296875	-0.17023109375	-0.44346634375	0.155268734375	0.30453421875	-0.26269475	-0.14108884375	0.143475140625	-0.17860503125	-0.29503096875	0.13777428125	0.0736593671875	-0.19752896875	-0.124848390625	0.116842320312	-0.116988546875	-0.135577984375	0.0977164453125	-0.225477953125	-0.1199905625	0.20254715625	-0.36248978125	-0.27126659375	0.039677640625	0.179529578125	0.20808278125	-0.35063525	-0.180047875	0.13057665625	0.2805523125	-0.23674921875	-0.1975535625	-0.162310640625	-0.0618192382812	0.099802765625	0.171413625	-0.123318109375	0.182837578125	0.0942509140625	0.17467625	-0.34339071875	-0.215524578125	-0.105011195312	0.130646445312	-0.167155390625	-0.2676018125	-0.13292028125	-0.142917765625	-0.239700984375	0.218542265625	-0.35206546875	0.221926484375	0.119607921875	-0.0851443359375	-0.076386765625	0.25339475	-0.173359265625	-0.229093	0.313520375	0.081139234375	-0.22634853125	0.10383284375	0.100907609375	-0.36527615625	0.083255953125	-0.12859878125	-0.28442775	2.63	0.19	0.146	0.037	0.197390535108
41	130	251	4.9406	1.909534875	1.81809525	1.515528	1.608829875	1.339951125	1.55588275	1.438244	1.325884	1.229482125	1.16851575	1.21948725	1.19290225	1.279406	1.156670375	1.18614975	1.32037975	1.32119025	1.26165475	1.455941875	1.28741	1.30751725	1.134932875	1.54489275	1.39730175	1.230993625	1.266857125	1.28500375	1.578548375	1.230953125	1.134085125	1.343699875	1.345196625	1.295761125	1.523681875	1.438449875	1.139374375	1.212648125	1.30510975	1.267029875	1.479728375	1.205279125	1.4283315	1.324359625	1.411773125	1.38198575	1.393688375	1.29256625	1.150638375	1.3281505	1.249308625	1.505477375	1.378146875	1.182	1.273677875	1.194810875	1.31836625	1.152329	1.21111	1.3178525	1.3780775	1.116925	1.373327125	1.166592375	1.58514175	1.470001375	1.141243875	1.137192625	1.142293	1.2203645	1.288141125	1.20529475	1.419253875	1.1915835	1.31707225	1.31160875	1.2552945	1.31064025	1.076613625	1.228843875	1.447192875	1.295519375	1.304497875	1.21651775	1.41093125	1.285058375	1.4765655	1.18639375	0.93909175	1.24498425	1.057264625	1.38466975	1.35017825	1.278267625	1.512076875	1.4104275	1.299915875	1.072037875	1.2456335	1.116713875	1.13246275	1.44663275	1.44671225	1.48615925	1.230473625	1.20939075	1.23686175	1.26494125	1.304378875	1.335302	1.2203565	1.1293605	1.319724	1.162805375	1.308375	1.157088625	1.491846625	1.23938125	1.020415875	1.169081375	1.314733	1.233938375	1.25678825	1.3893285	1.326346625	1.1688855	1.0675955	1.410517	1.245341	1.1667835	1.327332375	1.37505075	1.36614575	1.233286375	1.191291375	1.123961	1.25517275	1.5308765	1.126879375	1.161949625	1.1410595	1.43523325	1.233152	1.29752525	1.221940625	1.338113125	1.534417	1.550507875	1.4638805	1.23757725	1.458948375	1.17547075	1.226375125	1.56297625	1.21773825	1.198703375	1.477233375	1.4220365	1.194892125	1.409872125	1.262239125	1.24741775	1.0433153125	1.356700375	1.381969375	1.297310375	1.423672125	1.32788375	1.059250875	1.25038175	1.35530625	1.144761125	1.205329625	1.23145725	1.341428625	1.127411625	1.44140075	0.92425	1.11029075	1.248349625	1.520765625	1.186776625	1.1316505	1.114199	1.232351	1.313127125	1.158571125	1.24570725	1.310775125	1.162011375	1.293337	1.498168	1.070712625	1.195632875	1.510953	1.484953875	1.260465375	1.463267	1.230179	1.073646125	1.137872625	1.46077825	1.07863	1.347492	0.9799515	1.166859375	1.334840875	1.367698625	1.372847875	1.375647875	1.133776625	1.2723255	1.126061625	1.324768625	1.094949	1.342868	1.1768795	1.210352375	1.415143375	1.41416375	0.913764875	1.300614	1.2087875	1.33489025	1.32042925	1.3749645	1.277433875	1.344423	1.01062325	1.366157625	1.3725475	1.33346525	1.424234625	1.2396315	1.0310540625	1.25038875	1.233227	1.4067375	1.207930375	1.4386535	1.511791875	1.36089625	1.198114	1.26554775	1.169147625	1.284326875	1.32217325	1.22870675	1.259361875	1.7044735	1.3664995	1.388	0.035	9.9E-5	3.6E-5	0.267404821655
42	142	251	5.065589	1.0091668125	1.0452940625	0.829788375	0.9231320625	1.048949875	0.7875264375	0.932509	0.949098875	0.71341775	0.8428931875	0.8228748125	0.9008615625	0.6278234375	0.6378059375	0.6152945625	0.6489209375	0.8614674375	0.8695293125	0.4169204375	0.740901125	0.8015013125	0.6705308125	0.6420071875	0.536419375	0.6126279375	0.605632625	0.7293910625	0.8217165625	0.7380809375	0.8647729375	0.6734748125	0.6831978125	0.4989820625	0.576984125	0.614574	0.7224044375	0.37723325	0.6635665625	0.6585200625	0.3862666875	0.46860834375	0.49099646875	0.688896125	0.44196453125	0.603914875	0.42141771875	0.6407981875	0.45774409375	0.709305375	0.8554909375	0.54753725	0.653952875	0.4666806875	0.7187666875	0.5408136875	0.62747775	0.47156703125	0.4079790625	0.27345140625	0.2787061875	0.45857103125	0.2819344375	0.47302271875	0.3859375625	0.39103090625	0.38589165625	0.3552440625	0.261226796875	0.153853734375	0.366893125	0.136030796875	0.4126363125	0.2830370625	0.411619375	0.605338625	0.47569175	0.26156971875	0.30177421875	0.344793125	0.35840921875	0.200367109375	0.40905265625	-0.0627625742187	0.390436375	0.4157954375	0.4015340625	0.44764853125	0.5477418125	0.42170859375	0.374162375	0.3524406875	0.239996078125	0.27785121875	0.37961546875	-0.043257046875	0.5158145	0.3794700625	0.33442346875	0.236887375	0.251811234375	0.26979021875	0.1719510625	0.3481988125	0.36733875	0.25311971875	0.3445065625	0.3304075625	0.557985625	0.548793	0.271556375	0.36811653125	0.361305875	0.0949676875	0.30889465625	0.3779398125	0.40884321875	0.3662190625	0.287121875	0.34203940625	0.38275709375	0.2264195	0.40811015625	0.31359265625	0.48847803125	0.139973203125	0.1581516875	0.174406609375	0.38446215625	0.210214484375	0.206276453125	0.196807765625	0.140912	0.156421	0.143933203125	0.418635125	0.13480325	0.229773859375	-0.293331375	0.277635375	0.160594	0.39199040625	-0.0686157890625	0.3603685625	0.2104723125	0.238335609375	0.245001765625	0.19355059375	0.366086375	-0.29603996875	0.13640315625	0.274239375	0.203535140625	-0.239726390625	0.079282703125	0.0788493671875	-0.0954518515625	0.141246015625	0.4155601875	0.2890295	0.2061940625	0.25850903125	0.27643259375	-0.1993965	0.151317484375	-0.1298830625	0.358200375	0.16439621875	0.190812234375	0.52008253125	0.170813015625	-0.203829453125	-0.42253953125	-0.16554834375	0.439737375	0.148139765625	0.177515640625	0.27185334375	0.224021078125	0.2260649375	0.31927209375	0.0792301328125	0.204112	0.0613228398437	-0.119696585937	0.23171340625	-0.4020025	0.40414646875	-0.149160109375	-0.29053840625	0.38605946875	0.222028109375	0.14314921875	-0.187810171875	0.246732109375	0.278508875	0.1362240625	0.185587953125	-0.125900695312	0.39828959375	0.2965921875	0.0776987890625	0.165775140625	0.27646634375	0.168642765625	0.172288359375	0.07134240625	-0.0928781328125	-0.255653546875	0.1448526875	0.21414865625	0.184788734375	-0.170668421875	0.297731625	-0.189248484375	0.128964203125	0.28044575	0.2882565625	-0.112624039062	-0.2423898125	-0.1709494375	0.22265925	0.228478953125	0.18288753125	-0.0330845507812	0.2856589375	-0.0448666445312	-0.3099756875	-0.240505796875	0.25936575	0.26807628125	0.227852484375	0.276280375	-0.0279493007812	-0.0621543125	-0.23173128125	-0.42706334375	-0.128743789062	-0.34501078125	0.0802293671875	-0.2009796875	-0.23870425	0.259348234375	0.167429359375	-0.2056156875	-0.36181228125	0.14483859375	0.143658515625	0.118690796875	0.133173953125	0.246535546875	1.2	0.08	0.003	2.8E-4	0.307940357003
43	144	251	2.9095355	1.55706225	1.68496475	1.165517	1.428965375	1.463762875	1.433203	1.502728875	1.31862875	1.452274125	1.5426885	1.235844375	1.393954375	1.533418125	1.489835625	1.390994125	1.264865625	1.448131	1.471001	1.559131875	1.320547375	1.4556945	1.2349635	1.54223325	1.57661575	1.241032375	1.63240575	1.3738075	1.306925125	1.411797875	1.386111875	1.43977725	1.296637875	1.364531875	1.20196875	1.13898675	1.1108785	1.20654825	1.4277045	1.337520125	1.330824	1.410605875	1.324659375	1.291100125	1.129399875	1.251236125	1.328869875	1.16168425	1.297682125	1.20943175	1.232736875	1.078035625	1.319713125	1.38432325	1.100885875	1.196301875	1.392976125	1.347167125	1.167889625	1.3140285	1.286047125	1.2131415	1.179981375	1.359405875	1.339272875	1.231637875	1.420730625	1.268511125	1.32231425	0.986196375	1.0435863125	1.293210125	1.18574975	1.1367895	1.220755125	1.30524025	1.07820925	1.226487125	1.178054125	1.22407225	1.230434	1.16087825	1.17041925	1.2782275	1.185092625	1.085675375	1.230096625	1.2639295	1.422288	1.352126	1.266099875	1.321030875	1.12775975	1.1149215	1.157868875	1.312136625	1.057716875	1.214923875	1.465991125	1.254493	1.154019	1.239087875	1.487168125	1.29790075	1.10475375	1.284747375	1.272435625	1.114693375	0.935568625	1.206790875	1.257624	1.0656	1.157619875	1.292537	1.1415765	1.07894975	1.064617	0.863948	1.126983875	1.249726125	1.4975015	1.323740375	1.1011295	1.35367675	1.1281465	1.277654875	1.21125425	1.166222125	1.34402225	1.37536975	1.228986	1.297555	1.082483375	1.036334625	1.285025875	1.214602375	0.9561916875	1.095327875	1.18619075	1.40188075	1.372203875	1.19479725	1.224076875	1.332794	1.09679375	1.166584625	1.468507625	1.101984	1.0786575	1.4037575	1.172031625	1.399085875	1.142975125	1.154190125	1.161059	1.25791575	1.236227875	1.0086014375	1.379823125	1.29185175	1.167773625	1.088356375	1.335297	1.15637725	1.341526375	1.085218125	1.1574245	1.1702905	1.47729575	1.1485245	1.1887805	1.42507325	1.125405625	1.32515225	1.20574875	1.138846875	1.0841265	1.064788125	1.113672875	1.194869125	1.451826625	1.23554425	1.298583875	1.069777	1.14945875	1.258443125	1.37507625	0.999222	1.0275174375	1.254104875	1.241457625	1.471505125	1.189133	1.207955	1.18448475	1.206388875	1.320547625	1.33600775	1.162150625	1.1882	1.201765	1.16259725	1.071537	1.094470875	1.362079625	1.333460375	1.079611125	0.9967334375	1.219727125	1.30555525	1.17558675	1.19507275	1.1939815	1.16793575	1.381828875	1.33991475	1.326781	1.21265025	1.329848375	1.1562395	1.21909675	1.075528	1.30898075	1.340279625	1.0164889375	0.9976991875	1.2299795	1.50258175	1.0475581875	1.395936375	1.199491	1.07404775	1.160362	1.068073875	1.49858	1.315271625	1.214571375	1.34409325	1.158863125	1.26239025	1.107206125	1.356757625	1.25538925	0.990182	1.071706125	1.076316875	1.286660125	1.1395905	1.142686625	1.09981925	1.22756325	1.367	0.021	1.39E-4	2.3E-5	0.162858304846
44	47	251	6.2149935	0.7480815	0.9536860625	1.001671375	0.83749525	1.051589625	1.36896625	0.985195625	0.8610166875	1.109024375	0.940844875	0.951555125	1.07469075	1.013971625	1.09608075	1.0338985	0.89813425	1.029341625	0.87244675	0.926831	0.7875948125	0.735033	0.994841875	1.0233294375	1.12815425	0.704817375	1.03365275	0.9670551875	1.0067745	0.986552625	0.8412184375	0.6555483125	0.899012125	1.0220415625	0.7868794375	0.558608625	0.807169375	0.938874375	0.9703738125	0.9764715	0.8837128125	1.0099725625	1.041394375	0.833986875	1.145485	0.749616625	1.14038275	0.88011675	0.97284175	0.864184625	0.965943875	0.755048375	0.96405125	1.059781	0.8380998125	0.878191625	0.8625076875	0.9877355	1.0042275	0.928584875	1.007940125	0.8040685625	0.9277748125	1.03195125	1.156547125	1.02675125	0.9386941875	0.698893375	0.9253555625	0.9952140625	0.859340625	0.8943650625	0.901843125	1.0020250625	0.955164375	0.99888825	1.008523	0.9893805	0.7987614375	1.0222310625	0.9867539375	0.94680475	0.954340875	0.8281366875	0.8869176875	0.89106725	0.9084694375	0.5887023125	1.0231251875	1.10073975	0.8380163125	1.010974375	0.9490446875	0.6553701875	0.931423125	0.6013943125	0.9016890625	0.90050775	0.8905495625	0.931552625	0.9192325	0.8473851875	0.9282879375	0.81678075	0.8090259375	0.8308465625	0.7971485625	0.9273564375	0.77109475	1.029776375	1.0990125	0.92955475	0.94262425	0.9357563125	0.8749239375	0.794057125	0.8419913125	0.8749730625	0.9827390625	0.8791591875	0.955241875	1.344381	1.053454125	0.793019375	0.8831591875	0.9359386875	0.9669170625	0.6593373125	0.889679	0.851724625	0.8353041875	0.911710375	0.91820425	1.132942375	0.889287625	0.7335584375	0.8796785625	0.7151218125	0.9463025625	0.673716	0.7620083125	0.862508625	0.9847159375	0.8612418125	0.931725375	1.0482364375	1.07334675	1.0641705	0.9107883125	0.838519125	0.8099660625	1.097396	0.915644375	0.7479701875	0.5554615625	0.840524125	0.912847	0.957237375	1.134182625	1.01447675	1.143829875	0.8186434375	0.94771675	0.83044875	0.73940725	1.05058725	0.7918316875	1.1678625	1.070062375	0.99032	1.01236375	0.8468293125	0.9552926875	0.826058875	0.9655875	1.0150815625	1.072853375	0.755519	0.7224381875	0.9101035625	0.932260875	0.9403536875	0.9289625	0.874284	1.06803325	0.8210145	1.0163781875	0.979853375	0.73589725	0.714909125	0.8672851875	1.176452375	0.945361	0.9863713125	0.8457786875	0.861236375	0.901474625	0.9002488125	0.8288183125	0.981887625	0.8114688125	0.971303	0.9101016875	0.9751991875	0.9051380625	0.9694230625	0.9416841875	0.8426945	0.908988625	0.7043744375	1.0015825625	1.079233375	0.84925075	0.959751125	0.6162486875	0.68657525	0.950828	0.87004825	0.921659625	0.8163709375	1.0415370625	1.033630875	0.9702500625	0.9959145625	0.7350248125	0.82289225	0.7046581875	0.942541125	0.938611125	1.034875125	0.9770140625	0.8933296875	1.094293	0.806670625	0.763006375	0.7167129375	0.8881583125	1.08656725	0.6790413125	0.871770625	0.9271435625	1.010053375	0.9216430625	0.876600625	0.9517533125	0.8737543125	0.803249125	0.771917375	1.16510125	0.849777	0.72252825	1.035	0.049	1.6E-4	7.0E-5	0.352901645762
45	128	251	2.5798295	0.7881098125	1.153322125	0.8572491875	1.22247825	1.132478	1.0059609375	1.164698375	1.31929975	1.17847725	1.153346875	1.1694905	1.1271325	1.401816625	1.09220975	1.272826	1.297217	1.461253375	0.8984528125	1.255392375	1.09412225	1.288536375	1.173986375	0.9673028125	1.1196475	1.262880875	1.20773225	1.0169950625	1.198007	1.192100125	1.23173625	1.117313	1.380391625	1.426195375	1.271094875	1.178884	0.9726753125	0.953936875	1.381022125	1.16683	1.370053375	1.155936875	1.242294	1.354032875	1.356960625	1.40131025	1.46839875	1.20506325	1.2608765	1.161205625	1.165109625	0.9799175	1.27773075	0.9543190625	1.130507625	1.367765625	1.17003075	1.201492125	1.269	1.4032595	1.341634375	0.953872375	1.139598125	1.398916125	1.257473375	1.34571675	1.08202575	1.4119825	1.129050875	1.2589915	1.172361375	0.90718725	1.152964375	1.2652245	1.0484334375	1.257557875	1.380545	1.074133875	1.25188125	1.234046	1.28575025	1.380466625	1.355302	1.386971125	1.192001125	1.189140875	1.16862525	1.519265125	1.115281625	1.13611425	1.3036965	1.17077375	1.30275425	1.2311725	1.3294365	1.056584375	1.158076	1.355512	1.28689225	1.205214625	1.2958895	1.228214875	1.227373625	1.37585125	1.27480625	1.365917125	1.1283945	1.291866625	1.26315	1.176119125	1.5950065	1.214863	1.22199425	1.153993125	1.331154875	1.36878125	1.393105	1.448165	1.100989875	1.277014875	1.213399375	1.229118125	1.2069535	1.468280875	1.120745375	1.03627775	1.271314375	1.0149155	1.4178435	1.253605625	1.432055	1.26457125	1.304116875	1.037364625	1.376783	1.311175125	1.200864875	1.504299375	1.111405625	1.4283705	1.278057875	1.349163	1.309476625	1.497292125	1.123883875	1.082243875	1.412917375	1.1758725	1.201446875	1.066102625	1.080683625	1.386337	1.385495875	1.4225025	1.279496625	1.150582625	1.260687375	1.500270625	1.1676975	1.451552	1.187846	1.279948875	1.28496025	1.023136875	1.377886875	1.1608425	1.073651625	1.232353	1.304651875	1.38362175	1.15985225	1.254215875	1.306064	1.308831375	1.275852875	1.2064375	1.17216725	1.10439775	1.188320125	1.247750125	1.3013885	1.144007625	1.25487425	1.038067375	1.434188625	1.195584625	1.232654875	1.235937	1.120446875	1.26786025	1.097314625	1.45661675	1.0251385	1.284011875	1.417643	1.28739875	1.30017325	1.108422875	1.24494475	1.197366	1.454627625	1.42218875	1.471488875	1.27582975	1.136144	1.23661875	1.240986375	1.30664375	1.0873725	1.23157775	1.14428175	1.2701685	0.995193375	1.13302075	1.21397875	1.265373125	1.24040075	1.383922125	1.088803625	1.513265	1.2004035	1.501352	1.336981375	1.26567625	1.2764685	1.184621375	1.32430175	1.17246625	1.239410375	1.204912875	1.099959625	1.321855375	1.32644475	1.62186875	1.185822125	1.401198	1.301746625	1.235935125	1.314347125	1.058662	1.1927065	1.10995125	1.332273875	1.302512125	1.103436375	1.390547625	1.315927375	1.3475085	1.383542125	1.155673125	1.307854	1.218	0.019	-3.5E-5	2.3E-5	0.158431401392
46	150	251	2.9626485	1.62066625	1.382296	1.3648285	1.43405675	1.601178	1.393459625	1.4398015	1.712747625	1.258860125	1.374326625	1.521073375	1.451705	1.26068775	1.41191675	1.46369725	1.53878225	1.53047625	1.471495125	1.45080075	1.2232855	1.531005125	1.501040375	1.367223625	1.356478125	1.361180125	1.544888	1.465639125	1.505141125	1.525707375	1.45494125	1.45382075	1.339628875	1.45932525	1.5483575	1.611883625	1.470356375	1.145313875	1.388415875	1.4783565	1.726765375	1.455268375	1.558833375	1.368618625	1.506904375	1.26268025	1.4961595	1.564901875	1.43959425	1.29713275	1.49429675	1.494205625	1.3326085	1.523068	1.48840525	1.4878425	1.40772925	1.498052	1.603029875	1.48777825	1.574415375	1.536677	1.354728625	1.648317125	1.377311375	1.573392	1.497001	1.361933625	1.572486625	1.289675625	1.544432625	1.637045625	1.453748875	1.545276125	1.607675	1.532644125	1.5385845	1.6537075	1.535776375	1.52838175	1.347019875	1.477674125	1.740983125	1.554335125	1.532109	1.49631825	1.80169775	1.599515375	1.583637	1.36109975	1.66321475	1.1827905	1.63797325	1.433309125	1.498238125	1.572925375	1.700233375	1.308865	1.4930165	1.49882225	1.492923875	1.34108025	1.293224875	1.29010225	1.42477975	1.630703125	1.368525875	1.399952125	1.383501	1.566194875	1.664922625	1.50296625	1.2990185	1.488127125	1.616379875	1.482388	1.487655875	1.5847295	1.35673875	1.521019125	1.510471375	1.506840875	1.76430325	1.30769225	1.500297875	1.462776375	1.526559875	1.369846125	1.7185105	1.477335125	1.51249075	1.48701125	1.59042125	1.343070625	1.476767875	1.4627715	1.482713125	1.6112435	1.305559125	1.435297625	1.165211	1.38990325	1.477978875	1.451139375	1.301103	1.51962475	1.479555875	1.475583875	1.618707375	1.353158625	1.5763495	1.337365125	1.275267625	1.58898625	1.537792875	1.531098375	1.4868335	1.618400875	1.528308125	1.627735	1.604580875	1.579594625	1.587298375	1.409489875	1.643018125	1.297924875	1.372233125	1.338637125	1.667319625	1.298031375	1.50103725	1.5706785	1.5668385	1.4599385	1.324454	1.582362	1.454558875	1.253656375	1.418599875	1.2743015	1.42017925	1.692272875	1.49878975	1.7618685	1.31955825	1.347545375	1.331886125	1.583872875	1.661772625	1.4566575	1.46266525	1.669057625	1.666588	1.22846725	1.49711325	1.62987725	1.672677625	1.462966375	1.287725875	1.52543625	1.533281875	1.52209575	1.479315875	1.515283375	1.4680075	1.553509	1.529677875	1.515838375	1.495638625	1.63110325	1.37099675	1.708385125	1.43031675	1.5498055	1.165597	1.549025875	1.451845875	1.59034625	1.386001375	1.565615875	1.528858125	1.589284875	1.375380125	1.454438625	1.497497625	1.76510325	1.386804625	1.71844675	1.50691675	1.591698125	1.66878975	1.462434	1.511380375	1.36932675	1.69130175	1.37980225	1.285807	1.498669125	1.670222875	1.4079015	1.479673875	1.585694625	1.489974125	1.354355375	1.455835625	1.52863825	1.3441985	1.5738635	1.700481375	1.59566075	1.570642625	1.486	0.018	-6.0E-6	1.8E-5	0.154656119816
47	57	251	2.707015	1.0395965625	1.26084925	1.017932375	1.05211175	1.170438625	1.218552125	1.176399875	1.049924125	0.931086875	0.988302	0.960204625	1.072370375	1.316588	1.1641895	1.104602	1.215895875	1.191699	1.21940475	0.9482933125	1.192866875	1.152201375	0.957591	0.997755375	1.238059625	1.0056480625	1.095827875	0.9717014375	0.9902756875	0.770110875	0.945367	1.004792	0.8968056875	0.9385784375	1.03555875	0.9983884375	0.972105125	0.9583106875	1.11350225	0.9084545	0.8923600625	0.8213225625	0.9811621875	0.746642625	1.13884	1.091196625	1.07549975	1.14005275	0.9655289375	1.31350775	0.73611925	1.14460475	1.119971125	0.800374875	1.274329125	1.0195374375	0.900936875	1.098615125	1.0014420625	1.0421475625	0.9454196875	0.8846629375	1.1724155	1.1623635	0.970568	1.103426875	1.017376125	0.9501295	0.9425241875	0.659594625	1.008506125	1.0294480625	0.962241	0.95249925	0.9902183125	1.132408	1.102851875	0.968154	0.8863975625	0.99795575	1.085760625	0.95591175	0.9600238125	0.9679585	1.115694875	0.79883775	1.10423325	1.333980375	1.044607375	0.7556610625	0.9360715	0.9474278125	1.122483875	1.0394286875	0.6982470625	1.178616	1.0974825	1.046657875	1.12665075	0.778590875	1.02787325	0.94535925	1.010581	1.285011125	1.08883125	1.163113625	1.180059	1.221010875	1.18794275	0.80845275	1.0764355	1.301841125	0.9067489375	0.916161875	1.06451875	1.227737125	1.10314325	0.9302281875	1.0939115	1.143892875	1.151795125	0.9200363125	0.9790628125	1.061540125	0.878434375	0.848892	0.9208013125	0.7724695	0.9824825625	0.9183280625	1.205050625	1.18818675	0.976214	0.831127875	1.0455290625	1.0560705	1.070877375	0.832186625	1.051986875	1.05523625	1.0465524375	1.053008	1.042010625	0.83685675	1.088887	1.257705625	0.8986425	1.16665475	1.02771675	1.201323875	1.0231204375	1.0397294375	0.868940875	0.9654775625	1.11058175	1.089511875	0.9673339375	0.987860375	0.735691375	0.813368625	1.126646375	0.9450936875	0.784507	1.181238625	1.128203875	1.041842875	1.060035	1.101589125	1.117275375	1.297868625	0.691540625	1.17671475	0.794116125	0.9429745	1.08519675	1.0143995625	1.00558875	1.0331366875	1.00659225	1.149531625	0.965101375	1.2035095	0.9971269375	1.16973325	1.0287146875	1.140924625	1.078720125	1.17460825	1.006747375	0.8581783125	0.95957175	0.9153923125	0.99381675	0.9702333125	0.976810875	1.002633375	1.05605	1.199706	1.230548875	1.17748625	1.12266125	1.0277350625	1.066307375	1.1193405	1.0195195	1.072915375	1.158485125	1.092075625	0.936653125	1.0961895	0.815168	1.16595075	0.9836930625	1.052745	1.0261746875	1.12998975	1.01534675	1.06690775	0.7957608125	1.09026825	1.137448875	0.791007125	1.163725625	1.11416825	1.06193325	0.892132	1.042995	0.905115625	0.83119525	1.2112985	0.852390625	1.02435775	0.85343125	1.1954025	0.8172473125	1.232763	1.184161625	0.9825695625	1.00285025	0.9348281875	1.0203656875	0.861315375	0.87897875	1.0557545	1.069991875	1.13584125	0.9541965	0.9774743125	0.9580833125	0.945337875	1.0116365625	1.068	0.019	5.0E-5	2.4E-5	0.166810047182
48	13	251	3.6843655	-0.140080015625	-0.114094484375	0.163850203125	0.252849375	0.150812875	0.177511796875	-0.16955715625	0.20112678125	-0.0469801640625	-0.168674953125	-0.20929421875	0.1593400625	0.32968659375	0.0732857578125	0.2704766875	0.0906754453125	0.15862915625	0.0877521640625	0.170298640625	0.229285078125	-0.26272303125	0.219128671875	-0.0524304648437	0.10709915625	-0.13365225	0.0801636953125	0.243351484375	0.267261	-0.209420578125	-0.0472516445312	0.26341815625	-0.129912101562	-0.243586625	0.261715765625	-0.140758703125	-0.0795809609375	0.083355828125	0.34320540625	0.243305328125	-0.157325796875	-0.09957321875	0.18342340625	0.36755178125	0.229624328125	0.129411726562	-0.180078484375	0.26347678125	0.22381015625	0.23340771875	-0.14572290625	0.266562875	0.34609778125	-0.18376971875	0.1977313125	0.216386140625	-0.174136078125	0.223145875	0.139959828125	0.18493134375	0.179777484375	-0.241130828125	-0.2701780625	0.143032703125	-0.3135700625	-0.135333515625	0.182578890625	0.185051890625	-0.151125546875	0.111709429687	0.189021375	-0.1262413125	0.334810125	-0.14555384375	0.0674662578125	0.18522534375	-0.19549215625	0.117108390625	0.179906359375	-0.14921340625	-0.108183296875	-0.16585178125	-0.1623005625	-0.176477390625	0.28803946875	-0.138502765625	-0.2460810625	-0.23374065625	-0.23403971875	0.130982109375	0.1904173125	-0.125133953125	0.165667296875	-0.3011739375	0.167288140625	0.1597873125	-0.18231409375	0.296725375	-0.313606625	-0.0330982226562	0.174471640625	0.12488271875	0.127265796875	-0.201072734375	0.4480898125	0.249365890625	0.0656774765625	0.18671634375	-0.117608851562	0.0620176796875	0.3054735	0.28016603125	-0.147557125	0.29222034375	0.1698226875	0.2143778125	0.26472621875	0.1943276875	-0.25375340625	0.27556321875	-0.09811709375	-0.185770703125	-0.179765	-0.106662054687	-0.143563359375	-0.09849725	0.249624421875	0.195928359375	0.148121234375	-0.23132521875	0.19975675	0.234151390625	0.185700609375	0.30466359375	0.40702290625	0.17151690625	0.252543140625	0.10663909375	0.251357140625	0.28105309375	-0.304867	0.132608	-0.27986115625	0.17847478125	0.185690734375	-0.27346425	-0.09851484375	-0.22545834375	0.07004103125	-0.192343890625	0.121053664062	-0.18390046875	0.18760603125	0.34410253125	0.173469171875	0.30994303125	-0.227047828125	0.1579773125	-0.2039528125	-0.132230609375	-0.121464296875	0.37972825	0.158047078125	0.133932171875	0.22806428125	0.169825875	0.13293703125	-0.202280546875	0.222947984375	-0.186874859375	0.2672226875	-0.21229225	0.3169659375	0.45677909375	0.198279546875	0.170300546875	-0.18885340625	0.2910681875	-0.1603739375	-0.212948796875	0.231128890625	0.1468246875	0.218924703125	0.44707784375	-0.165771453125	0.228597296875	-0.27184796875	-0.09089821875	0.238727234375	-0.2761164375	-0.16736478125	-0.13827765625	0.20107825	0.168038625	0.25826921875	0.126411070312	-0.32732353125	-0.220274375	0.201228109375	0.151774625	-0.128494484375	0.2303754375	-0.168574359375	0.17393725	-0.211472328125	-0.0953486875	-0.15945959375	-0.213572203125	0.124416210937	0.159422765625	0.39658853125	-0.22114715625	0.2071608125	0.31160825	0.272949875	-0.176698546875	0.1467235	-0.266645625	-0.177572875	-0.2120158125	0.183216265625	0.230220984375	-0.24545375	0.26536653125	-0.28966990625	0.151420859375	0.153806984375	0.216429328125	0.2605616875	-0.2140859375	0.3022311875	-0.21370459375	0.1483781875	-0.2576484375	0.1772925	0.27609328125	0.34512946875	-0.176652625	-0.09611875	-0.3298941875	0.143642265625	-0.137191421875	0.191036546875	0.39194534375	-0.14726159375	-0.3013340625	0.217989515625	-0.1672109375	0.332649375	-0.082581125	0.20850065625	3.68	0.17	1.6	14832.9	0.214250430187
49	118	251	4.428206	0.21673540625	0.31046990625	0.27490784375	0.310248	0.2740701875	0.3070650625	0.402387125	0.124786570312	-0.175831640625	0.4539308125	0.127349195312	0.243577671875	0.18501925	0.32953559375	0.179747921875	-0.121287890625	0.17383415625	0.2181961875	-0.1405791875	0.5394314375	0.2766358125	-0.158620734375	0.34817134375	0.1731475	-0.308015125	0.3740244375	0.3406929375	0.237624109375	0.2916009375	-0.05385865625	0.13428709375	0.18171978125	0.129414492187	0.3685425625	0.1568295625	-0.39853225	0.32015446875	0.42361759375	-0.30117871875	-0.241053484375	-0.19974646875	-0.117303359375	-0.0969618828125	-0.137867296875	0.34855371875	0.295117625	0.31766471875	0.304960875	-0.0847138046875	0.40607946875	0.219722203125	0.37541428125	0.31888134375	0.30441534375	0.31921240625	0.27006365625	-0.19286046875	-0.26747284375	-0.212300375	0.3281311875	0.235792859375	-0.107215515625	0.16164825	0.0818225625	0.16583834375	-0.0544167539062	0.193473671875	0.256629234375	0.2553505	0.199150984375	0.33434075	-0.32187025	0.26035740625	0.33395003125	-0.3540365	0.28176509375	-0.170072515625	-0.252591609375	0.20553040625	-0.232759796875	0.194632125	0.1676154375	-0.18711559375	-0.0753607578125	0.36221890625	0.196002421875	0.32546409375	-0.060732578125	-0.26109753125	0.295850625	0.39826178125	-0.244389890625	-0.2439666875	0.28710040625	0.31777571875	0.33671334375	-0.188093203125	-0.117852671875	0.257410375	0.245849078125	0.32632946875	-0.0776281015625	-0.1697091875	0.3028615625	0.147611140625	-0.14906153125	-0.0973804375	0.27681346875	0.26504809375	0.32114934375	-0.29571678125	-0.175824984375	0.160890859375	0.28369803125	0.166145625	0.228268375	0.28705715625	-0.29141525	0.374503625	0.28289325	0.246981359375	0.30283878125	-0.1515796875	0.442404875	0.38647415625	0.14628146875	0.3045861875	0.245098578125	0.2678379375	-0.19806478125	0.2691883125	-0.11345765625	0.3696921875	0.27449928125	-0.0594135078125	-0.26117490625	0.29505321875	-0.190535015625	-0.160166578125	0.36335815625	0.30685096875	-0.314853875	0.37644790625	0.216214984375	0.110141390625	0.112868570312	0.34450525	0.202954390625	0.50440459375	0.289041625	-0.17060003125	-0.108915617187	0.29531925	-0.22484003125	0.14725109375	0.49373490625	0.2912775625	0.241308078125	0.229773296875	-0.17978415625	0.2499055625	0.169036515625	0.29727775	0.40529553125	0.321397125	0.3654599375	-0.103530734375	0.47570415625	-0.170670203125	0.22331346875	0.30266140625	-0.112426484375	-0.1530689375	-0.126189375	0.29752275	0.2187244375	0.232786078125	0.263197375	0.159185046875	-0.0623440390625	-0.302269	0.200380078125	0.292518625	0.522119125	0.21047346875	0.29213515625	0.231701875	0.241973921875	0.3867511875	0.2348329375	0.2172680625	-0.236891328125	-0.217324125	0.188521546875	0.170881984375	0.42650090625	0.257687171875	-0.11447640625	0.2236215	0.28077790625	0.07047103125	-0.141625125	0.33446178125	0.20645153125	-0.2141241875	0.49121653125	0.35405803125	0.206460171875	0.47218584375	0.434698875	0.22170115625	-0.073451359375	0.3042128125	0.373592125	0.4744091875	0.2260300625	0.148962828125	0.2988171875	0.27532971875	0.25088653125	0.25748034375	0.30063671875	0.224259671875	-0.130375539062	0.2498521875	0.17521671875	-0.128345882812	-0.31714121875	-0.178958	0.15381109375	0.207388953125	0.21785359375	0.38527759375	-0.150281859375	-0.1731424375	-0.1916674375	0.438351	0.27192296875	-0.3096979375	-0.115292835937	-0.21231065625	-0.0595983359375	0.140526234375	0.38528903125	0.51208628125	-0.26157225	0.13362128125	0.353513375	-0.113504375	-0.1480971875	4.42	0.23	0.151	0.032	0.265957950323
50	19	251	2.007456625	0.112571796875	0.22526578125	0.256635546875	0.223458546875	0.27322565625	0.428057125	0.4274259375	0.22545653125	0.087276109375	0.2829075	-0.21346740625	0.3235963125	0.250628015625	0.12187803125	0.129868070312	0.32973278125	0.190758515625	0.124036046875	0.17578634375	0.3399763125	-0.17044603125	0.18205425	0.35108684375	0.23250665625	0.34628053125	0.307573125	0.43373265625	0.2758836875	0.2009816875	0.29181053125	0.16793071875	0.34395428125	0.3030104375	0.289313125	0.30715334375	0.43575078125	0.2065359375	-0.154356578125	0.256656484375	0.1773160625	-0.13166584375	0.152022640625	0.37230665625	0.36083334375	0.0608420078125	0.2424714375	0.366115	0.248454140625	0.3474531875	0.24918896875	0.148366078125	0.29838828125	0.4064130625	-0.16355834375	0.27525046875	0.316596875	0.387328	0.147693671875	0.113352703125	0.38207134375	0.44721925	0.236079	0.209082828125	0.35744596875	0.084383765625	0.13948378125	0.362889625	0.132943328125	0.2011253125	0.42429071875	0.288086375	0.214477375	0.224197265625	0.45971365625	0.1522968125	-0.07391121875	0.30916534375	0.273161375	0.29825759375	0.17727721875	-0.124277132812	0.257760671875	0.14185759375	0.14209671875	0.3038039375	0.374982625	0.23705709375	0.1992290625	0.52329959375	0.33744953125	0.232530140625	0.217793140625	0.29845634375	0.3407300625	0.37763009375	0.14965140625	0.16551753125	0.3335779375	0.102339046875	0.25815290625	0.27363496875	-0.146931375	0.21491778125	0.248569421875	0.1725743125	0.2675200625	0.15348828125	0.21453509375	0.1743943125	-0.1303021875	0.22273346875	0.19456103125	0.258888875	0.219502234375	0.22096753125	0.0518804453125	-0.241576515625	0.24631940625	0.29027825	0.38180071875	-0.22615740625	0.133762375	0.252219375	0.26667009375	0.097045484375	0.21072834375	0.29284378125	0.5302999375	-0.2070160625	0.33071465625	0.243144734375	0.216361984375	0.3009766875	0.18451196875	0.36851671875	0.42434453125	0.35260290625	-0.0955731328125	0.19272290625	0.42499525	0.2211266875	0.25253196875	0.104305320312	0.15362940625	0.20359353125	0.31867425	0.11048146875	-0.194562953125	0.24506884375	0.24963275	-0.154873875	0.36630178125	0.41557521875	0.32314578125	0.44676675	-0.0472242695312	0.19996709375	0.186831046875	-0.177036125	0.255182515625	0.24131725	0.199999140625	0.17075709375	0.254704609375	0.25228125	-0.114259367187	0.23408546875	0.24298875	0.223863765625	-0.083983046875	0.30590053125	0.22112790625	0.198878125	0.1917008125	0.224994640625	0.162240578125	0.14459359375	0.24993928125	0.40956984375	0.13068884375	-0.0765438671875	-0.1313260625	0.3150390625	0.22086315625	0.166921625	-0.0835691328125	0.129657054687	0.32596446875	0.47081375	0.170465796875	-0.1149075625	0.28023896875	-0.1610323125	0.219902171875	0.10261190625	-0.0761495	0.37657971875	0.260453765625	0.152753484375	0.31796909375	0.163512953125	0.37197040625	0.297715625	0.30378896875	-0.1719055625	-0.166961984375	0.26232734375	-0.20626253125	0.334461125	-0.113513125	0.255641609375	0.47056484375	0.236077375	0.150390796875	0.370439	0.176976375	0.20648890625	0.38406678125	0.29055703125	0.119111945312	-0.158375109375	0.182182125	0.2665563125	0.24211353125	0.28036778125	0.20899746875	0.18230934375	0.14132221875	0.13775753125	0.27436596875	0.4408018125	0.20189659375	0.21683453125	-0.211032	0.190761578125	0.142553671875	-0.3369890625	0.14527828125	0.24049315625	-0.124654070312	-0.251150578125	-0.144158578125	0.2105106875	0.256838109375	0.28049934375	0.332816375	0.160336328125	-0.198061609375	0.242352265625	0.3778858125	0.291	0.03	6.1E-4	1.7E-4	0.199550269716
51	44	251	1.918406	1.15178925	0.8502595	0.890668375	0.854208625	0.7156015625	0.971802625	0.9558494375	0.7947609375	0.5963893125	0.553674625	0.883423125	0.84591725	0.7765701875	0.8833886875	0.8599555	1.100767375	1.0023583125	0.58254925	0.71096375	0.7348695	0.9192731875	0.7853755	0.737676375	0.9629594375	0.809118375	0.7656839375	0.89545025	0.7422114375	0.7371534375	1.0177895	0.8506735	0.8145739375	1.033377375	0.9018388125	0.7131544375	0.9051961875	0.7448048125	0.9811019375	0.981931875	0.916524375	0.917842875	0.7970375	0.636278875	0.8852899375	0.7327135625	0.973028	0.9867829375	0.80980775	0.836113625	1.068343	0.8879139375	0.8504274375	0.777231125	0.8131671875	0.802403	0.9425490625	0.7369779375	0.8645159375	0.6952745625	0.522871625	0.996148625	0.526966	0.790089	0.779380875	0.7046279375	0.81185625	0.8371881875	0.7498346875	0.9084408125	0.76807175	0.827927	0.672839375	0.9164073125	0.8552525625	0.8243793125	0.8731553125	0.9246110625	0.6755686875	0.7339106875	1.0269046875	0.8172745625	1.028057	0.8901143125	0.8154115	0.869446875	0.862059125	1.0760555	0.8682451875	0.6318325625	1.005802875	0.7108405625	0.7185364375	0.83509025	0.747697125	0.791408375	0.7129290625	0.83890925	0.706196375	0.683823125	0.6776870625	0.995358	1.0452734375	0.7102190625	0.686184625	0.847670625	0.8120950625	0.9892405625	0.7663395625	0.8970530625	0.670867	0.9156635	0.92026675	0.716702875	0.8594473125	0.970498125	0.9428368125	0.76328075	0.970783875	0.8377800625	1.042975875	0.9240579375	0.7632464375	0.8296523125	0.691412875	0.81871075	0.8403486875	0.868154125	0.8743144375	0.8697325	0.6574085625	0.72954425	0.75398325	0.783568625	0.901102875	0.7370594375	1.0269378125	0.80511725	0.74739775	0.727944125	0.859739875	1.048435875	0.822150625	0.7828645	0.7901096875	0.69811925	0.80630625	0.982042625	0.687528	0.763182625	0.650235125	0.7657981875	0.816794375	0.74601475	0.876649	0.785202125	0.7921675	0.6914625625	0.7149756875	0.82829575	0.880487125	0.636093125	0.7519475	0.7409415	0.606283625	0.7687448125	1.059914625	0.7275305	1.07243625	1.027289375	0.7782078125	0.5803374375	0.9102279375	0.820785125	0.6739988125	1.113893375	0.9178458125	0.742795375	0.7212455	0.7446339375	0.7684548125	0.9294624375	0.7782154375	0.9185293125	0.872444375	0.7994911875	0.7389888125	0.669801625	0.6924973125	0.8098215625	0.7660116875	0.8564599375	0.673993125	0.7355623125	0.74725075	0.92930275	0.88233975	0.746508375	0.8643391875	0.6393581875	0.8385981875	0.803438375	0.933480375	0.650015375	0.55888825	0.6886855625	0.7410414375	0.6111025625	0.7863748125	1.042601	0.9019451875	0.7047824375	0.774086	0.586411125	0.7428605	0.7611349375	0.5664231875	0.6743524375	0.98212925	0.64230025	0.638841375	0.7000936875	0.68295925	0.8617736875	0.801861	0.69856425	0.930016375	0.8185131875	0.859428	0.8680874375	0.8652765625	0.941627125	0.7358936875	0.96823975	0.788712125	0.9908996875	0.6984189375	0.6883255	0.5260315	0.7137296875	0.7670601875	0.7180554375	0.8654499375	0.8385270625	0.9356408125	0.866962125	0.8658063125	0.6563378125	0.7401593125	0.7796724375	0.531059125	0.873	0.018	1.08E-4	2.8E-5	0.137498236858
52	138	251	3.11819425	0.9553509375	0.576954125	0.4754300625	0.65603025	0.49886040625	0.5462595625	0.5824840625	0.49942303125	0.8774760625	0.5778630625	0.480365625	0.7656336875	0.6378426875	0.5848015	0.5353666875	0.6583825625	0.51726925	0.7342193125	0.759914125	0.703402	0.6164705625	0.7134366875	0.54286375	0.4254145	0.687663	0.591536875	0.64032375	0.601761375	0.500411	0.75102875	0.7692095	0.654343125	0.8135755625	0.6585735	0.9559043125	0.773403	0.6343024375	0.660477625	0.9533295	0.7240328125	0.692822125	0.36225196875	0.684691625	0.7307164375	0.719636	0.54268325	0.6104601875	0.7554160625	-0.30912378125	0.8322590625	0.6199733125	0.48987459375	0.7754505	0.5086261875	0.7497590625	0.8744264375	0.42554896875	0.703962	0.6397265625	0.612215625	0.5748464375	0.609985	0.5923816875	0.6937364375	0.6857335625	0.6529961875	0.5065793125	0.5880500625	0.68878125	0.6532005	0.75475375	0.62002225	0.542618875	0.7264069375	0.759958625	0.3903404375	0.540262125	0.5814425	0.5244215	0.6209723125	0.5539276875	0.723546125	0.782040125	0.691255875	0.70254675	0.48425990625	0.5336816875	0.5858243125	0.70850725	0.38164684375	0.56279275	-0.27308890625	0.66805525	0.6569260625	0.738454	0.7125294375	0.419169125	0.6661655	0.6568215	0.5763305625	0.6265624375	0.6437305625	0.6239853125	0.52263775	0.5882654375	0.4636525625	0.41333428125	0.4571895	0.6090970625	0.5665765	0.6310925625	0.7017655	0.54444575	0.56736625	0.7292691875	0.6991311875	0.6404949375	0.5427154375	0.659765125	0.4700694375	0.5472721875	0.654062	0.51278115625	0.5749296875	0.7482378125	0.50860009375	0.7321359375	0.6104876875	0.47186440625	0.6257310625	0.733340625	0.795216875	0.5506169375	0.482105625	0.66619275	-0.237624609375	0.552352	0.5908135	0.6507203125	0.8884169375	0.5539208125	0.49377465625	0.6272810625	0.44628821875	0.5716170625	0.4104428125	0.3519236875	0.4365919375	0.5847589375	0.5792708125	0.5788388125	0.648907125	0.6157423125	0.673322625	0.45304121875	0.4440183125	0.3629160625	0.42507490625	0.65158725	0.7536949375	-0.163818421875	0.611535375	0.5580615625	0.478627375	-0.14829878125	0.6701061875	0.43484975	0.6603483125	0.701972625	0.618987875	0.5694285	0.5459750625	0.7006228125	0.680995625	0.5960890625	-0.2314965625	0.4132401875	0.816239875	0.46136028125	0.6123440625	0.60478225	0.52525	0.5944755	0.5973924375	0.47371703125	0.51957215625	0.47581975	0.48769690625	0.5857278125	0.596402125	0.6994729375	0.4792241875	0.4008728125	0.3166300625	0.3234013125	0.42554678125	0.636273875	-0.133846359375	0.46312090625	0.4653335	0.43526115625	0.22860709375	0.50092078125	0.455967625	0.6141125625	0.5814536875	0.233923453125	0.238356640625	0.43518046875	0.5732666875	0.4608354375	0.39990828125	0.47761409375	0.537122625	0.566148375	0.636465375	0.438028875	0.499002125	0.49066265625	0.50106375	-0.235753109375	0.4798061875	0.47344753125	-0.2455645	0.48886853125	0.79830875	0.5783693125	0.500300125	0.44013971875	0.6388849375	0.5921538125	0.6547598125	0.6657801875	0.746719375	0.39659990625	0.5566754375	0.47662215625	0.34070440625	0.51507809375	0.423905875	0.6846689375	0.4737146875	0.39450540625	0.44224828125	-0.194155484375	0.500392625	0.608680875	0.3055125	0.553204875	0.4424689375	0.731	0.037	4.3E-4	8.0E-5	0.242868335526
53	30	251	4.339758	0.847638875	0.554416625	0.9896475625	0.6217883125	-0.23810915625	0.5404051875	0.8916406875	0.7386705625	1.119776	0.88576075	0.734591125	0.7857193125	0.83071175	0.68374375	0.95664725	0.6771865625	0.7379221875	0.6220233125	0.68558575	-0.188121859375	0.629015125	0.835220375	-0.25186828125	0.7120315	0.7327479375	0.8171275	-0.118422304687	0.8815483125	1.0415071875	0.862291625	0.8781539375	0.7639839375	0.5495046875	0.73410525	0.9015813125	-0.3189546875	0.47521834375	0.72452075	0.7964366875	-0.1100678125	0.9208666875	0.398451	0.6768339375	0.648670125	-0.253201828125	0.5886314375	0.648037375	0.569823375	0.635850125	0.69689925	0.6695864375	-0.110101265625	0.7458563125	0.84706475	0.4933839375	0.538695875	-0.16510290625	0.8000038125	0.6817425625	0.707336875	0.4593449375	-0.161459328125	0.6847733125	0.47594715625	-0.254397046875	0.5023214375	0.4593365	0.6398576875	0.50751240625	0.7102725	0.6491091875	0.5406000625	0.434914875	-0.1931916875	0.50903553125	0.775081	0.7152843125	0.7002976875	0.5656179375	0.783944625	0.5585154375	0.615460625	0.597806875	0.50041959375	0.533596875	0.6612004375	0.67616975	0.653155125	0.6003163125	0.5450339375	-0.289229125	0.38867371875	0.37434825	0.509542	0.62688725	0.6604540625	0.5956005625	0.498517875	0.293110375	0.5980450625	-0.3011855625	-0.131148296875	0.63393925	0.51619678125	0.9056440625	0.6862036875	0.8189779375	0.573508125	0.6589985625	-0.28406840625	-0.2707144375	0.42158490625	0.672653	-0.253784203125	0.656379375	0.52185071875	0.6558616875	0.390759	0.58346525	0.5972758125	-0.36044415625	0.604586125	0.7044204375	-0.257380296875	0.6292924375	0.7689953125	0.688745625	0.6686433125	0.5558704375	0.73381675	0.5907173125	0.4199644375	0.5548073125	0.6690313125	0.7045311875	-0.251169546875	0.6639491875	0.6177415625	0.4575804375	0.5202356875	0.61026375	0.7252998125	-0.30228040625	0.4762334375	0.849308125	-0.3295135	0.623144125	0.451497625	0.5995713125	0.630874375	0.68630275	-0.33798975	0.45151853125	0.4155351875	0.44660309375	0.6999379375	-0.1645084375	-0.2722160625	0.8093664375	0.56537575	0.5424019375	-0.152031953125	-0.12187059375	0.627675625	0.790289	-0.280483	0.650130375	0.4418831875	0.342514125	-0.214667578125	0.571972875	0.5353694375	0.5366323125	-0.32174221875	0.48175096875	0.7356664375	-0.256056421875	0.4937169375	0.448474	0.404218125	-0.187778765625	0.5205295	0.4358310625	0.703422625	-0.1087376875	-0.22294446875	0.54281	0.428724	0.5641475	-0.2013318125	-0.32322590625	0.607171875	-0.36035978125	-0.24821896875	-0.3045430625	0.4735979375	-0.184694390625	0.5495104375	0.564471125	-0.228855375	-0.22333259375	0.5239495	0.6646554375	0.550119	-0.308431625	0.6485265	-0.30827709375	0.68261525	0.4351020625	0.7885174375	0.8151120625	-0.19693925	0.5983173125	-0.261334484375	0.671774	0.62220725	-0.27698259375	0.47293290625	0.636838375	-0.1459184375	0.5933944375	0.447217625	0.6669083125	-0.2859181875	-0.25434790625	-0.32113296875	0.5414663125	0.719329125	0.5659786875	0.48059121875	0.3632503125	0.5590965	-0.18863621875	0.5527999375	0.41310303125	0.5549941875	0.514028625	-0.1819205	0.51751209375	0.5734540625	-0.21182715625	-0.165307625	-0.216943921875	0.45591984375	0.880147625	0.5050784375	0.656435875	0.5864664375	0.5738121875	-0.242559421875	0.78	0.08	0.00102	2.0E-4	0.430424873844
54	75	251	2.92484125	1.582445375	1.531564875	1.488528375	1.328879625	1.391159	1.6083295	1.3496825	1.2598575	1.38584525	1.57417825	1.386270125	1.489881375	1.3745055	1.483992375	1.418971625	1.437316625	1.365689875	1.42255175	1.398195125	1.542932125	1.317215125	1.540192625	1.62130625	1.28222475	1.2984495	1.657987	1.386989875	1.504768875	1.415696625	1.4336565	1.361372125	1.311215875	1.251063625	1.35238425	1.145409	1.35303625	1.450841	1.61516125	1.345236125	1.2100475	1.350157875	1.255235625	1.43688575	1.602438	1.169262125	1.219069875	1.336541875	1.09142825	1.339188125	1.145013875	1.4541915	1.627918875	1.373158	1.28394525	1.2758915	1.278267	1.309193875	1.327126125	1.417392	1.29554275	1.296862	1.30421025	1.23875675	1.2213255	1.487548	1.359047375	1.172357625	1.50125	1.24037425	1.376109375	1.58302425	1.391533375	1.19624425	1.334922	1.533047375	1.1098425	1.37455275	1.593481875	1.455817375	1.317819375	1.358625125	1.361275125	1.132443	1.39778675	1.29277375	1.28145775	1.325009625	1.386041	1.300035625	1.293378375	1.017905625	1.27783625	1.35814775	1.299067125	1.341789875	1.372612625	1.35100725	1.332593	1.39383725	1.2278025	1.351494875	1.355252875	1.213502125	1.2818335	1.355656375	1.280204	1.35950375	1.457456875	1.343537625	1.58213075	1.297813875	1.257808	1.3921885	1.276810125	1.297482	1.29993775	1.231464	1.403223125	1.341213625	1.6874545	1.55113975	1.18769225	1.353452125	1.08378275	1.332626875	1.456301125	1.398515625	1.3386395	0.995184375	1.444921	1.35632225	1.100527625	1.326469375	1.46957175	1.299632625	1.26165725	1.415213125	1.357213375	1.498272375	1.3376005	1.13498225	1.3473955	1.282011375	1.41186	1.12409975	1.440794125	1.18421875	1.297544	1.17748575	1.33939625	1.3929545	1.35263225	1.32108475	1.2327985	1.496043625	1.5218885	1.476389625	1.38082725	1.0207045	1.47024475	1.4172065	1.373184125	1.357762625	1.40110125	1.35849	1.33318075	1.37497725	1.210885125	1.345378625	1.120721875	1.105199125	1.203281625	1.474221	1.2520195	1.374380875	1.454508625	1.12079075	1.31924675	1.167529375	1.25876625	1.25342975	1.464777	1.220798375	1.348028625	1.271537375	1.411914125	1.3087235	1.28662125	1.420334375	1.54510675	1.28246075	1.4009865	1.175342375	1.232617625	1.646634375	1.3294095	1.366157625	1.298365375	1.2026245	1.533421375	1.311110875	1.24088	1.2630225	1.080906625	1.276742875	1.326329125	1.12044	1.414346875	1.343686375	1.399054125	1.253627875	1.429698875	1.49899525	1.3823845	1.381447375	1.22231025	1.177588125	1.374377875	1.353660125	1.3843665	1.345605625	1.214448875	1.269084625	1.17343125	1.366102	1.22673375	1.284160875	1.163460625	1.335625125	1.247166875	1.34086975	1.51885975	1.377989375	1.430615875	1.37946175	1.3442	1.21356975	1.234923375	1.5573295	1.398587875	1.26809725	1.2288505	1.461478875	1.173959875	1.2068165	1.41330475	1.1227505	1.346666875	1.513320375	1.2012945	1.414	0.019	7.8E-5	1.8E-5	0.155486713018
55	108	251	5.1789795	2.196048	2.580394	2.65713675	2.4179565	2.482745	2.5541865	2.552896	2.36931425	2.445092	2.479617	2.59896125	2.57370575	2.349102	2.439416	2.5994065	2.40831525	2.16539525	2.42574475	2.417659	2.34827375	2.571681	2.471967	2.059879625	2.279978	2.17636225	2.355492	2.24017625	2.33966475	2.11606625	2.23818725	2.18202	2.3119525	2.041012875	2.44718525	2.28232075	2.25354975	2.17079925	1.9414945	2.29415225	2.430044	2.20221425	2.3197405	2.004362375	2.1714385	2.03576525	2.49816825	2.18221625	2.24187875	2.2408605	2.28528675	2.1516855	2.2181975	2.07691825	2.2993765	2.21430825	2.1596915	2.036072875	2.2029645	2.03048675	2.08228	2.086654625	2.12122625	2.2269265	2.20597325	2.44857275	2.17690575	2.052916625	2.129997	2.25687375	2.035306375	2.03478175	2.31604225	2.09104225	2.381897	2.16676975	2.228068	2.1808995	2.289948	2.081361875	2.153041	2.23471025	2.13239875	2.27368625	1.99835825	2.009386625	2.043332375	2.218593	2.1535525	2.30500275	2.12311675	2.2558345	2.15621875	2.058237375	2.224275	2.16535125	2.0249495	2.11274975	2.17179775	2.1315535	2.10070425	2.0875485	2.3258165	2.35126925	2.30762225	2.16566175	2.29881525	2.02815175	2.20470575	2.2801575	2.19100325	2.24786175	2.00417375	2.19965625	2.054344875	2.1934845	2.05985675	2.15627925	2.227512	2.270478	1.863387875	2.06802225	2.25323675	1.915103625	1.9509075	2.2449215	2.20477925	2.22732525	2.242378	2.102654	2.1548345	2.083921625	2.15944025	2.430879	2.3154105	2.09350375	1.869867125	2.141361	2.08917275	2.14770075	2.12071525	2.029862875	2.009682125	1.9726335	2.038223375	1.96784375	2.31298125	2.1563915	2.11483675	2.2197965	2.384918	2.05505675	2.19172075	2.1078615	2.1962905	2.073984125	2.0446255	2.1710365	2.11987375	2.28901	2.195774	2.115252	2.283871	1.886444625	2.1389415	2.33329375	2.201276	1.9940715	1.966816125	2.13944825	1.98626625	2.23189375	2.1661985	2.4558065	2.290283	1.93012475	2.133448	2.13939025	2.1460215	2.05483575	2.21137375	2.10215775	2.1256105	1.86152	2.232077	2.33083425	2.1868995	2.2314125	2.38980875	2.15447875	2.29967475	2.14142675	2.15179575	2.221863	2.060097375	2.1803205	2.011254375	2.15477875	2.04877475	2.30766275	2.007569	2.378193	2.025745375	2.228304	1.9401185	2.2364165	2.1951465	2.17448875	2.013647375	2.2631945	2.09282925	2.2008695	2.134328	1.904028	2.077310875	2.2280765	2.17118425	2.11771425	2.1479225	2.1002775	1.95785875	2.33369	2.016433375	2.15174075	2.14256175	2.22025875	2.27589	2.28832725	2.232208	2.18968325	2.081718	2.043632625	2.47939825	2.09356675	2.40070725	2.18558175	2.1400445	1.93208275	2.063930125	2.08926125	2.13790025	2.18036675	2.054227125	2.065730125	2.20028025	2.23173625	2.14033875	2.054283375	2.30254175	2.17039575	2.11334	2.341	0.026	9.8E-5	1.8E-5	0.226771750831
56	107	251	4.720658	1.594727375	1.490902875	1.554538375	1.501369	1.61535925	1.5819935	1.642891875	1.6189295	1.634873375	1.523385875	1.689646875	1.52249075	1.529399375	1.529649875	1.66921725	1.394128125	1.425338625	1.533293375	1.65479025	1.417037125	1.532902625	1.72985375	1.520086625	1.582895375	1.638459	1.569372	1.547554375	1.46723025	1.61403575	1.636656875	1.651293125	1.540256625	1.629406875	1.530253875	1.38265025	1.478966125	1.3971445	1.529173625	1.43553625	1.6084645	1.5562215	1.4151735	1.47427725	1.57535125	1.766281375	1.515345625	1.365711	1.513509625	1.311684	1.57005975	1.617397375	1.2191335	1.547224625	1.461426375	1.4031405	1.50100475	1.36266425	1.627146	1.706815875	1.547766	1.415744625	1.51495025	1.596371875	1.3788995	1.138623875	1.339041625	1.65248275	1.36671925	1.550810875	1.53539075	1.6103635	1.382423625	1.4542525	1.5986075	1.357150875	1.810275	1.411139875	1.49685975	1.657588375	1.540748	1.257280875	1.37743625	1.54803275	1.140926	1.362142375	1.572404	1.4948515	1.395393875	1.426664	1.394053375	1.66838575	1.462096625	1.229460625	1.401430375	1.5104055	1.15577675	1.507852375	1.460077	1.56293975	1.416315	1.40277675	1.368244375	1.505293375	1.583398125	1.578751375	1.691985375	1.654313375	1.557889125	1.5341845	1.44716625	1.28909375	1.5385475	1.761326875	1.38421025	1.428882375	1.485303	1.473885125	1.297674125	1.722203	1.468790375	1.365388625	1.454669875	1.42153425	1.319393875	1.5920925	1.667251125	1.48434925	1.50247075	1.39957525	1.432054875	1.52682475	1.4460765	1.347346125	1.342013	1.60840775	1.516881125	1.530033125	1.38938175	1.509518	1.404985125	1.429479125	1.49956275	1.35905175	1.688147875	1.501881125	1.57207	1.5586505	1.28351	1.587831	1.631020875	1.610692875	1.30570175	1.489058125	1.491781125	1.383640875	1.402501875	1.298736125	1.424771875	1.69360225	1.554577625	1.4952695	1.393526375	1.417449375	1.52791225	1.74438275	1.288657	1.405220375	1.460570875	1.389001875	1.5395915	1.487859375	1.4819135	1.57028775	1.550151125	1.433994375	1.6238015	1.6337175	1.4848995	1.127796	1.4625225	1.5757905	1.63520875	1.39158525	1.323359625	1.34890325	1.233346875	1.48778625	1.505228	1.4283885	1.401196375	1.4279175	1.40377875	1.29682925	1.474750875	1.71780175	1.723253125	1.362763625	1.578861375	1.402404125	1.4480765	1.510994	1.62519375	1.6522295	1.365832	1.518100875	1.598095375	1.33979675	1.662610125	1.539820375	1.833732125	1.46760625	1.441148625	1.380491375	1.541580875	1.490844625	1.489989875	1.5518715	1.481835125	1.471413625	1.323673125	1.55247775	1.274357	1.60232875	1.6245205	1.592922	1.48503175	1.34608375	1.36289925	1.390351375	1.417905625	1.5073895	1.48850225	1.470345125	1.479692625	1.490319125	1.220086875	1.372894375	1.322633125	1.47424525	1.288407125	1.534950375	1.473406875	1.514107625	1.405834625	1.639842	1.54292425	1.328617125	1.427639125	1.508068375	1.578216875	1.58	0.028	8.1E-5	2.5E-5	0.234242891267
57	62	251	2.4315345	1.274443	1.36017775	1.114195875	1.157134375	1.164282	1.350802625	1.270190375	1.0070355	1.23547125	1.38200425	1.3574325	1.28983	1.300501	1.409206125	1.385664625	1.08902575	1.30479525	1.380519375	1.23198125	1.346399	1.201384	0.9912035	1.4145445	1.41206175	1.395357125	1.311474625	1.25236275	0.9797690625	1.3896955	1.26406025	1.168627	1.1681865	1.00817475	1.193285125	1.19672125	1.27819375	1.3725825	1.2883885	1.290629875	1.218212	1.179218375	1.397539	1.17447775	1.337004125	1.36789175	0.915814125	1.414052375	1.0912775	1.14369825	1.004837125	1.335355375	1.067764625	1.40050275	1.301241125	1.15451725	1.215909	1.322624125	1.2654955	1.245450375	1.27424	1.2070755	1.2170035	1.1746125	1.0361505625	1.3256265	1.15439725	1.02645125	1.19202475	1.035656	1.17487725	1.2693845	1.239239625	1.31291925	1.2446705	1.326463625	1.1782075	1.148489	1.259803	1.265979875	1.15788325	0.9694710625	0.86922375	1.18845625	1.1889125	1.24832975	1.06239075	1.072195375	1.086376625	1.34909675	0.9757439375	1.332407	1.15285125	1.281194375	1.243067125	1.205760875	1.1124545	0.97102275	0.9646786875	0.8753568125	1.29791975	0.950424125	1.28406175	1.214467625	1.175479	1.164512	1.26586175	1.157199	1.0814145	0.911430625	1.088153625	1.069915625	1.0347671875	1.267066125	1.257231875	1.229278125	0.982071875	1.20779525	1.180378	1.0280355	1.05431925	0.973816	1.19825025	1.093854	0.9101325625	1.148745	1.126587375	1.183700875	1.376844	1.0472915	1.027991625	1.046234	0.994789375	0.916328125	1.113271125	1.25629675	0.91663425	1.3350445	1.161347125	1.142729875	1.134800875	1.091877375	1.04734075	0.9708090625	1.198885875	1.156654125	1.15345525	0.9717301875	1.17976025	1.057182	1.14555825	1.273667375	1.172585875	1.106337	1.090850125	1.068329375	1.153102125	0.983031	0.995698375	1.082393875	0.956566125	1.0323558125	0.8946456875	1.24129875	1.141684375	1.37172625	1.053896375	1.200046	1.064469125	0.9115953125	1.0246896875	0.9222295	0.818833125	1.477675375	1.05747825	1.027835125	1.0395493125	0.6707715625	0.9823999375	1.317189	1.122638875	0.9748999375	1.146744125	1.10174075	1.137252	0.9741949375	1.10943625	1.03934625	1.061873875	1.342822375	0.883910625	0.8640345	0.850542	0.839264875	1.141360375	0.8859649375	1.09259775	0.98241625	0.853781125	0.7666105	0.9762635625	0.977889	1.020100875	0.9422599375	1.0154278125	1.23132925	1.062523875	0.9577541875	0.93532	0.9574365	1.005956125	1.154255875	1.134598	1.070255375	1.054269	1.157033	1.065474875	1.0671485	1.04744025	1.070459875	0.943207375	1.250915375	0.9908438125	0.9856284375	1.008083625	0.9142553125	1.111439375	1.072507875	1.10354975	1.0569165	1.209388625	1.09746575	1.107120875	0.9991769375	0.8156514375	0.9815816875	0.867990125	0.9602324375	1.0461889375	0.8591985625	0.9366660625	1.460555875	1.10109925	1.0827575	1.06646175	0.87807725	0.93754175	1.139161125	0.9847108125	0.869793875	1.0317129375	1.298	0.019	2.24E-4	2.1E-5	0.146267422114
58	127	251	2.9749965	1.2493425	1.297209375	1.428046625	1.22698	1.239081375	1.38030025	1.54377425	1.31905375	1.45197475	1.313735	1.271737	1.43698375	1.273172	1.55205925	1.369982625	1.1932075	1.36463925	1.38307375	1.059998	1.34248775	1.399812375	1.28693	1.313063875	1.061792875	1.417584125	1.14779575	1.23430525	1.25167175	1.0379835	1.298349	1.31372825	1.09337175	1.382807	1.3042335	1.0127608125	1.379283125	1.292957125	1.275193625	1.338100125	1.16499525	1.417801875	1.274244625	1.2441475	1.190935875	1.362966875	1.20769625	1.287488625	1.18170325	1.219656125	1.33112675	1.514329125	1.310466375	1.55932825	1.289507125	0.992396	1.27743475	1.3130165	1.5671745	1.37347825	1.380634125	1.3572815	1.034278625	1.321360125	1.487615125	1.645545875	1.23656125	1.2136275	1.195343375	1.2745105	1.35053825	1.34850775	1.369741125	1.300717875	1.4382865	1.362150875	1.104505625	1.2478075	1.07473675	1.205531	1.404010875	1.277799875	1.58987525	1.360714125	1.309345875	1.335917375	1.08390275	1.36679275	1.439168375	1.2602055	1.091599875	1.40347625	1.187929125	1.291169	1.36516375	1.19120975	1.17738975	1.305699375	1.1021295	1.377185875	1.2219825	1.189114	1.294114875	1.341116625	1.310556375	1.22506875	1.0227206875	1.262246625	1.17489175	1.260894125	1.317451625	1.22652025	1.290666	1.19048975	1.2295855	1.261128	1.10679925	1.306420875	1.334309625	1.259074875	1.33958125	1.120542	1.267203	1.1777045	1.241554875	1.253746875	1.258771875	1.125996625	1.183422125	1.27257125	1.320544375	1.13831925	1.433092875	1.149267125	1.372896625	1.190332875	1.139978875	1.169052	1.221484	1.301127875	1.122433875	1.2174875	1.25783025	0.8448778125	1.129094625	1.220360625	1.126846375	1.220931125	1.318833	1.16437	1.138539625	1.146618375	1.21013	1.412121	1.1780975	1.365283125	1.2423585	1.112202375	1.38517725	1.518954875	1.401577875	1.33826275	1.2648085	1.457502625	1.245598625	1.13908025	1.27451925	1.38897625	1.271038375	1.004838625	1.061351125	1.134441625	1.219365875	1.388790125	1.176326	1.126351375	1.2980985	1.14254575	1.4111295	1.064577625	1.25919375	0.985485375	1.12337525	1.394082375	1.15171425	1.2359155	1.0991955	1.34798475	1.195658125	1.228298875	1.207459	1.270136125	1.4259435	1.12326	1.101544875	1.158059125	1.219749375	1.081860125	1.163857375	1.150780625	1.16450475	1.091178375	1.15051275	1.345042125	1.0126510625	1.1772065	1.395819375	1.29319925	1.366325625	1.22752075	1.30135325	1.334672125	1.34769475	1.31167	1.200604	1.232241125	1.412489625	1.08235075	1.092350875	1.40184525	1.566788875	1.342918625	1.40783775	1.325301	1.199429625	1.342605875	1.299252	1.064840625	1.326214625	1.322056125	1.197623625	1.355863625	1.418070125	1.149592375	1.234831375	1.363278125	1.243125	1.098419625	1.4012775	1.15657975	1.165700125	1.0227985	1.39655	1.22622875	1.363855375	1.248687	1.266890125	1.32025975	1.2833645	1.02529	1.43223075	1.33	0.022	7.4E-5	2.3E-5	0.161829043477
59	55	251	2.7475295	0.9358763125	0.778071125	0.7192910625	0.51928746875	0.90960925	0.795096625	0.6148119375	0.6773063125	0.8738484375	0.7291291875	0.5523584375	0.6532521875	0.69535125	0.5605726875	0.84095225	0.6803165625	0.774587125	0.796175125	0.651229625	0.702075	0.5560805625	0.71611975	0.847214625	0.5784106875	0.834936375	0.644320875	0.8178380625	0.50713221875	0.7583418125	0.84115925	0.7353249375	0.7284848125	0.8123186875	0.7801385625	0.5812159375	0.9985855625	0.7143659375	1.020064375	0.6445366875	0.7517726875	0.7447515	0.756094	0.7613974375	0.6789525625	0.7654451875	0.9915103125	0.87877825	0.9030273125	0.9445100625	0.6685949375	1.032692625	0.8223509375	0.6238036875	0.834103	0.721184125	0.7912315	0.6387464375	0.9250524375	0.739272625	0.7205396875	0.870809875	0.7748536875	0.9177225625	0.6738683125	0.9179355	0.875365875	0.8261118125	0.866792625	0.80711075	0.77265825	0.7168648125	1.077991625	0.7416848125	0.770422	0.9964235625	0.7897106875	0.677593625	0.664498125	0.47977475	0.953107625	0.800011	0.9320669375	0.6911911875	0.8557695	0.909725625	0.612930625	0.4502639375	0.7244655625	0.9040229375	0.7928325625	0.6684435625	0.8398278125	0.5810655625	0.85305225	0.9728114375	0.7402644375	0.711501125	0.95142125	0.54232075	0.8359971875	1.059231625	0.744800125	0.680266875	1.0198104375	0.6485423125	0.8168019375	0.8128445	0.6658866875	0.7684363125	0.88031725	0.637504125	0.7287488125	0.9155574375	0.59382975	0.7401919375	0.9512271875	0.7979183125	0.9989819375	0.950457625	0.73971075	0.8365995625	1.002192125	0.8380296875	0.965484	0.8928725625	1.0438471875	1.098650375	0.6993305	0.9146979375	0.710286375	0.9709875625	0.9057075	0.9376855625	0.7148171875	0.8248275	0.6991090625	0.946179375	0.834777375	0.94187475	0.8049206875	0.780610125	0.671478375	0.944676875	0.7242198125	0.8469805	0.835036375	0.687997625	0.956269375	0.808276	0.8105924375	0.9113408125	0.901396375	0.9481205625	0.949261375	0.85185125	0.7710511875	0.9368073125	0.947589625	1.007485875	0.726353875	0.7729124375	0.8854823125	0.9134468125	0.8258735625	0.7830274375	0.58308825	1.056992	1.0524125	0.6081325	0.8256795	0.923960375	0.9993668125	0.804048875	0.5867215	0.8089385	0.9016908125	0.9896004375	0.7765244375	0.926001625	0.8871053125	0.8140053125	0.85966975	0.799488125	0.7994918125	0.904065	0.9702589375	0.9393638125	0.8162775	0.8002903125	0.917012	0.92576925	0.784118625	0.72666975	0.841946875	0.9065903125	0.75980625	1.260302375	0.8408441875	0.832519	0.8289254375	0.83838475	0.75947675	0.970675375	0.7409085	0.8830311875	0.94693775	0.92175625	0.9438045625	0.8784969375	0.8198231875	0.8099871875	0.9231929375	0.676436125	0.954524625	0.822919875	0.8131530625	0.8842081875	0.92304875	0.8804828125	0.84453925	0.9992855625	0.9227470625	0.89344625	0.837603625	0.6918121875	0.8832181875	0.5810061875	0.87500175	0.818811625	0.9789285	0.956185875	0.8100096875	0.8787544375	0.51337615625	0.9990646875	0.9060243125	1.0135620625	0.75897725	1.076621875	0.8627110625	0.6540895	1.18536325	0.754355625	0.8464684375	1.15861525	0.9055155	1.0196515625	0.8392595625	0.761985625	0.9275353125	0.774	0.024	-1.07E-4	4.2E-5	0.177305388493
60	145	251	1.732412125	0.28707740625	0.4957715	0.37366928125	0.32586675	0.7128445625	0.6553551875	0.35428015625	0.34363534375	0.560261125	0.5918880625	0.4133315625	0.36845025	0.5990076875	0.36980203125	0.30761865625	0.50626084375	0.42288271875	0.30030359375	0.602814125	0.271514	0.6830580625	0.721247875	0.28156659375	0.26849621875	0.252491421875	0.55776125	0.3386820625	0.40150815625	0.34341378125	0.4500595	0.52297884375	0.242810484375	0.5075336875	0.44380815625	0.07248009375	0.24540709375	0.3284359375	0.26196171875	0.2133533125	0.27764959375	0.41310103125	0.245076671875	0.152347109375	0.2325678125	0.21493525	0.44643578125	0.32309309375	0.230537390625	0.136434578125	0.17304809375	0.26403609375	0.29640046875	0.174910875	0.341943875	0.1700835	0.32747159375	0.29208084375	0.25546071875	0.084697421875	0.186380046875	0.33905359375	0.119332859375	0.125997679687	0.221209375	0.100461859375	0.233259671875	-0.00838520117187	0.17278184375	0.00728191992187	-0.0341823710937	0.168097265625	0.21143378125	0.0985747265625	0.21890771875	-0.102911960937	0.313715	0.124336546875	0.3109449375	0.22109578125	0.11112346875	0.2461503125	0.202707078125	0.0404024804687	0.18813478125	0.156707265625	-0.0613601132812	-0.002082859375	0.2981725625	0.237356828125	-0.003670828125	-0.104969953125	0.15437896875	0.1279918125	0.1742238125	-0.0140127265625	-0.0300680820312	0.100889828125	0.1637505	0.191537203125	-0.0120655566406	0.0297758515625	0.280504	-0.1346974375	0.20435746875	-0.0492256875	-0.0323545351562	0.0961306171875	0.110218085937	0.1491760625	0.0875159375	0.28045915625	0.1758930625	0.186737859375	0.044681671875	0.0693642578125	0.240696234375	0.32505484375	0.177801890625	0.0672578046875	0.050854265625	-0.004476734375	0.271722625	0.177506796875	0.05372065625	-0.0296982773437	0.225349078125	0.011534890625	0.087119328125	0.00560680859375	0.125722570312	0.0346647929687	0.0178543085937	0.17108084375	0.0975710703125	0.11148815625	-0.0317879199219	0.07658075	0.04749284375	0.261466984375	0.08028565625	9.568203125E-4	0.2432565	-0.246179	0.0276721835937	-0.0444162070312	0.0445272890625	0.229170390625	0.127092453125	0.0950070234375	0.12194478125	0.336527625	0.0496539609375	0.182159671875	0.169177140625	-0.064221078125	0.0456604414062	0.26588503125	0.0554392617187	0.0176396484375	0.20040325	0.14741975	0.204037765625	0.0115457441406	-0.0358096875	0.030363625	0.146363234375	-0.0479435742187	-0.14578196875	0.0991735390625	-0.02936121875	-0.120238664062	-0.0756380625	0.117877296875	0.070727171875	-0.14845190625	0.1286025625	0.121700109375	-0.0311293789062	-0.151031	-0.023236234375	0.0925164375	-0.0439246328125	0.10945565625	-0.0012019140625	0.020418625	-0.0614538242187	0.248796265625	-0.12237853125	0.0517201367187	-0.14706484375	-0.067378640625	0.0109512988281	-0.0127476679687	0.0331827695312	0.0169532578125	-0.00392043945312	-0.211718359375	-0.00634082421875	0.18303409375	0.0665292109375	-0.1336921875	0.0429071757812	0.0678140546875	0.2453818125	0.092186984375	-0.1666136875	0.249025640625	-0.14852725	0.069062515625	0.104077875	0.14876115625	0.052036296875	0.13367553125	-0.0081267421875	-0.0292276113281	0.173777859375	-0.09302165625	-0.0113457460937	-0.111486671875	-0.29132575	0.29920334375	-0.0537070703125	0.26757625	-0.126737375	-0.04277421875	-0.0882427109375	-0.103175632812	0.171181328125	-0.145074296875	0.05729103125	-0.0514757617187	0.011667859375	-0.0483876953125	0.161173421875	0.062706703125	0.0387612265625	0.0187745117187	0.211546171875	-0.11084415625	0.035500375	0.106541726562	0.0742234296875	0.0486987773437	0.0235808867187	0.069921875	-0.12325675	0.0548746328125	-0.16148296875	0.00210581542969	0.239061875	0.642	0.039	0.00361	3.5E-4	0.140829336184
61	71	251	4.9714695	3.03915625	2.9041585	2.5320435	2.45524625	2.84862975	2.9055875	2.4842695	2.847863	2.5274345	2.6718185	2.6233395	2.615998	2.646682	2.6418185	2.911027	2.45447	2.69821	2.6526735	2.47428025	2.44584725	2.88309975	2.46367875	2.6808145	2.59397175	2.539165	2.32702875	2.47902675	2.53694725	2.3932505	2.4855425	2.619177	2.4878215	2.28196075	2.2591645	2.2475695	2.3070335	2.19615525	2.48186775	2.046564625	2.29946725	2.436211	2.429666	2.44377025	2.21356575	2.48268175	2.479939	2.3350165	2.1042125	2.061173	2.1832185	2.3369095	2.32121325	1.834054625	2.150061	2.057286125	2.14135025	2.13639825	2.20636975	1.97720725	2.110959	2.036368	2.1656315	2.30212775	2.232855	2.084754625	2.123175	2.42893025	2.08863275	2.19657325	2.12012475	1.851756375	1.974158125	1.95655775	1.9041655	1.950546875	2.11501625	1.846958125	2.01011075	2.027907375	1.99504425	1.842206625	1.843136	1.82914575	1.8730845	2.00832675	2.22174175	1.991487125	2.157528	1.864563125	2.056829625	2.067098625	2.080394625	1.917581375	1.719747625	1.9688955	2.084244375	1.944557375	1.920414875	1.79239375	1.870849875	1.73510775	1.950066125	2.20140375	2.045914875	1.888535	1.956858875	2.24439275	1.82193425	1.8603495	1.909263625	1.81828875	1.72733075	2.10213275	2.15578675	1.884818625	1.779102625	1.75263225	1.995850625	1.917213	1.820071625	1.8719315	1.898517375	1.755291	1.77137825	1.9176795	1.499886375	1.690505625	1.765784875	1.886465875	1.868170375	2.144631	1.943465625	1.71241925	1.804486375	1.810650125	1.947497875	1.881572625	1.743427625	1.875944	1.7309975	1.887628625	2.020648125	1.820212375	1.73190325	1.6400615	1.615924125	1.7363685	1.67279125	1.857712	1.77406625	1.596421875	1.769688125	1.623595	1.6484285	1.90454175	1.57232375	2.03386775	1.8148075	1.64616525	1.671014875	1.595132375	1.762661625	1.704137	1.9214155	1.8428445	1.696099	1.459904625	1.82133175	1.600089875	1.657310375	1.6385355	1.468438875	1.542682125	1.79115575	1.696034875	1.63426125	1.851120375	1.62639425	1.52482575	1.682092125	1.470154625	1.701661125	1.395087875	1.833168125	1.79451125	1.63510475	1.54772625	1.503294625	1.600766125	1.640963	1.5031775	1.7531775	1.446983875	1.579720125	1.7743885	1.662573375	1.573798875	1.47587075	1.41641675	1.645459125	1.56512675	1.586825625	1.58599075	1.767148125	1.439074	1.432296625	1.750003375	1.665030625	1.4754315	1.7196375	1.653725	1.5057765	1.695798375	1.59667	1.606322875	1.6185815	1.361900125	1.526259625	1.370861875	1.57522	1.543865125	1.69508925	1.368199125	1.619601875	1.258905375	1.32665425	1.339711125	1.4916095	1.257284625	1.7863415	1.462607875	1.67071475	1.57669625	1.51341975	1.626991125	1.489294875	1.552263125	1.52399175	1.4380125	1.70079775	1.569121625	1.440356375	1.585557875	1.653312375	1.446580875	1.469301125	1.43724	1.603069625	1.478812875	1.605464375	2.653	0.029	5.31E-4	1.9E-5	0.214359012111
62	74	251	3.39890325	1.94352925	1.416992	1.994660875	1.707118	1.776163625	1.8588825	2.109264	1.614509625	1.6545385	2.060180375	1.94594475	2.031527875	1.73317475	1.883857125	1.878292625	1.46383325	1.599166875	1.8676145	1.9033225	1.754634875	1.648954	1.766474875	1.618746375	1.713550875	1.4953135	1.709547875	1.9680045	1.56635875	1.794584	1.6051235	1.794878125	1.784249875	1.43582225	1.578856125	1.571868	1.625654625	1.656588875	1.686477875	1.470342	1.52217775	1.66166875	1.680113875	1.593139625	1.598228375	1.719182	1.589760375	1.416197875	1.420091125	1.581562875	1.61047375	1.468629125	1.69018275	1.60197025	1.515426875	1.43450075	1.548186	1.640705875	1.572623875	1.48739975	1.72172475	1.5452405	1.31372325	1.51285725	1.6020805	1.680184375	1.409526	1.619914125	1.3993375	1.673839625	1.500176125	1.443696625	1.294256125	1.587888	1.289805375	1.514613125	1.550485625	1.400438875	1.2876775	1.2042635	1.483755875	1.28196025	1.451821125	1.51124475	1.373127875	1.396338	1.369191875	1.41341525	1.61465625	1.184318375	1.43495625	1.247352	1.250069625	1.300226625	1.506367625	1.461164125	1.521370875	1.162678625	1.32163025	1.4920805	1.3940185	1.201699125	1.38495925	1.4827915	1.4360545	1.25005975	1.08703725	1.226859375	1.305569	1.095424375	1.480876125	1.3147975	1.4534085	1.427747375	1.55198375	1.2096355	1.1934985	1.328821125	1.054455625	1.479605875	1.365474375	1.383676125	1.362288625	1.5267285	1.32135875	1.263441125	1.355067375	1.2006445	1.154719375	1.160337125	1.1997605	1.34039725	1.25103325	1.17497225	1.353095	1.205020375	1.256887125	1.44690225	1.14381925	1.27085425	1.2228295	1.40509325	1.110373375	1.23134275	1.186716625	1.260100875	1.242425	1.412572	1.033461875	1.326429125	1.0185018125	1.30850825	1.490511875	1.10088825	1.185508125	1.351003625	1.472720125	1.17490625	1.29911925	1.398505625	1.359164625	1.0041801875	1.46201425	1.36352025	1.07796	1.2444635	1.3104395	1.193548	1.26849525	1.1043785	0.9510560625	1.293112375	1.249381	1.0197610625	1.266548125	1.189815875	1.220519	1.341358125	1.164397	1.0253324375	1.171952625	1.068382375	0.9561960625	1.07371375	1.181975625	1.176825	1.35831475	0.868565625	1.284792375	1.183103625	1.154076375	1.07826275	1.21827	0.951150375	1.187272375	1.077037375	1.268583875	1.06887425	1.154720875	1.09951675	1.0492605	0.860514875	1.326183	1.05416825	0.9336100625	1.227786	1.108618875	1.2179995	1.175381375	1.273520625	1.0264585	1.158464125	1.0465779375	1.088334625	1.261891125	1.314550625	1.051121375	0.971951	1.028003625	1.14309375	1.045252375	1.0101159375	1.077993375	1.20921975	1.228256	1.03158875	1.13172075	1.0292395625	1.17463225	0.8568038125	1.194556	1.211696	0.9252015625	1.129592	1.252240875	1.2234065	0.9922166875	1.17502225	1.142119625	1.054366125	0.9841383125	1.0726655	1.15198325	1.230085375	1.1020375	1.149988375	0.884317875	1.028475125	1.0457435	1.228982	1.194554125	1.807	0.022	4.77E-4	1.9E-5	0.168546473649
63	42	251	2.52369975	1.572651125	1.547145	1.45954725	1.378064	1.315211625	1.586532125	1.748394375	1.397365875	1.392756125	1.701548875	1.622944	1.311178125	1.738481	1.6492075	2.00021975	1.662295375	1.653645625	1.428053125	1.801335875	1.5921195	1.764198	1.855339375	1.82959725	1.921817875	1.625970625	1.76376675	1.92972	1.787511375	1.451241875	1.87942525	1.881835125	1.938180875	1.92536175	1.750913125	1.6548075	2.078900875	1.772082125	1.863894125	1.9377975	2.052619125	1.706183375	1.81551725	1.993121625	1.808076125	1.83520075	1.631653125	1.8063485	2.04088275	1.836599125	1.979971	1.81493175	2.08895375	2.05859275	1.97241075	1.745459875	1.884723875	1.8718245	1.81130525	1.837598125	1.904409875	1.842622125	1.759342	1.96243525	1.84515925	1.901782625	1.969080875	1.710768375	1.646381125	1.972452375	1.796678375	1.9139215	1.88167825	1.791204	1.801288375	1.53630025	1.781098875	1.846669625	1.73338225	2.00845925	1.875701375	2.01647025	1.679803375	1.778418	2.111428	1.6713935	2.06579575	1.59906575	2.002453875	1.97514925	1.967953375	1.962104375	2.0129705	1.608200125	1.854799	1.872314875	1.963836	1.807907375	1.957110125	1.7451135	2.042755625	1.81445475	1.896631625	2.026160375	1.8124895	2.00966025	1.891167625	2.18203125	1.725756	1.859226875	1.8717745	1.7823115	1.713183125	2.02498525	1.923807375	1.84446	2.068896	2.04195775	2.029752125	1.919050875	1.770346125	1.835160625	2.03738975	1.808165625	1.942443375	1.9639045	2.020953875	1.711880625	1.973898625	1.837642375	1.88630825	2.2264565	1.8831415	2.040447375	1.8464085	1.96951725	2.1122275	1.881461125	1.585047	1.9258235	2.1015525	1.7304295	1.9474735	1.639656875	1.772831	1.963374625	1.824972875	1.79385775	1.85877475	1.668036875	2.006855625	2.17098125	2.001014	1.837438375	1.93337825	1.738959	1.630582875	1.859038	1.853977	1.888309	1.98125125	1.607535625	1.970227625	2.10393475	1.95260875	1.90802775	1.83708825	1.718592875	1.789738625	1.774636875	2.06579325	1.779787625	1.662961375	1.49185625	1.643729	2.079239	1.653303625	1.671425875	1.905575	1.9393495	1.905839625	1.95044975	1.919608375	1.926717875	1.86570625	1.85259025	1.80179975	1.99337925	1.8757715	2.091643	1.961870875	1.96400225	1.80896925	1.825795625	1.640290375	1.75743225	1.9349975	1.901474125	2.15707075	1.83016925	1.964402125	1.980023375	1.631221625	1.63629575	1.881463	1.978339625	1.83450025	1.95993325	1.83796125	2.022735	2.232104	1.714152625	2.18888875	1.97305525	1.534647625	1.897566	1.89031775	2.02119925	2.126008	1.7942285	1.889159625	1.80437475	1.8965705	1.555510125	1.817597875	1.983249125	1.688845	1.910746125	1.776364125	1.874128625	1.869016375	1.818023	1.872841	1.949990125	1.953129375	1.98535	1.821204375	1.64680875	1.970182375	1.846248875	1.734795375	1.914383375	2.003077625	1.830805	1.769724375	2.117989	2.0382815	2.022777375	2.059065875	1.706146375	2.000395125	1.781	0.019	-6.2E-5	1.5E-5	0.165521318781
64	68	251	4.14067025	2.62401425	2.80727825	2.7814665	2.70562925	2.8206925	2.88334525	2.5587715	2.590378	2.60751675	2.404371	2.39617625	2.26962625	2.29572	2.21208125	2.13924575	2.20538475	2.26177325	2.35438425	1.954997	2.0289445	2.119692	1.910719	1.9590325	2.0760255	2.24346725	2.032847	1.920077875	1.867655875	1.47123775	1.646877375	1.632627875	1.851599625	1.79853725	1.79036175	1.68648625	1.84137325	1.65077325	1.399751625	1.53079775	1.763937875	1.45587275	1.799577375	1.445254875	1.501798375	1.193203	1.24749325	1.535022875	1.406622375	1.355005875	1.12103825	1.36326275	1.5751775	1.259327875	1.076216875	1.145359875	1.30287175	1.341613625	1.30069475	1.07368375	1.274423	1.1958805	1.25894075	1.319270625	1.072175625	1.163220875	1.177515375	1.15313225	0.87444575	0.986461875	0.70211825	0.9666141875	1.118855875	1.05202975	1.032149125	1.2084825	1.193814625	0.9368964375	0.8774241875	0.88320675	0.9522731875	0.6930374375	0.8146695625	0.954921625	0.8478236875	1.0161063125	1.049954375	0.7395000625	0.672291	0.901582875	0.8846258125	0.954798125	0.7535964375	0.852699125	0.933954875	0.8810738125	1.021738875	0.84743275	0.70168225	0.83243	0.9686685	0.86356875	0.457790625	0.868526375	0.65562625	0.65197	0.7286708125	0.8727124375	0.6387194375	0.428335625	0.7632755625	0.7166995	0.6048796875	0.6869628125	0.579603125	0.53496075	0.7491598125	0.5764663125	0.7354591875	0.543062	0.607225625	0.6613011875	0.6992716875	0.550015625	0.5370049375	0.606564375	0.64884625	0.5187856875	0.7370516875	0.6548840625	0.585663	0.35917559375	0.513564625	0.40042653125	0.4681425625	0.327334	0.5795244375	0.5667316875	0.5999810625	0.7329836875	0.45701865625	0.48758671875	0.6263331875	0.560585125	0.509565875	0.50922653125	0.3907674375	0.31938621875	0.6147835625	0.57875675	0.37118603125	0.33664946875	0.553058375	0.46558909375	0.4905738125	0.3795983125	0.47730425	0.476048875	0.42033328125	0.5659694375	0.48219046875	0.51828309375	0.51777496875	0.44264784375	0.4615255	0.7198536875	0.5475836875	0.2817609375	0.185431125	0.565103	0.33704953125	0.23159625	0.4343915625	0.3132863125	0.417208	0.5440679375	0.26630065625	0.30641428125	0.350645375	0.3583415	0.50420796875	0.31300159375	0.43131775	0.444850125	0.5859575625	0.4970125625	0.3373374375	0.51583740625	0.2714429375	0.435736125	0.2590331875	0.2627535	0.28862396875	-0.119587164062	0.51596059375	0.4056334375	0.193784703125	0.3267234375	0.38834253125	0.36731640625	0.39680509375	0.49515509375	0.499575125	0.46405284375	0.3772260625	0.44298846875	0.253856765625	0.40376603125	-0.082046453125	0.306586625	0.32325253125	0.43843446875	0.36535996875	0.2785413125	0.363306	-0.0713526015625	0.34531478125	0.43565803125	0.3195190625	0.29650584375	0.2810501875	0.539281125	0.28105734375	0.3368953125	0.199262984375	0.30761521875	0.34741765625	0.31707240625	0.24424228125	0.258310703125	0.247564140625	-0.1468021875	0.341965625	0.26735684375	0.111916867187	0.3627290625	0.5469673125	0.3287435	0.35665653125	0.162341390625	-0.2393435	0.32967503125	0.244235484375	0.374136375	0.246582046875	0.203539375	0.28953696875	0.3745748125	0.3562514375	0.3901969375	0.2284310625	2.784	0.04	0.00246	5.0E-5	0.179669082501
65	154	251	3.5842635	2.707286	2.6515045	2.543267	2.573333	2.2015825	2.1641655	2.345628	1.87883275	2.04488275	1.939363875	1.927466375	2.020688125	1.782988625	1.83493375	1.569712	1.463865875	1.5045805	1.5489925	1.585242625	1.126273	1.476950125	1.2758955	1.583942875	1.489605625	1.381720375	1.335912625	1.242745125	1.12302275	1.067028875	1.0337060625	1.200465	1.10755425	1.14637875	1.180991125	0.80859425	0.787822625	0.898387125	0.89522975	0.9095563125	1.0129548125	1.079061375	0.8760998125	0.7465559375	0.8055773125	0.7036730625	0.80444	0.7276429375	0.69889925	0.51187209375	0.795927125	0.78253425	0.62740175	0.4898245625	0.5394944375	0.620691875	0.5170741875	0.614588125	0.703977125	0.8709441875	0.6258113125	0.6134778125	0.53977325	0.5809635	0.4786865	0.715673625	0.59151525	0.5359675	0.420306875	0.319223	0.550377625	0.54831975	0.694590125	0.38542165625	0.224650375	0.358444	0.60811275	0.294387375	0.3674345625	0.44858275	0.4911370625	0.4033605625	0.37323409375	0.212207671875	0.45807575	0.16566121875	0.5328753125	0.33956790625	0.4062418125	0.407285125	0.169712046875	0.2954485	0.42268303125	0.36018946875	0.15861571875	0.3102193125	0.08280915625	0.324209	0.0741663828125	0.32177425	0.30276209375	0.2799389375	0.2690589375	0.1332476875	0.167389109375	0.183103390625	0.2973683125	0.204375578125	0.2285561875	0.3364223125	0.321185375	0.39486171875	0.12728990625	0.16729084375	-0.3060941875	0.219517359375	-0.214241609375	0.105086007812	0.14923953125	0.3823153125	-0.204190359375	0.37812859375	0.30096246875	0.24254640625	0.3955779375	0.258899484375	-0.3272895625	0.26710359375	0.36101271875	-0.19333065625	0.16318584375	0.101313984375	-0.22024	-0.21312309375	0.0297784121094	0.178278375	-0.194884859375	-0.1139265	-0.1943805625	-0.30315203125	0.183550078125	0.226270828125	0.1816835	-0.143720109375	-0.179226984375	-0.36168528125	-0.2795559375	-0.3543288125	0.1206323125	-0.42065609375	0.107879398437	0.0102067519531	0.13450209375	-0.253917875	0.17780296875	-0.2168215625	-0.1882139375	0.248376203125	0.19466471875	-0.416215125	-0.185093984375	-0.2144980625	0.157916828125	0.208942234375	-0.166457828125	0.30604684375	0.0839231796875	0.190974515625	0.25730753125	-0.177027515625	0.15555059375	-0.169400921875	-0.20253971875	-0.2585761875	0.114361554687	-0.18142121875	-0.065625921875	0.3268020625	-0.22916715625	-0.22615109375	-0.124261890625	0.107937710937	0.14496159375	-0.22365840625	-0.259008578125	0.0440602460937	0.140303921875	-0.240065953125	-0.17697625	0.0398619648437	-0.229662625	-0.318522375	0.238562796875	-0.280941	-0.3942905625	-0.35763940625	-0.30491859375	0.124563984375	-0.1953243125	-0.358518875	-0.130086210937	-0.10326178125	0.19465909375	-0.3750211875	-0.441524875	-0.188775359375	0.144268125	0.30446496875	-0.2213963125	0.076285	0.117076476562	-0.378999875	-0.3031465625	0.26849275	-0.37768153125	-0.28701715625	-0.162778953125	-0.16456125	0.0303622109375	-0.3001128125	-0.137354984375	-0.29141946875	0.13934521875	-0.2459164375	-0.25295515625	0.074690171875	-0.27640775	-0.21521096875	-0.224638546875	-0.31260196875	0.17455315625	-0.12371021875	0.18924215625	-0.198774109375	0.157498296875	-0.3780441875	-0.196393796875	-0.361599625	-0.31802221875	0.104575109375	-0.36041403125	-0.26749903125	-0.1980383125	-0.3203263125	-0.34842771875	-0.14923865625	-0.3220780625	-0.3649310625	0.084096078125	-0.36518140625	-0.198182875	2.85	0.07	0.0055	1.8E-4	0.209877590935
66	161	251	5.3591305	-0.239947390625	-0.49081084375	-0.30083153125	-0.360184375	-0.2897374375	-0.0796520703125	-0.21610815625	-0.32674096875	-0.50666509375	-0.2273955625	-0.3684405	-0.3183085625	-0.45231215625	-0.2921553125	-0.24164784375	-0.2827789375	-0.33274096875	-0.24322209375	-0.22336325	-0.330613125	-0.313509625	-0.26633828125	-0.271691	-0.219076515625	-0.2889204375	-0.2949739375	-0.379966875	0.1174476875	0.128510601562	-0.299558875	-0.2780068125	-0.30168009375	-0.231090125	-0.47155790625	-0.34461375	-0.5963238125	-0.46256928125	-0.28476421875	-0.191890140625	-0.2176601875	-0.263886375	-0.33921171875	-0.16780153125	0.077351796875	-0.36581359375	-0.19904103125	-0.23117584375	-0.4077179375	-0.3069765	-0.20001234375	-0.494167	-0.101354390625	-0.3141479375	-0.353312125	-0.34248025	-0.55258	-0.26448171875	-0.06922221875	-0.35702515625	-0.20498259375	-0.34261546875	-0.29449528125	-0.113555257812	-0.175438109375	-0.42843278125	-0.229212890625	-0.223197125	-0.241090671875	-0.329673	-0.52160309375	-0.3114450625	-0.19553734375	0.31348140625	-0.4435950625	-0.617323125	-0.229360046875	-0.200527140625	-0.37196596875	-0.50245225	-0.21906653125	-0.42308003125	-0.3624379375	-0.315079875	-0.168703578125	0.10156396875	0.28800715625	-0.22463184375	-0.159697890625	-0.3336211875	-0.355794125	0.0862840390625	-0.249992515625	-0.3004530625	0.057033	-0.186071765625	-0.5061096875	0.13850834375	-0.45194575	-0.182009734375	-0.177291640625	-0.132764890625	-0.365684	-0.2623120625	-0.243821609375	-0.137069140625	-0.32259378125	0.2270978125	-0.26994946875	-0.2452398125	-0.51739896875	-0.18757621875	-0.3028210625	-0.2264918125	0.12669428125	-0.0568205585937	-0.33652509375	-0.12903478125	-0.20745790625	-0.261137359375	-0.310554	-0.3567115	-0.26808890625	-0.105486445312	-0.100411523437	-0.32487378125	-0.29095240625	-0.18084878125	-0.2348575625	0.128221671875	-0.283257	-0.28738834375	-0.1911845625	-0.14284965625	-0.221524421875	-0.279735375	-0.40038909375	-0.23688078125	0.15487346875	-0.39704653125	-0.225698890625	-0.21399903125	-0.103384289062	-0.151355125	-0.31567965625	-0.169674328125	-0.258191765625	-0.15419265625	-0.30553915625	-0.20350428125	-0.25768590625	-0.16427696875	0.18104503125	-0.294087875	-0.161958484375	-0.219297546875	-0.26923990625	-0.29879596875	-0.1479369375	-0.403689875	-0.22433846875	-0.224364578125	0.13727996875	-0.32029671875	-0.197428234375	0.162067328125	-0.116973945312	-0.115862382812	0.103382828125	-0.4817165	-0.128381140625	0.0278878632812	0.1537601875	-0.18387875	-0.1855630625	-0.35038590625	0.229516125	-0.25243934375	-0.0713146484375	-0.30901275	-0.44487559375	-0.173485203125	-0.34244371875	-0.2572720625	0.118291109375	-0.213568359375	-0.403437875	-0.152850921875	-0.10370184375	0.213006421875	-0.242715953125	-0.18511446875	-0.144546171875	-0.2016666875	0.1541183125	-0.2640394375	-0.2046870625	-0.324872625	-0.3504790625	-0.230961484375	-0.189689578125	-0.275716	0.2883418125	-0.23814403125	-0.42358246875	-0.29897153125	0.0779598828125	-0.280783125	-0.24284071875	-0.084423640625	-0.222600015625	-0.2764968125	-0.3439074375	-0.298694875	-0.313473625	0.2783920625	0.14824325	-0.35805709375	-0.23732721875	-0.28415009375	-0.3103763125	-0.403939875	-0.1682174375	-0.2210015	-0.26895603125	0.0888996796875	-0.14529015625	-0.30441	-0.26131915625	-0.28273325	-0.29369509375	0.104312828125	-0.2944216875	-0.32524475	-0.0489096132812	-0.20762246875	-0.38734059375	-0.1590316875	-0.280331125	-0.280758125	0.1415345625	-0.238493484375	0.0941380390625	-0.20353675	-0.376437625	-0.146090984375	-0.28934515625	-0.27283771875	-0.32546821875	-0.0674538359375	-0.3004113125	5.36	0.27	1.6	9850.1	0.278052733957
67	9	251	6.5257115	1.686214875	1.6099555	1.58132775	1.3970365	1.471455375	1.49937125	1.748058375	1.61616925	1.097249875	1.609465625	1.45478325	1.608994125	1.41107125	1.368287625	1.228586	1.449725125	1.376163375	1.31952375	1.531215625	1.533106	1.49901425	1.5267555	1.466080875	1.2948785	1.3619535	1.439856	1.538045875	1.2847055	1.29363675	1.707042375	1.32001025	1.3648095	1.32251925	1.517071875	1.37224425	1.465194125	1.22879725	1.25404725	1.506647375	1.210726625	1.327989625	1.22552975	1.433062625	1.303686875	1.4965265	1.55692275	1.300769375	1.517747	1.385583125	1.4021475	1.344717	1.604798125	1.34183075	1.691123875	1.40578675	1.431233125	1.36074625	1.453866375	1.518973125	1.492033	1.33276275	1.19216175	1.304410875	1.4124885	1.4960535	1.30871975	1.57003325	1.228927625	1.57185775	1.379505875	1.44289675	1.259074625	1.340387625	1.304362125	1.604076	1.21259675	1.5202335	1.347688625	1.33844925	1.36325825	1.10995275	1.491973375	1.3779725	1.21506175	1.131793625	1.364157125	1.169697375	1.11969575	1.385968625	1.397762625	1.203178875	1.411530125	1.361852875	1.335070875	1.5276445	1.263236125	1.344777	1.143602625	1.511322	1.290039875	1.426053	1.39611425	1.43764725	1.150578625	1.351426125	1.274496625	1.36187825	1.3320945	1.258381375	1.487974875	1.230587625	1.406318375	1.163231375	1.12160675	1.22272625	1.450692125	1.405861375	1.394207375	1.340135625	1.353802625	1.3412215	1.18221225	1.565956125	1.283051	1.237134375	1.18255875	1.33921725	1.493974125	1.386750375	1.213581375	1.23244225	1.2849305	1.23196975	1.44209	1.2662445	1.40395875	1.668249	1.254437875	1.3455795	1.158776875	1.3673955	1.38382625	1.2320665	1.075307125	1.198625375	1.2965405	1.169269375	1.371041625	1.5854585	1.585025875	1.19629325	1.37355575	1.3559655	1.410935875	1.367420125	1.149807	1.0295453125	1.23896325	1.440423875	1.383365	1.02997575	1.277591625	1.197220625	1.287384375	1.42218225	1.363280625	1.468274125	1.41965725	1.238869	1.304048125	1.3908525	1.300472	1.4004725	1.324164125	1.2135565	1.483486875	1.470278875	1.434693375	1.276664625	1.248458125	1.338513875	1.33799225	1.16739725	1.411675875	1.23002125	1.238792375	1.3346495	1.2687895	1.342554875	1.43325175	1.209991375	1.4248515	1.16148625	1.2818075	1.41618475	1.0413965	1.421788875	1.30854925	1.381615375	1.175458875	1.517055875	1.221986125	1.095232625	1.460096	1.274276125	1.16116775	1.23005175	1.14902575	1.438123875	1.4010885	1.06935175	1.18004	1.081272375	1.295074375	1.15492475	1.6691215	1.458997	1.28480775	1.461177875	1.308555625	1.214986125	1.362346625	1.285727375	1.458653125	1.31836675	1.313481375	1.2916775	1.45377675	1.0418494375	1.451574875	1.367333625	1.273451	1.268666875	1.325848875	1.364574125	1.21823975	1.229803125	1.4778965	1.247743	1.306899	1.2197285	1.250119875	1.3324395	1.27577375	1.27737775	1.47162075	1.347597375	1.299231625	1.139552875	1.082842	1.527	0.047	1.79E-4	4.4E-5	0.343484301918
68	39	251	3.74943925	1.253479125	1.3998995	1.0814625	1.11887775	1.137173	1.2611205	1.188445125	1.04219125	0.9308165625	1.182768375	0.7767954375	0.9844901875	0.9896388125	0.8001584375	0.839276875	0.7446253125	0.7435026875	0.43224428125	0.52022028125	0.563728375	0.668124375	0.7771548125	0.3621341875	0.6699478125	0.45992003125	0.62045875	0.6960474375	0.33219278125	0.48167059375	0.5017065	0.40114196875	0.466900625	-0.204735046875	0.241374546875	0.27300290625	0.436991625	0.625242625	0.47602225	0.244500796875	0.259664796875	0.4294323125	0.26819253125	0.26975715625	-0.191990859375	0.42217040625	-0.192409953125	0.4673493125	0.168922640625	0.13628340625	0.5225605625	0.223107296875	0.27362425	-0.118934382812	0.176832796875	0.428623625	0.16358865625	-0.26944184375	0.14919553125	-0.27292125	0.1316776875	0.46003840625	-0.2336389375	-0.4100570625	0.21908853125	-0.18639765625	0.224445109375	0.31294709375	-0.19525253125	0.0863360859375	-0.26247578125	-0.11583665625	-0.142339046875	0.0371606328125	0.118327625	0.121117023437	0.172604125	-0.177106890625	0.0666093671875	0.0870158125	-0.19468096875	-0.2167493125	0.16423596875	0.420730125	-0.236556296875	-0.224183453125	-0.09150253125	-0.11140559375	-0.086012203125	-0.238149328125	0.13119075	0.1709179375	0.243325984375	-0.183323234375	-0.1366211875	-0.135673875	-0.213162328125	-0.169762015625	0.121615328125	-0.244024265625	-0.14340096875	-0.0239173066406	-0.1315014375	-0.27060384375	0.156527359375	-0.2527885	0.0657875078125	0.090731203125	0.0985111328125	-0.130448484375	-0.215033125	-0.2350710625	0.249425953125	-0.229648234375	0.0577453320312	-0.237401296875	-0.174210078125	0.0831899921875	-0.27269196875	-0.059935515625	-0.242456578125	0.0919702890625	-0.39041296875	-0.26804015625	0.1381079375	-0.29743290625	-0.2164285625	-0.124780648437	-0.3102963125	-0.221154	-0.29070659375	-0.089677375	-0.176669734375	-0.1829825	0.17008734375	0.0346401953125	0.21362728125	0.0542178515625	0.29212821875	-0.18931371875	0.19983165625	-0.209287859375	-0.204940765625	0.1102336875	-0.4928034375	0.1614990625	-0.484913625	-0.10617178125	-0.2698241875	-0.117712445312	-0.38467571875	-0.14370340625	0.0718904375	-0.207227125	0.0238135234375	-0.139570203125	0.160488609375	0.24817865625	0.179985828125	0.0219332832031	-0.13549646875	0.18386321875	-0.3931994375	0.10323103125	-0.15018415625	-0.24816153125	-0.29427471875	0.0811561171875	-0.104193976562	-0.21312009375	-0.19231146875	0.249269296875	-0.2311703125	-0.2678221875	-0.24354384375	-0.101903367187	-0.18216209375	0.229862875	-0.305842	-0.202813015625	-0.181067453125	0.110005820312	0.11276253125	-0.23083509375	-0.1875198125	0.0341049453125	-0.101599625	0.112312554687	-0.1934245625	0.07188053125	0.0632467304687	0.16074521875	-0.2906679375	0.060007203125	-0.3107615625	-0.402851	-0.17156815625	0.126510953125	-0.1701059375	0.120749015625	0.168172375	0.251032734375	-0.283812375	-0.173197875	-0.295396625	0.182997765625	-0.16669425	-0.17832540625	-0.13654671875	-0.269147	0.13683728125	-0.219120796875	-0.27539953125	-0.211971140625	0.268786375	0.097355859375	0.108072851562	-0.1615099375	-0.1601133125	0.224128140625	0.34785559375	0.14501815625	0.14202378125	-0.1962385	0.191694734375	0.148782671875	0.0877792265625	0.10453271875	-0.29059771875	-0.34726903125	-0.236459765625	-0.22728915625	-0.29968865625	-0.3335465	-0.19350809375	-0.33329296875	-0.13204321875	0.202862453125	-0.31824075	0.22322809375	-0.3243291875	-0.153813875	-0.1857593125	-0.29548559375	-0.17944684375	-0.243266625	-0.110863734375	0.244255859375	-0.0876016484375	0.0913377734375	-0.1878995	2.18	0.12	0.012	9.0E-4	0.238718769481
69	33	251	3.251601	-0.317617875	-0.40467821875	-0.6001383125	-0.45542640625	-0.754643625	-0.43437759375	-0.478755625	-0.2029150625	-0.4964674375	-0.36713165625	-0.5273731875	-0.5712186875	-0.39307959375	-0.45807428125	-0.4653773125	-0.578779875	-0.36449525	-0.573179125	-0.301417375	-0.4173361875	-0.248951234375	-0.42623940625	-0.5551465625	-0.446644	-0.5831958125	-0.51503009375	-0.5545133125	-0.49072096875	-0.243372484375	-0.37950428125	-0.37875928125	-0.5455414375	-0.3816278125	-0.3823716875	-0.591526	-0.240198515625	-0.654221125	-0.4647644375	-0.57458425	-0.336323625	-0.461004125	-0.19843325	-0.4705376875	-0.258986046875	-0.587883	-0.564801875	-0.51703546875	-0.2930618125	-0.24190771875	-0.536788625	-0.34641859375	-0.39006303125	-0.49979725	-0.4422178125	-0.3708576875	-0.26621084375	-0.4081070625	-0.43440465625	-0.458769625	0.14823528125	-0.224971078125	-0.239332296875	-0.316885375	-0.4790875	-0.339188	-0.3083941875	-0.35676471875	-0.466086125	-0.40552971875	-0.30254984375	-0.37489103125	-0.21595428125	-0.31693334375	-0.4207563125	-0.32762925	-0.3441399375	-0.29501678125	-0.43021390625	-0.45093875	-0.249241453125	-0.4260711875	-0.42281390625	-0.554566	-0.47573384375	-0.4079428125	-0.37747959375	-0.30489434375	-0.3587649375	-0.38388528125	-0.282989	-0.38905175	-0.367126875	-0.321336625	-0.27759459375	-0.3067468125	-0.365233125	-0.4983110625	-0.48595703125	-0.47164134375	-0.4893811875	-0.237672828125	-0.39476971875	-0.369326	-0.53590225	-0.3306569375	-0.5252299375	-0.22761475	-0.50261115625	-0.3434515625	-0.16047159375	-0.49690878125	-0.51212940625	-0.42600303125	-0.2687941875	-0.364671125	-0.3367169375	-0.4040466875	-0.4371954375	-0.4350853125	-0.29900696875	-0.23661621875	-0.41998865625	-0.210885765625	-0.256326546875	-0.47779865625	-0.262047015625	-0.44489071875	0.142014234375	-0.26222934375	-0.6894394375	-0.41704134375	-0.3325395625	-0.32138865625	-0.1552255625	-0.218240484375	-0.11729771875	-0.2858383125	-0.39460953125	-0.398717625	-0.3286760625	-0.3669095	-0.36420821875	0.23629053125	-0.35967934375	-0.333219	-0.46428709375	-0.3721985	-0.409402	-0.316526375	-0.3703626875	-0.3777993125	-0.27476971875	-0.44855209375	-0.44636521875	-0.30048659375	-0.38012328125	-0.32646125	-0.31183684375	-0.5296331875	-0.3885039375	-0.45774571875	-0.310909125	-0.39671978125	-0.327752625	-0.32038421875	-0.23028525	-0.47807384375	-0.4295688125	-0.39732378125	-0.28510584375	-0.48236475	-0.2895940625	-0.51454925	-0.49285309375	-0.4294475625	0.193641203125	-0.30145375	-0.5852696875	-0.40513365625	-0.4115194375	-0.42300384375	-0.202387453125	-0.3827634375	-0.3619430625	-0.369976	-0.42920471875	-0.38080425	-0.50979396875	-0.32794084375	-0.42686496875	-0.398507	-0.37622915625	-0.1725685625	-0.362802875	-0.2823804375	-0.233866484375	-0.41110275	-0.136162609375	-0.2892964375	-0.33174625	-0.423384875	-0.42476325	-0.44184878125	-0.36305290625	-0.252661859375	-0.35797675	-0.3544118125	-0.30900428125	-0.3284530625	-0.4865048125	0.3709310625	-0.582331625	-0.3543409375	-0.42751025	-0.211303984375	-0.5022726875	-0.21618	-0.35613921875	-0.39166946875	-0.4137223125	-0.31462590625	-0.3980390625	-0.31011740625	-0.408971125	-0.27833490625	-0.564349375	-0.3759675	-0.40299246875	-0.397002625	-0.28942734375	-0.35094384375	-0.672027375	-0.380758125	-0.30037046875	-0.39141434375	-0.2843426875	-0.339111	-0.38576425	-0.510239375	-0.36253421875	-0.38865978125	-0.7315641875	-0.211121296875	-0.402848875	-0.3295198125	-0.6770894375	-0.3710121875	-0.41117478125	-0.37676840625	-0.33681690625	-0.354	0.034	-4.0E-5	1.4E-4	0.266817619628
70	46	251	3.431452	1.040249625	1.0293689375	0.86588575	0.8430920625	1.046445875	1.09822425	0.9635006875	0.903780375	0.777308875	0.8273311875	0.6194646875	0.8404019375	0.68975175	0.829209125	0.9703865	0.568633625	0.6480919375	0.7462913125	0.874041125	0.696778125	0.835077875	0.573749625	0.6627795	0.553447125	0.4830533125	0.70912975	0.4440731875	0.6322089375	0.617412375	0.50732921875	0.643069125	0.5788789375	0.556137	0.6818618125	0.702789125	0.6351566875	0.8044300625	0.43332525	0.50060321875	0.7829495625	0.612653625	0.5405218125	0.6028331875	0.758094625	0.46591203125	-0.0355679296875	0.5959150625	0.38277621875	0.6397513125	0.5904159375	0.53596975	0.6340750625	0.502380125	0.33493596875	0.43212165625	0.631790625	0.5407559375	0.6336820625	0.46635271875	0.446270625	0.669456125	0.503244	0.500244125	0.42845284375	0.5792006875	0.5512243125	0.653745125	0.772799625	0.48490684375	0.536746	0.3958055	0.37145315625	0.468915375	0.7805054375	0.556035625	0.5662954375	0.6038475	0.43060665625	0.819820875	0.598516625	0.307883875	0.49040596875	0.5726904375	0.2998721875	0.5750795	0.7792238125	0.793216875	0.41538590625	0.6191423125	0.5656361875	0.5924286875	0.46959553125	0.64589	0.65639375	0.5424035	0.5776133125	0.6227659375	0.50778034375	0.35011078125	0.4955659375	0.3328061875	0.5726895	0.37999734375	0.64986825	0.44325171875	0.5042551875	0.50493609375	-0.195145109375	0.4467280625	0.587682625	0.5272694375	-0.0763745703125	0.46656490625	0.4590459375	0.44777009375	0.6534380625	0.360808	0.5810775625	0.5643453125	0.7242095625	0.785469625	0.319076875	0.620127875	0.579936875	0.537744875	-0.18976825	0.47170078125	0.7977878125	0.615607875	0.40040496875	0.62239425	0.64829475	0.4507115625	-0.333833125	0.622539875	0.371846	0.35127915625	0.596446625	0.52569175	0.550549875	0.6582520625	-0.123729382812	0.2773025	0.5401385	0.585346125	0.6149875	0.6517663125	0.4351506875	0.51697421875	0.5281756875	0.549217125	0.563162125	0.6584210625	0.622830125	0.41781321875	0.48384259375	0.486243	0.4040835625	0.7031045	0.60361325	0.649059625	0.432671375	0.6033115	0.6692281875	0.443129125	0.4030585625	0.4823186875	0.41023328125	0.6043944375	0.44603778125	0.5282848125	0.48434971875	0.661931375	0.6373990625	0.50635425	0.5716215	-0.3138974375	0.453543	0.8174720625	0.65284975	0.45877909375	0.42601575	0.566614375	0.538237125	0.42369109375	0.33467759375	-0.25027559375	0.34285284375	0.40464925	-0.0773161328125	0.5304029375	0.52888525	0.662380875	0.46491015625	0.4161850625	0.50296753125	0.43762965625	0.6740271875	0.5890474375	0.47896559375	0.614085	-0.0483540078125	0.48703359375	0.51841559375	0.556932	-0.211411015625	0.40794759375	0.29372715625	0.694110125	0.4729265	0.4344455	0.5388093125	0.38802334375	0.6715134375	0.32159428125	0.365433625	0.5761268125	0.638116125	0.3102160625	0.3676803125	0.37213059375	-0.2300959375	0.42341271875	0.49450384375	-0.159721203125	0.3734970625	0.5812815	-0.069263375	0.576571875	0.41581996875	-0.063544546875	0.6141849375	0.598566625	0.3968723125	0.50166765625	0.6211596875	0.55392125	0.581784875	0.5291678125	0.63035875	0.4572028125	0.474527875	0.4272435625	0.27719678125	0.7413974375	0.453908125	0.4934690625	-0.195184375	0.6495925	0.44930778125	0.779	0.039	6.6E-4	9.0E-5	0.268647843504
71	135	251	2.753881	1.280577375	1.100805375	1.0091371875	0.586011375	1.0321053125	0.6291340625	0.665528875	0.6974579375	0.50946134375	0.724913875	0.552698	0.47729146875	0.340934625	0.657723	0.3795461875	-0.1816005	0.28374221875	0.252178875	0.40761603125	0.210545953125	0.22333615625	0.2968955625	0.39146765625	0.29647246875	0.082768640625	0.0893106171875	0.34076125	-0.267285125	0.1976934375	0.3006171875	0.125816851562	0.26000740625	0.2047189375	0.2136275	0.2093149375	-0.139255140625	0.179102109375	0.177644109375	-0.14597146875	0.230074078125	0.181337859375	0.219663203125	0.156064859375	-0.237437203125	-0.176998953125	-0.2654966875	0.26732096875	-0.192997703125	0.14932875	-0.098044015625	0.169960953125	0.256398484375	-0.27606078125	-0.26727246875	0.3262633125	0.0769829609375	0.186248390625	0.26290775	-0.202719953125	-0.133196703125	0.166088203125	-0.107618109375	0.258909234375	-0.1235549375	-0.206415375	-0.3210648125	0.1878820625	0.181140140625	-0.2254429375	0.209009578125	-0.33193415625	0.2113573125	-0.0638181835937	0.20088709375	-0.217455421875	-0.0996897265625	0.12660875	0.0826629921875	0.36481265625	-0.309212125	0.0616889179687	-0.101399460937	0.178112453125	-0.284358	0.41811884375	0.194828828125	0.1430291875	-0.192319125	0.171877390625	0.2573566875	0.35575690625	0.110113671875	-0.14556478125	-0.216770078125	0.0878627265625	0.28659903125	-0.10353546875	-0.35742715625	0.147255171875	0.191492359375	0.204607234375	0.202125546875	-0.372658875	-0.198436515625	0.18344196875	0.180635234375	-0.141239171875	-0.193906265625	0.114803054687	0.06909284375	-0.20568025	0.254562328125	0.3318820625	0.220955796875	0.182192703125	-0.175866484375	-0.137539125	0.107782742187	-0.2609151875	0.13383134375	-0.211232546875	-0.139600703125	0.19324271875	-0.2113848125	0.193671296875	-0.20558903125	-0.158296625	-0.13197940625	0.136302359375	-0.19364159375	0.245225546875	0.115764179687	-0.1823925625	-0.259984375	-0.365470875	0.216124296875	0.13631640625	-0.25938059375	-0.163790359375	-0.167834109375	-0.23434521875	0.0972736171875	0.1029855625	0.258962046875	0.17516740625	-0.137847890625	-0.2125175625	0.148201171875	0.2052788125	0.3430788125	0.146130859375	0.167645015625	-0.223783265625	0.19547509375	0.2666625	0.10224109375	0.138111703125	0.184919828125	0.218113234375	-0.091670359375	0.130419039062	0.109021242187	0.100316835937	-0.136563109375	0.118581664062	-0.10173684375	-0.175643484375	-0.112672484375	-0.128273101562	0.218495375	-0.209331921875	-0.13778309375	-0.0977053515625	0.27591034375	0.225095484375	0.175536859375	-0.23600896875	-0.240477	0.0977825	-0.26045871875	0.084161734375	-0.1348321875	0.178642046875	0.124011429687	0.0905497734375	-0.1280263125	-0.2738899375	0.08724790625	0.43749440625	0.27053025	0.202485015625	0.1931179375	0.208398171875	0.153786640625	-0.15634371875	0.11872625	-0.177760296875	0.0536811640625	-0.117064046875	-0.2728144375	-0.26617396875	-0.2377378125	0.1791461875	-0.3759685625	-0.19257790625	0.236726203125	0.1674704375	-0.186832015625	-0.154177421875	-0.174410234375	0.2158674375	-0.250135796875	0.20131159375	0.248730984375	-0.2106859375	0.232010296875	0.0474741484375	-0.182125453125	-0.05099353125	0.23216290625	0.2258995625	0.14350909375	0.189737328125	0.181261375	-0.237755578125	0.2321820625	0.18467096875	0.177101609375	-0.12322065625	0.1835859375	-0.297822125	0.176236765625	-0.106806398437	0.303188	-0.17774240625	-0.15045459375	0.105136773437	0.3031144375	-0.26254065625	-0.114982132812	-0.27574046875	0.04599578125	0.26716253125	-0.131713203125	-0.212642484375	0.207504234375	0.177292703125	-0.18496978125	-0.212409625	-0.177709125	2.22	0.18	0.0247	0.0024	0.206355038628
72	81	251	4.983196	0.7498238125	0.8287808125	0.838925875	0.684710375	0.7841880625	0.97569575	0.767219375	0.77176275	0.7379928125	0.7697694375	0.6404930625	0.6522735	0.9232025	0.6591470625	0.7027341875	0.8314246875	0.61892275	0.64530175	0.8426550625	0.608027625	0.8135651875	0.7574779375	0.8082845	0.40474978125	0.51350221875	0.760854625	0.55377825	0.558713625	0.49624484375	0.52193628125	0.79465675	0.62804075	0.5927938125	0.857466625	-0.153410921875	0.573606375	0.663804625	0.5783928125	0.51438675	0.585223125	0.6143868125	0.618706	0.32547028125	0.6587885625	-0.143626828125	0.5317375625	0.38052440625	-0.141519203125	0.5695698125	0.5239520625	0.6659325625	0.50750359375	0.5448965625	0.432477625	0.4891246875	-0.11316603125	0.56854425	0.461302375	0.45032459375	0.566558625	0.456039625	0.5256306875	0.381000375	0.47458590625	0.543030875	0.36247284375	0.3564523125	0.5455780625	0.6193190625	0.64466425	0.529732625	0.25600340625	0.4636168125	0.3906265625	0.545975	0.42755028125	0.547781125	0.565022875	0.46066509375	-0.2955830625	0.31220590625	0.6076791875	0.512903625	0.643901125	0.445847875	0.44599696875	0.441328125	0.45322753125	0.47439334375	0.39863453125	-0.14901675	0.3861144375	0.38467759375	-0.131006195312	0.32315871875	0.43514165625	0.32914478125	0.38788653125	0.356851375	0.3358953125	0.23213225	-0.100654539062	0.29019415625	0.35237175	0.26672115625	-0.0809885859375	0.4475429375	0.44139878125	0.223527421875	0.5327920625	0.36744334375	0.39837903125	0.4127560625	0.3513865	0.4065504375	0.3686483125	-0.086459703125	0.2132985	0.14600546875	0.4641245625	0.37603203125	0.33416940625	0.47701484375	0.3777561875	0.43244178125	0.143502296875	-0.153728171875	0.38482859375	0.38289084375	0.379628125	0.23255546875	0.236193015625	0.227546953125	0.122463867187	0.40885515625	0.33538840625	0.3255515625	0.359388375	0.35476134375	0.1646325625	0.3057900625	0.244294046875	0.38195396875	0.189837640625	0.3220011875	0.39202375	0.15197003125	0.34655246875	0.50655575	0.2718859375	-0.117469	-0.15679153125	-0.143985	-0.196553921875	0.41789490625	0.209720796875	-0.120698296875	0.3795605625	0.6168660625	0.21557690625	0.295644625	0.2677075625	0.46746775	-0.059071234375	0.49010784375	0.233199875	0.4410335625	-0.076160953125	0.169472421875	0.3735653125	0.183788625	0.1917624375	0.29605771875	0.26867128125	0.22573759375	0.3641525	0.3054978125	0.21581653125	0.465645625	0.195872140625	0.114972265625	0.08614228125	0.28167940625	0.15636590625	0.226218296875	0.3399469375	0.4370031875	0.158385765625	0.0847443828125	0.30685096875	0.25578528125	-0.129350289062	0.185787140625	0.29288309375	-0.0903526015625	0.196651421875	0.3951104375	0.20934025	0.1418598125	0.206453578125	0.22369103125	0.201173671875	0.18973078125	-0.0882409296875	0.199607796875	-0.0462425117187	0.38580003125	0.1943524375	-0.227490859375	0.26551775	0.3544503125	0.31688821875	0.24577409375	0.37163209375	0.18150940625	0.173260515625	0.253018953125	0.1799575625	0.3661538125	0.25024634375	0.28888696875	0.244933921875	0.2866154375	0.42006309375	0.094881265625	0.193982484375	-0.119405578125	-0.0906228828125	0.22241121875	-0.0641693945313	-0.0351171953125	-0.0303526523437	0.209611515625	0.174039625	0.21033425	-0.121793765625	-0.212648703125	0.191761109375	0.16046871875	0.206850390625	-0.158010578125	0.2246405625	-0.127604375	-0.154521734375	0.43833446875	0.27718725	0.36624803125	0.23697871875	0.2427535	0.3636943125	0.95	0.07	0.002	2.1E-4	0.319656410689
73	92	251	6.4186795	1.46452625	1.697810625	1.463497375	1.6331795	1.668069625	1.580552875	1.549509125	1.493907625	1.53510625	1.74844675	1.468861625	1.1992425	1.62983325	1.19470925	1.47631025	1.3963895	1.534295375	1.32298525	1.35351325	1.426804875	1.051783	1.26017025	1.3623625	1.01840925	1.37569975	1.29096375	1.2629455	1.358363125	1.568060375	1.191244375	1.19224875	1.18717325	1.276622	1.319685	1.379025	1.2629555	1.38693725	1.225473875	1.39565625	1.107248125	1.4782625	1.29390575	1.151375375	1.388244	1.329033375	1.171236	0.9533221875	1.0629765	1.0180899375	1.277493625	1.07385025	1.151376875	1.0232448125	1.1681905	1.10768675	1.0784975	1.150403875	1.37644725	1.0562845	0.960370625	0.7981968125	1.105070375	1.036213625	0.8669879375	1.174709625	1.0355096875	0.935375	0.842329	0.9677406875	1.0087895625	0.9191775625	1.08390775	1.049340125	0.7871595	0.9589728125	0.9069444375	1.090849875	0.896287875	0.647701875	1.076158625	0.931083125	1.0105655625	0.997455	1.140936625	0.919650375	0.8136605625	0.830325625	0.8674893125	0.9899148125	0.8645116875	0.9359761875	0.8682999375	0.7452199375	1.06282775	1.002283125	1.0375728125	0.8044680625	0.8055896875	0.9222855625	0.8755465625	0.840718625	0.8840395625	0.8030190625	0.74166975	0.8396291875	0.700159625	0.6422895	0.837701875	0.7360709375	0.93660175	0.5880465625	0.687671125	0.588411625	0.7872613125	0.7150489375	0.8307420625	0.8510235625	0.6297039375	0.7769815625	0.7297025625	0.8113315	0.62945325	0.7503186875	0.7201530625	0.6810086875	0.6531170625	0.87941825	0.50014765625	0.8435633125	1.026244375	0.6586834375	0.649742875	0.687486875	0.856507875	0.747216	0.802617625	0.7723806875	0.6042026875	0.6756633125	0.8710785625	0.80900025	0.658707875	0.699368375	0.706750625	0.724252625	0.887508125	0.5936759375	0.711706375	0.6242118125	0.7502706875	0.618818125	0.5003185	0.6297644375	0.7873929375	0.57727475	0.5156693125	0.50320690625	0.540739875	0.7627954375	0.808421625	0.6677665	0.8646666875	0.6478495	0.54771175	0.5740698125	0.50811221875	0.5289105	0.464955125	0.50146771875	0.6690841875	0.44353759375	0.5657765625	0.48189325	0.6300101875	0.6528908125	0.6427151875	0.47952790625	0.485224375	0.5587589375	0.55377675	0.48078659375	0.6108928125	0.5484200625	0.5693213125	0.56499075	0.53139125	0.64104425	0.43029703125	0.6527735625	0.69165325	0.7527930625	0.594630375	0.481759875	0.7151818125	0.537856	0.56246325	0.35832965625	0.46209915625	0.4980331875	0.443206875	0.36240940625	0.38443965625	0.44656021875	0.4713301875	0.38793728125	0.49924409375	0.5200193125	0.575967125	0.6307635625	0.3184680625	0.6284878125	0.4356135	0.424243625	0.38539165625	0.6049979375	0.47199628125	0.4605865625	0.227592734375	0.5336926875	0.32284065625	0.3349781875	0.4171579375	0.258432890625	0.635112	0.5562596875	0.50832271875	0.555925625	0.38935684375	0.49417009375	0.4380726875	0.4374111875	0.638650375	0.46700340625	0.35712371875	0.2990526875	0.35907565625	0.4733795	0.533314125	0.694854375	0.5032836875	0.4389314375	0.4320641875	0.27746546875	0.27162259375	0.149551375	0.27700321875	0.584620625	0.34344209375	0.4483580625	0.5414529375	1.71	0.06	0.0013	8.0E-5	0.325278872016
74	90	251	5.285264	2.255187	1.89205775	1.67964275	1.580150875	1.482994	1.73841675	1.309550625	1.363828125	1.056735375	1.261823125	1.18136175	1.20514075	0.896517625	1.0217336875	0.984139	1.068398	0.9193025625	0.9465478125	0.719411375	1.065406125	0.9183386875	0.696371625	0.766302375	0.545832125	0.75446775	0.7041158125	0.6018986875	0.90332	0.48802303125	0.71741925	0.866377875	0.725963125	0.617230625	0.7441919375	0.6418846875	0.585304625	0.6413910625	0.599660125	0.49702246875	0.6086408125	0.7217278125	0.527745375	0.487030625	0.605242625	0.5344135625	0.5907363125	0.408844375	0.7072093125	0.5815468125	0.46043709375	0.67196075	0.6034088125	0.31303815625	0.37771940625	0.5072410625	0.6437450625	0.6185450625	0.5428580625	0.275070375	0.5320693125	0.37410946875	0.6019155	0.39989371875	0.6720210625	0.409735	0.39404109375	-0.28068765625	0.5177139375	0.38709734375	0.39974903125	0.352072625	0.6277749375	0.5807611875	0.166702578125	0.399948	0.55773075	0.4074708125	0.41740909375	0.364793	0.334688875	0.46679728125	0.42666165625	0.13529475	0.39134175	-0.220651765625	0.31750996875	0.58392975	-0.175266265625	0.3120701875	0.26652059375	0.463375	0.31912428125	0.28387290625	0.2631353125	0.548455	0.35356978125	0.4279039375	-0.120957773437	0.3483990625	0.36425971875	0.209480765625	0.321024625	0.3076251875	0.2099295	0.51175534375	0.33975925	0.17393734375	0.243139609375	0.2657373125	0.30642234375	0.48088309375	0.36211590625	0.309333125	0.21256646875	0.34850596875	0.353300125	0.46770934375	0.253911015625	-0.0670518671875	0.45728359375	0.216969875	0.2733303125	0.3505735	0.3243411875	-0.0829697890625	0.54015525	0.255422625	-0.139726578125	0.3428011875	-0.109335828125	0.32145834375	0.29228015625	0.29811465625	-0.17463121875	0.164104484375	0.35206521875	0.36499859375	-0.24815809375	0.23431928125	0.35999584375	-0.16240453125	0.35040209375	0.154672421875	-0.247063890625	-0.2025718125	0.126541	-0.14843771875	0.4373520625	0.2867675625	0.27550246875	0.5353530625	-0.14410853125	0.315468125	0.2535215625	0.246223734375	-0.2880896875	0.249946390625	-0.312749	0.3191949375	-0.2412716875	0.36950890625	0.3868915625	0.29494496875	-0.3335105	0.249606625	0.32274534375	0.37068	0.39268359375	0.41816353125	0.4468884375	-0.123745609375	0.38858203125	-0.230424296875	0.3303915	-0.10152853125	0.215639859375	-0.182068984375	-0.237413921875	0.213203625	-0.13703496875	0.49439803125	0.212089765625	0.20279325	0.490578625	-0.2750050625	0.3795393125	0.235704125	0.2337953125	0.184522953125	-0.1745180625	-0.2901423125	0.2199274375	0.40226078125	0.26286715625	-0.204950765625	-0.246093	-0.169888125	0.36823909375	-0.100724242187	0.4286614375	0.33627421875	-0.200635078125	0.40311896875	0.18467603125	0.210586078125	0.31576509375	0.226469953125	0.32378253125	0.26403309375	0.15202546875	0.234510125	-0.17553859375	-0.16627653125	-0.1496815	-0.26985978125	0.186467921875	0.197968609375	0.3497179375	-0.4217608125	0.49352046875	-0.29541109375	0.196382703125	0.259611140625	0.25700696875	0.238155546875	0.385818625	0.32497440625	0.451584375	0.28718590625	0.147264	-0.3160734375	-0.33518221875	-0.18022103125	-0.258152578125	0.175059453125	-0.16943359375	0.4017469375	-0.3164869375	-0.083437125	-0.125158046875	-0.260562578125	-0.22129775	0.139937703125	-0.2291229375	-0.236686765625	0.235085046875	-0.10506409375	0.24797346875	0.31711075	0.4003681875	2.0	0.11	0.00518	4.2E-4	0.326228999655
75	134	251	2.980004	1.29525625	1.393940125	1.198679	1.429982125	1.400321625	1.4750925	1.384728875	1.414831	1.230602	1.421618375	1.483608625	1.246536	1.294217875	1.482506125	1.412014	1.51183475	1.180725625	1.261293875	1.466633625	1.405301125	1.2543945	1.07364075	1.450195375	1.0240375625	1.15689825	1.309017375	1.435565875	0.8640264375	1.37615825	1.350450625	1.485703	1.336028375	1.199724375	1.2401815	1.3740725	1.10278075	1.2281355	1.033614125	1.332300875	1.16766875	1.45794025	1.277877375	1.112226125	1.087242125	1.15379475	1.18628375	1.300399125	1.130449375	1.412602875	1.31757825	0.8841755	1.1900855	1.23224925	0.952167875	1.0340683125	1.061937375	1.197909375	1.241719625	1.1096655	1.18375875	1.12964025	1.549981375	1.236571375	1.2170625	1.312956375	1.231312625	1.113116875	0.952385	1.143428375	1.07713275	1.153268625	0.9639234375	0.9306314375	0.99639575	1.020324875	1.095237	1.20990425	1.052330625	0.99001575	1.14486825	1.0430028125	1.322450375	1.0446979375	1.357268125	1.0106779375	0.9659779375	0.9192575625	1.418528375	1.229777	1.169983	1.37976775	1.20498375	1.34476475	1.342314125	1.0298614375	1.050325625	1.2937295	1.1599225	1.0834535	1.200008625	1.393814375	1.132480125	1.0206143125	0.989123125	1.152064	1.137040875	1.299528	1.11571	1.24408125	1.08158	1.147988	1.13949225	1.19272725	0.955557375	1.09447175	1.050245125	1.214502	1.450859375	1.1933135	1.219121875	1.0766225	0.9243278125	1.158386125	1.09294875	1.138803125	1.06583875	1.13587475	1.157422375	1.2567095	1.0336669375	1.24974725	0.9146195	1.141253125	1.06560375	1.204622125	1.021412375	1.281734625	1.246499125	1.26172525	1.256114625	1.187872875	0.9957841875	1.169447	0.9422950625	0.9952554375	1.2180645	1.090959875	1.172568375	1.021323	1.315985125	1.19446925	1.081831	0.94863925	1.03304025	1.114580375	1.260892875	1.488866875	1.35329875	1.11715225	1.063824375	1.23923775	1.099964875	1.22002325	1.0211086875	1.344294625	1.033783375	1.08471725	1.284607375	1.07076175	1.01444925	0.933947125	1.230090875	1.248472375	1.010988125	1.333115	0.95627775	1.03661925	1.068909125	0.87361775	0.96607875	1.072959875	0.970273	1.0766235	1.110658625	1.178433625	1.26481525	1.271624625	1.293751125	1.150582625	1.11870675	1.19362675	1.065080625	1.118395375	1.23422525	1.197523625	1.182296	1.116623375	1.0278818125	0.9820450625	1.09809775	1.249848625	1.12076	1.27736925	1.2001685	1.16636	1.117374125	1.073233625	0.87416225	1.21484775	0.928342625	0.998129875	1.320373625	1.112315125	1.2066955	0.909671375	1.094549625	1.09391625	1.094682	1.240019375	1.29974275	1.061563625	1.265067375	1.224365625	1.1133195	0.98015125	0.8236965625	1.199495125	1.0892775	1.1887875	1.231415625	1.233664	1.070439375	1.10972125	1.11739475	1.092288875	0.9790303125	1.0220406875	1.0651235	1.190183625	1.221166375	1.2635645	0.9749058125	1.166195	0.98770825	0.925868	1.075581125	1.112744625	1.007623625	1.099611	1.308647375	1.295	0.022	1.61E-4	2.7E-5	0.172298612763
76	41	251	2.348528	1.117099125	1.19501925	1.0670565	0.7544324375	1.11579675	0.71275125	0.7573594375	0.909859625	0.8913203125	0.816620375	0.827206125	0.7374509375	0.59878875	0.4953434375	0.582221	0.6249059375	0.5959	0.545847625	0.774932125	0.6654165	0.30774040625	0.562754625	0.536503125	0.47375825	0.5158421875	0.318272875	0.32426846875	0.3807854375	0.390524375	0.089230453125	0.23166103125	0.40478359375	0.34717665625	0.17169675	0.36248065625	0.129787078125	0.300586625	0.5431475	0.226545203125	0.20424859375	0.1568916875	0.227190375	0.119105375	-0.11136353125	-0.187041875	-0.1565231875	0.40407975	0.207392578125	0.251179859375	0.3075670625	-0.0739805078125	0.0478966640625	-0.157299296875	-0.182494921875	0.1712790625	-0.17482859375	0.110565125	0.3576015625	0.15682421875	0.15130615625	0.209401296875	-0.099177921875	0.32845478125	-0.15933109375	0.18483084375	0.27495165625	-0.17382765625	-0.16697503125	-0.2864549375	-0.2934824375	-0.117873789062	0.100709320312	0.15160628125	-0.096565453125	0.117095851562	0.197620828125	0.1535296875	-0.111533179687	-0.258742484375	0.117827976562	-0.37995478125	0.29603315625	-0.160141484375	-0.07908615625	-0.106900171875	-0.19324615625	-0.0718590234375	0.3486675625	-0.084969125	-0.228339109375	-0.102669132812	-0.2920276875	-0.082595125	0.098301234375	0.1873160625	0.0590614023437	-0.19595759375	-0.2761135625	-0.32031290625	-0.2713926875	0.13999071875	0.2362195625	-0.115644320312	0.22226303125	-0.26957115625	-0.17260665625	0.30652534375	-0.130942890625	-0.32565040625	-0.11906428125	0.35644596875	0.065502625	0.155139546875	0.100011039062	-0.221352875	-0.131433	0.1669606875	-0.173632421875	-0.234789984375	0.2741338125	0.21415946875	-0.267616875	-0.070061828125	0.21859225	-0.2897279375	-0.1296655	0.32205040625	0.224304296875	-0.39481978125	0.078444046875	0.0682854765625	-0.41924496875	-0.26760153125	-0.32313046875	-0.12442403125	-0.212996515625	-0.160018984375	0.1703746875	-0.155185546875	-0.27385103125	-0.077814328125	-0.13870946875	-0.114304570312	0.064862875	-0.193180546875	-0.226699609375	0.26589690625	-0.11728334375	0.142412421875	0.105146273437	-0.28814753125	0.2471488125	0.103979328125	0.181816546875	0.2801119375	-0.2889863125	0.11615234375	-0.1741476875	0.104689460937	-0.226894359375	0.0531861171875	-0.162851890625	0.25303909375	-0.221186875	0.32307340625	-0.165672609375	-0.113956523437	0.121296789062	-0.29377221875	-0.131431953125	-0.221361078125	-0.0938106015625	0.140433	0.23929790625	0.187122609375	-0.2358665625	0.2870080625	0.27981046875	-0.23630984375	0.41483790625	0.0974352265625	0.12788571875	-0.28797740625	0.14956315625	0.101216476562	-0.211795421875	-0.0989765234375	-0.2263448125	-0.2316470625	-0.25504946875	-0.076424046875	-0.12732034375	0.180304375	-0.21650290625	0.199619515625	-0.1911864375	0.05947540625	-0.201411765625	0.174795234375	-0.283463125	-0.22431615625	0.24617096875	0.115331476562	-0.13334378125	-0.054674359375	0.1604974375	0.0768006875	0.17310759375	-0.0944083046875	-0.301717375	-0.27068703125	-0.16159675	-0.10184109375	-0.172985046875	-0.102354203125	-0.150850109375	0.2008828125	0.15233128125	0.104456085937	-0.24743378125	0.082875765625	-0.113148492187	0.3140305	0.116360992187	-0.201585546875	0.097227015625	-0.34590515625	0.2696165625	0.089131703125	-0.36097546875	0.0897966640625	-0.249519	0.0391185546875	-0.1512721875	-0.2349909375	0.08793890625	0.200539	-0.226556453125	0.1345346875	0.0230521914062	0.28186634375	-0.34369153125	-0.25522828125	-0.17125390625	0.11343746875	-0.194353359375	0.18500690625	-0.2830455	0.0513785742187	0.18406465625	1.6	0.12	0.0111	0.0012	0.202494302256
77	113	251	6.153638	0.159167890625	-0.35278728125	0.129359296875	0.117925320312	-0.26296475	-0.177701078125	-0.0954250625	0.189999640625	-0.31035934375	-0.0908502578125	-0.1812604375	-0.1586245	-0.2823445625	-0.168766640625	0.0699411875	-0.2318446875	-0.120723703125	-0.48128125	0.0970948359375	-0.262026015625	0.0996799765625	-0.29457153125	-0.17009921875	0.18542175	0.201088609375	-0.2903050625	-0.17626290625	-0.101369492187	-0.25056290625	-0.138733203125	-0.233774796875	0.0618246601562	-0.20425578125	-0.22534790625	-0.102655421875	-0.2510833125	-0.29957003125	0.14114834375	-0.26967415625	-0.28520740625	-0.20050940625	-0.123081414062	-0.19633865625	-0.3603295	0.22702015625	0.033900546875	0.0950120703125	0.122984304687	-0.178117625	0.16195078125	0.173597078125	0.201296359375	-0.22252340625	-0.18281984375	-0.27363328125	0.2732185625	0.067684796875	-0.39156965625	0.1953788125	0.2229020625	0.238599359375	-0.18026078125	-0.1634851875	0.120362390625	-0.147343375	-0.0460181992187	-0.0870099140625	-0.28387053125	-0.18567021875	0.14875234375	-0.23170946875	-0.187217828125	0.11842934375	-0.144863203125	-0.1837291875	-0.28673484375	0.13805146875	-0.25294571875	-0.4361995625	-0.234267484375	0.119442671875	-0.26873975	-0.20590684375	-0.38492903125	-0.21522784375	0.085482953125	0.29441571875	0.105633046875	0.184590609375	0.0298183554687	-0.201476546875	0.208530015625	-0.3726535	-0.167650796875	0.0784066171875	0.181538546875	0.041751359375	-0.3568979375	-0.17329546875	-0.188052984375	0.150601484375	0.29803890625	-0.223992828125	0.079377390625	0.34647878125	0.172358234375	-0.28624940625	0.3008286875	-0.3045330625	0.1214003125	-0.39993646875	-0.4041281875	0.187094234375	0.0358506640625	-0.1406033125	0.127043984375	0.124240234375	-0.123569242187	-0.0211843515625	-0.0920529296875	-0.22398990625	0.154122203125	0.117985828125	-0.245451640625	-0.174770734375	0.106029992187	-0.214817875	-0.10562659375	0.202913515625	-0.11825009375	-0.167059078125	-0.24988521875	-0.27310565625	-0.15611178125	-0.2352716875	-0.128673007812	-0.180939359375	-0.072068703125	0.27530584375	0.226431671875	-0.215912203125	0.118540515625	0.0768900390625	-0.19728428125	0.114882773437	0.134301546875	-0.112959320312	0.0785303671875	0.147188765625	-0.17476634375	-0.237278375	-0.137858203125	-0.079812875	-0.146985984375	-0.122558132812	-0.148998765625	0.0714012578125	-0.211358796875	-0.25855190625	0.1605116875	0.21567753125	-0.21509709375	0.173267265625	-0.127188765625	0.04746721875	0.16905778125	-0.1860610625	-0.253639359375	-0.31047803125	0.21477234375	-0.106635804687	-0.33736565625	-0.26305953125	0.10019990625	-0.0963204296875	-0.219964484375	-0.18634753125	-0.3198500625	-0.2532826875	-0.175721859375	-0.197582109375	-0.36656259375	-0.2826875625	0.204878796875	0.2703123125	-0.100581984375	-0.149824375	-0.307967125	-0.274161375	-0.153504296875	0.120552976562	0.15791396875	0.121062609375	-0.2577481875	0.086290578125	-0.208145171875	0.0516467109375	-0.1141051875	-0.26327928125	0.112261195312	-0.148837515625	0.184519875	-0.185293515625	-0.257654140625	-0.18709771875	0.2689559375	0.230099609375	0.07506078125	0.0568467460937	-0.157903875	-0.264798625	-0.1049353125	-0.118201828125	-0.2440678125	0.236542734375	-0.218989484375	-0.2781353125	-0.0822710625	-0.0643268515625	-0.223975984375	-0.068094953125	-0.14738053125	0.0309871367187	0.196848796875	-0.117950234375	-0.111052453125	-0.214164609375	0.2734399375	0.1542475	0.1101174375	0.2661844375	-0.0517595351562	0.175411953125	0.21533575	0.31089628125	-0.257538921875	-0.29355134375	0.06611990625	0.247753921875	-0.126006007812	0.257382390625	-0.120439023437	0.291298875	0.2204215625	-0.3497363125	0.21529053125	-0.1913886875	-0.0546117734375	-0.45660278125	-0.149864515625	6.15	0.22	0.3	0.4	0.206901167013
78	80	251	9.091236	0.29976603125	0.221005578125	0.2601834375	0.4076409375	0.26558353125	0.3389154375	0.2868613125	0.115184296875	0.37565540625	-0.109230289062	0.233205796875	0.37948915625	-0.29290946875	0.30715784375	-0.0643171875	0.261223359375	0.2126115625	0.39558978125	0.3135270625	0.29317921875	-0.192041296875	0.220017453125	0.5846806875	0.184319203125	0.2461739375	0.311390875	0.32824175	0.2159424375	-0.32733725	-0.0668745078125	-0.234962390625	0.2276389375	0.34603959375	0.2913585	0.22582953125	0.38380525	-0.14882715625	0.33129946875	0.34604096875	0.099986	0.13239865625	-0.203569953125	0.2543081875	0.353491	-0.16399759375	-0.1967499375	0.1943573125	-0.090706828125	0.370398875	0.1351429375	0.1172198125	0.19551571875	0.23891453125	0.36723134375	0.1452729375	-0.155955296875	0.1863323125	0.165154375	0.101618257812	-0.296563125	0.219683265625	-0.142425125	-0.242161046875	0.3043304375	-0.122080125	0.21963321875	-0.2630919375	0.37092578125	0.10405371875	0.273977	0.34559175	0.22502346875	0.0996233125	0.23378715625	0.32256503125	0.3414553125	-0.153418375	0.38773715625	0.37232328125	0.2322825625	-0.2130285625	-0.29025171875	-0.123685140625	0.27169675	0.167233953125	0.0891921640625	0.222211609375	-0.145454515625	0.51072434375	-0.38693834375	0.148217796875	-0.072597375	-0.07227425	0.157844734375	0.249083671875	0.3054174375	0.160723703125	0.31984340625	0.4320438125	0.193846828125	-0.090862734375	-0.168908796875	0.203028484375	0.267459375	0.086454375	0.20756534375	-0.21244940625	0.20254703125	0.2724905	0.31591034375	0.356530875	0.201805703125	0.15876821875	-0.05848065625	0.170814296875	-0.122231664062	0.28571159375	-0.18807225	-0.2637303125	0.264176	0.166060421875	0.20737321875	0.173230265625	0.172869171875	-0.226558296875	0.223236875	0.3424606875	0.2086350625	-0.255693703125	0.0959062734375	0.17476296875	0.2735948125	0.279132625	0.2543375	0.23927040625	0.0799785234375	0.225483859375	0.1589468125	0.14329003125	0.29750384375	0.090711046875	-0.130140617187	0.258025734375	-0.121420265625	-0.224794921875	0.124171882812	0.29563896875	-0.289655	-0.12723946875	0.296058875	0.155080609375	-0.0131707011719	0.109600226562	0.30868428125	-0.2114438125	0.27473765625	-0.0896114765625	0.562205	0.099191078125	0.184472609375	-0.064305234375	0.31919003125	-0.157149625	0.18093246875	0.238853921875	0.314768375	0.172250171875	0.4009124375	0.174848015625	0.20582221875	-0.0690440234375	0.2780885625	0.153470734375	0.38517396875	-0.0592906640625	0.220387203125	0.24184596875	-0.0595397070312	-0.30207734375	0.13956790625	0.32221940625	0.31249565625	-0.217602890625	0.21704796875	0.36776328125	0.18090140625	0.39826484375	-0.245045140625	0.154028015625	0.135387546875	-0.21027096875	0.28308515625	0.213346203125	0.28657503125	0.126633328125	0.22678875	0.1443898125	0.069705984375	0.2329505	0.2918723125	0.31673821875	0.3159784375	0.2962725625	-0.4306415625	0.2573006875	0.240664609375	-0.1530945625	0.34597815625	0.13386678125	0.3068495	-0.11186153125	0.126045820312	-0.3969608125	0.0952534921875	0.20289234375	0.136396625	0.18137709375	0.16470671875	0.3835315625	-0.4623721875	0.0989623359375	-0.088198140625	0.14129325	-0.132795484375	0.14981034375	0.192453609375	0.153816953125	-0.27977609375	0.230370703125	-0.1105135	0.260029015625	-0.134794265625	0.3227238125	0.223058125	0.352456125	-0.14772596875	0.20929909375	0.10232634375	0.22712140625	0.250827015625	-0.2397815	0.18651009375	-0.037240375	0.4184274375	0.223913125	0.30897809375	0.33546984375	-0.237207703125	0.238275625	0.253187375	9.09	0.25	0.203	0.03	0.245479880448
79	124	251	4.11735775	2.445168	2.67414925	2.6003945	2.359844	2.5152245	2.391604	2.35095975	2.457003	2.22889975	2.307242	2.424721	2.197933	2.145531	2.08586875	2.2350205	2.10020325	1.981860375	2.150232	2.1284135	2.24439275	2.18748675	2.089065125	2.16600175	2.431159	1.997443625	2.1947575	2.050950125	2.1991215	1.924141875	1.9676585	2.16565975	1.974704375	2.035283875	2.123832	2.061981625	2.22560225	1.837956125	1.845003125	2.038090375	2.29744125	1.942057625	2.070343	2.046815	1.816239	2.085313375	2.044976625	2.031931875	2.000786875	2.208422	2.18803275	2.23589625	2.12297675	2.035029125	1.8195665	2.0307565	1.806246625	1.83591225	2.043961625	1.6395585	2.1444005	2.027673875	1.93766925	1.874035	1.805113125	1.78519575	1.993504375	1.829887875	1.965911125	2.16451425	1.855991125	2.060012	1.897195875	1.995159625	1.92552	1.744390375	1.94865	1.794321125	2.037970375	2.090535125	1.90266475	1.8856505	1.8518425	2.2312545	2.105345	1.906939	1.942652375	1.834409625	1.817060625	2.072852625	1.9390895	1.923060875	2.0304435	1.84043125	1.940578625	1.9633905	2.0356145	2.108294	1.949452875	1.86529275	1.924005625	1.979421875	1.845531	2.035434375	1.73497825	1.871413	1.91940925	2.1813915	2.0145165	2.067493375	1.78972975	1.904517625	1.904443375	1.830225	1.65781075	1.933272125	1.615105	1.945931875	1.761978125	1.745885125	1.9478585	1.85847025	1.8585955	1.855871125	1.888555125	1.73417625	2.0583145	2.07758275	1.830992125	2.010003125	1.8804285	1.848573375	1.681812625	1.91241525	1.645903125	2.035509625	2.059658875	1.63972675	1.915551	2.07712125	1.903635	1.707850625	2.037410625	1.972566375	1.918457375	1.84302075	1.6515105	1.793152875	2.15407275	1.782565	1.86787225	1.54063025	1.946579625	1.850431	1.76319575	1.582391875	1.94546825	1.83656875	1.7774355	2.009014	1.868804	1.9983875	1.837528125	1.840057125	1.881707125	1.999591875	2.086567375	1.77461075	1.95514125	1.96843775	1.784957125	1.828709125	1.85260375	1.994366	1.812634875	2.017294125	1.855834125	2.1473045	1.981585	1.899491375	1.84093025	2.132213	2.0123225	1.931892125	1.74292225	1.966936	1.834705625	2.009679375	1.935734	1.9053945	1.855859375	1.72166925	1.868658	1.875280125	2.00956175	1.817021375	1.7586745	1.74063625	1.822368875	2.32596575	1.518373125	1.788074375	1.83991675	1.624881	1.86659525	2.000106625	1.947509375	1.921982375	1.97784575	1.973598	1.993814875	1.826426375	1.985854375	1.848691125	1.664363375	1.6527845	1.875469375	1.738865375	1.846713375	1.87840975	1.680704375	1.841090875	1.67217825	1.85742825	1.8189255	1.881615375	1.9207375	1.688467625	1.86812425	1.761281125	1.8708065	1.838630375	1.73921575	1.828654375	1.7742045	1.936153875	1.922639875	1.885392	1.87904375	1.944305375	1.992821875	1.880117	2.107023	1.7972645	1.5401595	1.7387055	1.936622	1.844247375	1.764246125	1.654493125	2.161826	2.175	0.026	1.71E-4	1.6E-5	0.196972434487
80	70	251	2.57441825	-0.140035140625	0.084178515625	0.118529570312	0.057299578125	-0.15259765625	-0.211319640625	0.252266484375	-0.107512226562	0.209661421875	-0.195523515625	-0.11085228125	0.31926528125	-0.179120671875	0.164283015625	-0.1140386875	0.190583828125	-0.123154648437	0.0986248125	0.07453015625	-0.23344725	0.0899966953125	0.08011634375	-0.195463703125	0.111381578125	0.0876993515625	0.156944453125	0.116146992187	0.083309625	0.158091234375	-0.202274109375	0.0478970703125	-0.1501315	-0.112480007812	-0.09380503125	0.0668068515625	-0.063606671875	-0.0905881171875	0.0620239765625	0.05605753125	0.124791289062	-0.2817523125	-0.256263421875	-0.14837028125	0.33325615625	-0.156855171875	0.090018984375	0.154886296875	-0.159024953125	0.08625665625	-0.1427899375	-0.217444953125	0.0888907109375	-0.113020179687	-0.153956328125	-0.23661459375	0.073165015625	-0.147428390625	-0.143445015625	-0.0936910390625	0.0772870390625	-0.14170509375	0.27176840625	-0.256851453125	-0.25848021875	-0.271457125	0.10845771875	-0.191479015625	-0.08613615625	-0.114716625	0.2579283125	0.156157125	-0.0488262734375	0.1390918125	0.118390609375	0.105197625	0.2059584375	-0.121585296875	0.120585109375	0.0912261171875	-0.156037875	-0.2479418125	-0.1569998125	-0.0809452265625	-0.32616996875	0.200499203125	-0.100301710937	0.237755875	-0.28422940625	0.0678468984375	0.30520459375	0.20181190625	-0.15094696875	-0.1932816875	0.126313414062	-0.0702607265625	-0.189089234375	0.116473085937	0.0872524921875	-0.203747578125	0.156617265625	0.106706164062	-0.132046890625	0.15168753125	-0.0687057734375	-0.085778640625	0.20672515625	0.167106625	0.224997765625	-0.227422515625	-0.18609165625	0.059598765625	-0.180588578125	0.0615556289062	0.0470874179687	-0.178079640625	0.103148875	-0.170813640625	-0.177570734375	-0.200436296875	0.049195703125	-0.0752167578125	0.0939410703125	-0.152605640625	0.1050588125	0.15545459375	-0.13232346875	-0.178965421875	-0.189568921875	0.305389125	-0.115981453125	-0.1055521875	-0.14897596875	-0.237460109375	-0.201669203125	-0.13952571875	0.124054664062	-0.3024495625	-0.18445959375	-0.13745140625	-0.120786203125	-0.3611290625	-0.0960041953125	0.208409328125	0.149493625	-0.035633984375	-0.193063578125	0.02877353125	0.0507259921875	-0.19127578125	-0.12392634375	-0.138529078125	0.148442703125	-0.2690974375	-0.220502796875	0.112977632812	0.13586025	-0.3062641875	-0.2484981875	0.285079375	0.0959677734375	-0.10809934375	-0.103643804687	-0.10047425	0.163176703125	-0.143406640625	-0.296051625	-0.115595671875	-0.12470528125	-0.23218246875	-0.134148140625	-0.148926296875	0.11071115625	-0.15531425	0.110417539062	-0.0610455390625	-0.14900140625	0.158430421875	-0.158207890625	0.0805668515625	-0.135827703125	0.3188804375	-0.066874171875	-0.065657203125	-0.12739915625	0.2529720625	-0.118011585937	0.0570222148437	0.20886315625	0.2529636875	-0.12698475	-0.18759375	-0.14902315625	-0.1027886875	0.113758375	-0.21400890625	0.07867378125	-0.126347507812	0.0525464414062	0.16121434375	-0.19923565625	0.0926893203125	0.136259015625	0.0667970859375	0.103912578125	-0.19161409375	-0.24195890625	-0.19317496875	-0.1532855	-0.2601570625	0.121206429687	-0.119837289062	-0.0608077578125	0.0753338203125	-0.112561734375	0.30085140625	-0.2290239375	0.11186753125	-0.0363909257812	-0.206558296875	-0.20069534375	0.27304565625	0.1554756875	-0.231655921875	0.0906091171875	-0.2136385	0.14338328125	-0.137581390625	0.2475263125	-0.09719015625	-0.27604015625	-0.069939640625	-0.114419859375	-0.19650940625	-0.079459984375	-0.19726878125	0.211702078125	0.121375640625	0.093491015625	-0.207550078125	-0.102512007812	-0.117557164062	-0.0412101523437	-0.0640644023437	0.19158465625	-0.28729390625	-0.221721984375	0.0820409765625	-0.1299823125	-0.154476703125	0.149133625	2.57	0.09	1.8	0.0	0.166908947635
81	31	251	3.225492	-0.246588734375	-0.0903904921875	0.198162125	0.236281734375	-0.0634192578125	-0.119717953125	0.3671669375	-0.183164921875	0.218897015625	0.040573046875	0.30569559375	0.247019	0.2613790625	-0.197387140625	0.215067234375	0.205847265625	0.166445390625	0.12874534375	0.14634971875	0.10526246875	-0.253879875	0.46303021875	-0.22552365625	0.0911809453125	-0.21002434375	0.2105546875	-0.158031328125	0.160668953125	0.206553421875	0.28448884375	-0.38299340625	0.25792790625	0.158940015625	0.161101875	0.166219546875	0.39023396875	0.42420303125	0.30619640625	-0.125154367187	0.0643414921875	0.548131625	-0.116268773437	0.3789141875	-0.222288203125	0.200366734375	0.33599703125	0.233465609375	0.23131546875	0.161281375	0.1386701875	0.16488225	-0.171334453125	0.141194296875	0.254081453125	-0.160648359375	-0.1979850625	0.222500984375	-0.1889598125	0.135361109375	-0.1017264375	0.161122578125	-0.215320890625	0.15123428125	0.228673515625	0.09874084375	-0.238468359375	0.35010703125	0.15122434375	-0.166078859375	-0.096147515625	0.45927284375	0.184754484375	-0.15612453125	0.19490121875	-0.231615625	-0.2568003125	0.172469125	0.11591284375	-0.079758	0.233311734375	0.1594049375	0.18289928125	0.40624971875	-0.185899375	0.26660378125	0.100372546875	0.14062434375	0.40115821875	0.190340625	-0.1017635	0.259056421875	0.158572875	0.126512023437	0.38324825	0.26477865625	0.2904805	-0.29773396875	0.2756495625	-0.211162296875	0.184422296875	0.177397203125	0.267757	0.164689390625	0.20017409375	-0.0470803828125	0.13123596875	0.208701421875	0.23582646875	-0.251243578125	0.187112984375	0.13158240625	-0.19769153125	0.16224534375	0.120321054687	-0.2640024375	0.16622425	0.1006773125	-0.00691184667969	-0.115769914062	0.117756859375	0.28858925	-0.168224046875	0.25416684375	-0.1348523125	0.185939125	-0.1237789375	-0.117448804687	0.0983388671875	0.27526546875	0.18556625	-0.197048875	-0.226762890625	0.0676331171875	0.3311075	0.224477296875	0.0754207421875	0.156216140625	0.128132804687	0.219539265625	0.120962195312	-0.105348023437	-0.183902625	0.28908478125	0.39147178125	0.153609796875	0.1727434375	-0.15297115625	0.4167241875	0.278184375	-0.184319859375	0.223012859375	-0.097614859375	0.2475184375	0.31293803125	0.39580009375	0.1903026875	0.0939415546875	-0.27494728125	0.18607709375	0.378968375	0.312005625	0.31009609375	0.2761198125	-0.255680203125	0.113673203125	0.22400975	-0.0836353046875	0.3121469375	0.13816628125	0.107936648437	0.167124625	0.142226625	0.107068	0.228218546875	-0.212915734375	0.224959203125	0.112306828125	0.204341421875	0.249393	0.146589109375	0.105504679687	0.187076125	0.1571964375	0.29655375	0.26995275	-0.174489640625	0.06769325	0.12593515625	0.1814925	0.058813	0.149900890625	0.33428740625	-0.21176390625	0.2315564375	0.21462196875	-0.1973898125	0.26406371875	-0.09186375	-0.112091742187	0.2079684375	-0.0820447109375	0.171718796875	0.148798703125	0.2701044375	-0.146692390625	0.158803296875	-0.25319596875	-0.185771734375	0.37729090625	-0.09463625	0.20296190625	0.2334431875	0.121773546875	0.130548203125	0.044850953125	0.139120984375	0.2638776875	0.2127376875	0.238469328125	-0.202145515625	0.255085625	0.17886125	0.094275953125	-0.049841515625	0.110971898437	0.23632671875	0.188517140625	0.26634271875	0.525264625	0.46386859375	0.114290164062	-0.2932275625	0.163414984375	0.389996625	0.25309403125	0.220019859375	-0.16876428125	0.162293578125	-0.10233971875	0.211011046875	-0.28353390625	0.16987821875	0.0978526796875	0.22211165625	-0.11345446875	0.159535671875	0.186840265625	0.177185234375	0.31517484375	0.3214966875	0.143	0.04	2.9E-4	4.1E-4	0.275575663354
82	114	251	3.71035125	0.104000414062	-0.17376065625	-0.26541259375	0.19555909375	0.106201078125	-0.16880584375	-0.123176539062	-0.218772265625	0.080729734375	0.27577478125	0.29881659375	-0.129331023437	0.2148490625	-0.142392	-0.178001046875	-0.0807832734375	0.208320453125	0.105976171875	-0.08547578125	-0.382738875	-0.29424746875	0.173158484375	0.14989384375	-0.164266109375	-0.3552361875	-0.0639611289062	0.31333721875	0.124442265625	-0.159523484375	0.25939353125	-0.1326746875	0.130320851562	0.0857797265625	-0.19701021875	-0.25503021875	-0.143035890625	-0.3486304375	-0.209254890625	-0.26731484375	0.193891109375	-0.1796615	-0.26868921875	-0.43136790625	-0.24491353125	-0.228153875	-0.218684234375	-0.19014684375	-0.172022875	0.2054589375	0.16651165625	-0.109414539062	0.0588150078125	-0.194353984375	-0.127883875	0.088652125	-0.2261261875	0.261312625	0.151185359375	0.17518921875	-0.236293078125	-0.099154171875	-0.098582390625	-0.222912171875	-0.33976253125	0.214394453125	-0.240704375	0.1379178125	-0.30074409375	-0.2203286875	-0.168604671875	0.145437609375	-0.111327734375	0.0735085234375	-0.186742546875	0.09053809375	-0.0729846796875	-0.26822496875	-0.38661728125	-0.21364984375	-0.3363466875	-0.165667234375	0.3148736875	0.15414178125	0.2288314375	-0.0741418515625	0.157435578125	0.122833132812	-0.232621625	0.168513734375	-0.26223953125	0.30959934375	-0.259783125	0.056781546875	0.110431835937	-0.24326584375	-0.24745853125	-0.20901725	-0.16632671875	0.1349686875	-0.148827015625	-0.215036015625	-0.29368640625	0.100608320312	0.37143709375	0.27541675	-0.2692488125	0.117337359375	0.160412234375	0.3439833125	-0.244637296875	-0.0797935546875	-0.110289070312	-0.155037015625	-0.119868765625	0.21797190625	-0.0438143398437	-0.191980953125	0.208175609375	-0.26821659375	-0.185316484375	-0.21265909375	0.3154550625	0.2086855625	-0.25571421875	-0.262048421875	-0.146961390625	-0.218523578125	-0.141299125	-0.3245858125	0.121511953125	-0.082875625	0.122029429687	0.201130140625	0.2942305625	-0.20438059375	0.226050046875	-0.226170484375	-0.24856140625	-0.249606546875	-0.291071	0.1100685	0.0473092265625	-0.35736128125	0.206188546875	-0.16762646875	0.18889146875	-0.15669259375	-0.101728070312	0.3552305625	-0.188391546875	0.181534984375	-0.1518368125	-0.31967328125	-0.12176478125	0.114155351562	-0.15222146875	0.141186015625	0.15792553125	0.126264523437	0.22129225	0.23737615625	-0.141479828125	0.125890992187	0.1064625	0.26426496875	-0.180046671875	0.35282946875	0.09244665625	-0.152462171875	0.1999235625	-0.16056278125	0.17570375	-0.188127875	0.119615976562	-0.219339140625	-0.0994846875	0.0676087421875	0.25295234375	-0.33137846875	0.119183585937	-0.242574390625	-0.160915703125	-0.224328265625	0.14550965625	0.103702195312	0.0548547851562	-0.2564998125	0.080872796875	0.0996161640625	0.353581	-0.0871950859375	-0.150243921875	-0.125399625	0.41696371875	-0.1485026875	-0.22437815625	0.12680565625	0.177169265625	0.249686609375	0.22445503125	0.370790375	0.26573803125	-0.3743234375	-0.33106478125	0.144599171875	0.112448507812	-0.165806375	-0.21928165625	0.23292275	-0.16762146875	-0.162037578125	-0.122612578125	0.21286775	0.132716375	0.14477809375	0.196724640625	-0.251504046875	0.112216203125	-0.179387390625	-0.220876734375	0.28902359375	-0.235577796875	0.0821868671875	-0.2490725	-0.11121271875	0.26365803125	-0.193309484375	0.06265625	0.122927734375	0.208353375	0.20032015625	0.11677590625	-0.1620226875	-0.0856376640625	-0.245523453125	-0.242331046875	0.150918515625	-0.108685953125	0.115263445312	0.113621890625	0.27482884375	0.1888539375	-0.142934234375	-0.129691414062	-0.204857421875	0.42520909375	-0.13745771875	-0.078995890625	-0.12198078125	-0.261652921875	3.71	0.2	0.3	0.5	0.207159108619
83	112	251	3.0575935	1.226119125	0.54719725	0.7631760625	0.726626375	-0.40106671875	0.426125875	0.357228625	-0.121232171875	0.08205621875	-0.31614446875	0.313029	-0.178506328125	0.135795171875	-0.168637515625	-0.34712415625	0.0566505742187	-0.13852253125	0.22073821875	0.113259835937	-0.187355859375	0.3453608125	0.0665860390625	-0.1507558125	-0.2730431875	-0.25407415625	-0.171515	0.26883765625	0.158820140625	-0.29951246875	0.20003240625	-0.13126440625	-0.16418246875	0.228269453125	0.346146375	0.161091	-0.123107164062	0.131847265625	0.0842818046875	0.205152078125	-0.103181515625	0.161293875	-0.0893616328125	-0.0279668691406	-0.134858609375	0.195511359375	0.189126953125	0.16139371875	-0.198959796875	0.14276275	-0.176225015625	0.205829640625	-0.2932039375	0.0736963359375	0.1280756875	-0.105700304687	-0.0939729921875	-0.38188178125	-0.06520228125	-0.29101125	-0.10083396875	-0.137388015625	-0.260815609375	-0.163188609375	-0.242569	0.072714109375	-0.26553853125	-0.32676540625	0.22879990625	-0.27265740625	-0.185150109375	0.121575625	-0.3164915	-0.170846640625	-0.187601953125	-0.16221340625	0.125839484375	-0.1083684375	0.143687234375	-0.198956609375	0.096791125	0.27612971875	0.2180029375	0.2731489375	-0.14842459375	-0.241435796875	-0.3173171875	-0.222208625	0.2328604375	-0.339236125	0.231708703125	-0.38468603125	-0.28409421875	0.296352125	-0.188411046875	-0.244071203125	0.229178	-0.069001734375	-0.0865044296875	0.130999453125	-0.3537146875	0.26324825	-0.108544632812	-0.14775903125	-0.15539571875	-0.20436365625	0.14119003125	0.129595265625	-0.32873140625	-0.0913006015625	0.195866609375	0.185613671875	0.244379203125	-0.238630078125	-0.1528074375	-0.2784596875	0.28384025	-0.174951125	0.17027478125	-0.45292978125	-0.213087171875	-0.213802859375	-0.117130234375	-0.43040653125	-0.352086875	-0.121698179687	-0.20579734375	0.21557621875	-0.114825742187	0.17575325	0.126996101562	0.31331503125	0.189468140625	-0.380804875	-0.1843891875	-0.143900015625	0.135517546875	0.18024746875	-0.3121421875	-0.160716375	0.0772935546875	0.110975226562	0.234869328125	0.108243773437	-0.2757085625	-0.3519349375	-0.226314359375	-0.1906309375	0.31130796875	-0.231095046875	0.122612390625	-0.24088871875	-0.172439671875	0.29304903125	-0.137808734375	-0.305924625	-0.1986793125	-0.171929234375	-0.184234921875	-0.31437415625	0.1202479375	0.196097171875	0.190645625	-0.165580734375	-0.254613984375	0.2260875	-0.218320578125	-0.14237525	-0.149430484375	-0.232868671875	0.196041140625	-0.2088526875	-0.28426703125	-0.204397671875	0.21387709375	0.15839003125	-0.17051278125	0.143746859375	-0.21580496875	0.2815394375	-0.174974671875	-0.227521140625	0.098066	0.0751322578125	-0.26595378125	0.190466140625	-0.104979226562	0.15316615625	-0.196203046875	0.16296190625	-0.171531546875	-0.25215346875	-0.178035640625	-0.207513359375	0.2268409375	-0.2671985625	0.2771578125	-0.1656594375	0.2932121875	-0.3707716875	-0.218800921875	0.0586327734375	0.295175625	0.2829165	0.4309338125	-0.20127721875	0.232557828125	-0.2125686875	-0.210854	-0.18861303125	0.250659421875	0.52050434375	0.0574542109375	-0.120183828125	-0.35264446875	0.299689	0.0534819765625	0.218006046875	-0.39460559375	0.11624615625	-0.125166554687	0.17274134375	-0.113555828125	0.160060125	0.3052453125	-0.1464468125	0.21516940625	0.0716332421875	0.1901760625	0.105438960937	0.235506640625	-0.0817594765625	0.13333278125	-0.253098125	0.141988078125	-0.2337495625	0.209106046875	-0.31540421875	-0.12350909375	-0.1880813125	-0.130937148437	0.159746484375	-0.257731390625	0.129768085937	0.120459921875	-0.0847474296875	0.087973171875	-0.2771461875	-0.254494421875	0.215078640625	0.0825414609375	3.08	0.22	0.069	0.007	0.221320333708
84	152	251	4.00352125	1.115751375	1.0346985625	0.7651206875	0.583038	0.352596625	0.40716221875	0.182530640625	0.23025928125	0.164855984375	0.2937763125	0.1111481875	-0.17225659375	0.18699184375	0.32381325	0.0991278125	-0.2629579375	0.1402701875	0.128179328125	0.25013746875	-0.166728171875	0.3289844375	-0.3073890625	-0.10579615625	0.189041015625	0.116933953125	-0.2136398125	0.093835875	-0.29134225	0.214737171875	-0.4591568125	0.136130625	0.0125766162109	0.219015453125	-0.27594125	0.26888971875	-0.30880515625	-0.373077875	-0.41178490625	-0.184316296875	-0.146210609375	-0.21489321875	-0.215649015625	0.30500971875	0.188730546875	-0.2976494375	0.17509378125	-0.31447215625	0.217687453125	-0.238133734375	0.124157203125	-0.41874478125	0.28232534375	0.0978045234375	0.150942109375	-0.3121245625	-0.276193375	0.3097206875	0.203852046875	-0.22928809375	-0.06606234375	0.283723	-0.269178875	0.143879625	-0.176533078125	-0.213883046875	-0.07005625	0.235247984375	0.1333985625	0.168260703125	0.3089959375	0.0959633125	-0.171669515625	-0.100037328125	-0.163303671875	0.120390234375	-0.137096328125	-0.089303203125	-0.18327740625	0.335973125	0.2204998125	0.230157234375	-0.242559328125	0.14443834375	0.4007951875	0.0597355898437	0.165220078125	0.17481975	-0.28241925	0.142563734375	-0.31274121875	0.218795734375	-0.151876265625	-0.154542703125	0.147721125	0.159107828125	-0.194602984375	0.31515703125	0.0234644023437	0.169383	0.08645971875	0.111489554687	-0.3165038125	-0.3781085	0.28552153125	-0.326108875	-0.35219109375	-0.15581728125	0.0151978613281	-0.185034109375	-0.2139953125	-0.3002179375	0.10982434375	-0.1898776875	0.1804486875	0.126036085937	-0.147457015625	-0.1635314375	0.043519796875	-0.248952390625	-0.23493809375	-0.105308929687	0.114356382812	-0.208572046875	0.31198540625	-0.19494546875	-0.223424796875	0.122617875	-0.144408703125	-0.106266914062	-0.1354219375	0.19186978125	-0.17973715625	0.102670757812	0.0299016054687	0.36191690625	0.308191875	0.19846534375	-0.159447953125	0.30053653125	0.213985390625	0.117964960937	-0.2225185625	-0.20848828125	-0.140880046875	-0.248840765625	0.18395928125	-0.237259796875	-0.190465015625	-0.108398453125	0.285034	-0.2168378125	-0.125269015625	0.134333703125	-0.4364935	0.215465578125	0.1283108125	-0.15972209375	0.196514109375	0.0665446171875	0.112138804687	0.2160539375	-0.35090253125	0.123930140625	-0.0807785	0.178636765625	0.27707209375	0.25316340625	0.136467375	0.212221171875	-0.14336375	0.101237640625	-0.18352996875	0.127282835937	0.1715013125	0.2669194375	0.2421634375	0.104188414062	-0.250102015625	-0.25097965625	0.261354046875	-0.2656255	-0.101210679687	0.07803278125	0.0970799453125	0.156583453125	-0.073063328125	0.184747375	0.134654359375	-0.139289546875	-0.115313390625	-0.27038025	-0.128076757812	0.20967625	-0.089260125	0.185827203125	0.3304904375	0.20890275	0.28826171875	0.19736	-0.1838720625	0.261668640625	0.1479085	0.28713615625	-0.20139903125	0.2832795625	-0.2553563125	-0.248562703125	0.33505328125	-0.070900125	-0.26328175	0.1858108125	-0.185089796875	-0.193148484375	-0.067948046875	0.203828703125	0.108992671875	0.4230284375	-0.179921109375	0.07850228125	-0.1297955625	0.197098375	0.2874165	-0.2823175625	-0.0895488828125	-0.40637759375	-0.163632671875	-0.167874296875	0.114141929687	-0.172200265625	-0.319480375	-0.24813471875	0.1110570625	-0.104556882812	0.36578240625	-0.42026846875	-0.16611521875	0.0603531914062	0.127495421875	0.4185350625	0.13857740625	-0.29915275	0.241085234375	-0.0708617109375	0.223106	-0.27144628125	0.13313021875	0.217797359375	0.28729796875	0.236326671875	0.239528984375	3.94	0.21	0.068	0.005	0.216300911026
85		251	4.9296585	-0.24782134375	0.2494309375	0.2462224375	0.064464765625	0.276662	-0.304642125	0.2401915625	-0.1659315	-0.124531515625	-0.26635159375	-0.232759203125	0.191889203125	0.22980971875	-0.0861171640625	0.258325671875	0.100855820312	-0.227491953125	0.1852683125	-0.116714109375	-0.226967125	-0.163290859375	0.37550040625	0.24738275	0.255134453125	-0.340427375	0.258859703125	-0.110732265625	0.36056159375	0.3066938125	0.121143867187	0.11380528125	-0.131761390625	-0.239269921875	0.082685328125	-0.30058271875	0.227828671875	0.255954421875	0.221534453125	0.258002546875	-0.105729	0.28307896875	-0.0666003125	0.36268290625	-0.114329445312	-0.1728173125	-0.3532564375	0.213964203125	0.26496153125	0.163766703125	-0.0821002578125	0.195176640625	-0.35866353125	0.1534566875	0.0843776796875	-0.106100507812	-0.0966595078125	-0.2322978125	0.43642565625	-0.16114484375	0.1709016875	0.132430359375	0.13734196875	0.21770328125	0.25710709375	-0.0952270234375	-0.2251088125	-0.341694875	0.14246603125	0.27057090625	0.0825427421875	-0.124342492187	0.122711960937	0.3439935625	0.199245171875	-0.251934546875	-0.09522896875	0.234560546875	0.1562343125	0.14587290625	0.266686	0.32523709375	-0.101892445312	0.127976742187	0.2915666875	0.164817953125	-0.1427385	-0.19455346875	0.15654165625	0.26366553125	0.178194921875	0.196725078125	-0.1760046875	-0.156789765625	0.197208296875	-0.124192828125	0.2719915	0.41406553125	0.18352428125	-0.207324859375	-0.381422875	-0.097050328125	-0.34674575	0.260101765625	-0.23996359375	0.218834734375	0.13625275	-0.196486671875	-0.31400115625	-0.25099659375	-0.19302796875	0.170419	-0.183907890625	0.28898959375	0.348053875	-0.17134740625	0.0837396875	-0.18247328125	-0.0818061015625	0.258206234375	-0.0343396171875	0.165444375	0.18959428125	-0.28086134375	0.125695453125	0.137690453125	-0.192060859375	0.29756675	-0.112845515625	0.15932559375	-0.07191115625	0.3107221875	-0.1683584375	0.156161515625	0.28853925	0.20424553125	-0.225979046875	0.1493258125	0.161640640625	-0.07516984375	0.26729309375	-0.3232535625	-0.19956934375	0.29697859375	0.26365115625	0.3018098125	-0.19592165625	0.16947928125	0.213824984375	-0.214396515625	0.2674635625	0.2081129375	-0.2689055625	-0.0107783701172	0.131962828125	0.29944103125	0.227989015625	0.34463584375	-0.13416825	0.238417875	0.2486829375	0.2459719375	0.32839165625	0.1573736875	0.31261434375	-0.168946984375	-0.137034	-0.100518390625	0.35205275	-0.176687015625	0.21648303125	0.257552890625	0.17075078125	0.2205954375	-0.31274290625	0.13745159375	-0.2750369375	0.30993984375	0.26339384375	-0.279769375	0.26397628125	0.183240015625	-0.1393726875	0.316789125	0.168402375	0.25977759375	-0.12850896875	-0.160805609375	-0.125673039062	0.15454021875	-0.237169765625	-0.198121296875	-0.26155190625	0.0372029414062	-0.257633	-0.15157521875	-0.214730890625	0.117904046875	0.190547109375	0.17264471875	0.125078898437	0.0595324179687	-0.13152471875	-0.2065955625	0.101121460937	-0.2395405625	-0.20286725	-0.191202703125	0.153458609375	-0.0845663203125	0.194853890625	-0.13074928125	-0.206487296875	-0.238805296875	-0.20885690625	0.279011875	-0.2358195	0.25259259375	0.26833828125	0.207359203125	0.190824359375	0.28308853125	0.098816421875	0.28643328125	0.31156734375	-0.26484553125	-0.189893203125	0.3091528125	0.270800625	0.1430240625	0.27428540625	-0.197009328125	-0.25337703125	-0.2758583125	0.361851375	0.3656200625	-0.27665996875	-0.09311146875	-0.15739984375	0.38874146875	0.2719113125	-0.124945445312	-0.32057546875	-0.13295596875	-0.30971396875	0.23806409375	-0.0841088125	-0.0866216875	-0.112370445312	-0.261199265625	0.201408984375	4.93	0.14	1.8	0.0	0.223156816962
86	136	251	2.40494625	-0.191249671875	-0.27617490625	-0.11323559375	-0.0780321015625	-0.17375534375	-0.09243553125	-0.317129875	0.150353984375	-0.199546421875	-0.077888296875	0.07904828125	-0.0704635625	0.18874528125	-0.0968708828125	-0.3417590625	0.099516109375	-0.125293242187	0.151153953125	-0.126066492187	-0.43198371875	-0.31397409375	0.10533653125	0.0744170703125	0.12231075	-0.0404394453125	0.028207421875	0.15496259375	-0.0781448828125	-0.09908628125	0.11204740625	-0.1820943125	0.1314465625	-0.136640578125	-0.125162242187	-0.0794503359375	0.133885296875	0.134938375	0.105089101562	0.0774906796875	0.15213815625	0.35351425	0.0524898085937	-0.258242171875	-0.0447891953125	0.0827392734375	0.168033234375	0.103805140625	0.10433778125	0.12437646875	-0.0983667578125	-0.0307861484375	0.133211859375	-0.30924703125	-0.126899570312	0.110311320312	0.44942015625	0.082555578125	0.0384648398437	0.218238828125	0.2386308125	0.07555625	0.115068984375	0.117891203125	-0.0961548203125	-0.087781	-0.16099490625	0.190312921875	-0.1084776875	-0.1432393125	-0.191161859375	0.0646290039062	0.24545721875	0.15925415625	-0.11210915625	0.232441140625	-0.385216625	0.168315921875	-0.33689253125	-0.176140578125	-0.105903859375	0.28348353125	-0.0480860234375	0.0783587890625	-0.137208609375	0.071972578125	0.0508913242187	0.169484078125	-0.09420875	0.0979363828125	0.12228453125	-0.267563375	-0.1546878125	-0.16020696875	-0.203616109375	0.37273225	-0.31689453125	0.107864953125	-0.148551328125	-0.244165703125	-0.14372571875	0.160669484375	-0.2361624375	0.103459273437	-0.166679625	0.18305396875	-0.102046140625	0.136625453125	0.2144388125	0.20186584375	-0.13078675	-0.0589535234375	0.11614325	0.15953615625	-0.175816546875	-0.136993109375	-0.3422870625	-0.148080671875	0.2305874375	0.107726023437	0.0663586015625	0.0966787421875	-0.247689765625	-0.082978953125	0.072709421875	-0.0956077109375	0.10345596875	-0.0757979609375	0.14317828125	0.1589408125	0.2277768125	0.197409921875	0.204853625	-0.130942242187	0.129313546875	-0.34713134375	-0.116583984375	-0.191650109375	0.217964015625	0.14761346875	-0.155689796875	-0.20930415625	-0.192489765625	-0.1517035	-0.094008890625	0.125232	-0.08559265625	0.211590109375	-0.122508203125	0.109127578125	-0.118551898437	0.29134071875	-0.148865640625	-0.0706058828125	0.097477375	0.18014796875	-0.183392390625	0.17817903125	-0.155496359375	-0.21226315625	0.146567171875	-0.29464140625	0.0514153085937	0.0891182734375	-0.0437465039062	0.115358265625	0.116851953125	-0.174194359375	-0.0715528671875	-0.123962101562	-0.188858109375	-0.305698875	0.200096109375	-0.1167953125	-0.1150774375	-0.258043390625	-0.08830578125	0.26487709375	-0.206201796875	0.12625328125	0.200733984375	-0.1356995	-0.116317367187	-0.063508953125	-0.115698617187	0.217589453125	-0.11526290625	-0.21810134375	-0.0863499140625	-0.1493659375	0.136006296875	0.190712421875	-0.12773490625	-0.15169065625	0.0829586640625	-0.13111090625	0.0603502226562	0.10051075	-0.139611046875	-0.118501054687	0.229804015625	-0.164446734375	-0.24697046875	-0.14544415625	0.115722671875	0.0993458203125	-0.195876765625	-0.140781140625	0.054151890625	-0.078951609375	-0.15247778125	0.21217275	-0.3076996875	-0.0221570253906	0.130808765625	0.14525346875	0.192086640625	0.0283650390625	0.111580140625	-0.2028714375	-0.1235141875	-0.0415596953125	-0.1663938125	-0.08810671875	-0.0586315	-0.108075492187	-0.0653861601562	0.117470953125	0.163859671875	0.0698147421875	-0.290031	0.0442256914062	0.0511233515625	0.0951028671875	0.124937453125	0.1385571875	0.14583046875	0.120585015625	-0.0384356679687	0.163224625	0.24285596875	0.12665021875	-0.0768217421875	-0.105751710937	-0.22233696875	0.169146015625	0.2301164375	0.220644609375	-0.179580265625	-0.0622087265625	0.110653609375	2.4	0.12	1.7	14793.7	0.167801136447
87	72	251	3.05037625	-0.238598234375	0.125643734375	-0.1417521875	0.3170436875	-0.158372671875	-0.4017100625	0.23682609375	-0.211804609375	-0.13129675	0.14392625	0.12679803125	0.088038515625	0.31325525	0.42547196875	0.29206659375	0.13263434375	0.305959625	0.169337375	-0.1359645625	-0.14914090625	0.18578025	0.167770484375	0.16373978125	0.210831578125	-0.1320153125	0.125885796875	0.2688528125	0.242110984375	0.21863265625	0.185276765625	0.326595125	-0.212776109375	0.122781765625	0.26100125	0.2181936875	-0.26125240625	0.1443906875	-0.156757671875	0.45127815625	0.35668921875	-0.02894546875	0.218088578125	-0.0414846992187	0.0585026601562	-0.081977953125	0.305032125	0.18822321875	-0.253745671875	0.110290476562	-0.0841005234375	0.19011228125	0.35024303125	0.353355375	0.119968140625	0.4226955625	0.1947471875	0.095483046875	0.258723859375	0.169697375	-0.164761	0.116055242187	0.18909309375	-0.104513609375	0.319909625	0.43062146875	0.2898566875	0.539916	0.191056296875	0.204443703125	0.351581125	0.24273559375	0.2713051875	-0.131168640625	0.185796421875	-0.243823703125	0.15490203125	0.233309234375	0.373311875	0.3776133125	0.236741421875	0.42515378125	-0.364209625	0.173763140625	0.190080265625	-0.126377578125	0.286325625	0.35868353125	0.40813275	0.130828953125	0.39246665625	-0.205131484375	0.33447546875	-0.0926959140625	0.234162046875	0.0802109453125	0.26078740625	0.116486632812	0.313035875	0.206195296875	-0.0986005625	0.26902090625	-0.081600703125	0.329530625	0.192994484375	0.336529375	0.38695809375	0.24323790625	0.29454946875	0.1756105625	-0.169230265625	0.34552315625	-0.29610146875	-0.17759359375	0.3448655	-0.0264492539062	0.49633178125	0.35683209375	0.2818556875	-0.147522515625	0.353680375	0.151080875	-0.131394421875	0.350801875	0.33438740625	-0.192955171875	0.19076553125	0.4950089375	0.4125355625	0.26109175	-0.13161396875	-0.16162725	0.459322625	0.097140703125	0.13991959375	0.302379125	0.3343629375	-0.167206296875	0.254757984375	0.08177271875	-0.1619708125	0.40693353125	-0.1836565625	0.26740503125	-0.24350865625	0.2440731875	0.3160730625	0.258531375	0.3089278125	0.23873303125	-0.0992351875	0.35636709375	0.123630234375	-0.23904128125	0.295109	0.376741375	0.32051540625	0.328336	0.43558459375	-0.046076265625	0.36436803125	-0.119455726562	0.17406265625	0.204745671875	-0.0874038359375	0.2929443125	0.235494125	0.31743321875	0.35147978125	0.39612721875	0.26453790625	-0.071278265625	0.4737959375	0.255263578125	0.3852890625	0.29580875	0.156952765625	0.224041859375	0.201996640625	0.194106	0.17906303125	-0.19202971875	0.212314109375	0.26669121875	-0.125522046875	0.3256200625	-0.220013390625	0.3104336875	0.39179025	0.316180375	0.208441625	0.30825415625	0.316471	0.33649215625	0.2531315625	0.158578453125	-0.153825125	0.446267125	0.212526625	0.17972115625	-0.28612465625	-0.256304171875	0.46916675	0.4784036875	0.20828771875	0.27358225	-0.251862609375	0.289277375	0.3880699375	0.132054375	0.30750603125	0.35124915625	-0.20467765625	0.35709875	0.070930609375	0.195630515625	0.2935686875	0.325286375	0.41718278125	0.23139034375	-0.0352052226562	0.29471265625	0.155124484375	0.49950825	0.3111295625	0.3049790625	0.2174903125	0.28243178125	-0.066992625	0.159353515625	0.3740431875	0.32329853125	-0.147808390625	0.3379905	-0.1509425625	0.168283515625	0.3071159375	0.4374709375	0.2213140625	0.5680090625	0.22844778125	0.412991375	0.104532617187	-0.067707375	0.28720990625	0.39463996875	-0.0680660234375	0.32553446875	0.535167375	0.188592515625	0.3478431875	0.148	0.032	-3.2E-4	2.7E-4	0.276792129795
88	88	251	3.82964375	-0.0835803125	0.2219365	0.038913734375	0.2540641875	-0.223549515625	0.0864127265625	0.0872620390625	0.240773984375	-0.163552625	-0.131535671875	-0.192433671875	-0.154710296875	-0.249196171875	-0.12500921875	0.135395921875	-0.201595984375	-0.199741671875	-0.2762685	0.1758358125	-0.2643785	0.211123203125	-0.1833054375	0.310136875	0.208506078125	0.141914640625	0.216428609375	-0.254486046875	-0.124014859375	0.228889796875	-0.133583375	-0.104328648437	0.128582398437	-0.4127604375	-0.155668	-0.122698890625	-0.202476875	-0.154495453125	-0.198816265625	-0.25744075	-0.27881215625	0.069218375	-0.168118171875	0.260025765625	0.38017546875	-0.17340934375	-0.1178506875	-0.2697115	0.2324796875	0.068173546875	-0.43410690625	0.195580109375	-0.16158359375	0.18461671875	0.21010715625	0.194056921875	0.23993459375	0.23746684375	-0.171567453125	0.28148715625	-0.174196796875	-0.17320646875	-0.2682340625	0.23177309375	0.19672303125	-0.2407841875	-0.23635046875	-0.144168375	-0.104057609375	-0.2561393125	0.112992453125	-0.133226015625	0.177276296875	-0.137836171875	0.151451640625	0.08828071875	-0.084190859375	0.126515226562	-0.197636828125	-0.155455984375	-0.1784421875	0.0806251171875	0.121481648437	-0.123738046875	-0.186366265625	0.3433800625	-0.3351525625	-0.27665753125	-0.26428534375	0.21769009375	-0.28501825	0.14333965625	0.032332609375	0.153248765625	-0.3982745625	-0.168273734375	0.36766934375	0.211525421875	-0.13421559375	-0.16582675	0.243330671875	-0.0918543203125	0.107171390625	-0.106859625	0.138525875	0.156167671875	0.08641546875	-0.276767875	0.21183503125	0.105019851562	0.08464271875	-0.27296259375	0.1558983125	-0.17983796875	-0.20680240625	0.21598909375	0.055502296875	-0.274614125	-0.2781513125	-0.16417971875	-0.2058951875	0.146792328125	-0.183846984375	0.126150492187	-0.32815309375	0.357381	-0.26825271875	-0.19084178125	-0.1864713125	-0.3107415625	-0.16680934375	0.229730359375	0.241183140625	-0.2138776875	-0.112346601562	0.127211140625	-0.163115734375	0.252269125	0.0672251015625	-0.0614460820312	-0.252075328125	0.17076609375	-0.127362929687	0.1957011875	-0.16467759375	0.09098446875	0.101676226562	-0.26564015625	0.189026609375	-0.099360390625	0.237406265625	-0.3176606875	-0.181989265625	0.0956553359375	0.272849	0.42420825	-0.14644115625	0.3048261875	0.23182275	0.314261875	-0.1806889375	0.1524509375	-0.27450453125	-0.190102140625	0.26725253125	0.0260086015625	0.108086226562	0.127366640625	0.28012259375	0.2793468125	0.2017231875	-0.1628303125	-0.258910484375	-0.0976126484375	0.186327359375	-0.2994091875	0.181522890625	-0.16373909375	0.201335640625	-0.0602991523437	-0.2671479375	-0.21386003125	-0.077654421875	0.14709309375	0.217057359375	0.07840578125	-0.36882059375	0.24428484375	0.147865984375	0.228301109375	-0.113395914062	-0.132530234375	0.33820959375	0.33301521875	0.4137836875	-0.126148484375	0.050758265625	-0.0507727929687	0.0472271484375	-0.240224	-0.1833518125	-0.16176115625	0.141911484375	-0.29365234375	-0.115250179687	-0.0750413671875	0.302973875	-0.13377775	-0.0392023125	0.103908148437	-0.18205721875	-0.126317390625	-0.126746273437	0.121701101562	0.25938475	0.218988515625	-0.27380325	0.1961695	-0.173889703125	0.260117015625	-0.24338459375	0.1120210625	0.0719977109375	-0.210152234375	0.2760608125	-0.34531440625	0.15178125	-0.31831571875	-0.3659644375	0.197641125	-0.23831040625	0.0636742734375	0.178122625	0.204334015625	0.119320523437	-0.1123734375	-0.15555178125	-0.162225015625	0.158661140625	-0.188798	-0.235777953125	-0.145473671875	-0.184298125	0.089702984375	0.215389875	0.143377984375	-0.088710453125	0.184984875	-0.0835017265625	-0.1715379375	-0.2951336875	3.83	0.19	1.6	15529.3	0.206223319449
89	22	251	2.893551	1.475724375	1.230415625	1.537033375	1.24075275	1.422315875	1.41297725	1.542543375	1.183253125	1.27032425	1.19560425	1.31173225	1.306934625	1.2795685	1.42450225	1.306842375	1.160341625	1.451631875	1.236170125	1.171191125	1.189168875	1.339718	1.239579875	1.4248505	1.537545	1.219413625	1.385808625	1.117573625	1.268792	1.066260125	1.306910625	1.0302123125	1.18484625	1.3591235	1.38709425	1.361835	1.10720525	1.421987	1.307863875	1.31783975	1.413349125	1.208159375	1.247557	1.441275625	1.287137125	1.33436325	1.32792025	1.310146	1.37636	1.142263625	1.119883375	1.206647375	1.41762775	1.251113875	1.2160275	1.419777125	1.555171875	1.287290125	1.23603425	1.16526275	1.127387875	0.9682133125	1.347874625	1.317441	1.42759075	1.23852625	1.489880625	1.275647375	1.079728375	1.315772375	1.3778625	1.376442375	1.57469675	1.1901575	1.1869005	1.370419	1.104448625	1.362262875	1.469833375	1.500152625	1.39221525	1.142424875	1.397158375	1.31975375	1.468065375	1.165971125	1.224257125	1.411722875	1.073406625	1.327812	1.18368125	1.46475925	1.3783845	1.346295125	1.1932165	1.549284125	1.206786875	1.526638	1.278591375	1.404031875	1.392939125	1.25979525	1.43455275	1.228939375	1.327753125	1.093198875	1.401668125	1.308097875	1.372141375	1.214352	1.451395625	1.472191375	1.292318125	1.278945125	1.0423666875	1.08383275	1.31625825	1.35842175	1.218570375	1.336035625	1.28604825	1.369838	1.493194	1.21858825	1.365224	1.2847955	1.419537	1.3313045	1.193795125	1.1027115	1.403373375	1.40069125	1.475246125	1.488168375	1.463852125	1.36446425	1.348622875	1.46289825	1.226111125	1.391201	1.244762375	1.27348275	1.351737875	1.398590875	1.357419375	1.4700095	1.51187325	1.4523255	1.30099775	1.490532125	1.570300875	0.9695053125	1.282552375	1.13671975	1.358663625	1.380090125	1.0669115	1.41773225	1.349643375	1.424058125	1.184409625	1.329743875	1.267173375	1.2254895	1.579778875	1.331930875	1.25696175	1.578597875	1.118414875	1.21340225	1.25997525	1.251393125	1.228366	1.588768125	1.24921525	1.342155125	1.183085375	1.389755875	1.265566375	1.29719775	1.47484225	1.156867125	1.35172075	1.41101675	1.467060125	1.216193375	1.599720625	1.284386625	1.479736	1.31852975	1.457744125	1.287916	1.35019975	1.333065125	1.159002875	1.4013925	1.454734125	1.318683	1.42548825	1.071824875	1.5423875	1.367052375	1.259229	1.600281625	1.407737	1.293005	1.222742625	1.3896965	1.445911	1.3072715	1.2714365	1.546591625	1.233098875	1.318315375	1.437276625	1.682966375	1.42337175	1.36190525	1.0349240625	1.11248525	1.40307425	1.51870175	1.239316375	1.37074725	1.136073875	1.384181625	1.421729125	1.2703985	1.4634185	1.61102325	1.352833625	1.304706125	1.512068875	1.116911625	1.3940085	1.129135375	1.3359275	1.314002125	1.32518	1.23012625	1.46784075	1.081501875	1.090363375	1.49669125	1.318378125	1.309012375	1.267753625	1.4038375	1.34185725	1.35421525	1.583516	1.321	0.021	-1.1E-5	2.2E-5	0.166017103015
90	45	251	2.81474825	1.052027125	0.866538625	0.7684263125	0.9672823125	0.8465004375	1.123832375	0.9734455	0.9517724375	0.8418023125	0.945892125	0.8301175	0.8653864375	0.9620175	0.8790594375	0.9374865625	0.986139	0.862623625	0.883591375	0.7491521875	1.1089015	0.670487375	0.8360741875	0.847522875	0.71161075	0.9184159375	0.80671475	0.7271236875	0.9120485625	0.9606206875	0.771799375	1.024326125	0.7279669375	0.887315	0.6955450625	0.7652458125	0.7804125	0.7061158125	0.7189365	0.8479154375	0.8197005625	0.893690375	0.65501925	0.6440015625	0.651667625	0.910451625	0.6679585	0.761447625	0.871795625	0.816566	0.816726375	0.6576158125	0.65384475	0.599651125	0.7071181875	0.8403123125	0.761439625	0.672312125	0.8076815	0.599336625	0.684427	0.6393754375	0.8588444375	0.764719125	0.641772625	0.97804925	0.640522375	0.8926476875	0.849184375	0.647031375	0.6233876875	0.8234128125	0.6561510625	0.5552274375	0.85820975	0.632291875	0.43430909375	0.6087263125	0.70092425	0.7659988125	0.4148159375	0.5860548125	0.7820864375	0.623470375	0.5862021875	0.7797925625	0.453620375	0.5991871875	0.8370810625	0.51764628125	0.774856625	0.736436125	0.69674625	0.6642956875	0.92533475	0.6934	0.5995090625	0.55231425	0.6933678125	0.585879125	0.644432	0.6334269375	0.682220625	0.544506125	0.5574746875	0.4800915625	0.668117375	0.6179621875	0.5225650625	0.5820081875	0.44180821875	0.60933625	0.70169025	0.764287625	0.676662125	0.76652775	0.7558555	0.7111989375	0.5399580625	0.5907284375	0.511424375	0.6657594375	0.482855125	0.6265125	0.8573161875	0.4545224375	0.6839091875	0.7435065	0.45338940625	0.4653770625	0.3751298125	0.592719875	0.50271496875	0.5968895625	0.5978356875	0.9940644375	0.54197725	0.6803185625	0.6401736875	0.51875665625	0.470383	0.612172625	0.6489135	0.46771903125	0.656123375	0.5706914375	0.6368164375	0.4422400625	0.50268640625	0.435141625	0.671144875	0.531583625	0.3864921875	0.29205625	0.4302413125	0.589891625	0.33593971875	0.39629765625	0.49567746875	0.522771875	0.7454294375	0.5481265	0.41381375	0.37733921875	0.4304613125	0.6092959375	0.3901478125	0.603894875	0.29816259375	0.5818445	0.46213309375	0.6097005625	0.4565976875	0.782055875	0.569884875	0.582785375	0.45757465625	0.2954578125	0.6977085	0.4089455625	0.6261859375	0.6854620625	0.5907046875	0.6848420625	0.28929603125	0.3998445	0.494062375	0.40938703125	0.518333125	0.565279625	0.5832165	0.46335403125	0.42837253125	0.491698375	0.4765376875	0.6013351875	0.2800595625	0.34674946875	0.471797	0.522615875	0.47507696875	0.469055375	0.427936875	0.40649553125	0.684313	0.611491375	0.46232759375	0.6339101875	0.452710125	0.45850075	0.50754984375	0.414062375	0.366652625	0.37066259375	0.151138640625	0.30378703125	0.166065125	0.33310590625	0.43701071875	0.33587571875	0.35637890625	0.471318875	0.45684834375	0.542298875	0.276314375	0.494788625	0.41805484375	0.6453473125	0.36406209375	0.47311259375	0.5548410625	0.43406409375	0.32989975	0.578999875	0.5584474375	0.50871025	0.5176181875	0.38236371875	0.14938590625	0.47448996875	0.44114203125	0.2270915625	0.34735246875	0.2409749375	0.508497	0.4010164375	0.414857	0.299864125	0.49592778125	0.32391	0.49889165625	0.964	0.03	7.6E-4	5.0E-5	0.166432510392
91	87	251	2.52873575	0.0351981875	0.251017921875	0.183241765625	0.165185671875	0.0762686953125	-0.0547501484375	0.20214940625	-0.170654890625	0.317330875	-0.0977710859375	0.29860084375	0.170410890625	0.0981359296875	0.13267684375	0.112996851562	-0.137970125	0.122469960937	-0.184367375	0.124150164062	-0.192043015625	-0.180381390625	-0.198079328125	-0.168207875	0.063867703125	0.281269375	0.2252045625	-0.0352003867187	-0.07976703125	0.12157925	-0.23822525	-0.196000125	-0.135778203125	0.252406125	0.206273234375	-0.0646219414062	-0.125989429687	0.1486763125	0.210710578125	-0.2123249375	0.205883984375	0.244958234375	0.174472203125	-0.058500203125	0.0687483359375	0.23760075	-0.23026615625	-0.108036882812	0.129266484375	-0.093050578125	0.0974577109375	0.2238745625	0.141192328125	-0.109621226562	0.117516085937	-0.099508265625	0.1425715	0.30977546875	0.203141125	0.241663078125	0.224266453125	0.139960109375	0.31362559375	0.27803665625	0.144243359375	0.14955878125	0.34404859375	-0.12405540625	0.1435665	0.2250866875	0.237132125	0.21629084375	0.285832	-0.18689071875	-0.072427	-0.0906030078125	0.164125671875	0.23085528125	0.333574625	-0.321666875	-0.05197134375	0.161178546875	0.12688109375	0.1769536875	0.107343960937	0.177897859375	-0.16056271875	-0.179258453125	0.1859190625	0.144951421875	-0.10103159375	0.197486234375	-0.149519078125	0.089255	0.266963625	-0.26451109375	0.2817979375	0.17319425	-0.218405375	0.20836515625	-0.3623743125	0.14564840625	-0.152161828125	-0.155298890625	-0.17619003125	0.15070709375	-0.199547984375	0.177064359375	0.105926070312	0.16801159375	-0.18260103125	0.073856265625	0.26715390625	0.1717020625	0.1324191875	0.38073296875	0.2313404375	0.0785679609375	0.134376296875	-0.241163078125	-0.186737640625	-0.227322265625	0.26529475	-0.207868	-0.0255589980469	0.370759375	-0.10773365625	0.0649988632812	-0.145497640625	0.152156859375	0.08809753125	-0.11612215625	0.34647590625	-0.174177734375	-0.158065921875	0.087913890625	0.1386783125	-0.2673541875	0.154734546875	0.1426925	-0.222784984375	0.11077403125	0.23051759375	0.22652965625	0.3531735	0.13707584375	0.17180575	-0.2036691875	-0.0216803457031	-0.128042984375	0.168438421875	0.054388875	0.165513859375	0.251815109375	-0.256556609375	0.201143140625	0.18798778125	0.0885794296875	-0.0807316171875	-0.10092959375	0.26034921875	-0.060718578125	-0.13802484375	-0.0733462265625	0.30095040625	0.060383703125	0.131016445312	0.0932795703125	0.31329478125	0.177492359375	0.28471296875	0.149095546875	-0.0751090625	0.256181078125	-0.104392023437	0.24010196875	0.27133775	-0.139277015625	-0.209488203125	0.2095379375	0.0356595859375	-0.1009425	-0.0937516328125	-0.207674625	0.3494918125	0.21377275	-0.107471796875	-0.0909823984375	0.12631928125	-0.09959821875	0.085980328125	0.256956125	0.155047921875	-0.0509988671875	0.210178265625	-0.29722021875	0.2167473125	0.0646043828125	0.178224296875	0.27518209375	-0.19776509375	0.1531956875	-0.200435015625	0.13367965625	-0.15839859375	-0.12147928125	0.190861625	-0.27838159375	0.15283984375	0.25114634375	0.19206734375	0.140423	0.0906760859375	0.172007953125	-0.15992853125	0.090099109375	-0.0980635546875	0.201955296875	0.319540625	-0.211708609375	0.201004953125	0.3356774375	0.38329075	-0.121115796875	0.39200525	0.2287845	-0.1498641875	0.152317203125	0.20865846875	-0.1255084375	0.096613453125	0.2400930625	-0.199620890625	0.26788353125	0.0861988828125	-0.218038171875	0.15482684375	0.161954640625	0.18808934375	0.198638109375	0.35796203125	-0.0862902578125	-0.113994898437	0.152573828125	0.129611289062	0.230679421875	-0.0822387890625	-0.2422314375	0.28530725	-0.077990875	-0.0576484101562	0.115	0.039	8.0E-4	6.0E-4	0.23778723203
92	7	251	4.44509	0.188516125	-0.159899703125	0.154355	0.197825671875	-0.131861125	0.0740740234375	-0.095991234375	0.215275578125	0.3117805	0.15580153125	0.3177394375	-0.1575799375	0.2794953125	-0.334481125	0.199265703125	0.17388790625	0.183566890625	0.206527984375	-0.0915832734375	0.144107203125	-0.18529696875	0.31823884375	-0.185763875	-0.248644640625	0.135296546875	-0.123565757812	-0.0699333984375	-0.121810492187	0.2431685	0.1412420625	-0.26856421875	-0.165979375	-0.24377228125	-0.33607121875	0.171806859375	-0.0965395078125	-0.138455359375	-0.156046984375	-0.14393825	0.14072353125	0.30056684375	-0.195781265625	0.401973125	-0.154955703125	0.143427578125	0.04045696875	-0.197113390625	-0.10338571875	-0.119302570312	0.130222640625	-0.151395125	0.25842075	0.196293203125	0.07761921875	0.20174596875	-0.2644038125	-0.230833640625	0.22533278125	0.160081890625	0.0904164609375	-0.162838703125	-0.113793773437	-0.169308640625	0.0946459453125	0.1111803125	-0.26198834375	-0.0653911875	0.0660217109375	-0.162606578125	0.4771	0.278237625	-0.209472296875	-0.1067156875	-0.236183265625	-0.18022603125	-0.31997775	0.0686947578125	0.19265878125	-0.0991373203125	0.227072875	-0.0457075	0.24753475	-0.20659740625	0.13600115625	-0.1479755625	0.16279434375	0.116335039062	0.32954384375	-0.16450275	0.105467054687	-0.071474328125	-0.1760608125	0.085806328125	0.0492906015625	0.17433778125	-0.189445375	-0.30762915625	-0.1454815625	0.15039059375	-0.10912171875	-0.198869109375	-0.322199875	0.172183515625	0.081791234375	0.213616625	-0.246901265625	-0.0712075625	0.33099565625	-0.186936328125	0.203209734375	0.35833984375	0.0801773046875	-0.0700936640625	-0.19942053125	0.147097578125	0.1992815	0.13347246875	-0.19464509375	-0.214307328125	0.120428382812	-0.228242296875	-0.270899625	-0.16943925	-0.159176390625	0.138311640625	-0.070759703125	-0.357764625	0.149377171875	-0.18574459375	0.28344553125	-0.10305609375	-0.21383490625	-0.15204796875	0.1792086875	-0.219382375	0.101754554687	0.128782992187	0.15580065625	0.128514375	-0.1504748125	-0.21440028125	-0.177842875	0.3420588125	0.1017851875	-0.304617625	0.34706196875	-0.215618171875	0.085942265625	-0.33234325	0.0622652773437	0.28500403125	-0.176879609375	-0.116417265625	-0.134175375	-0.124540625	0.10811340625	0.27609578125	0.1659064375	0.30272078125	-0.241152546875	-0.0601964023437	0.19017328125	-0.10018253125	0.111357375	0.127496578125	0.190423359375	-0.230105125	0.20835128125	-0.27798203125	0.34985815625	-0.140562671875	-0.12461275	0.069051703125	0.077365875	-0.1574261875	-0.24554790625	-0.2505298125	0.17904671875	-0.049729453125	0.187535828125	0.200689578125	-0.08050946875	0.0304199414062	0.138441765625	0.254336546875	0.20761565625	0.287672875	-0.18868371875	-0.1386993125	0.163684125	0.146205140625	-0.11748621875	-0.132203734375	0.16629615625	0.110026125	0.19135940625	-0.122034703125	0.14570428125	0.150918359375	0.133273453125	0.0921807109375	-0.180881390625	0.23316896875	-0.193960359375	-0.073133640625	0.36123434375	-0.206311078125	-0.1702764375	-0.169864921875	0.161440734375	-0.18118928125	-0.11782865625	0.28941340625	0.308366	0.237873609375	-0.08811384375	-0.199403125	0.196505328125	-0.084107609375	0.108317179687	-0.1002865	0.1802435625	-0.210239515625	0.125795257812	0.0645878828125	0.186616078125	0.09565915625	0.11717409375	0.3401853125	-0.192525796875	0.120919789062	0.117273015625	0.219336140625	-0.162920125	-0.32597428125	-0.07195365625	0.20495153125	0.178058671875	0.221954390625	0.337232625	0.208645640625	-0.3885025625	0.138160125	0.151439296875	-0.103770039062	0.160548828125	-0.0616054921875	0.0922338203125	0.10521878125	0.209808515625	4.45	0.19	0.2	0.3	0.194236384449
93	69	251	3.4844135	0.3764809375	-0.259195625	0.28629809375	0.108336742187	0.14008828125	-0.203203859375	-0.0792249921875	0.22115603125	-0.27347990625	0.24781828125	0.2533705625	-0.071338875	0.0465978320312	-0.16213140625	-0.1798743125	0.1373346875	0.37353125	-0.0562195859375	-0.186740984375	0.25337509375	-0.0855778828125	-0.27102296875	0.155941921875	0.120870851562	-0.190999859375	-0.25359803125	0.13647521875	-0.146290953125	-0.223012328125	-0.360951	0.204335421875	0.150769171875	-0.28605003125	-0.168890828125	0.2149926875	0.0562600625	0.134881796875	-0.0502599648437	-0.126266953125	-0.22316125	0.227706640625	-0.101785484375	0.109251921875	0.191265296875	-0.086794390625	0.127745796875	-0.35267546875	-0.21678175	0.124866625	0.208182546875	-0.153242765625	0.17692609375	-0.1112109375	-0.14758703125	0.119145898437	0.31698734375	0.0967888046875	-0.220603359375	-0.2115195625	0.2521021875	-0.116769117187	0.195979078125	-0.1023594375	-0.173907609375	0.0729061640625	0.0246296601562	-0.19702246875	0.104810078125	-0.17859678125	-0.0447586757812	0.2668530625	0.373823125	-0.15371284375	0.204125890625	0.310749625	-0.219562921875	-0.252272171875	0.31071340625	-0.243978625	-0.25689759375	-0.138867	0.160764828125	0.21083321875	0.117369484375	-0.231447703125	0.31553078125	0.18270528125	-0.237271734375	-0.27452409375	-0.16899915625	0.157650234375	0.106516210937	0.27785615625	-0.130011898437	-0.30041096875	0.199836046875	0.117767773437	-0.129589421875	-0.0779739921875	0.241972015625	-0.199112203125	0.127076445312	0.13192525	0.0568550507812	0.11797215625	-0.150412703125	0.176826625	-0.199080796875	-0.0702133125	0.13894359375	-0.1589945	-0.18045553125	-0.1491344375	0.192248578125	-0.213102671875	0.192732578125	-0.141935	-0.32582321875	-0.128208046875	-0.108514429687	-0.132347203125	-0.143531765625	-0.115819007812	-0.174671015625	-0.181246625	-0.20036815625	0.15525971875	0.2214169375	-0.269745125	-0.259431734375	0.2801861875	-0.321758125	-0.322148	0.3265409375	-0.12226515625	0.177279453125	0.16072325	0.15539709375	0.145811265625	0.161524625	-0.0484758984375	0.131743890625	0.167916515625	-0.24498675	0.238357265625	-0.188492734375	-0.206881671875	-0.207443953125	-0.149076	-0.0600111289062	0.127334515625	0.0916677734375	0.3147903125	0.28316984375	0.21525628125	-0.25516403125	0.1610634375	-0.31437609375	0.0590913203125	-0.1330824375	0.150042625	-0.16737159375	-0.18449065625	-0.156560703125	0.10601809375	0.31304309375	0.257123328125	-0.30877778125	-0.142550578125	0.32436215625	-0.099664265625	-0.18209040625	0.49392046875	-0.28821140625	0.239551734375	-0.14200528125	-0.17383825	0.171168625	-0.144693859375	0.164360375	-0.20557525	0.168281359375	-0.323114375	-0.181988703125	0.080365015625	0.166286671875	-0.1854589375	0.136420125	0.30950975	-0.260586734375	0.0862138046875	-0.272085875	0.15945334375	-0.13135421875	-0.140138921875	-0.0312775449219	0.082361625	-0.0749655	-0.233327296875	0.23563225	0.2891763125	-0.175437	0.08907121875	-0.17994771875	-0.093946828125	0.069300125	0.16239453125	0.16997996875	0.0971297109375	0.0351924570312	-0.0205306328125	-0.1193821875	-0.241678125	-0.2234129375	-0.0998699296875	-0.188349796875	0.206065703125	-0.13826809375	0.19519759375	0.120984242187	0.20175575	0.107672867187	0.181748078125	0.0653315664062	-0.23407125	0.1866021875	0.2358183125	0.21607303125	-0.31015171875	-0.1697188125	-0.185680328125	0.36703490625	-0.1763808125	0.1052271875	0.12793328125	0.14996671875	0.254056515625	-0.167126765625	0.1371309375	-0.230986765625	0.160300515625	-0.1445445	0.078790484375	0.12348853125	-0.30094278125	0.349389	-0.0993980078125	-0.3121208125	0.224535703125	0.1353924375	3.49	0.22	0.17	0.05	0.198197514842
94	86	251	2.352733	0.95653275	1.14826925	1.380384375	1.074661625	0.940928	1.114763375	1.11516975	1.16695125	1.128054375	0.9621588125	1.20231075	0.9078848125	1.0953845	1.069082375	0.84456725	1.187098875	1.106943875	1.082425125	1.113023375	1.20431	0.9648900625	0.930462125	1.402107125	0.8725855	0.9432425625	1.088588875	1.049116125	1.20020275	0.9270668125	1.23028075	1.1232865	0.8877529375	0.90129875	1.01699275	0.8302423125	1.079089875	1.16391675	0.916578875	0.6319125625	1.0316239375	1.068462625	0.884246625	0.7123345	0.729761125	0.879012	0.819445	1.098386875	0.9023915625	0.958013875	0.6541368125	0.9255486875	0.695633	0.8498053125	0.8793409375	0.883763375	0.8914754375	0.99662475	0.7063419375	0.826798	0.8133366875	0.6988724375	0.784498625	0.953690375	0.6415554375	0.7268393125	0.757100875	0.6533830625	0.8383820625	0.775086625	0.892889125	0.8761075	0.9535833125	0.684400125	0.7204304375	0.7884184375	0.9693626875	0.5740278125	0.698074125	0.8450878125	0.7249339375	0.739492875	0.75687675	0.7381929375	0.706762625	0.61208075	0.7305896875	0.9295194375	0.632564625	0.7906791875	0.7259056875	0.4348165625	0.7344805625	0.9340669375	0.5411545625	0.634732	0.886326375	0.688578375	0.5901928125	0.70462275	0.50317409375	0.56338275	0.7038661875	0.704644375	0.661723875	0.671091625	0.4993534375	0.6258609375	0.47527521875	0.7846094375	0.41147275	0.62317625	0.8954335	0.6208013125	0.6000305625	0.746477125	0.8727621875	0.6925163125	0.850516875	0.5646775	0.7801741875	0.7272689375	0.615663625	0.6734040625	0.5563425	0.664673	0.47620134375	0.687897375	0.705769625	0.702349625	0.6768411875	0.42155125	0.78622225	0.33710759375	0.887156375	0.52147159375	0.71371475	0.6647096875	0.693075625	0.5631133125	0.53231525	0.58283325	0.59828775	0.37560646875	0.5964300625	0.4406245625	0.3278803125	0.44795584375	0.5559213125	0.38162396875	0.27177734375	0.61169675	0.679321375	0.39038209375	0.26850559375	0.5151526875	0.5417120625	0.5650381875	0.39738740625	0.6691049375	0.530329	0.43689428125	0.38732890625	0.43292928125	0.3376765625	0.278867375	0.5754556875	0.6725411875	0.5053858125	0.51465334375	0.51297465625	0.3213925	0.42752715625	0.5752895	0.45254625	0.38504578125	0.38277865625	0.42251003125	0.42327134375	0.492035625	0.3015771875	0.36828271875	0.4439294375	0.47468940625	0.56587525	0.529729125	0.53440475	0.45700803125	0.41614065625	0.6149115	0.219339328125	0.43954925	0.37932228125	0.3871343125	0.38833865625	0.168331	0.5087999375	0.4142483125	0.50074096875	0.404974375	0.34853621875	0.34673653125	0.30337453125	0.35467240625	0.4590940625	0.139582328125	0.432579	0.50674371875	0.36599734375	0.127365414062	0.44212665625	0.28031009375	0.38108146875	0.36640284375	0.214149171875	0.49543959375	0.34379425	0.211531234375	0.5285790625	0.36797475	0.25994334375	0.30852409375	0.36287175	0.31127240625	0.5969900625	0.45313815625	0.062103953125	0.26407971875	0.26541071875	0.101660625	0.21058928125	0.1565939375	0.25778971875	0.355703375	0.4592985	0.4679905	0.27336084375	0.2123261875	0.28142840625	0.4262066875	0.46781665625	0.39593434375	0.3596974375	0.26627825	0.1611138125	0.50668834375	0.4794789375	0.46286659375	0.0613504375	0.126006109375	0.37051325	1.209	0.029	0.001133	4.5E-5	0.146100677488
95	14	251	2.163076	-0.198170078125	-0.22264453125	0.14136559375	-0.134957796875	-0.077506296875	-0.29571371875	-0.132587546875	-0.140694640625	0.0587771210937	0.1474416875	-0.177032546875	-0.1262505625	0.32456975	0.36427403125	0.261060828125	0.123415234375	-0.13490090625	-0.249450046875	0.18529346875	-0.075593890625	0.112736046875	-0.197395515625	0.105208132812	0.216488734375	-0.250659875	0.249545578125	-0.232204125	-0.3322675	0.200793671875	0.19362390625	-0.0826616953125	0.175756171875	0.117341835937	0.0715673125	0.21568584375	-0.159454671875	-0.2848468125	-0.3273435625	0.133029296875	0.38518778125	-0.0630504609375	0.12983634375	-0.28328534375	0.168672234375	0.204282640625	0.0956079375	-0.111202023437	-0.18950378125	-0.202757609375	-0.183821234375	-0.33614009375	0.30564253125	0.1753388125	-0.07911565625	0.19690075	0.30320603125	0.125193039062	-0.3289725	-0.122719828125	0.104069179687	-0.090004109375	0.28027265625	-0.2819818125	0.214895421875	-0.3345510625	0.256373828125	-0.139591328125	-0.158413734375	-0.104982054687	0.16695378125	-0.436490625	0.22096340625	-0.137311859375	0.1914634375	-0.130040132812	0.2177131875	0.0759698125	-0.14627453125	-0.3185154375	0.200971125	0.28576434375	-0.4944108125	-0.1416716875	0.34579	-0.24866090625	-0.1102936875	0.29171746875	-0.081726859375	-0.15050296875	0.128601953125	-0.26151375	0.0847521171875	-0.180384875	-0.21669709375	-0.2124158125	0.0776908359375	-0.166573046875	0.0543763007812	-0.1824709375	0.22055965625	-0.278949625	-0.250368578125	0.41435496875	0.211772640625	0.21003534375	0.113820328125	-0.19750421875	-0.34857971875	0.21878009375	0.1798500625	-0.1608179375	-0.065882015625	-0.26398971875	0.105182960937	-0.129454929687	0.19670346875	0.088955828125	0.197843171875	-0.143750921875	-0.039180859375	0.101490570312	-0.18555965625	-0.22257121875	-0.2565705625	0.293130875	-0.24518390625	0.074822609375	0.218889640625	-0.3393150625	0.23425725	0.127466578125	0.0516404453125	0.172514546875	-0.1911920625	-0.165329875	-0.200472515625	-0.183291640625	0.183602359375	0.218699890625	-0.109150390625	0.046530125	-0.19287771875	-0.13823325	-0.0315653476562	-0.32360928125	-0.16176575	-0.26361921875	0.20767225	-0.35207609375	-0.0845230859375	-0.180025671875	0.11014371875	0.1067275625	0.064029875	-0.087442671875	-0.0462755859375	-0.0465235117187	-0.126273789062	-0.3122415625	0.181367859375	-0.156241671875	0.206514109375	-0.21841096875	0.089162015625	0.221889859375	-0.147860359375	0.3707719375	-0.2049570625	-0.1677506875	0.134563671875	-0.0921850390625	-0.212015328125	0.221442734375	0.17237759375	0.209851296875	-0.1470486875	-0.0666429296875	0.23890875	0.0532132578125	0.052986765625	0.1812095	-0.1664499375	-0.1949611875	0.062768765625	0.25786528125	-0.2787611875	-0.0413923046875	-0.101530765625	0.33594171875	-0.1530908125	0.1500779375	-0.27405671875	-0.224032953125	0.118173875	0.132829828125	0.204437109375	-0.0248920527344	-0.0434918984375	-0.215968796875	-0.18628078125	0.24852109375	0.19177825	0.32424515625	-0.200772578125	-0.31583696875	-0.2886754375	-0.0941209609375	-0.2774836875	-0.2204621875	-0.1569288125	-0.19897634375	-0.13953809375	0.084780421875	-0.1450484375	-0.14297240625	0.090092703125	-0.1471514375	-0.139895296875	0.0656710078125	-0.213314875	-0.26557315625	-0.123033179687	-0.17323746875	-0.190769078125	-0.120897375	-0.074042453125	-0.07695215625	0.263016625	0.34098159375	-0.166882140625	-0.0967953359375	-0.1434454375	-0.20622090625	0.11900384375	-0.137337734375	-0.127312726562	0.0628017695312	0.3825516875	0.13865928125	0.152192984375	0.249958859375	0.147692203125	0.17261240625	0.146992625	-0.247165125	0.213094078125	0.1384104375	-0.24607775	0.101751929687	-0.02188503125	2.16	0.12	1.8	0.0	0.200788116834
96	139	251	3.13936625	-0.147396625	0.13750334375	0.3261164375	-0.08066728125	0.254742796875	0.152548453125	0.0693420546875	-0.31046153125	-0.156894328125	-0.2100138125	-0.106612304687	0.106884164062	0.106448609375	0.331133	-0.163335640625	-0.106558023437	-0.0467125078125	-0.11563409375	0.140753953125	0.21172015625	0.1924053125	0.09518953125	0.24356684375	-0.0372076601562	0.123201742187	-0.0765471796875	0.150773796875	0.3141859375	0.12373446875	-0.0630929179687	0.203203046875	0.28413265625	-0.0341318164062	0.174310875	-0.133633015625	0.1658005625	-0.1368381875	-0.0645949296875	0.097748390625	-0.14966046875	-0.228610953125	-0.37030290625	-0.07917509375	0.158516421875	-0.200163421875	-0.122941734375	0.109475484375	-0.0734641484375	0.07528778125	-0.146320265625	0.083237515625	0.22900678125	-0.0787291171875	-0.0465439648437	0.27435934375	-0.193814421875	0.14128721875	-0.324339625	0.16356959375	0.10203371875	0.195848875	-0.170167453125	-0.160654578125	-0.25581753125	0.3056871875	-0.086336625	0.0772643671875	-0.0204540585937	0.199906265625	0.117610242187	-0.0784259921875	-0.109642882812	0.231311234375	0.1524881875	0.0471211796875	-0.179155390625	0.0883331640625	-0.146196984375	0.03684003125	-0.219899890625	0.0387673710937	-0.111524585937	-0.113407554687	-0.107320359375	-0.0444745390625	-0.167454875	0.126601867187	-0.1591848125	0.0908025	0.34063025	0.0921897890625	-0.141228265625	0.14697021875	-0.0846194296875	0.174420515625	-0.0922532265625	-0.129513445312	0.384537375	-0.0688846875	0.111546632812	0.17278478125	0.0624008710937	-0.165931453125	-0.101647726562	-0.227720859375	0.126380859375	0.19844784375	-0.157141546875	-0.103708617187	-0.26950553125	-0.20310521875	0.0493605859375	-0.25333746875	0.123338515625	0.267546625	0.108705703125	0.0589550625	-0.0577665039062	0.0411002460937	0.135890234375	0.3568095	0.0461696015625	0.1111115	0.112568429687	0.150109484375	0.100643507812	0.13261453125	-0.198227171875	0.138829390625	-0.0880845	-0.1250180625	-0.243002125	-0.28565790625	0.08477375	0.34423384375	-0.4104989375	0.35205278125	-0.119077171875	-0.09632025	0.1861678125	-0.108340460937	0.038776234375	0.1462726875	-0.097927078125	0.0389427695312	-0.104016414062	0.193531375	-0.081648203125	0.214570515625	0.093274296875	-0.0779444296875	0.0869644921875	0.24815365625	0.24070065625	0.0870332578125	0.256050609375	-0.0808391328125	-0.146514390625	0.21878025	-0.142044515625	-0.0422086875	-0.127679953125	0.0524454023437	-0.1509983125	0.0830867265625	0.4353196875	0.114597265625	0.16937315625	-0.125656507812	-0.3986645	-0.07609946875	0.167278265625	0.151732	0.13152715625	0.0479193125	-0.2324434375	0.135936734375	0.1169404375	0.0524390078125	0.17323284375	-0.143924859375	0.2403016875	-0.126393304687	-0.055957203125	0.13166640625	0.129746921875	-0.0467065351562	0.23593996875	-0.118452820312	-0.12214603125	0.118410171875	0.128785429687	-0.13133934375	0.159599125	0.121189875	0.118505359375	-0.103839640625	-0.23148796875	0.155788265625	0.0990026953125	-0.27472065625	0.142017890625	-0.1522939375	-0.0874099375	-0.138824828125	-0.088884140625	0.0692491796875	-0.12110875	-0.0292819414062	0.0918771171875	-0.0782905703125	-0.060265046875	-0.18792571875	0.082495953125	-0.105301507812	-0.26755428125	0.109440984375	-0.112287015625	-0.162734828125	-0.130977023437	-0.203220703125	-0.0487845234375	0.181095796875	-0.0901407890625	-0.221796953125	0.297268125	0.12309628125	0.3100684375	-0.139449796875	0.149694859375	-0.241893578125	-0.125629	0.0471464921875	0.208867671875	0.1457413125	-0.178676515625	-0.072963	0.097132171875	0.14068984375	0.0552139882812	-0.12023484375	0.103042835937	-0.086489140625	0.0825532109375	-0.105733460937	-0.164897296875	0.035888796875	-0.162391546875	-0.149028484375	-0.153086671875	3.14	0.08	1.8	0.0	0.166688455849
97	158	251	2.6637065	0.169755328125	0.06620646875	-0.0991395859375	-0.200939203125	-0.14751115625	0.20250746875	0.127683382812	0.18411246875	-0.166336359375	0.35550146875	0.1601104375	0.37709759375	0.157224078125	-0.10622840625	-0.0600401640625	0.2759404375	-0.24460959375	-0.22926709375	-0.104895203125	0.163608953125	-0.2321830625	-0.195128109375	0.19699315625	0.140938234375	0.07863684375	0.0778878203125	-0.092261453125	-0.16354134375	-0.1781988125	0.116121171875	0.196000578125	0.288791625	0.108066625	0.092040546875	-0.130754210937	-0.17030684375	-0.3224769375	0.214821984375	0.179395296875	0.19120325	0.111846492187	-0.127732476562	0.140740234375	0.145048359375	0.1379718125	0.0353088242187	-0.112449757812	0.34313378125	0.104524976562	0.2536016875	0.0558533554687	-0.120548953125	-0.131717	0.177441984375	-0.10994453125	-0.34509278125	0.1720286875	-0.0856011640625	0.086877328125	-0.0635464609375	-0.08402675	0.091103046875	-0.079045609375	-0.192065046875	0.21740484375	-0.196968234375	-0.0607907265625	-0.090270734375	-0.0430987109375	-0.078174578125	-0.15821734375	0.2737013125	0.069703203125	-0.19772284375	-0.221413703125	-0.088035	0.31470340625	0.167901671875	0.074333421875	0.165904234375	0.124747585937	0.116260265625	0.128311398437	-0.18608553125	-0.13907390625	0.173567203125	-0.2689519375	-0.139922921875	-0.27798278125	0.166824484375	0.1469926875	-0.0660328125	0.152004234375	0.3707326875	0.0990975078125	-0.124925617187	-0.0783234375	0.140354265625	-0.223544328125	-0.0895755625	0.17495228125	0.1011214375	-0.25698865625	0.222541875	-0.236436921875	-0.38113940625	0.1358023125	-0.1765943125	0.156808546875	-0.3322224375	0.0384315117187	-0.0925357578125	-0.21541921875	-0.110403601562	0.15787984375	0.0479462148437	-0.1605140625	-0.3710615625	-0.0973457421875	-0.1352185625	0.2491180625	0.1143986875	-0.089922734375	0.3021689375	0.133042890625	-0.14905278125	-0.36612115625	0.21725253125	-0.09867090625	-0.110937078125	0.136475171875	-0.0676169140625	0.0963721875	0.123434820312	0.0514797109375	-0.106089625	0.06567675	-0.0903969765625	-0.0625593046875	-0.43943075	0.173956484375	-0.165601328125	0.1031401875	-0.033084546875	0.087853	0.1489503125	0.32453578125	0.0414733945312	-0.160147375	-0.0969911171875	-0.0914870546875	0.141137203125	-0.0373187578125	-0.10753053125	-0.136103140625	0.18473371875	0.1543010625	-0.122516992187	-0.233860140625	-0.110318539062	0.04584378125	-0.115410734375	-0.249600984375	0.169333390625	0.0895584375	0.211858015625	0.05762340625	-0.101692390625	0.2854813125	0.075544515625	0.30792296875	-0.12184090625	0.0795695234375	-0.3053123125	0.0629525546875	0.131221515625	0.252182140625	0.231722703125	0.105802804687	-0.09783996875	0.30194890625	-0.3015791875	0.125631421875	-0.167041078125	0.1495960625	0.0995154765625	-0.0941250078125	0.0866014140625	0.0599900585937	0.16930025	0.08207909375	-0.0583821523437	0.0704615703125	0.27283046875	-0.171385359375	-0.109046914062	0.0942926484375	-0.19178821875	0.0665783515625	-0.0595707265625	-0.24433825	-0.18918371875	0.0784793984375	0.15882178125	-0.176803078125	0.24515775	-0.10609384375	0.137449921875	0.31465875	0.124742203125	0.117966046875	0.2451164375	0.0647110273437	-0.0338963515625	-0.25064325	-0.115973078125	0.0454574257812	0.205556921875	-0.40941540625	-0.0982690078125	-0.139356609375	0.070677578125	0.1381200625	0.143236828125	-0.0439419179687	0.05170284375	-0.11288796875	-0.0950650078125	0.15453521875	0.16204903125	0.13730340625	-0.185926375	0.102975015625	0.066410890625	0.08858875	0.31149128125	0.0505802773437	0.0697264453125	-0.21860353125	0.190659109375	0.0898325859375	0.30744915625	-0.07098134375	0.124350539062	0.0991839765625	0.0728361171875	0.034774234375	0.21336471875	0.111371625	-0.183875484375	2.66	0.17	0.2	0.3	0.173491901033
98	61	251	2.187497	0.679631125	0.586072125	0.4332530625	0.67471125	0.267915625	0.253928546875	0.177391421875	0.176194234375	0.125054882812	-0.08687015625	0.272042	0.36887990625	0.252615234375	0.072074265625	-0.1763116875	-0.0961330078125	0.18011196875	-0.0669431015625	0.14406353125	0.0504799375	0.28739021875	-0.119775015625	-0.12011815625	-0.134203453125	0.222318765625	-0.120741960937	0.260862421875	0.0773158359375	-0.16395996875	-0.067286296875	0.17723440625	-0.10165209375	-0.165606421875	-0.150306515625	0.2881835625	-0.157461625	0.27059090625	-0.23777378125	-0.077916984375	0.1670359375	0.17370746875	0.1966183125	0.1832423125	0.10822153125	0.160960234375	-0.06338915625	0.34144996875	-0.109472179687	0.12389834375	0.21044259375	0.205695375	0.2435901875	0.06825403125	-0.0490611015625	0.29605225	-0.2616948125	0.083911125	0.0898761484375	-0.29188703125	-0.26588709375	-0.114380765625	0.13024865625	0.19560421875	0.081018921875	-0.27168103125	0.08933775	-0.133347078125	-0.246417515625	0.153501234375	-0.158651421875	-0.15238328125	0.169408515625	-0.110985875	-0.2990221875	-0.185096171875	-0.097466296875	-0.0509601679687	-0.09766440625	-0.0469662265625	-0.15410284375	0.25589490625	0.111838585937	0.118765640625	-0.16449646875	-0.24910490625	-0.107747851562	-0.093124703125	0.175978734375	-0.100712109375	-0.30123821875	-0.0643706054687	0.123867070312	-0.1802433125	-0.125926601562	0.167395234375	-0.0926723984375	-0.1638096875	0.27741075	0.234934734375	-0.12485584375	-0.0824626015625	-0.147889125	0.117533046875	-0.039723015625	-0.16213146875	-0.083273203125	0.1407116875	0.14448046875	0.30162240625	0.1000681875	-0.212958890625	0.1417455625	-0.12347653125	0.23150175	0.06355190625	0.193209640625	0.24991559375	0.133114640625	-0.243206578125	-0.207831203125	-0.101231734375	0.29348696875	0.14203871875	0.14489196875	-0.0854654609375	0.141734453125	-0.092276140625	-0.0692649609375	0.2380535625	0.201548453125	0.093378234375	0.25248140625	0.100189960937	-0.27687790625	-0.108308171875	0.18028115625	0.14917171875	0.1155455	0.0538209765625	0.237095265625	-0.228224890625	-0.116706703125	0.115822585937	0.3265198125	-0.15504053125	0.28333246875	0.11661265625	0.0577479609375	0.0517615664062	0.18705665625	-0.186987890625	0.16593103125	-0.125643859375	-0.155398125	-0.215328875	0.0678038203125	-0.222681984375	0.0746833046875	0.117334703125	0.14385984375	0.174793703125	0.1353050625	0.106121195312	-0.35219978125	-0.080270765625	0.0494966835937	-0.124015898437	-0.33871715625	-0.215888578125	0.113868273437	0.235437859375	-0.1448655625	0.1607255625	0.1820716875	0.132784828125	-0.147803015625	-0.35633309375	-0.110483179687	-0.0444799960937	-0.160641375	-0.0974723046875	-0.1698671875	0.116695445312	-0.0574562890625	0.17300628125	0.131340515625	0.18117959375	-0.0494846679687	0.1528713125	0.170731671875	-0.4047693125	-0.24083975	-0.12209509375	0.1927261875	0.19917653125	-0.149789625	0.20829671875	0.1477108125	0.0847618984375	0.0849474609375	0.0816173125	-0.23201146875	-0.32020840625	0.2785321875	-0.4933004375	-0.0218733398437	-0.115188109375	-0.146772671875	0.0766831328125	0.100674648437	-0.119408890625	-0.101915132812	-0.21699053125	0.270006375	0.24695359375	-0.1754966875	-0.0448287578125	0.15599196875	0.1179226875	0.182080609375	-0.169188609375	0.2940560625	0.123761773437	0.202570359375	0.0749099140625	-0.19651909375	-0.118180046875	-0.245017140625	0.076906796875	-0.201173125	-0.042173953125	-0.0615443515625	-0.116309390625	0.0086385390625	-0.0185994960937	0.135433453125	-0.111908726562	0.04434275	0.0374868984375	-0.222149625	-0.0469919960937	0.1622394375	0.16619384375	-0.0303680019531	-0.153071671875	-0.39175384375	0.0950160234375	0.2691579375	0.1710588125	0.170584828125	2.11	0.18	0.056	0.007	0.176119647676
99	123	251	2.2548375	0.7981855625	1.009392875	1.0159145625	1.00037575	0.99943725	1.0042500625	1.088717125	0.86788075	0.92365075	0.8784279375	0.9924703125	1.114676375	0.907749125	1.1799265	0.883664125	0.7876325	0.8409330625	0.9149270625	0.999560375	1.0386611875	0.8567905625	0.880641875	0.7594335	0.967369875	0.945882375	1.0206161875	0.6023005	0.6116755	0.8221680625	0.8829931875	0.8906888125	0.9642481875	0.707020375	0.646064125	0.89239375	0.935540625	0.8284470625	0.874469125	0.6966983125	0.7833244375	0.72748875	0.7742273125	0.647233	0.8989556875	0.8833576875	0.870720875	0.835731125	0.8110229375	0.9616586875	0.770845	0.953545625	0.828882	0.6575003125	0.95895425	0.88571775	0.97356675	0.976	0.7963895625	0.7545595625	0.775247625	0.9316190625	0.937504875	0.8817435	0.819377375	0.8040561875	0.718268625	0.8268629375	0.926873125	0.71767425	0.851068625	0.6762850625	0.750907	0.7518616875	0.40066209375	0.6954501875	0.583287	0.7638003125	0.64939225	0.608390375	0.7974041875	0.6363633125	0.6003208125	0.759858875	0.7301901875	0.548001125	0.6125188125	0.5868396875	0.8638696875	0.7035934375	0.5923374375	0.745179875	0.6674845	0.6220915625	0.7924438125	0.72231875	0.7436990625	0.8402230625	0.6945041875	0.6268625	0.67295925	0.7801723125	0.525100625	0.827498375	0.5778003125	0.5424360625	0.6786874375	0.74178625	0.4792360625	0.8673351875	0.4952958125	0.6607114375	0.44062521875	0.675756125	0.74036375	0.645527375	0.71277875	0.666112125	0.7697425625	0.530860125	0.5815394375	0.6424216875	0.9685508125	0.818615625	0.646614	0.6518815625	0.517503375	0.840713875	0.7458956875	0.46086846875	0.4176340625	0.8246278125	0.6472889375	0.6032558125	0.45639025	0.5197579375	0.6055905625	0.697768375	0.6840601875	0.6047876875	0.8026546875	1.0161720625	0.69566575	0.4992253125	0.5287650625	0.5239319375	0.6520606875	0.6333780625	0.6576205625	0.7891061875	0.7711998125	0.49847734375	0.5823240625	0.7683483125	0.7122284375	0.630394875	0.62253725	0.7296933125	0.7132436875	0.7295124375	0.6627615	0.67651675	0.5840926875	0.5029040625	0.52346421875	0.556592875	0.4139133125	0.576072625	0.6506669375	0.50897778125	0.5968129375	0.5818253125	0.2235465	0.52137425	0.5833213125	0.5864983125	0.592277875	0.7650429375	0.5959583125	0.666936875	0.60955225	0.43925146875	0.6269045	0.826466625	0.496948	0.5209141875	0.43635125	0.628827625	0.5445025625	0.5768606875	0.528848	0.44012640625	0.6102163125	0.35901796875	0.48814765625	0.37057028125	0.6583289375	0.3856905	0.684743625	0.5099679375	0.3939695	0.49121134375	0.4364795625	0.5903923125	0.5309115	0.7161934375	0.49494809375	0.609721875	0.293935375	0.5281399375	0.45505378125	0.4638671875	0.8615815	0.50396996875	0.5295386875	0.261676390625	0.621831	0.34837203125	0.230838640625	0.532265375	0.33159	0.539262	0.260832125	0.5034445	0.4893809375	0.34644175	0.5258374375	0.603293125	0.4135604375	0.464785625	0.49034434375	0.6893090625	0.52899175	0.5731633125	0.4048210625	0.572219125	0.5622594375	0.44081353125	0.36941990625	0.37381071875	0.27244475	0.46016690625	0.3393639375	0.50332503125	0.31746621875	0.56103925	0.212105859375	0.35841934375	0.27121740625	0.498914125	0.38240140625	0.994	0.024	6.68E-4	3.9E-5	0.144778632134
100	159	251	2.5583985	0.22096953125	-0.190615734375	-0.116852179687	-0.32023784375	0.053918390625	0.0517898945312	-0.085844828125	0.0625278046875	-0.3148465	-0.0827330859375	-0.107396117187	-0.06014734375	0.1508969375	-0.140557921875	0.24604753125	-0.130084140625	-0.070891140625	0.181304984375	0.1287649375	-0.0970243828125	-0.078627390625	-0.231985640625	0.200047375	-0.114532453125	-0.191857875	-0.065437234375	0.28287096875	0.111078523437	0.0786229765625	0.18824334375	0.227474265625	0.196932890625	-0.0525169453125	-0.12505625	0.0970994453125	0.252837890625	0.08567971875	0.16918528125	0.26444584375	0.1886233125	-0.107529625	0.129306625	-0.22254865625	-0.35394203125	0.20588146875	-0.0999021875	-0.16302340625	0.0817487421875	0.080173875	-0.0367456289062	0.240722859375	-0.217534515625	-0.23020503125	0.084324828125	0.09668125	-0.144986234375	-0.13709821875	0.0674149921875	-0.170373953125	0.186975546875	-0.0692724140625	0.17223040625	-0.108535757812	-0.094709171875	0.0841097578125	0.141312625	-0.0389584414062	0.1924574375	0.074979125	0.0615383945312	0.083126890625	-0.304098875	0.173579625	-0.253746515625	0.11264575	-0.03789440625	0.239433125	0.111110445312	0.19684640625	-0.27396309375	-0.28233209375	-0.28319809375	0.13906934375	0.166168234375	0.128657453125	-0.205305765625	-0.15678521875	0.118126351562	0.216684625	-0.20609334375	0.1784161875	0.203018375	0.137249703125	0.115315351562	0.322153875	-0.0248448632812	0.092873625	0.37184465625	-0.20101296875	-0.080024359375	-0.1422688125	-0.0684880859375	0.197118203125	-0.2716515	0.14153746875	0.0474971875	-0.1508938125	-0.18688171875	0.1081159375	0.1559311875	0.204065921875	0.25689846875	-0.18639084375	0.123265664062	0.15396690625	0.3015439375	-0.141996015625	-0.1695471875	-0.175982984375	-0.0761935625	0.142425640625	-0.0617946992187	0.07166371875	0.187158875	-0.100254960937	0.0884534453125	-0.227460796875	-0.0283575078125	-0.191671875	0.202839875	0.2210646875	-0.132582078125	0.129522492187	0.13353821875	-0.1649035	0.105019851562	-0.241152546875	0.117572734375	-0.123151460937	0.140096984375	0.0804449765625	-0.126792796875	0.0802005546875	-0.20256778125	-0.0672158984375	0.121727820312	-0.0476421875	0.147275125	-0.19362896875	-0.07278559375	0.187632125	0.046065671875	0.24712703125	0.124801789062	0.181830796875	-0.09244571875	0.0910761015625	0.160073765625	-0.19691725	-0.096578125	0.0977919921875	-0.145554125	0.050682828125	-0.204436109375	-0.235973703125	0.22372003125	-0.18253321875	0.1001626875	-0.0818892265625	-0.102467742187	-0.0557088710937	0.083569015625	0.26213890625	-0.17235640625	-0.0641415625	0.155995671875	-0.176353484375	-0.0760120234375	0.15823946875	-0.106172078125	-0.050905828125	0.3191675	0.31312121875	0.136883625	-0.17141946875	0.161631125	0.182734859375	-0.257085984375	-0.0559658945312	0.1080548125	-0.14660890625	-0.0944607578125	-0.11868615625	-0.139493140625	0.132028828125	-0.125827257812	0.0832013671875	-0.10717665625	0.111347859375	-0.0639265195312	-0.082826890625	0.0714960859375	0.09336409375	-0.201939	0.108145804687	0.163851515625	-0.0289496875	-0.12682221875	-0.0947860859375	-0.147896671875	-0.118007625	-0.214353453125	-0.249545828125	-0.0529785390625	0.0420796484375	0.213029625	0.18110065625	0.2357590625	0.096746109375	0.0674482265625	0.176522765625	0.198749375	-0.27905553125	-0.21611790625	-0.0865007421875	0.19186046875	0.28552728125	-0.081845765625	0.111024992187	0.31723465625	-0.116026890625	0.0445675546875	0.0521141171875	-0.352519125	0.16789521875	-0.1833710625	0.2439118125	-0.122723882812	0.0504389648437	-0.21749015625	-0.209655578125	0.136605265625	0.0467171992187	0.122342429687	0.131672625	-0.100187859375	-0.0995641875	0.085878578125	-0.3115986875	0.0520659921875	2.56	0.18	0.2	0.3	0.165467516632
101	97	251	3.3067465	-0.19805215625	-0.0838052734375	-0.179765390625	-0.17387709375	-0.39592578125	-0.1524500625	-0.27764525	-0.099251171875	0.3732001875	0.0724191015625	0.0507904023437	-0.16230925	-0.12720653125	-0.1629841875	-0.0619539609375	-0.25079509375	-0.194792625	0.0800101171875	-0.24786778125	-0.0864981171875	-0.0546215820312	0.109316859375	0.169320015625	0.218435046875	-0.132608265625	0.0913412890625	-0.2880064375	-0.150219953125	-0.33629084375	-0.165479765625	0.2191006875	-0.140549078125	-0.307180375	0.2115275625	0.194302203125	0.26655440625	-0.271577	-0.108579390625	-0.12341671875	-0.09556496875	-0.174621265625	-0.0683750703125	-0.200033125	-0.180267125	0.074544203125	-0.1944655625	0.1602235625	0.211144890625	0.128827601562	-0.082895609375	0.131635421875	0.219837640625	0.0932491796875	-0.082004859375	0.112809085937	-0.29205921875	-0.15611359375	0.105953875	0.1440940625	-0.26834790625	0.1609400625	0.172566	-0.109955421875	0.16367215625	-0.155489203125	-0.225243046875	0.132420484375	-0.129772328125	-0.0437248554687	-0.35368634375	-0.084421390625	-0.0498321484375	0.161506359375	-0.106698265625	0.192758625	0.194448984375	-0.38789746875	0.3456515	-0.079526296875	-0.1050945625	-0.11207684375	0.2808560625	-0.21315603125	-0.28689871875	-0.38543134375	-0.210739171875	0.0809774609375	0.3293119375	0.33913321875	0.142861953125	-0.29460684375	-0.09021321875	0.151941984375	0.0597399140625	0.168503046875	0.150010703125	-0.16101378125	0.41199365625	-0.237325375	-0.124235921875	-0.058555453125	0.19098234375	0.236146578125	0.117758695312	-0.09480984375	-0.118421640625	-0.103530273437	0.139439875	-0.122326625	-0.131403625	0.218422984375	-0.113762976562	0.0651435117187	0.1273076875	-0.103389554687	0.09665915625	0.20996265625	-0.1991480625	0.08417315625	-0.24387984375	-0.10123940625	-0.434408125	0.224651984375	-0.15800428125	-0.208204921875	0.257446609375	0.129800328125	0.20477940625	0.1868305	0.0878142890625	0.2608703125	-0.15893046875	0.141261875	-0.3477698125	-0.20425359375	0.25071121875	-0.214310046875	-0.2933645625	-0.14165365625	-0.22248384375	-0.119344625	-0.1447663125	-0.23643590625	-0.17108090625	0.20964528125	0.239744203125	-0.149876015625	-0.195346515625	-0.064809375	-0.125469140625	0.31665890625	-0.16502375	-0.215911421875	-0.235311890625	-0.093449421875	0.203997	-0.1872886875	-0.145631328125	0.236045125	-0.108865195312	0.087286171875	0.1377199375	-0.0764055390625	-0.0943161953125	0.105277796875	-0.166977984375	0.107738828125	-0.2118248125	-0.134006625	-0.109867179687	0.25586465625	0.28691946875	-0.0487581640625	0.164003484375	-0.072865046875	0.1407975	0.162913953125	0.160127671875	-0.1220383125	-0.109221882812	-0.157289109375	0.20798759375	-0.203972453125	0.210859078125	-0.24898325	0.162746890625	0.1673003125	-0.211690890625	-0.130084382812	-0.16532815625	-0.135876375	0.211049859375	0.0519758359375	0.086069296875	0.0964521875	-0.18236140625	0.19664978125	-0.0914177578125	0.0772647265625	0.0406490546875	-0.14853521875	0.160253828125	0.22847665625	0.196100484375	-0.18068290625	-0.18996215625	-0.119827804687	-0.207156203125	-0.2647113125	-0.0921293828125	-0.0400464648437	0.102744828125	-0.20378953125	-0.124284078125	-0.0945068828125	0.105868554687	0.104420023437	-0.1796235625	-0.072298671875	0.125553117187	-0.0948838515625	0.178870203125	0.13581278125	0.23811584375	-0.13516840625	0.0688956328125	-0.2499721875	0.26691175	-0.2778388125	0.230311640625	-0.226874765625	-0.076822234375	-0.2189499375	-0.115097828125	0.236915734375	-0.227557984375	0.127342414062	0.183613578125	-0.22768959375	-0.372454375	0.104564320312	0.221185703125	0.268826125	-0.12210340625	-0.41532903125	0.142885078125	0.1080613125	-0.09673759375	0.17047434375	0.2607671875	3.31	0.1	1.9	0.0	0.188687402944
102	5	251	3.0592095	1.7411755	1.604649	1.347799625	1.514991125	1.265644	1.320017875	1.58309525	1.439944875	1.486039	1.653111875	1.475177125	1.338446125	1.66185775	1.57097375	1.622942875	1.49317275	1.436970875	1.564604125	1.27919525	1.609004125	1.42508525	1.536876375	1.360542875	1.414464875	1.294712	1.35779125	1.513329125	1.43884425	1.555510375	1.39710875	1.48937175	1.727452875	1.513703	1.417729125	1.425249625	1.366711	1.28183575	1.360819	1.399602125	1.57935975	1.6287735	1.45149275	1.630991125	1.455844125	1.398480875	1.368621375	1.52808525	1.29576525	1.294721875	1.50649725	1.62499375	1.46122725	1.4451285	1.43404575	1.07116125	1.212787625	1.3146575	1.160153625	1.326082	1.38236525	1.349077875	1.31111825	1.31234825	1.442716125	1.5714625	1.3213555	1.47636275	1.31520575	1.268830625	1.336222875	1.2489755	1.202711	1.142648125	1.156542125	1.32628475	1.143145375	1.220353375	1.309144125	1.2396455	1.380876125	1.409876375	1.241155125	1.272523125	1.237985	1.379626875	1.212564875	1.186788875	1.235338375	1.188820125	1.280703375	1.259471375	1.140624125	1.16109775	1.19945425	1.3945155	1.603226875	1.262106	1.066981125	1.2089595	1.24884775	0.91684275	1.203333875	1.061735875	0.95111075	1.123862375	1.24030325	1.017111375	1.295310625	1.2282265	1.14937025	1.0575455	1.0880805	1.148603625	1.27175825	1.038476875	1.185959375	1.3703345	0.983063625	1.11839875	1.121415	1.17686075	0.7854894375	1.242524375	1.251404375	1.156148375	1.053960625	1.026715625	1.23320375	1.172753625	1.151922125	1.067405875	0.9223098125	0.9662519375	1.3058785	1.13336825	0.97236675	0.9286784375	1.0015020625	1.14360425	1.032329375	1.172420375	1.16247475	1.0364013125	0.8822715	1.120228375	1.088044625	0.9461740625	0.922611875	1.05185225	0.9594461875	1.388209	0.9752565625	1.04986725	1.0142918125	1.005450125	0.890977	0.85491425	0.9417873125	0.932943875	1.0062463125	0.9105086875	1.036749625	1.13752175	1.0476498125	1.089027	1.0200659375	1.07984275	1.057438625	0.870824125	1.10814025	0.934084625	1.177475	0.7278714375	0.8803020625	0.9566586875	0.9255950625	0.611770875	0.68438925	0.6498114375	0.936103	0.9335833125	0.62297525	0.8955470625	0.4815529375	0.88070975	0.8551200625	0.927774625	1.0309556875	0.9290929375	0.961851875	0.7769875625	0.9659431875	0.80823325	1.0158680625	1.060866625	0.9678228125	0.7383125	0.7568435	0.9306298125	0.9131270625	0.866831875	0.928339875	0.9125076875	0.9934339375	0.919179625	0.776636	0.8266420625	0.970025875	0.741040125	0.9476396875	0.6031006875	0.826655375	0.9001999375	0.7708491875	0.46942634375	0.840853125	0.897599	0.6967323125	0.65619375	0.9847085	0.9910101875	0.8310865625	0.7514856875	0.9631121875	0.897455375	0.9023205	0.81286775	0.76714175	0.63589725	0.7433220625	0.8915298125	0.9234135	0.8889465625	0.6218548125	0.8323415	0.51865575	0.67067375	0.7195590625	0.8542625625	1.001034	0.765428875	0.7216948125	0.8786443125	0.8411601875	0.8143759375	0.87417325	0.564248625	0.76297375	0.936126	0.9428094375	1.631	0.024	6.21E-4	2.6E-5	0.156957768438
103	51	251	3.12059225	-0.106297617187	-0.26403396875	-0.244607828125	0.0773667109375	0.104602492187	0.122737460937	0.2345829375	0.2645963125	-0.101953140625	-0.27645415625	-0.35020871875	-0.2827074375	-0.10006309375	-0.242737	0.18034721875	0.07696990625	-0.222214796875	-0.245952953125	0.246752203125	-0.1817226875	0.10265853125	-0.169926109375	-0.22788115625	-0.121325210937	-0.23137359375	-0.19075153125	0.2529731875	0.0846040078125	-0.101412421875	0.170096671875	-0.164187296875	0.138614234375	-0.0340255429687	-0.099847078125	-0.106356257812	0.23076434375	0.116671484375	0.0605681601562	-0.160213171875	-0.192020625	-0.147185546875	-0.100849085937	0.10902915625	-0.26415615625	0.1380019375	0.186579625	0.09933028125	-0.117421414062	-0.0951456640625	0.120347546875	-0.18090365625	-0.103500273437	-0.215930515625	0.18551978125	-0.341535125	0.250288484375	0.177661125	0.0668058984375	0.103631609375	-0.11655890625	-0.14023403125	0.220750046875	0.41334159375	-0.121968195312	-0.159536828125	0.14115215625	-0.096737046875	0.193689734375	-0.2958543125	-0.0973167421875	0.104720234375	0.163047296875	-0.186816546875	-0.37998109375	-0.14050259375	0.197343515625	-0.110465773437	0.11245584375	-0.206052390625	0.14814121875	0.2813950625	-0.114876234375	-0.093317890625	0.168917671875	0.23584721875	-0.214477359375	0.211828	-0.21675690625	-0.3515901875	-0.154235953125	-0.13124859375	0.13595925	-0.2247053125	-0.2227719375	0.1396391875	-0.28098090625	-0.154387703125	-0.0904647265625	-0.13241153125	-0.0797004375	-0.27858121875	-0.36244959375	0.3050953125	-0.23823759375	-0.363865625	0.230569359375	0.09902815625	-0.303774625	0.0901743515625	0.131766140625	0.252234890625	-0.131097609375	-0.0675937109375	-0.11689453125	0.079758328125	-0.19470675	-0.127249070312	0.0630400507812	-0.1012088125	-0.158253703125	-0.0640020546875	-0.30242796875	-0.29678740625	-0.38612603125	-0.0752215	-0.119458015625	0.0836867421875	0.178266828125	0.0485512734375	0.0628024296875	-0.155677828125	-0.213371984375	-0.1571690625	0.170079625	0.222054515625	-0.17875490625	0.34307853125	0.2372	0.131145375	-0.0641793984375	-0.0929927734375	0.1348513125	0.196583359375	-0.1430948125	0.109140851562	-0.21105459375	0.1406183125	0.0755897734375	-0.18206871875	-0.13727640625	0.18371065625	-0.2137271875	0.196308453125	-0.126470148437	0.0560418789062	-0.18454271875	0.15805115625	0.13068840625	-0.2328305625	0.140579	0.0451491796875	0.209819796875	-0.14752734375	-0.176995390625	0.06788515625	0.11793796875	-0.159440671875	-0.14346103125	0.0978655703125	-0.34245884375	0.13668096875	0.0688977890625	-0.234398328125	0.159462890625	0.158555	0.1478573125	-0.125313820312	-0.142471296875	0.138734828125	0.24133146875	-0.0669066875	0.130142226562	-0.125677695312	-0.102460210937	-0.148571359375	0.127808820312	0.17459265625	-0.128219515625	-0.100647039062	-0.194955421875	0.1181278125	0.094854140625	0.084792828125	-0.130886539062	0.240500625	0.198100828125	0.0654954179687	0.1870871875	0.171901109375	-0.31286878125	-0.122240945312	-0.178500421875	0.1141915625	0.101464476562	0.0744594609375	-0.149103375	-0.1764809375	-0.06801334375	0.0407632695312	-0.19902790625	-0.166749671875	0.0807079375	0.19970659375	-0.30967809375	-0.2119324375	-0.190646265625	0.00470224804687	-0.4281188125	-0.226311859375	-0.1109031875	0.27717753125	0.109683054687	-0.187067015625	-0.107130851562	0.2402034375	-0.1692689375	-0.145578875	0.1440443125	0.169698625	-0.187174046875	-0.21295128125	-0.0985826875	0.10711290625	0.24347	-0.107901046875	0.0318772714844	-0.1280150625	0.124106523437	-0.22913015625	-0.130285335937	-0.102782695312	-0.0763190703125	-0.172641796875	-0.236875484375	0.17506528125	-0.127088773437	0.184966671875	-0.160482171875	0.159823828125	0.141400203125	3.12	0.18	1.6	11433.2	0.181532936739
104	16	251	4.1403485	0.15714653125	0.13729615625	0.45172428125	0.37235534375	-0.139534328125	0.185865203125	0.0985252265625	0.358362	0.16588228125	0.29423453125	0.44036215625	-0.17469484375	0.168725484375	0.192445484375	-0.14130753125	-0.114550429687	0.41740596875	0.16667621875	0.441089	0.2889030625	0.34149771875	-0.0456142304687	0.28277378125	0.256469578125	0.3491416875	0.204723765625	-0.247468890625	-0.183103546875	0.20329240625	-0.226316125	0.334474375	-0.108883078125	0.1185475625	0.221599625	0.1956703125	0.38560815625	0.24274378125	0.3046510625	0.4623510625	0.272298375	0.42694834375	-0.253290546875	0.31650175	0.47790815625	0.2795389375	0.117370859375	0.29246190625	0.075416984375	0.3231875	0.216318875	0.17292403125	0.350559	0.50908325	0.44685859375	0.3408803125	-0.192415609375	0.20032078125	0.23791028125	0.250390234375	-0.0521643359375	0.2688925625	-0.069551125	0.26119090625	0.0861363828125	0.0950954296875	0.2270575	0.35663921875	0.132523171875	0.0631163632812	0.32061553125	0.28501784375	0.1859629375	0.157604828125	-0.106446304687	0.13256284375	0.3716063125	0.1583559375	0.325373375	0.2454399375	0.19232359375	-0.146772234375	0.066177828125	0.47604134375	0.168925203125	0.3511033125	-0.230686875	0.38668175	0.1511486875	0.204356125	0.30003946875	0.13498115625	0.106161109375	0.36828821875	0.14799225	-0.195785796875	-0.26497271875	0.3332524375	0.203818546875	0.240435703125	-0.183945640625	-0.027955171875	0.0459794453125	0.246686140625	0.20721209375	0.271895375	0.226564484375	0.131266515625	-0.249264984375	-0.21662271875	0.125591421875	0.133989	0.174231796875	0.2495073125	0.2074503125	0.117802554687	0.13000125	0.0706295625	0.250137296875	0.26340496875	0.321576125	-0.36659103125	0.266809125	0.16032228125	0.17799996875	-0.14029321875	0.0328552421875	0.29017859375	-0.072580515625	0.308263625	0.139069	-0.14493578125	0.163568265625	0.246814234375	-0.22523259375	-0.169402390625	0.0994840078125	0.120706234375	-0.203321515625	0.0364493046875	0.232422796875	0.10839903125	0.24005603125	-0.134355796875	-0.124704765625	-0.1194995625	0.1883571875	-0.2000303125	-0.213805375	0.42981796875	0.194517765625	-0.161106234375	0.129217789062	0.179361046875	-0.07031734375	-0.196291328125	-0.0922103125	0.4343436875	0.204274296875	-0.13895378125	0.26427409375	0.27332440625	0.15467346875	-0.3180333125	-0.162202890625	0.21678471875	-0.20814928125	0.232512546875	-0.23420625	0.1073771875	0.177284359375	0.231227359375	0.27745978125	0.1915650625	0.210508375	0.26877440625	-0.0673276484375	0.34889203125	0.163219625	0.0988674921875	0.184852359375	-0.162703515625	0.2436576875	0.0959953125	-0.127773992187	-0.32463846875	0.21727725	-0.2758745625	0.3149179375	0.239602828125	0.27573240625	-0.159999640625	-0.114451132812	-0.17066246875	0.2607611875	-0.16308078125	0.0757878203125	-0.0870331640625	0.122508804687	-0.25180378125	-0.188507828125	0.0291699414062	0.33920909375	0.181082859375	0.131334921875	0.3198630625	-0.16138734375	0.15241721875	-0.218536859375	0.1227573125	-0.096727171875	0.298595625	0.0484697734375	-0.0723877734375	0.149557140625	0.142336375	0.19299046875	0.178878296875	-0.203359375	0.16603809375	0.29338059375	-0.3222100625	0.079727015625	0.21977196875	0.128824828125	0.215794703125	0.29891178125	0.178312484375	0.15754646875	-0.266562125	0.30014875	0.191849234375	0.236414	-0.122361898437	-0.139239625	-0.237626671875	0.25105390625	0.183601734375	-0.082864359375	-0.0432933164062	-0.216627109375	-0.1481105625	0.18101675	0.20322315625	0.1679341875	0.16698890625	0.16019703125	0.2886135	0.249612984375	0.3090366875	-0.22119759375	0.42	0.07	0.0026	7.0E-4	0.310463695025
105	15	251	5.3942305	-0.224986015625	-0.3919685	0.1868766875	0.18949246875	0.16868053125	0.22024903125	0.148699390625	0.1724373125	-0.1769594375	0.21253603125	0.31026709375	-0.108721523437	0.0777700234375	0.195486578125	0.172869546875	0.160569	-0.082241296875	-0.211909296875	0.170410421875	-0.171041515625	0.16973428125	-0.141827203125	0.162839859375	0.0567020546875	0.158756796875	0.192835046875	-0.19967784375	0.37281484375	-0.248958453125	-0.314112625	0.1032861875	0.0420141445312	-0.131030609375	0.161452328125	0.0643651328125	0.24689034375	0.0941954765625	0.17443978125	-0.0360844804687	-0.200306671875	-0.143769640625	0.24186234375	-0.2109670625	-0.129915320312	-0.160396390625	-0.20278390625	0.2728849375	0.184064796875	-0.188431359375	-0.125835640625	-0.237563453125	0.17908178125	0.10504315625	0.09334146875	-0.12177715625	0.151461703125	-0.29198725	0.160859828125	-0.21037259375	-0.0618927460937	0.222443265625	-0.23714121875	0.25764946875	0.23814109375	-0.23724334375	0.102043765625	0.15560028125	0.243477765625	0.1844548125	-0.1646706875	0.155131921875	-0.125243960937	0.111699609375	-0.1907070625	0.121569742187	0.25214540625	-0.162926109375	-0.199094203125	0.22640996875	-0.18018328125	-0.123465835937	0.15009721875	0.1739540625	-0.180228328125	0.242669921875	-0.11625953125	0.23950125	0.35353790625	0.172904578125	-0.17949503125	-0.220721234375	-0.13556853125	-0.12908628125	0.23494371875	-0.28894709375	-0.29118021875	0.3211763125	0.207369703125	-0.133515453125	0.194889203125	-0.211083671875	0.1628235625	-0.167930484375	0.245554921875	0.1607840625	0.155366859375	-0.30994584375	-0.4107269375	-0.3182790625	0.25039009375	-0.2707695625	-0.18944571875	-0.19394184375	0.174172859375	0.195030484375	0.0343412070312	0.21691653125	-0.149263078125	0.0613035507812	-0.0946627421875	-0.327133625	0.198912890625	0.165743421875	0.211356078125	-0.1331395	0.0523155507812	0.15654728125	0.152163890625	-0.217801703125	0.130589554687	0.26362315625	-0.097542875	0.17475253125	-0.46678453125	-0.137226875	0.127995460937	0.205150515625	-0.1896371875	0.30662290625	-0.39221009375	0.235063203125	0.128291546875	0.231888078125	0.127999867187	0.085040203125	-0.3776151875	-0.1119315625	0.2069255625	-0.140576140625	-0.13747253125	-0.187965859375	0.27737021875	-0.072271578125	0.0746826640625	0.2920715625	-0.21146790625	0.22148459375	0.08056040625	-0.114995664062	0.115490640625	-0.192898671875	-0.22201021875	0.1011750625	-0.14338065625	0.249752359375	-0.21265896875	0.1321229375	0.26271096875	-0.168879453125	-0.280728625	-0.25295278125	-0.1560174375	-0.40016171875	0.211949625	0.18844584375	0.40629946875	-0.31638009375	-0.170410265625	0.2005165625	-0.1123435625	-0.172057703125	0.111911742187	0.306505125	-0.13691271875	0.08833759375	0.153692640625	0.193111546875	0.3598715	0.21535528125	0.074233125	0.19925965625	-0.0810912734375	0.22849146875	-0.221442125	-0.085387796875	-0.212854390625	0.08268271875	-0.14988	-0.0823842578125	0.25980840625	-0.29837321875	-0.30376421875	-0.151821953125	0.0754669765625	0.078921265625	-0.129315398437	-0.149789921875	0.132577921875	-0.080322265625	0.0796268203125	-0.2301124375	0.26794296875	0.3323976875	-0.151985609375	-0.109398304687	0.20567746875	0.197305578125	0.09992646875	0.03475053125	-0.2103755625	-0.0495738359375	-0.179617484375	-0.184634796875	-0.092319953125	0.227834265625	0.0889131328125	0.138080546875	-0.143175515625	0.143007796875	0.10160328125	-0.30086484375	0.145410703125	0.1906581875	-0.151380625	-0.136696875	0.10033328125	-0.30375459375	-0.2634591875	-0.133840578125	-0.037488046875	-0.16331284375	-0.187805921875	0.2753705	0.13201328125	-0.15766059375	0.20575146875	-0.149432734375	0.237731109375	-0.17766353125	0.2734033125	5.39	0.08	1.8	0.0	0.199856854155
106	36	251	2.4987205	1.537868875	1.935585375	1.96473875	1.81266725	1.929729625	2.008748	2.011529375	1.750090125	1.78108475	1.980250625	1.730564875	1.793498125	1.654574875	1.819531875	1.8727825	1.552954125	1.8955945	1.95592925	1.9560435	1.93937725	1.701510625	1.921225	1.785720625	1.957046875	1.861028625	1.496392875	1.6042355	1.942168625	1.64501625	1.660321875	1.673096	1.726678875	1.910829375	1.740651375	1.421860375	1.84556325	1.780689625	1.765744375	1.63068525	1.579812125	1.67313	1.729924	1.63944625	1.809837875	2.007797	1.646484625	1.8935195	1.656701375	1.547966375	1.83365325	1.655831375	1.79279625	1.6866065	1.76837975	1.832824375	1.612919	1.570447375	1.834810125	1.821379875	1.8412995	1.839556375	1.896366625	1.574461875	1.61094	1.81969975	1.84561725	1.531122875	1.62323775	1.766897875	1.8497375	1.633839875	1.77613975	1.660071625	1.73331475	1.499562625	1.74923375	1.532808625	1.711298125	1.852842875	1.857977625	1.556454	1.679399875	1.397680125	1.45149025	1.667364125	1.7550535	1.6486085	1.52576275	1.798010875	1.538890125	1.716258625	1.619178625	1.40322125	1.73631	1.6451355	1.684093375	1.613783375	1.713795625	1.550074125	1.818954625	1.53053675	1.66899375	1.7811015	1.630641375	1.73136	1.660526625	1.78953725	1.538597	1.5573775	1.46839075	1.466662625	1.52238525	1.742150625	1.716662375	1.67265075	1.76635025	1.630003	1.478484625	1.769955	1.83888175	1.790407	1.618485125	1.744694	1.446818125	1.819823375	1.82685975	1.814722375	1.60448125	1.7588265	1.557931	1.73678875	1.464204	1.534814875	1.88286175	1.889867625	1.89403575	1.651141875	1.43101025	1.3783065	1.719223375	1.65042925	1.701624	1.484020375	1.568433625	1.722357	1.63798125	1.666989875	1.663746625	1.597086375	1.718753	1.5199135	1.790283625	1.88614025	1.7898525	1.540999875	1.769645375	1.685031875	1.72754	1.849638875	1.471806625	1.376272875	1.77917725	1.60319725	1.64924525	1.91209725	1.5364	1.741545	1.7546435	1.4298115	1.711928875	1.636429	1.2355155	1.716721625	1.66544575	1.73975875	1.710991875	1.658188625	1.614412375	1.421209625	1.593971	1.603933125	1.60314825	1.53715175	1.6186905	1.6820115	1.664062	1.43831125	1.582757875	1.785416375	1.82416125	1.6580415	1.908299625	1.543859125	1.397157	1.672942625	1.623717125	1.690736125	1.8957285	1.598126	1.538148125	1.569447125	1.671393625	1.57386375	1.69751275	1.5615245	1.464193	1.508134	1.832419875	1.787436375	1.67281175	1.472678	1.4917055	1.399083625	1.575399375	1.54969925	1.801857375	1.9327015	1.689931125	1.58866275	1.736845875	1.819773875	1.626573	1.681030375	1.51725975	1.64895225	1.632152125	1.77296675	1.90372075	1.693564875	1.961969	1.63899225	1.588657375	1.59532975	1.707417875	1.57670325	1.852008	1.7558885	1.56600675	1.797513375	1.33118725	1.714950375	1.91507925	1.650337	1.91828925	1.74069125	1.73148775	1.668404	1.650366125	1.488657	1.632993625	1.772	0.02	7.5E-5	1.6E-5	0.148063851289
107	160	251	6.239343	0.08817153125	-0.18243346875	-0.29817840625	0.0823166796875	0.079398546875	-0.36087965625	-0.11306534375	-0.387713125	-0.09953246875	-0.28882275	0.17422259375	0.119528835937	0.39490725	-0.177677546875	0.205405453125	0.2815288125	0.256155546875	0.145061203125	-0.143094796875	-0.31392546875	-0.31818103125	0.229157421875	-0.18037059375	0.224278953125	0.135256140625	-0.22769290625	0.30754596875	0.15245590625	0.160372296875	-0.1974853125	-0.26606534375	-0.3474801875	-0.3298804375	0.250028375	-0.169334515625	-0.13170371875	-0.229405265625	-0.13971646875	-0.28803365625	0.3682386875	0.252767015625	-0.0706558984375	0.27647371875	-0.31303684375	-0.219770078125	-0.5045520625	0.15952690625	-0.125966539062	-0.2235328125	-0.19855075	0.124297984375	-0.182985609375	-0.29156459375	0.161799421875	-0.0868018125	-0.34964696875	0.342118625	-0.25664153125	0.27254325	0.059938875	0.18465753125	0.394697	-0.258334875	-0.217080109375	0.155721671875	-0.224436640625	-0.111517375	0.215387046875	-0.116355421875	0.30149596875	0.35139284375	0.2104891875	0.0780170625	-0.173382359375	0.13015909375	-0.112135640625	0.151299921875	-0.38654034375	0.1236755	-0.118404890625	0.4135955	-0.3076094375	0.29637096875	-0.2877243125	-0.313378875	0.31909221875	-0.214411875	-0.2279983125	0.13490321875	-0.08150178125	0.26938815625	0.150967390625	0.19824765625	0.157193390625	-0.191216578125	0.17368746875	0.26809290625	-0.0570680117187	0.1701558125	-0.2526388125	-0.19052465625	-0.103620234375	0.1831650625	0.23846403125	-0.1626091875	-0.3593654375	-0.177395046875	-0.181635703125	-0.117892375	-0.2480806875	-0.2198958125	0.38143559375	-0.13962909375	-0.121523140625	0.3623535	0.5540530625	-0.0951213671875	-0.3342463125	-0.140264703125	0.1021199375	-0.244232921875	0.163262515625	-0.19662234375	0.01599525	-0.285418125	0.206633125	-0.217243328125	-0.245669015625	-0.23411728125	-0.190301015625	-0.178821828125	0.0554317578125	0.130102054687	-0.2112204375	0.22642659375	-0.184971890625	0.195547484375	0.172332671875	0.09467325	0.159016890625	-0.0925229375	0.2336761875	0.23762409375	0.2193060625	0.260660125	-0.318953625	0.160777578125	-0.13084134375	0.2145953125	-0.245349453125	0.2769015625	-0.233533359375	-0.234048421875	-0.2033649375	0.107051789062	-0.162184375	0.26475596875	-0.21514071875	0.124744367187	-0.30902625	-0.25146465625	0.0595347578125	0.207285515625	-0.20767259375	-0.24111275	-0.2049399375	0.13964715625	-0.1364426875	-0.35300571875	-0.18124546875	-0.123347820312	-0.167779453125	0.259509984375	0.227144046875	-0.3036504375	-0.32987203125	0.14906653125	-0.236914296875	-0.205425828125	0.3350263125	0.111289953125	0.0899395	0.127798382812	-0.33034196875	0.21905484375	0.168984953125	0.198046109375	0.26912121875	-0.308228625	0.153272703125	0.221877078125	-0.33306590625	-0.187262078125	0.23587175	0.2547136875	-0.492071375	0.0807465625	-0.20273875	-0.200019296875	-0.3246525	0.146075359375	-0.135563140625	-0.32176659375	0.168175	-0.27391196875	-0.28261084375	-0.39516625	-0.09388734375	-0.18155228125	0.201748125	0.14651284375	-0.17328375	0.231810765625	-0.177311921875	0.26785609375	0.162999109375	-0.183089078125	-0.25359253125	-0.1843955	-0.137243609375	-0.20941575	-0.096227203125	0.18559634375	-0.27619240625	0.2098118125	0.25986690625	0.160475046875	-0.1062441875	-0.173252578125	-0.20110153125	-0.2862774375	-0.235827390625	0.26227159375	0.122010429687	0.115733703125	-0.13217334375	0.1438245	0.1552993125	0.117404132812	0.1996475	-0.182833953125	0.190419796875	0.123181054687	0.220337921875	0.251627375	-0.0782296171875	0.190392671875	0.251048796875	-0.1343878125	-0.13061778125	6.24	0.21	0.4	0.5	0.226391126134
108	116	251	5.9027795	0.191428515625	0.0723115859375	0.42887671875	-0.11481684375	0.25859503125	-0.37382359375	-0.0835805703125	-0.241481734375	-0.225072796875	0.1269075625	0.132882484375	-0.17961715625	-0.21764078125	-0.27866209375	-0.21571546875	-0.29411525	0.2044354375	-0.174611953125	0.125544585937	-0.147972453125	0.1400419375	-0.298808125	0.31758775	-0.177178125	0.165357640625	-0.170951296875	-0.304115375	-0.229131375	0.141557359375	0.25028965625	0.213570515625	-0.128430445312	0.11435425	-0.44490871875	-0.26778796875	0.240655921875	0.27683159375	-0.171259234375	-0.31192728125	0.2471865	0.181536625	-0.195621109375	-0.245550984375	-0.15510365625	-0.124293679687	-0.232235625	0.144785140625	0.158410265625	-0.2855180625	-0.125174695312	-0.259831	0.3409985625	-0.0627444921875	0.223835625	0.186933515625	-0.125248132812	0.113958164062	-0.138356125	-0.109779585937	0.301946	-0.1365241875	-0.242926171875	-0.224151078125	0.444040125	0.25897828125	-0.13467284375	0.35893471875	-0.06796615625	0.114439695312	0.31848265625	-0.17996365625	0.163008671875	-0.35246290625	0.27253071875	-0.202486890625	-0.140994796875	-0.169460109375	0.18878453125	0.146507765625	0.18254621875	-0.228226203125	-0.1295354375	0.134175765625	-0.218025640625	0.2832918125	-0.104336460937	0.38790065625	0.14283009375	0.160692203125	-0.142087453125	-0.211597875	0.29997221875	0.2022486875	0.1590450625	-0.32697009375	0.245025546875	0.239981078125	0.3561600625	0.112929320312	0.27605746875	0.129465734375	0.212860875	-0.2834805	0.124184640625	-0.06390846875	0.100067914062	-0.29614790625	-0.331682875	-0.183778953125	-0.202471921875	0.263623875	-0.143286375	0.192031953125	0.097218875	0.113392195312	0.120807515625	-0.3772270625	-0.168305234375	-0.194659921875	0.29670775	0.26033940625	-0.210549265625	-0.42782184375	-0.28995609375	-0.15459290625	0.251160296875	-0.271022125	0.21540925	-0.4873990625	-0.23391046875	-0.2509589375	0.0864415078125	0.0821477734375	0.225633671875	0.18561340625	-0.2793236875	-0.38522671875	0.159958890625	-0.3244716875	-0.15831396875	-0.3612529375	-0.155657140625	0.2018420625	-0.135019921875	0.295179375	-0.212239140625	0.131641859375	0.127703820312	0.08058684375	-0.27836490625	-0.089080015625	0.18808265625	-0.4461995	-0.249253828125	-0.153816828125	-0.27098984375	0.120012984375	-0.0957189453125	0.100008132812	-0.170249875	-0.179456265625	-0.112593898437	0.117508195312	-0.28264740625	-0.16192559375	0.139932140625	0.148586828125	-0.1399428125	-0.216761953125	-0.26751090625	0.32446896875	-0.128354234375	-0.12299246875	-0.229214109375	0.191741515625	0.2100030625	0.3103993125	-0.158859625	-0.42722575	-0.22900625	0.15199725	-0.1553481875	-0.236689296875	-0.1286484375	0.2654098125	-0.0900337578125	0.251270515625	0.27428871875	-0.16381059375	-0.210755125	0.22829840625	0.27867665625	0.1780606875	-0.10510309375	-0.147435625	-0.15042475	0.150430109375	-0.2021326875	0.139918453125	-0.277025375	0.27246790625	0.28831484375	-0.20635896875	0.0669257109375	0.161665296875	-0.122133523437	0.2711481875	0.202222484375	-0.022677203125	0.1801500625	-0.2792335	0.2264159375	-0.2728085625	-0.24468246875	-0.3577438125	-0.230728265625	-0.199051109375	0.250963796875	-0.150884703125	0.173297921875	-0.07879384375	0.32795715625	0.31797878125	0.1764159375	-0.28797709375	-0.105131203125	0.15138865625	0.120680125	-0.155759703125	-0.249268578125	-0.101936242187	0.1957359375	-0.35387453125	0.27201065625	-0.290544125	-0.126040234375	0.1000846875	-0.1106164375	0.146055671875	0.24421478125	-0.21769896875	0.1207796875	-0.122596703125	0.0774994453125	-0.121824335937	0.204492328125	-0.171239203125	0.30757246875	0.32429034375	-0.11874078125	5.9	0.21	0.21	0.05	0.222275212828
109	73	251	3.17888925	-0.0386982539062	0.193375859375	0.0977521015625	0.194326046875	0.0957743984375	0.2108170625	0.0866572265625	-0.28267865625	0.0478990585937	-0.216602546875	-0.101603546875	-0.123522078125	-0.12675446875	-0.14708234375	0.0774301953125	-0.32518075	-0.1968876875	0.141332328125	0.077023125	0.11202275	-0.238606953125	0.15663434375	0.24974325	0.2035085625	-0.147008828125	0.09687590625	0.25471259375	-0.13536728125	0.147186375	0.096194828125	-0.112137359375	-0.17535671875	0.16453615625	0.123223921875	-0.164107109375	0.063186671875	0.133474515625	-0.092791171875	-0.0858626015625	0.2956201875	0.112324578125	-0.178633328125	-0.234505671875	-0.15495640625	-0.0918482890625	0.252727296875	0.1357425625	0.0463916328125	-0.165759890625	0.16290090625	-0.0677190078125	-0.3073613125	-0.086104859375	0.16947578125	-0.112514945312	-0.231220171875	0.205368671875	0.0586823710937	-0.118899203125	-0.21430271875	0.28447084375	-0.11530315625	0.0233468632812	0.21963365625	-0.25425790625	-0.0865173359375	-0.196545640625	0.107835421875	0.053446203125	0.063955109375	0.14783903125	-0.35220496875	0.193965296875	0.2006761875	0.08868640625	-0.190527578125	0.0832385625	0.245781390625	0.27939340625	0.34843765625	-0.148312828125	-0.3502453125	-0.203628609375	0.134859984375	-0.0538644296875	0.16052546875	-0.21338690625	-0.12123846875	0.126188648437	-0.0466066640625	-0.108794304687	-0.221206546875	0.248120625	-0.17162365625	-0.16182565625	0.0636914726562	0.24236190625	-0.0683651953125	-0.0761221875	-0.114855039062	-0.127258664062	-0.07930971875	0.2133330625	0.2276388125	0.134222	-0.200795953125	-0.084789015625	-0.40906396875	0.204667734375	0.106983132812	-0.2052979375	0.0848724765625	-0.22868484375	-0.065866515625	0.078894890625	-0.173083546875	-0.220520421875	-0.1104796875	-0.20907940625	-0.3141125	0.2100594375	0.192004	-0.20017171875	0.29910990625	-0.0967945	0.157397828125	-0.21459140625	-0.203889125	0.199282828125	-0.14370346875	0.233369578125	0.186518546875	0.189005234375	0.079618609375	-0.14894484375	-0.216411984375	-0.05820821875	-0.3328276875	0.0901086875	-0.27686553125	0.109503851562	-0.166840796875	0.243440890625	-0.23338834375	-0.18526546875	0.058859265625	-0.142050125	-0.2325368125	0.177206296875	-0.194568671875	0.133778703125	-0.1053733125	-0.215963609375	-0.035354875	0.177681359375	0.119384078125	0.15445590625	0.114125882812	0.152866890625	0.0596480117187	-0.22840709375	-0.214119390625	0.163518375	0.2579023125	-0.206244375	-0.12475621875	0.20558959375	0.087279953125	0.14329665625	0.21913825	0.0610947109375	0.144192765625	0.107392445312	-0.13958634375	0.12601109375	-0.191581171875	-0.1754424375	-0.0527086445312	-0.114984460937	0.298254375	-0.159849109375	0.129005640625	-0.28827946875	0.115154867187	0.193934640625	0.174093515625	-0.27382015625	-0.0649476132812	0.18772371875	0.2116155625	0.167710328125	-0.088842046875	-0.1424999375	-0.3711826875	-0.112167640625	0.197030734375	-0.19540459375	0.0444243867187	0.0849417265625	0.03352475	-0.10103103125	0.177686703125	-0.2450866875	0.10860425	-0.21051534375	0.19188075	0.0927709140625	0.1516100625	-0.096933890625	0.100724273437	-0.257011171875	-0.18408984375	-0.092648640625	0.163450609375	0.36493365625	-0.29265509375	-0.13885809375	-0.189770046875	-0.0534853984375	-0.1759590625	0.211269265625	0.26522571875	0.092886859375	-0.104212570312	0.19790828125	0.098921734375	0.10948890625	-0.130404539062	-0.0981514296875	0.26761546875	-0.283275	0.106114757812	0.44649865625	0.12106775	-0.32615303125	-0.026831703125	-0.1647560625	0.2425520625	-0.070643328125	0.128042859375	-0.063735953125	-0.125355203125	0.179016578125	0.13836771875	0.15736409375	-0.111870851562	-0.135149109375	0.0424485546875	0.18595128125	0.127038976562	3.18	0.17	1.6	10854.9	0.179362284392
110	8	251	3.16183325	0.178093859375	-0.0951035859375	0.0920175078125	-0.15533584375	-0.164066953125	-0.1460475625	-0.147258125	0.21535603125	0.259385625	0.222005640625	0.091863796875	-0.1144395625	-0.1502993125	0.309870875	0.174864828125	-0.112236195312	-0.16379428125	0.0528560976562	-0.199858328125	0.23436271875	0.32624915625	-0.121123765625	-0.0655162421875	-0.168493984375	-0.32146240625	-0.151005703125	-0.128098429687	-0.253999125	-0.102322945312	0.267450625	0.301447	-0.250969109375	0.19156165625	0.1837955	-0.082274546875	0.29654803125	-0.0900485859375	-0.219519828125	0.14174084375	-0.121471960937	0.0516942851562	-0.17351975	0.0422197226562	-0.251260609375	0.220326625	-0.14956290625	-0.23175790625	-0.13138490625	0.21213196875	0.073680234375	0.17744859375	0.048951484375	0.0926525078125	0.15109990625	0.153794875	0.14601934375	-0.19985525	-0.150463171875	-0.3162495	-0.066943046875	0.12942559375	0.0698528984375	0.0769218046875	-0.145075859375	0.1819946875	0.2393429375	-0.16145746875	-0.235038828125	0.0351641210937	0.0773929921875	-0.20998453125	-0.20044375	-0.126440070312	0.19082459375	-0.105520734375	0.14898296875	-0.20739221875	-0.257399890625	0.270218875	-0.146984671875	0.22912896875	0.244779921875	0.126079867187	-0.2230583125	-0.210458125	0.304704375	0.116113726562	-0.18398575	-0.224318875	-0.126503109375	-0.137995859375	0.0513141875	-0.0950055390625	0.169308484375	0.213820875	-0.26930246875	0.112830734375	-0.145463609375	-0.27940371875	0.08699615625	0.194182625	0.0973050546875	-0.193092984375	-0.151011203125	0.0822326484375	-0.234175953125	-0.143122609375	-0.1405313125	-0.17084340625	-0.0571873242187	-0.082350140625	0.136452875	-0.176742078125	-0.1430518125	-0.17065003125	-0.159718953125	-0.14155446875	-0.0764661484375	0.11920203125	0.320469625	-0.1963865625	-0.1774604375	0.090687875	-0.102947851562	-0.12493975	0.0459627617187	-0.203879875	0.155121109375	0.0834469296875	-0.091742390625	0.287732375	-0.19453590625	0.165612265625	0.1662478125	0.2955188125	-0.0765782578125	0.164748390625	0.124557070312	0.088346125	0.0966561796875	0.250010375	0.235950421875	-0.109384453125	-0.433323875	-0.209155609375	-0.139583875	-0.12204296875	0.0534794804687	-0.157143	0.13177871875	-0.175285453125	0.175129390625	-0.114130273437	-0.22227803125	0.260030515625	0.077948234375	0.184762265625	-0.24594240625	0.108182382812	0.28899909375	-0.167661515625	0.209755796875	0.109297914062	0.221431109375	-0.26224209375	-0.102446632812	-0.161132296875	-0.2276313125	-0.0764815	-0.181382890625	-0.10683465625	0.156081703125	0.148814171875	-0.154861203125	-0.0651222695312	-0.14182453125	-0.152090046875	0.0584490117187	-0.216737375	0.26656790625	-0.110222929687	0.13828446875	-0.2507900625	0.0787719375	-0.169844875	-0.14244290625	0.15982271875	0.15242090625	-0.15786159375	-0.166133046875	-0.31535584375	-0.125312140625	-0.201700453125	0.0999684140625	0.27083725	0.35531340625	-0.15524821875	-0.198254875	-0.26316215625	-0.164759390625	-0.15003575	0.08046384375	0.1521135625	0.146227109375	0.33378271875	-0.104201398437	0.21756690625	-0.056535375	-0.25134234375	-0.14282171875	-0.17035509375	-0.38993784375	0.1609581875	0.082941875	-0.085226515625	-0.0534054296875	0.101211890625	-0.210854609375	0.186759953125	-0.237558984375	0.181625171875	0.198456453125	0.205124640625	0.183452421875	-0.37291703125	0.0480349960937	0.151221640625	0.17872415625	-0.33574490625	-0.0974653203125	-0.07636503125	-0.18440815625	0.236152	-0.1801459375	0.0937333515625	-0.235078828125	-0.090927890625	0.206810875	-0.17273925	0.122398875	0.0619323203125	0.0616923007812	0.120685617187	-0.16771909375	0.047478546875	-0.136646	-0.05043571875	-0.21621215625	0.2488548125	0.128661710937	3.16	0.2	0.2	0.3	0.180883940868
111		251	4.08445625	0.2588745	0.21694209375	0.184125734375	0.27602815625	0.141117171875	0.132081828125	0.239368515625	-0.119574960937	0.199263390625	-0.4070249375	-0.239870609375	-0.31463209375	0.106534828125	0.194200765625	-0.134575171875	0.16921109375	0.1237946875	0.17839175	-0.332174625	0.146984265625	0.0953630703125	-0.272368625	0.17510703125	-0.3147519375	-0.130144851562	-0.123416085937	-0.05415675	0.16176096875	-0.1340634375	0.222556609375	0.1608965625	-0.119314125	0.177456546875	-0.095059078125	-0.175402546875	0.0900286328125	-0.27469825	-0.178552484375	0.2933340625	0.186458375	0.16057834375	0.160026171875	-0.024956453125	0.206108875	0.22755503125	0.083484125	0.0728191796875	-0.252367671875	0.082261390625	-0.26454296875	0.140955484375	-0.166915703125	0.220912328125	-0.231414984375	-0.114641921875	0.2264129375	0.29599721875	0.218486640625	0.24874515625	-0.169899109375	0.212069953125	-0.135593984375	-0.172647109375	0.21292415625	-0.187209171875	0.0327871992187	0.107687429687	0.1582105	0.1575004375	0.129321820312	-0.238383640625	0.27862196875	0.213196	0.149567984375	-0.241189828125	-0.280383	0.38643128125	0.110957140625	0.256356328125	0.173152078125	-0.256636671875	0.230110328125	-0.15042325	0.19862084375	0.0500118828125	-0.183933203125	0.3070550625	0.24101184375	-0.1209810625	0.13604225	-0.1459433125	-0.054630625	-0.174475578125	0.222799328125	0.20127378125	0.3386834375	0.179675640625	0.243362359375	0.27200553125	-0.30672378125	0.164344953125	0.0958249140625	0.146989921875	-0.370308875	0.23969396875	-0.25149703125	-0.117380976562	0.070292484375	0.230505265625	-0.13294896875	0.1581095	0.098882765625	0.181469484375	0.2687328125	-0.0825232890625	0.0942997734375	0.300448125	0.293163125	0.197619296875	-0.124858359375	-0.110436070312	-0.18115228125	-0.179709140625	0.244764	0.232738640625	0.18140284375	-0.1941831875	-0.170405109375	0.289731625	0.2215769375	0.2276858125	-0.2714460625	0.142478375	-0.165958375	0.2401895625	0.174570546875	0.157673265625	0.28025053125	0.40535609375	-0.227346703125	-0.2920510625	-0.110492046875	-0.40154590625	0.22475171875	0.0948345078125	0.31042075	0.064996515625	-0.28039028125	0.0840260625	0.242829984375	0.2408271875	-0.122202757812	0.32524071875	0.14244015625	-0.187494	0.18108815625	0.114768632812	0.2708254375	0.175199296875	0.127686054687	0.0748688671875	-0.245604734375	-0.07824546875	0.23254296875	-0.247246734375	-0.140631953125	-0.3204055	0.175978296875	0.0576012421875	0.31827684375	-0.22929128125	-0.17432075	0.2270300625	0.17102578125	-0.33490384375	-0.106853367187	0.203171375	0.19763878125	0.27945065625	0.12965853125	0.182048265625	0.152594984375	-0.20225246875	-0.15304296875	-0.0184424238281	-0.227002328125	-0.25652809375	0.200491890625	-0.252187546875	0.3087965	0.20907915625	-0.19270003125	0.172632296875	-0.0977896171875	0.193641609375	0.18687775	0.130257679687	-0.2947914375	0.2188341875	-0.28383359375	0.073012546875	0.1712155	-0.4273114375	0.114066203125	-0.0464823085937	0.214525140625	-0.310909625	0.12238703125	0.1771575625	-0.135771234375	0.3159890625	0.228408796875	0.177050953125	0.183495453125	-0.4619219375	0.0639126171875	-0.111377820312	0.193058625	-0.0701878125	0.217482328125	-0.1634080625	-0.161019796875	0.125398507812	0.34785959375	-0.165131234375	0.268628375	-0.194365484375	-0.1712240625	-0.202723734375	0.156896296875	0.116084023437	0.19097596875	-0.177759765625	0.1854015	0.15215575	0.11419371875	0.17416321875	-0.215369984375	-0.1534361875	0.299159125	0.172017328125	-0.129187117187	-0.17532890625	0.0915545234375	0.17862403125	-0.0726478828125	0.216977984375	-0.2023518125	0.30799628125	-0.137850140625	4.08	0.2	0.157	0.029	0.205691812365
112	65	251	1.650630375	-0.108748742187	0.0330567734375	0.305348625	-0.124965515625	-0.0542426171875	-0.0755416875	-0.0915538515625	0.110291554687	-0.133137109375	-0.0975661171875	0.00185808105469	-0.1109524375	-0.0807859296875	-0.0779923671875	0.163624390625	-0.0869866015625	-0.0515417539062	-0.1839290625	-0.0250092890625	-0.108972234375	0.0652463164062	-0.090822515625	0.124268390625	0.0116939248047	-0.1110005625	-0.093420671875	-0.048866625	0.10956025	0.175603078125	0.074348421875	0.059978140625	-0.057419875	-0.0900320703125	-0.0273718144531	0.0117415009766	0.1526095	-0.113709976562	0.0274745742187	-0.0630427070312	0.00546628125	-0.130574953125	-0.0391118203125	0.00797542773437	-0.073476546875	0.0429421210937	-0.16936725	-0.0923263828125	0.0547235898437	0.0599271679687	-0.00251889306641	0.113952625	0.125973359375	0.0122173476562	-0.1320989375	-0.0527841132812	-0.0849354765625	-0.0999446015625	-0.00859398339844	0.00514637304687	0.052616734375	-0.0373916640625	-0.0121926064453	-0.0321616171875	0.0376314257812	0.269771125	-0.159799984375	0.185669578125	0.343670375	0.08908746875	0.1944976875	-0.147262390625	0.0339601484375	-0.0851628984375	-7.9714453125E-4	-0.119765289062	-0.145893515625	-0.0243771035156	-0.31372159375	0.0847359921875	0.0448376328125	-0.0225564101562	-0.25627046875	0.0193638125	-0.186178859375	-0.0389003164062	-0.16175975	0.1348764375	0.00293830957031	0.0626754648437	0.092155328125	0.117116242187	-0.070575796875	-0.154867265625	-0.203089484375	-0.0489622382812	0.136850734375	-0.201731921875	0.0504059609375	-0.15300853125	-0.0652490625	0.13188371875	-0.199803078125	0.05875103125	-0.0164016621094	0.0886052421875	-0.16248409375	-6.0868359375E-4	-0.136945078125	0.112900070312	-0.22140834375	0.21561246875	0.11279584375	-0.0158364882812	0.132315703125	0.0450419179687	-0.151854125	-0.161962078125	-0.2516208125	-0.0362521367187	0.14300490625	0.10213653125	0.075353609375	0.114915265625	-0.0293598125	-0.109405726562	-0.100874953125	-0.10455715625	-0.0505887265625	0.0102032851562	0.18007925	-0.0264066992187	0.0166942304687	0.0713192734375	-0.144801703125	0.0367444609375	0.1107541875	0.0381223007812	-0.11288575	0.08319340625	-0.118925992187	0.108895007812	0.10741921875	-0.0645123359375	-0.13843496875	0.0160555078125	-0.0709000078125	0.107209203125	-0.258593171875	-0.0122996953125	0.28617775	-0.0317544257812	0.149513375	0.156479875	0.0176734824219	0.0669971953125	-0.0538071679687	-0.213534125	-0.00799372705078	0.023391296875	-0.211784453125	-0.1803203125	0.096060875	0.2174475	-0.23580484375	4.52235351562E-4	0.00390841357422	-0.053058125	-0.186391390625	0.0220553046875	-0.21450490625	0.0545150390625	0.3135115	0.0275566640625	-0.0720893984375	-0.0795406640625	0.00744010791016	-0.139874421875	-0.100656515625	-0.22496671875	0.054843640625	-0.0607032734375	0.005440734375	-0.00712874414062	-0.177094203125	0.00301396972656	0.10930128125	0.018053265625	-0.13140396875	-0.148126484375	0.0043991328125	-0.31583671875	-0.1932095625	0.1383338125	0.070398671875	0.152174515625	0.201010375	0.188170359375	0.115304132812	-0.082160421875	0.078642828125	0.1527878125	0.07780415625	-0.0459238671875	-0.04405378125	-0.0287957617187	0.0207296796875	0.15431928125	0.2751848125	0.0890631328125	-0.24081853125	0.0549496835937	-0.0581481914062	0.0542438320312	0.0177970644531	-0.03167909375	0.0424427148437	-0.164910953125	0.15713153125	-0.0256376757812	-0.124669039062	-0.11819265625	-0.139481328125	0.11678290625	-0.21071534375	0.0822679296875	-0.034329125	0.0527290664062	-0.100345023437	-0.0205496015625	-0.038075328125	0.141229625	-0.107517445312	-0.238980734375	0.26545759375	-0.0912503203125	-0.049432546875	0.1130709375	-0.0336761523437	0.0271546660156	0.078127515625	-0.0208890019531	-0.0834199921875	-0.30351503125	-0.22236828125	-0.122910695312	0.00485692675781	-0.0744758359375	-0.033604625	-0.1318973125	-0.2889163125	1.65	0.06	1.8	0.0	0.125772198421
113	66	251	2.007209	-0.28605384375	-0.195487640625	-0.0462888554687	-0.0770696328125	-0.153060390625	-0.150333703125	0.0263261484375	0.126641632812	-0.25693971875	0.177511484375	0.09451459375	-0.2836296875	-0.0528561679687	0.18143609375	-0.1714766875	0.14874734375	0.0625114140625	-0.137210296875	-0.14270925	0.124657851562	0.27918175	0.191076328125	-0.25013146875	0.0425762109375	-0.0424996953125	-0.155222203125	-0.108966132812	-0.3423475	0.091898203125	0.3118204375	-0.160465375	-0.31934328125	-0.133273484375	-0.175242890625	0.20240178125	0.11544803125	-0.228124234375	-0.20325465625	-0.163558625	-0.0852285078125	0.18898984375	-0.372116125	0.048215484375	0.189796453125	0.10766159375	-0.17252559375	-0.178775609375	-0.141596140625	0.0584118632812	-0.154752765625	0.29260521875	-0.101949359375	0.103749929687	0.153499140625	-0.177880203125	0.1522098125	0.20232859375	0.10957525	-0.104321335937	0.0203762675781	0.204713375	-0.185971234375	-0.320276375	0.089566625	0.18665115625	0.226427796875	-0.16897721875	-0.25402665625	-0.19345325	-0.0853419609375	0.26016696875	0.0374142148437	0.237909421875	-0.0993969921875	0.0536623554687	0.195484046875	0.10617009375	-0.121312476562	0.2782724375	0.142320453125	0.116304734375	-0.123582335937	-0.168631921875	-0.0319675488281	0.169627625	0.183859625	0.26901928125	-0.155415125	-0.0741130390625	-0.06594634375	-0.34904353125	-0.166094625	-0.0763526953125	0.21072128125	-0.0835865703125	0.178132046875	0.0482856210937	-0.19459515625	0.234212625	0.2391251875	-0.0747217421875	0.0632678945312	0.111006742187	0.06454634375	0.303516125	0.094733046875	0.30317728125	0.19478509375	0.067326375	-0.183309921875	0.099147625	-0.12883840625	-0.0654969882812	-0.158819046875	0.270112375	0.0309731191406	-0.0997435234375	0.0653276796875	0.093789359375	-0.2071894375	0.177139171875	0.105875164062	-0.0966059375	0.178348265625	0.31806115625	-0.106360960937	0.0510600976562	0.1367801875	0.2833305625	-0.0970150703125	-0.0979818984375	-0.2927804375	0.32612384375	-0.18232390625	-0.15840775	0.169018609375	-0.135670296875	0.0790935	0.181393328125	0.13736440625	0.096696671875	0.062064125	0.116602664062	0.0843346796875	0.125283882812	0.1171900625	-0.176120921875	-0.11219921875	-0.109224203125	0.0997458671875	-0.0953487890625	0.26394815625	-0.114488679687	0.167725625	-0.171524859375	0.0156448876953	-0.044843203125	0.15448959375	-0.145659015625	-0.2216969375	0.1296343125	-0.16896378125	-0.102272742187	0.090467171875	0.09048065625	0.19147584375	-0.105777546875	-0.129807164062	-0.26482915625	0.171309765625	-0.115601265625	-0.3184605625	0.19308596875	-0.2897380625	0.032934265625	0.0451677382812	0.28511015625	0.2812614375	0.182310375	0.179465875	-0.37476584375	0.2678623125	0.146159921875	-0.147241921875	0.107067453125	-0.202930625	0.0844951875	0.1861645	0.17436171875	0.111499414062	-0.067580625	-0.156908265625	0.09861240625	-0.3276029375	-0.278675375	0.181734375	0.09684875	0.26826309375	0.105102476562	0.135236484375	-0.1999188125	0.137590421875	0.1487546875	0.07000975	0.26363184375	-0.19059059375	-0.08491821875	-0.090869109375	0.093552609375	-0.2157395	0.0770512421875	0.24569328125	-0.1487545	0.27343028125	0.0983850078125	0.21211084375	0.172085703125	-0.11221565625	0.182324453125	0.179063703125	0.1654915625	-0.2103643125	0.20722734375	-0.253109015625	-0.201268	-0.165668859375	-0.072696796875	0.0994871796875	-0.113946515625	0.0612380859375	0.2329354375	0.0989645390625	-0.23271115625	0.133852140625	-0.124312421875	0.202185859375	0.204539234375	-0.241441015625	0.134422984375	0.246170109375	0.4602975	-0.205452203125	-0.1485838125	0.132400171875	0.2214775	-0.075380796875	-0.1925821875	-0.075548390625	0.1350084375	-0.104396546875	0.012	0.022	-8.0E-4	0.0025	0.216931963456
114	40	251	2.72983425	-0.0958640859375	0.17637975	-0.295687375	0.150016265625	0.153120625	0.147016671875	-0.2024110625	-0.0523906914062	0.05682246875	-0.150753609375	0.1796155	-0.103135703125	0.197438265625	-0.133300515625	-0.155018953125	0.219142421875	-0.0906670859375	-0.141553265625	0.0132628115234	-0.139708296875	0.246635890625	-0.229139375	-0.135267375	-0.1936821875	0.16702503125	-0.07706784375	0.101239390625	0.211870875	-0.0625486640625	0.0594316015625	-0.294794125	-0.1190303125	-0.111327484375	0.13394715625	0.25839446875	0.0581960234375	-0.114965046875	-0.028369484375	-0.306057625	0.05237915625	-0.11026246875	0.118093546875	0.53949325	0.10278253125	0.150783859375	-0.14537575	-0.116778570312	-0.253873875	-0.260567078125	-0.31948375	0.122526015625	-0.06708359375	0.094453046875	0.2429330625	-0.136607875	0.0790952421875	-0.18322825	0.0936723125	0.130472859375	-0.0393422539062	-0.17176503125	-0.173689171875	-0.13324625	-0.121454875	0.121427960937	0.176564484375	-0.1734515625	-0.0261788203125	0.11003140625	0.1835126875	0.185099953125	-0.19234009375	0.08063040625	0.103073882812	-0.0553174296875	0.1094865	0.15935328125	0.125244585937	-0.167185046875	-0.0776101640625	-0.116690609375	-0.31559228125	0.086873265625	0.1614065	0.1543958125	0.228601578125	0.033156578125	-0.24405028125	0.32317953125	0.12450196875	-0.0757909375	0.201223765625	0.1481699375	0.145879890625	0.1009648125	-0.0349409101562	-0.134597984375	0.244741578125	0.30381671875	-0.1373945625	0.21819275	-0.0520246953125	0.2935414375	0.24019996875	0.178798296875	0.09621225	-0.0675735234375	-0.255375109375	0.125650320312	0.155005578125	-0.148385890625	-0.13328453125	0.17439225	0.216309109375	0.0815334453125	0.166698078125	-0.121633851562	-0.0336632421875	0.154406140625	-0.09997415625	0.2348631875	0.0250556660156	-0.115893289062	-0.146305	-0.0660285	0.0739204375	0.18216990625	-0.177362	0.123468804687	-0.1626974375	-0.2149213125	-0.25327753125	-0.108046367187	0.220181734375	0.132934375	-0.111912023437	0.137579859375	-0.17043115625	0.155682640625	0.153324796875	0.43330390625	0.13287365625	0.32762340625	0.31678053125	0.040857796875	-0.0639207890625	0.1920895	0.0963895625	-0.038354546875	0.0989357109375	0.124504289062	0.0948754453125	-0.0754445	0.09477878125	-0.130581382812	0.0641986484375	-0.1077775	0.123175	0.146925828125	0.111260398437	0.13518734375	-0.120709445312	0.15022796875	0.4377575	0.219927796875	0.075178671875	0.19561865625	0.22478646875	0.0452586601562	0.0587629960937	0.103949398437	-0.128606828125	0.107995304687	0.203033625	-0.0678799609375	0.139743484375	-0.0602657539062	0.1605555625	-0.236179625	0.11110671875	0.228763078125	0.130268226562	0.2732376875	0.27493575	0.0841216015625	-0.35809740625	-0.0682400078125	-0.17478365625	0.123606625	0.13496059375	-0.26166228125	-0.142162078125	-0.22499690625	0.153433	-0.06570940625	0.11254371875	0.205447984375	0.0677246484375	0.1872866875	-0.138287328125	-0.17109821875	0.16513809375	0.146005234375	-0.17370565625	0.127877289062	0.227059109375	0.145249953125	-0.0821964765625	-0.21908890625	-0.132213796875	0.102406867187	0.230225296875	-0.12105021875	0.102527960937	0.0575080859375	0.13299821875	0.0509578476562	-0.1581965	-0.148704140625	0.27491953125	-0.2861790625	-0.19304496875	0.0670726171875	-0.038007640625	-0.04955290625	-0.34123453125	0.221900203125	0.26081059375	-0.119611632812	0.1511950625	0.0249636386719	0.124000148437	0.2438629375	0.17589178125	-0.0616756445312	0.096978296875	-0.1018915	-0.08754115625	-0.31423671875	0.162566125	-0.130823296875	0.0569197851562	0.235104953125	0.0190061074219	-0.0855013984375	-0.110092109375	0.12895215625	-0.142351234375	0.18635971875	-0.206273	2.73	0.12	1.7	0.0	0.170134817482
115	79	251	3.6630995	0.123398984375	-0.122488664062	-0.0758469765625	-0.100024890625	-0.170563390625	0.189256359375	0.2714348125	0.19325821875	-0.203269453125	-0.128852429687	0.119851796875	0.17455109375	-0.21106390625	-0.42495215625	-0.2015203125	0.13834346875	0.2894138125	-0.3428619375	-0.155432921875	0.102260960937	-0.0927086953125	-0.34561103125	-0.136670234375	0.158711734375	0.19051578125	0.077867828125	-0.2699305	0.15524803125	-0.30487825	-0.194570296875	0.107121304687	-0.101847390625	-0.35937703125	0.1489861875	-0.30169015625	0.107983914062	0.0717278671875	-0.0512718164062	0.137192234375	-0.155740375	0.098015984375	-0.074074390625	-0.178558984375	0.21403740625	0.134587265625	0.222356890625	0.33119378125	-0.20552828125	0.194448421875	0.24839803125	-0.178849046875	-0.13591640625	-0.15928796875	-0.138848828125	-0.316385125	0.09207228125	0.129459539062	-0.214290828125	-0.129634070312	0.12296915625	0.16580146875	0.234608625	0.120167796875	0.199110484375	-0.2206886875	-0.113100101562	-0.14469928125	0.26114996875	-0.2112608125	0.338887875	-0.0334813046875	0.29496184375	0.040609953125	-0.305167125	0.18370725	0.23089075	0.149581125	-0.176922265625	0.110327359375	0.164236203125	-0.19009265625	-0.21330815625	0.29775871875	0.233686078125	0.1863595	0.0566942226562	-0.129554109375	0.107869140625	0.20078853125	-0.1362824375	0.2623855625	-0.215155765625	0.31998728125	0.244823140625	-0.18410521875	-0.35364625	-0.30282621875	0.2149148125	0.29524565625	-0.16702621875	-0.48618646875	0.16122725	-0.199291203125	-0.0753494921875	-0.252438125	-0.194564921875	-0.39881478125	-0.147211546875	0.136623875	-0.154790828125	0.146712	0.186173890625	-0.17066040625	-0.160226953125	-0.19574575	-0.152298734375	-0.0949179609375	0.15629596875	-0.15653884375	-0.206808515625	-0.1867288125	-0.2797329375	0.0960844296875	0.222683546875	-0.158300625	-0.0943939609375	-0.139907609375	-0.17056115625	-0.122759164062	-0.26626725	-0.221564625	0.128664554687	0.1603433125	0.2024056875	0.3184599375	-0.157372921875	-0.2149805	-0.154158671875	-0.112137585937	-0.0859631484375	-0.119836453125	-0.212726953125	0.26788728125	0.217113625	0.24303175	0.0673723828125	-0.12997784375	-0.177892703125	0.199399515625	0.0432174726562	-0.18581046875	-0.237414890625	-0.35518315625	-0.23746275	-0.28942228125	-0.1919285	0.196479703125	-0.245031546875	0.201818	0.251073671875	-0.17785775	0.0756721640625	-0.263725125	0.14147459375	0.30386790625	-0.171150953125	-0.153933234375	-0.21178221875	0.21667559375	-0.2343454375	0.199963484375	0.198003234375	-0.195623484375	0.0779361953125	0.1912491875	-0.146382703125	-0.07174528125	-0.233582890625	-0.1899766875	-0.21180609375	0.175384484375	0.12414665625	-0.13941446875	0.089016109375	-0.21287296875	0.104807140625	0.257537	-0.222690515625	-0.192787125	-0.14436215625	0.19819684375	-0.21300859375	-0.24850090625	-0.18387446875	0.25088746875	-0.314348125	-0.2898575625	-0.24926840625	-0.111128210937	0.103045132812	-0.15162775	-0.179277109375	0.079281515625	-0.1571020625	-0.204207	0.22966365625	-0.131300625	-0.173407421875	0.16780853125	-0.253295890625	-0.073932453125	0.150460234375	0.0788648984375	-0.127749078125	0.0493500546875	-0.31131365625	0.28528390625	0.178683421875	-0.231468421875	0.104259953125	-0.12803175	-0.139835703125	-0.231493578125	0.1372456875	0.27064121875	0.0980019453125	-0.1332835625	0.07778340625	-0.0806812890625	-0.43740490625	-0.284199875	-0.161145	0.122745492187	-0.16157790625	0.2338049375	0.099647390625	0.18447715625	-0.132215375	-0.141323828125	-0.201168375	0.261222078125	-0.152193578125	0.0230027265625	-0.33158703125	0.2860139375	0.163226328125	-0.29136825	0.3201089375	-0.15330259375	-0.44167559375	3.66	0.21	0.3	0.3	0.20304625372
116	131	251	2.945714	1.353838125	1.43455075	1.324994375	1.52885	1.39555425	1.421913875	1.349792375	0.9977576875	1.20700475	1.351882	1.245246125	1.297552875	1.220569125	1.182657125	0.9340259375	1.111632625	1.216828	1.355951375	1.149799375	0.9610805	1.34792875	0.956778375	1.29023075	1.0972885	1.429131625	1.1652315	1.255466875	1.360427125	1.3402365	1.249568625	0.9999105625	1.076378125	1.054552625	1.25293775	1.185725875	1.26231275	1.09659275	1.3528125	1.0516765	1.37279175	1.2294975	1.01653075	1.36272775	1.355968625	1.166227625	1.247749125	0.9609686875	1.33474425	1.264842875	1.222881	1.135850375	1.186587625	0.97783025	1.249527	1.22847925	0.9675945	1.397751125	1.302233375	1.216436375	1.27762	1.25260375	1.17901475	1.231950375	0.8991735	1.408843125	1.033215875	1.259642375	1.14315975	0.92772425	1.1421245	1.319224375	1.23168475	1.3003755	1.188170625	1.32645025	1.128807625	1.0346149375	1.228380125	1.28340775	1.0118731875	1.19096525	0.917536625	1.203473625	1.218272875	0.819699125	1.0357039375	1.19574875	1.0370675	1.2081325	1.070524	1.37868425	1.020232125	1.150040875	1.139963625	1.450579625	1.086718625	1.0906225	1.27279175	1.232040875	1.333020625	0.9711805625	1.2972205	1.08621775	1.189477625	1.098600875	1.226810375	0.99841825	1.29237625	1.125195625	1.025214875	0.9610378125	1.089403875	1.17920625	1.181151625	1.16513575	1.3679695	1.344615625	1.285200375	1.11417725	1.201812375	1.37751975	1.171768375	1.19216675	1.166729375	0.928225625	1.186069875	1.0311303125	1.04897175	1.087819875	1.077288375	1.084745	1.288818875	1.049517625	0.9316748125	0.94900025	1.274065125	1.149500625	1.287051875	1.11335725	1.067437875	1.13671075	1.32746475	1.085742375	1.213859625	1.28290075	0.820184875	1.183474625	1.3726025	1.361314375	1.139373625	1.16329125	1.1195215	1.185926125	1.03028975	1.29130625	1.05553025	0.948451	1.21965975	1.12505075	1.033754125	1.20239575	1.328607	1.1614665	1.16902125	1.281931	1.13126175	1.226369875	1.084512625	1.163066625	1.308205875	0.9243258125	1.379205375	1.232721	1.178324375	1.185117125	0.971173125	1.211085375	1.2687625	1.29276575	1.299139375	0.95295975	1.075994875	1.12350975	1.156816	1.138006875	1.141521375	1.11029325	1.127160625	0.9981963125	1.35491475	1.385061125	1.159965	1.0345639375	1.31545625	1.227648875	1.233623	1.21725825	1.284075875	1.161620125	1.195841625	1.182015375	1.062649125	1.402956625	1.31466675	1.346920625	1.29281525	1.272917	0.9173475	1.0452145625	1.296368625	1.2857275	1.326320625	1.12844375	1.00712575	1.18757125	1.20684875	0.999371625	1.200868625	0.9567448125	1.271516875	1.166342875	1.08550525	1.14184525	1.149377125	1.2546975	1.14323225	1.277408625	1.285268875	0.9475363125	1.099538125	1.163302125	1.284241625	1.0365986875	1.21608875	1.15835675	1.18563875	1.244589125	1.124417875	0.98176625	1.344212375	1.313896375	1.1751825	1.346906875	1.216271625	1.35091775	1.200465375	1.329307625	1.353249375	1.119646375	0.9156613125	1.232	0.023	5.7E-5	2.6E-5	0.171663280884
117	34	251	2.17614425	0.301876375	0.0310988632812	-0.10231603125	0.17909834375	-0.2691735625	-0.122780648437	-0.15134596875	0.3364259375	-0.13955221875	0.085004828125	0.141036953125	-0.1239311875	-0.143371375	-0.121849039062	-0.28478590625	0.125111078125	0.237414375	0.1884214375	-0.275610125	-0.228539015625	0.18700175	0.0773200703125	-0.208501125	-0.250547640625	-0.2756418125	-0.139950265625	0.105940890625	-0.15458715625	-0.331076	0.1585551875	-0.129625859375	0.11051390625	-0.23343884375	0.25839965625	0.111197664062	0.0392763828125	-0.22595325	-0.2733019375	-0.149536078125	-0.34745584375	-0.1383993125	-0.17361025	0.155870328125	-0.0949428984375	0.082962453125	0.237974765625	-0.25299096875	0.150306671875	-0.42982821875	0.0867988125	0.0756421171875	0.1331333125	0.29188784375	-0.15638875	-0.183384109375	0.09525153125	0.155356484375	-0.15788471875	-0.0963250546875	-0.1073829375	-0.0922255625	0.29043746875	-0.2777130625	-0.126600578125	-0.2822456875	-0.108120679687	0.195591828125	0.1900325625	-0.111577273437	0.186445640625	-0.3148126875	-0.183796796875	0.0864257421875	0.0594024296875	0.159209296875	-0.175233828125	-0.20844640625	-0.208426421875	0.191895859375	-0.1456573125	0.079975609375	-0.2448853125	-0.3501535625	-0.106345304687	-0.164168515625	0.21079278125	0.2139429375	-0.135623453125	0.22557915625	-0.078309359375	-0.0257367851562	0.2220924375	-0.198735984375	0.242005609375	0.22719425	-0.314313375	-0.0364157304687	0.377100875	-0.217857375	-0.203665109375	0.098700640625	-0.101509679687	-0.09808228125	0.41588371875	0.19953628125	-0.22782803125	0.109089476562	-0.1426095625	-0.135342328125	0.102411296875	0.13441725	0.2007229375	-0.2206980625	0.173622328125	-0.107166375	-0.2246390625	-0.105479875	0.27327640625	0.22863403125	-0.0826730625	0.23822928125	0.11382228125	-0.1886946875	0.09000525	-0.27369215625	-0.19025528125	0.22135265625	-0.151675046875	0.119512625	-0.138598390625	0.152726109375	0.126041375	0.230945640625	-0.108795789062	0.146111796875	0.160123890625	0.1733245	0.3279155625	0.193731484375	0.3787573125	-0.17450534375	-0.204763875	0.2320170625	0.0717233515625	-0.08503296875	0.2914269375	-0.39295928125	-0.34615003125	0.103786648437	0.0694149765625	0.178569296875	-0.172442703125	0.241525875	-0.155401125	-0.232113453125	-0.161291796875	-0.353170125	-0.1061925	0.122107609375	-0.0652152421875	0.29754575	-0.12807521875	-0.246002140625	-0.13829203125	0.125858289062	-0.2685890625	-0.1259790625	-0.13119465625	0.19027134375	-0.41317584375	-0.281143375	-0.30523325	0.067878265625	-0.28087928125	-0.2011153125	-0.11829840625	-0.105815421875	0.13360490625	0.087030734375	0.117477046875	-0.0640842109375	-0.148642	-0.117392625	0.151337859375	-0.111967132812	0.133785875	-0.18829028125	-0.251123046875	0.0517633046875	-0.221100828125	-0.113539671875	0.17482346875	0.26047775	-0.25823584375	0.32724296875	0.234633921875	-0.16204946875	-0.09152675	-0.126255648437	-0.149673078125	0.13579728125	0.3763241875	-0.1499434375	0.12823303125	0.199012546875	0.1808466875	0.151899578125	0.172853578125	-0.26350890625	0.2010578125	0.27855734375	0.07971084375	-0.078128828125	0.111288960937	0.192929921875	-0.19559928125	-0.356138625	-0.191319265625	0.0354718007812	0.201717875	0.0691602734375	0.0477343828125	-0.136188875	-0.0703269375	-0.171471140625	-0.1652175625	-0.17194971875	-0.130732234375	0.30158	0.14527171875	0.189356875	-0.17977753125	-0.232761890625	0.16346921875	0.1470911875	0.13420634375	0.117624242187	0.058300375	0.13678875	-0.29137928125	0.0508842109375	-0.27069178125	0.0668642265625	0.163704109375	-0.169941671875	0.219078375	-0.168076359375	-0.0427656875	-0.082624390625	0.17640778125	2.18	0.22	0.16	0.07	0.193868768159
118	98	251	3.45061075	1.443491	1.26927	1.0266456875	1.46486325	1.0135910625	1.314506375	1.087056375	1.215136875	1.089609125	1.10041975	1.022397125	1.2117285	1.289352625	1.173359375	1.378396875	1.200976125	0.9808358125	1.36237425	1.31509275	1.156462625	1.083511125	1.207293875	1.326215625	0.9994485	0.8437276875	1.161141875	1.090689625	0.972234	1.12233175	1.1918465	1.321049625	0.860416625	1.006821125	0.9813255625	1.066544625	0.958171	0.7960519375	1.002476	0.9817895625	0.975245125	1.222945625	1.01708025	0.8137984375	1.0295675	0.88285325	0.910771125	1.206641875	1.134093625	1.179627375	0.767096125	1.047224875	1.122635	1.1231025	0.767153375	1.0535825	1.00715275	0.8855206875	0.9528899375	0.8022759375	0.7881700625	0.9291750625	1.0191735625	0.7996289375	0.8491943125	0.913270875	0.8641905	0.7652404375	0.7566611875	0.650098375	1.0262673125	0.7209373125	0.662633625	0.754306375	0.9106525	0.736647375	0.9027258125	0.763262375	0.7262019375	0.893562125	0.896310875	0.8296338125	0.9363960625	0.7653343125	0.762423	0.9616030625	0.592217875	0.832698125	0.595730875	1.0455613125	0.8810238125	0.7038995625	0.7592075625	0.83682875	0.870224125	0.9593859375	0.9140631875	0.7994234375	0.82410975	0.9970798125	0.853906	1.02788725	0.686910875	0.8240961875	0.623265	0.8230974375	0.686136	0.8913456875	0.909583625	0.8429164375	0.741295375	0.902940125	0.7658925625	0.854082625	0.74150075	0.7733760625	0.7520226875	0.7455218125	0.765188125	0.941524125	0.75589375	0.88364225	0.8543996875	0.80728625	0.7489704375	0.846547125	0.8117955	0.579728375	0.7492329375	0.947883875	0.7934304375	0.687916625	0.8972233125	0.7556388125	0.6448711875	0.5675943125	0.656570875	1.22355475	0.620194	1.03001025	0.797997125	0.810795	0.8118215	0.654139375	0.8816233125	0.8105528125	0.6501720625	0.6987135625	0.9105335625	0.8186341875	0.805134	0.7896255	0.990131625	0.7031215	0.6831199375	0.914563375	0.5508061875	0.7593589375	0.7120129375	0.744234125	0.8749815	0.733444625	0.8106100625	0.994745875	0.6627754375	0.688634875	0.639774125	0.6089581875	0.7270805	0.7240378125	0.6300198125	0.722681	0.7215043125	0.72685475	0.7851295625	0.7064533125	0.775779	0.545274625	0.6813735	0.714760375	0.6258999375	0.8332396875	0.5400315625	0.8192385625	0.795627125	0.6883733125	0.5566985625	0.8407945	0.854162125	0.8838089375	0.7350565	0.860714875	0.657568875	0.8444523125	0.681426625	0.6916440625	0.683680125	0.7526425	0.860979375	0.86516425	0.7942613125	0.90105125	0.905895375	0.5510811875	0.57979425	0.542135	0.6009119375	0.6879080625	0.676300625	0.8148735	0.8979218125	0.6005404375	0.570244625	0.7744756875	0.7399300625	0.5816424375	0.60438675	0.66784475	0.6883090625	0.527405125	0.5794979375	0.7215408125	0.7490349375	0.728716875	0.8872736875	0.47344109375	0.7144385625	0.5662658125	0.793322125	0.6605818125	0.7472489375	0.678200625	0.799301125	0.7643588125	0.5929273125	0.8003718125	0.7336375625	0.592612	0.79136875	0.65591925	0.5921505	0.541876125	0.814465875	0.8288464375	0.6636595625	0.41949771875	0.727509375	0.73551025	0.7850190625	0.8605150625	0.7221850625	1.17	0.029	5.37E-4	3.9E-5	0.197812188702
119	77	251	4.751631	2.69752625	2.44440475	2.31470775	2.3752635	2.4086195	2.323774	2.14742775	2.26792675	2.23488775	2.11656075	2.063725625	2.301829	2.378638	2.19253225	2.12104425	2.046891875	2.12684375	1.903756875	2.028975375	1.998664875	1.777342625	2.05078875	2.21041875	2.014228125	2.23624825	1.999187625	2.19466975	2.027524375	1.9605985	1.956388625	2.1039815	1.769338	2.0264715	1.951724875	1.959094875	1.97748175	1.73141775	1.82869775	1.9768595	1.918037875	1.977998125	1.93169225	1.942387	2.061011125	2.0009275	1.855752875	1.930594125	1.813057	1.8738785	1.66471325	2.00797325	1.87716925	1.92421075	1.986976625	1.949641875	1.989507125	1.715855625	1.731271125	1.80661725	1.863906375	1.731105375	1.71343675	1.808756875	1.711204375	1.72214325	1.875767625	1.7198805	1.6494955	1.782048875	1.8709375	1.5201835	1.590522875	1.762412875	1.528490625	1.718477	1.855950875	1.693045125	1.611267125	1.89995675	1.59551675	1.945886625	1.609907375	1.715768125	1.960297625	1.7782535	1.510571125	1.782123	1.8140575	1.50405425	1.60809	1.817142125	1.54575375	1.487637125	1.52539975	1.900261125	1.494565625	1.53218425	1.82695525	1.73415575	1.4436185	1.6652775	1.62209025	1.396181875	1.618978625	1.79759375	1.478344875	1.76873825	1.6340655	1.5546295	1.588747125	1.69294525	1.522234125	1.3379395	1.70680275	1.567234375	1.64161425	1.491946875	1.595210125	1.560525625	1.728588	1.589734125	1.684669125	1.84068025	1.5492535	1.423840625	1.46297875	1.732460875	1.419599375	1.444019125	1.602267125	1.468755375	1.725520375	1.566753125	1.570284375	1.7585495	1.665550125	1.7073525	1.7067105	1.522372375	1.483355375	1.561855875	1.61217225	1.4652405	1.478864625	1.41933725	1.437661	1.424352875	1.61492	1.492081875	1.5374465	1.403817375	1.556403625	1.8144755	1.44231075	1.354596	1.710200125	1.342457625	1.501681375	1.565844625	1.347281125	1.288703	1.346797125	1.430111125	1.46292425	1.3686675	1.44819225	1.3196635	1.339017	1.845630625	1.570237875	1.503497	1.350676	1.334699875	1.36054925	1.505036	1.452284375	1.467388625	1.543096	1.538966125	1.1933105	1.2653715	1.3017495	1.308540625	1.432531375	1.541677375	1.49044175	1.579137625	1.464777	1.423315875	1.186212125	1.369784125	1.52869975	1.43534325	1.1718385	1.569386625	1.517771375	1.323335	1.357618125	1.363889625	1.262487125	1.48504625	1.441028125	1.203878875	1.435941875	1.51536275	1.188635625	1.193071	1.541600875	1.320934625	1.42681125	1.38314825	1.53237725	1.349630875	1.540436375	1.278858125	1.394973	1.36604725	1.518744	1.380324875	1.292705875	1.28465825	1.24005725	1.42337325	1.3491975	1.353720125	1.184136625	1.352224375	1.179072125	1.205453125	1.23922325	1.32645075	1.383532125	1.2389325	1.46094475	1.51557975	1.1124355	1.279585875	1.350078625	1.288455625	1.30422375	1.08608925	1.239447375	1.365191375	1.28188075	1.28878725	1.1752725	1.249975125	1.375122	1.508359	1.186099	2.205	0.032	4.91E-4	2.3E-5	0.213262499508
120	137	251	1.509032625	-0.34144675	0.20056784375	0.2994015625	-0.17464071875	0.154378	-0.29018203125	-0.359279875	0.0896337421875	0.195633765625	-0.250378375	-0.173161109375	-0.217694078125	-0.219034984375	-0.14019484375	0.080010453125	0.23865959375	-0.204612234375	0.0934376484375	-0.38972278125	-0.204651015625	-0.35897753125	-0.2418509375	-0.119284601562	0.13028496875	0.119005648437	-0.38421665625	0.0294683964844	-0.18599721875	0.16215709375	-0.20637515625	-0.228340078125	0.146115484375	-0.17497565625	0.268714125	0.2810994375	-0.21997840625	0.124424304687	0.13355434375	0.18456971875	0.231970546875	-0.2325025625	-0.315756125	-0.19092678125	0.194664453125	-0.199195828125	-0.128945734375	-0.2289821875	-0.131237734375	-0.154354125	-0.097198875	-0.239142328125	-0.3615369375	0.252351171875	-0.13969290625	-0.2803066875	0.115316960937	0.2970750625	-0.1349854375	-0.09164540625	-0.214886421875	-0.3348995	0.20389621875	0.203465546875	-0.2740415625	-0.2039584375	-0.14851003125	-0.21725175	-0.31831046875	-0.233931	-0.121626210937	-0.151129234375	0.101162539062	-0.0954020703125	-0.0561640585937	-0.222336484375	-0.34136271875	-0.254065765625	-0.236949046875	-0.3906569375	-0.3001746875	-0.1850639375	-0.077048703125	-0.203290078125	0.0462606054687	-0.18618025	0.12035221875	-0.233048625	0.128305453125	-0.198191234375	-0.137072	-0.231713578125	-0.235531484375	-0.32981403125	-0.177322484375	-0.34718384375	-0.40529640625	-0.30292675	-0.25895990625	-0.232788203125	-0.51422896875	-0.135205609375	-0.1668203125	0.249201875	-0.2061465625	-0.3825878125	0.23500884375	-0.3001211875	-0.2008269375	-0.1529200625	0.13315665625	-0.138565484375	0.0117899570312	-0.235016	-0.1738825	-0.165103734375	0.120147078125	-0.15400190625	-0.17751153125	-0.229187625	-0.1941860625	0.193870515625	0.104078398437	-0.22203075	-0.2369645625	-0.303585125	-0.115130132812	0.121556882812	-0.245277015625	-0.19644959375	-0.44601790625	-0.14769209375	0.141585296875	0.1332308125	0.187657625	-0.220319125	-0.37573575	-0.1734673125	-0.192335703125	-0.18434171875	-0.10798303125	-0.159989484375	0.130344671875	-0.23212240625	0.164423171875	-0.21327071875	0.11817796875	-0.241520375	0.09540634375	-0.18549703125	-0.20259290625	-0.201376640625	-0.119656992187	-0.0755113125	0.397689875	-0.2528075	-0.18512503125	0.093886359375	-0.166944515625	-0.253652203125	-0.2780463125	-0.2850219375	-0.2884055625	0.249580625	-0.4388543125	-0.183810109375	-0.193611484375	0.202079625	-0.218411375	-0.187379171875	-0.208506609375	0.107432078125	0.1207599375	0.127716	-0.140620921875	-0.135668671875	-0.13479303125	-0.246736625	-0.23820809375	0.119417734375	-0.1389408125	-0.26299584375	-0.1855341875	0.10362078125	-0.258369390625	-0.2776085	0.139343546875	-0.27275225	0.14400528125	-0.243262390625	0.335907625	0.15486078125	0.089505859375	-0.26333134375	-0.127807859375	-0.122875421875	-0.09823990625	-0.20761228125	-0.2252700625	-0.26583578125	-0.2949750625	0.0581504140625	-0.151775578125	0.155147828125	0.0731166015625	-0.245719296875	0.143205234375	0.109365953125	-0.065712578125	0.202895921875	-0.155232375	-0.4212756875	-0.142051984375	-0.185161	-0.480451	0.113424851562	-0.20744278125	-0.38399521875	0.16728353125	-0.150782015625	-0.26069246875	0.0763008203125	-0.1528188125	-0.22316203125	-0.203473390625	0.234441859375	-0.29886384375	0.14668146875	-0.159933234375	-0.110252453125	-0.38462128125	-0.35410859375	-0.131076453125	-0.236783140625	-0.22660265625	-0.157319296875	-0.16952728125	0.22486396875	0.22800346875	0.160912953125	-0.32599078125	-0.2895259375	-0.15697275	-0.182650078125	-0.3970000625	0.36131728125	-0.132276609375	0.131279203125	0.22890028125	0.117832539062	-0.201178265625	-0.086	0.027	-2.3E-4	4.0E-4	0.219485207472
121	147	251	3.75278875	1.662376875	2.066866	1.921976	1.7301015	1.718868125	1.888506	1.87668425	1.727150125	1.642518125	1.76564875	2.12235075	1.703936375	1.732236875	1.66588675	1.80994675	1.749887875	1.763981875	1.806898	1.47416925	1.697284	1.805288625	1.64817775	1.921001375	1.956018375	1.838030625	2.038012375	1.73140025	1.95144725	1.617234375	1.6185615	1.944390625	1.955496625	1.861207875	1.67223075	1.778622375	1.898035375	1.56007525	1.628003125	1.736375875	1.606304125	1.63125	1.7815795	1.564683125	1.8037395	1.790508	1.689840875	1.784852875	1.824552125	1.797798875	1.64449025	1.512404875	1.85836175	1.738399	1.667057	1.8198365	1.831400875	1.66388675	1.771025	1.782625375	1.81613	1.66271425	1.583125	1.791956	1.987924875	1.606468	1.77271975	1.70671275	1.77587175	1.750410375	1.6595965	1.96054975	1.747300125	1.913436625	1.772397375	1.717868	1.68133675	1.745497875	1.753027125	1.79668925	1.844395	1.78473725	1.871332625	1.848424125	1.87617825	1.8363175	1.66290275	1.68871675	1.77067675	1.809034125	1.881287625	1.596007625	1.78429725	1.7685405	1.81288775	1.548443375	2.004908125	1.677020875	1.771240875	1.772382375	1.843652	1.591954625	1.725682375	1.511934625	1.8297805	1.71304025	1.706666625	1.78463275	1.711390625	1.9215665	1.63095475	1.685684	1.87857325	1.70539775	1.614757625	1.820875	1.69079625	1.760171375	1.598043375	1.76707275	1.541288875	1.925621	1.884346125	1.781262	1.614621375	1.700616875	1.594149	1.544520625	1.607879625	1.8718085	1.66316875	1.792341	1.68294775	1.8709835	1.77485275	1.713713125	1.5146325	1.832362625	1.5788085	1.724852125	1.656497125	1.62570475	1.6480365	1.767904375	1.58356875	1.9028635	1.976491125	1.723062875	1.813024125	1.685406125	1.7625785	1.866612125	1.552588375	1.78203425	1.51389825	1.663381875	1.622475375	1.691597875	1.57664775	1.52121675	1.69234675	1.806221875	1.56644975	1.81568575	1.621153625	1.8467755	1.709473375	1.729566375	1.75092375	2.0151795	1.732407	1.783755	1.59725575	1.979643875	1.733356	1.84734075	1.619860125	1.84914025	1.680677875	1.646346875	1.70469575	1.6510835	1.76008975	1.815600875	1.757394375	1.796378125	1.64308825	1.687522625	1.63272975	1.78341625	1.663508125	1.614245625	1.686607375	1.840015125	1.80175425	1.695799375	1.94154275	1.6342015	1.90928375	1.805236375	1.703587	1.86138825	1.62136825	1.574973625	1.868822125	1.85815325	1.518638625	1.7336115	1.654834125	1.78335425	1.808662125	1.839742125	1.5051315	1.70815825	1.663355375	1.6313005	1.742540375	1.690545125	1.695120875	1.7245985	1.716546875	1.910092625	1.761243	1.785125	1.731018625	1.72105675	1.699473125	1.73193125	1.6522	1.645193125	1.89167575	1.793348875	1.734757625	1.5543595	1.75858425	1.704902625	1.815645375	1.5970605	1.92639225	1.616107125	1.9219645	1.585241875	1.646859125	1.671565	1.830871	1.6050195	1.740268	1.935798375	1.855934875	1.532941375	1.7865435	1.806	0.021	4.9E-5	1.7E-5	0.17004876576
122	151	251	4.800816	2.58209575	2.630244	2.7746035	2.794106	2.65656475	2.69849425	2.70044825	2.80377325	2.832897	2.702428	2.898114	2.80884975	2.47395275	2.54474875	2.9369765	2.63222825	2.5242945	2.57743925	2.72110325	2.4570015	2.616317	2.37315575	2.40951175	2.6854375	2.516623	2.580461	2.3445205	2.5095955	2.4028595	2.55101975	2.24161	2.3840055	2.244626	2.50354925	2.36974925	2.35590825	2.36863975	2.352602	2.358159	2.21020025	2.39191325	2.1150255	2.47179025	2.124367	2.11806675	2.3327025	2.35194775	2.317055	2.291004	2.21210725	2.13229625	2.318101	2.06404875	2.13239925	2.150491	2.24389325	2.14319625	2.30748825	2.26980025	2.124222	2.095376875	2.358241	2.11131825	2.07139825	1.926357375	1.895732625	2.11600875	1.957445	1.766868875	1.906022125	2.1569235	2.0742975	1.9726335	2.157498	1.827583375	2.18570275	2.109628	2.1336745	1.861136375	1.946193375	2.17560525	1.893418	2.085153625	1.92188975	1.841375625	1.9040925	2.075669625	2.062949125	2.020805625	1.935533125	1.9498755	1.742064125	1.911300125	2.028302625	1.66348925	2.11663425	1.949886875	1.896351375	2.02861925	1.664406625	1.7162455	1.893588875	1.933085625	1.7897325	1.96190425	1.94915225	2.022329	1.852984125	1.88387675	1.742787125	1.848353875	1.426551	2.139513	1.862605125	1.939202875	1.656590125	2.025569875	1.779287625	1.8077745	1.90921875	1.942360625	1.9090405	1.67322975	1.5664385	2.01076225	1.79922675	2.14339175	1.68813625	1.736258125	2.1212255	1.844187125	1.71514925	1.76059725	1.813471375	1.930289875	1.703045125	1.610223875	1.96675325	1.77011725	1.759584125	1.687684125	1.6351115	1.43390375	1.790093625	1.791293125	1.785864625	1.72546425	1.829603	1.61064325	1.603623	1.555985125	1.77046125	1.64308325	1.74765475	1.961374875	1.58976175	1.793879375	1.772853125	1.812673375	1.6012315	1.4431575	1.7525	1.540318125	1.818843625	1.683171875	1.74032125	1.55803725	1.61508925	1.493430125	1.6725605	1.785332125	1.699398875	1.645083625	1.6214005	1.4490475	1.45496525	1.5004335	1.224111625	1.684687125	1.532665875	1.53678425	1.4035175	1.712928625	1.480164875	1.480441125	1.358803125	1.518493875	1.679839875	1.71443775	1.435808125	1.646247	1.594541625	1.446068625	1.599912	1.583375375	1.458005375	1.4249725	1.685843125	1.366612875	1.68090325	1.482823	1.4533395	1.3606095	1.4018265	1.50655075	1.643877875	1.443846125	1.465173125	1.535640125	1.604946125	1.573749	1.49073325	1.531144875	1.3765445	1.187993875	1.313592375	1.360434625	1.32634975	1.587633125	1.65946125	1.5531935	1.461637875	1.431753	1.634211625	1.57692125	1.704643375	1.171903625	1.593632375	1.229841125	1.254898125	1.513171125	1.28612125	1.446360375	1.51560475	1.411197625	1.441951375	1.38537075	1.487153	1.259457	1.5626955	1.559856125	1.397276	1.55183625	1.19662725	1.403326	1.415833875	1.366421	1.491256625	1.49591175	1.35514125	2.678	0.029	5.87E-4	1.8E-5	0.199487287825
123	4	251	4.800816	2.3020085	2.3294045	2.53497825	2.51249075	2.3789515	2.3816015	2.46925375	2.71272775	2.5969165	2.34913575	2.58353275	2.587996	2.41596325	2.406439	2.511719	2.47900075	2.33344275	2.4669445	2.6320525	2.387865	2.3716785	2.15853625	2.3180335	2.5079525	2.47945775	2.4391465	2.27841925	2.33976475	2.36475	2.55101975	2.1581835	2.28568225	2.0678515	2.36678975	2.06840875	2.20959525	2.3127455	2.25215975	2.1943865	2.1559805	2.32492375	2.091813625	2.35147875	1.993255875	2.010666375	2.077916	2.23605125	2.288321	2.184869	2.1545605	2.13229625	2.259187	1.956120375	2.08763825	2.13904425	2.24389325	2.1344795	2.30748825	2.17974025	2.10190625	2.087409875	2.3513625	2.090557625	2.07139825	1.926357375	1.895732625	2.11600875	1.957445	1.72916175	1.817287875	2.09170575	2.0635895	1.97070575	2.157498	1.790592625	2.18570275	2.04605175	2.06187575	1.861136375	1.917800625	2.17560525	1.86929025	2.085153625	1.914853375	1.841375625	1.9040925	2.02694075	2.062949125	1.927953375	1.896184875	1.8466955	1.713004125	1.911300125	1.952866625	1.66348925	2.102639	1.944085125	1.896351375	2.015562	1.664406625	1.7162455	1.872519875	1.92871475	1.7897325	1.96190425	1.8856265	2.022329	1.852984125	1.88387675	1.742787125	1.79106625	1.368499875	2.139513	1.862605125	1.939202875	1.6094985	2.025569875	1.779287625	1.771143	1.81724225	1.942360625	1.8865045	1.67322975	1.5664385	2.01076225	1.79922675	2.11944	1.68813625	1.736258125	2.1212255	1.81267625	1.71514925	1.720528375	1.813471375	1.930289875	1.656011625	1.610223875	1.912608625	1.77011725	1.759584125	1.656288625	1.6351115	1.43390375	1.790093625	1.791293125	1.785864625	1.670184	1.829603	1.61064325	1.568923125	1.555985125	1.714334875	1.64308325	1.74765475	1.961374875	1.58976175	1.707348625	1.772853125	1.812673375	1.6012315	1.4431575	1.709206875	1.51004925	1.818843625	1.683171875	1.74032125	1.55803725	1.61508925	1.493430125	1.6725605	1.785332125	1.699398875	1.645083625	1.5210605	1.4490475	1.45496525	1.48087275	1.224111625	1.684687125	1.532665875	1.520612625	1.4035175	1.6501345	1.480164875	1.480441125	1.34857425	1.506538875	1.679839875	1.71443775	1.435808125	1.646247	1.594541625	1.420795375	1.599912	1.583375375	1.458005375	1.4249725	1.685843125	1.366612875	1.68090325	1.482823	1.4533395	1.3606095	1.4018265	1.50655075	1.643877875	1.382498125	1.465173125	1.501763	1.604946125	1.573749	1.49073325	1.531144875	1.3545565	1.20580925	1.313592375	1.28893975	1.32634975	1.587633125	1.65946125	1.5531935	1.4365605	1.431753	1.634211625	1.57692125	1.704643375	1.171903625	1.593632375	1.229841125	1.254898125	1.513171125	1.28612125	1.446360375	1.51560475	1.411197625	1.401067	1.352816	1.487153	1.228210875	1.5626955	1.559856125	1.391497875	1.55183625	1.180484875	1.403326	1.415833875	1.366421	1.491256625	1.48081475	1.35514125	2.523	0.03	5.21E-4	1.9E-5	0.199371562816
124	126	251	1.518902875	0.8024955625	0.7162834375	0.7976500625	0.884285625	0.90478025	0.9137395625	0.821832125	0.8186178125	0.6381321875	0.8651400625	0.7521599375	0.8749663125	0.7778938125	0.8017744375	0.7463615625	0.95275825	0.7953399375	0.9745198125	0.7855286875	0.79557025	0.7018489375	0.8187644375	0.7066461875	0.8595801875	0.8718893125	0.8930710625	0.795022375	0.7545759375	0.6598530625	0.7936755	0.7070265	0.51041240625	0.8215945	0.781267	0.7473685625	0.842702	0.9025276875	0.664561625	0.6606958125	0.9218180625	0.77215925	0.9225135625	0.6388993125	0.762793625	0.588897875	0.762181625	0.8956684375	0.76464775	0.7909775625	0.691714125	0.7717955	0.6868085	0.993277625	0.7815865625	0.691516875	0.5804279375	0.700386375	0.9464425625	0.602958375	0.6926745	1.01743575	0.7197213125	0.8017025	0.7478550625	0.890381625	0.7252208125	0.762269125	0.9046958125	0.7564308125	0.7790285625	0.8358039375	0.8624449375	1.066889125	0.687638125	0.8636736875	0.536082	0.658935375	0.7948713125	0.86894775	0.7447225	0.697074	0.7082438125	0.909287875	0.8210075	0.7938463125	0.86925475	0.7316108125	0.779773125	0.9335115625	0.7626388125	0.88402275	0.82994775	0.7308346875	0.630261	0.6815119375	0.5839526875	0.91349975	0.753040875	0.6852326875	0.708489375	0.50607553125	0.7370480625	0.823143625	0.944479125	0.7915856875	0.6978233125	0.8214455625	0.8608861875	0.79653725	0.8884985	0.925287625	0.742279375	0.7967425	0.7801650625	0.6950926875	0.7271081875	0.8650183125	0.707761625	0.7746589375	0.807079375	0.7985140625	0.8047980625	0.752278125	0.7821654375	0.642609	0.6185011875	0.686950625	0.831582	0.8299683125	0.821537625	0.9383794375	0.690453125	0.85497275	0.8040646875	0.583306875	0.7611215625	0.7208263125	0.7653206875	0.8734443125	0.6963075	0.90433225	0.8294833125	0.8702925625	0.682935875	0.6603489375	0.910332625	0.819109125	0.716632875	0.7482034375	0.705155	1.02686475	0.8099646875	0.752143125	0.925120125	0.5856879375	0.72038775	0.66354975	0.55188625	0.9364683125	1.011168625	0.8939253125	0.7510654375	0.5776753125	0.826132	0.8258485625	0.853175625	0.7096966875	0.7305025625	0.784269375	0.743712125	1.09246525	0.7785766875	0.726785125	0.787510375	0.9072795	0.730926625	0.7006369375	0.938541	0.74876025	0.8150919375	0.7386424375	0.780669125	0.68908025	0.7968258125	0.8384564375	0.6342526875	0.8871315	0.76814725	0.8127029375	0.8500720625	0.8013005	0.734776125	0.676798	0.826000625	0.77873425	0.7620643125	0.725736625	1.0417421875	0.84907825	1.0103848125	0.771143875	0.76173225	0.8035904375	0.7536616875	0.81120375	0.674365375	0.9501903125	0.699019125	0.933389125	0.54860775	0.5715215	0.7951501875	0.725750625	0.77756725	0.7629145625	0.6656493125	0.917693125	0.9512015	0.89102575	0.9498528125	0.8116039375	0.624106625	0.7936435625	0.738684125	0.8397076875	0.9554689375	0.5709145	0.7216931875	0.8437904375	0.725758875	0.9286965	0.7212705	0.7842691875	0.7220095625	0.8518874375	0.7050439375	0.9636839375	0.96034575	0.767973625	0.8690415	0.75992175	0.8258640625	0.8609825625	0.7215918125	0.8933103125	0.757232875	0.7358463125	0.672746	0.8156255	0.5401475	0.796	0.015	1.6E-5	2.7E-5	0.115427681888
125		251	0.6099433125	0.0763252421875	0.296240375	0.264076875	-0.0301658574219	-0.01732359375	-0.0222692148437	0.0800158828125	-0.026563875	0.3072686875	0.19989896875	0.192572390625	0.204485734375	0.08305496875	-0.0207769648437	0.117643992187	0.0599385117187	-0.056352234375	0.189594734375	0.213756203125	-0.0377619960937	-0.0627755625	0.079779703125	0.0539985585937	0.0559890234375	0.0745552578125	-0.0573993203125	-0.136739125	-0.0997993828125	-0.036440125	-0.145569984375	-0.0681689375	0.0430557773437	0.1516959375	0.28874225	0.038512421875	0.131062203125	0.305948	-0.31597471875	0.079590828125	-0.136291921875	0.0407970820312	0.215856015625	-0.102923421875	-0.0244757910156	-0.0440621757812	0.0443634609375	-0.0859340234375	-0.0442847460937	-0.0404753320312	-0.0546348125	-0.0586799765625	-0.1263700625	-0.16845546875	-0.080609375	0.17973203125	0.0175638632812	0.16865328125	0.0563862773437	-0.127733601562	-0.089774046875	-0.0281685976562	-0.197482625	-0.17172478125	0.118866242187	0.127261601562	-0.157345609375	0.158684453125	-0.0521694140625	0.1878190625	0.0529789921875	-0.077714921875	-0.15054190625	0.21641471875	-0.092353453125	0.0277286328125	0.17547453125	0.13371628125	-0.06868128125	-0.05797196875	-0.0235046757812	-0.0408594335937	0.103084914062	0.1818824375	0.0677139765625	0.147444171875	-0.069222546875	-0.166458625	0.0101261152344	0.0859386953125	0.0824005234375	-0.205532703125	0.0762727578125	-0.0140765214844	0.0459728984375	-0.121145523437	-0.00458288085937	0.265241125	0.09608171875	0.0118659306641	0.0843213125	0.028767984375	-0.125260789062	-0.07449171875	-0.2286463125	-0.11942534375	0.0608294140625	-0.120985515625	0.0737733359375	-0.095259859375	0.18893159375	0.0464865703125	0.110011796875	0.16761353125	0.120211	-0.0435066171875	0.222617328125	0.176600046875	-0.0187445292969	-0.0618296914062	-0.00664363378906	0.11655909375	-0.0443350976562	0.112787476562	0.1430910625	0.2717868125	-0.10891196875	0.14843471875	-0.0385302382812	-0.256595390625	0.0607478789062	0.078387296875	0.091338421875	-0.107426273437	0.1509758125	0.1162168125	0.0513354375	-0.103844234375	-0.25776315625	0.0288429863281	0.33398428125	0.135082046875	0.199484203125	-0.0384081835937	0.088316921875	-0.0141516279297	0.149302734375	0.093016109375	0.0036614765625	-0.11433953125	0.138894625	-0.07381571875	0.14834678125	-0.141947640625	0.0778388671875	0.0609757695312	-0.0558467265625	-0.15043721875	-0.222944375	-0.070841765625	-0.091676015625	-0.090801984375	-0.095037	0.3075926875	0.13570565625	0.1795560625	-0.208305640625	-0.209737515625	0.041770734375	0.10396009375	0.0553698476562	0.123365960937	0.15700309375	0.0612805429687	0.022210625	-0.0355504375	0.113808835937	0.0390373671875	-0.0261911835937	-0.102080210937	0.114884507812	-0.088540609375	-0.0514003164062	-0.0711206953125	-0.120754820312	-0.19022284375	-0.0400414296875	-0.102067335937	-0.169635265625	-0.096756828125	-0.107009382812	0.158836875	0.33040096875	0.0412254492187	0.081286375	-0.18921678125	0.06927321875	0.27370321875	-0.318398625	0.248176140625	0.09148328125	-0.00514523486328	0.137095703125	0.158628984375	-0.0861483203125	0.31413628125	-0.0589238828125	0.15848196875	0.0434879023437	0.081647734375	0.081494234375	-0.084691640625	0.07603425	0.0490564960937	0.064725828125	-0.0867913515625	-0.050781734375	0.084715890625	0.0810196640625	-0.107831359375	0.077098640625	0.0484886796875	-0.0515832460937	-0.093243984375	0.16124090625	-0.107640109375	0.101179265625	-0.043487484375	-0.0713905	0.00384947021484	0.0453731484375	0.065464734375	0.13535003125	0.123198054687	0.1654761875	-0.066314375	-0.0388148828125	-0.071744421875	-0.0191149121094	0.3253380625	0.0535170390625	0.05902140625	-0.052911390625	-0.182181328125	0.0772795859375	0.0382611679687	0.0430228320312	-0.0797971640625	0.235664875	-0.060629171875	-0.196090390625	0.51	0.13	0.041	0.013	0.130277226961
126	32	251	8.534416	0.194081484375	0.31621565625	0.264936125	0.38123215625	0.187777171875	-0.219541796875	-0.14765978125	0.129223804687	0.36073165625	-0.105633695312	0.234539640625	0.3071889375	0.2765705	-0.223457046875	0.148848046875	0.26666803125	0.19178253125	0.40554390625	-0.25423375	0.3020056875	-0.300839375	0.162856828125	0.33000534375	0.0938376640625	0.257703859375	0.287033625	-0.19064584375	-0.19152415625	-0.30964046875	-0.106204796875	-0.07444175	0.214935140625	0.3184055	0.08895490625	0.137640203125	0.386551875	-0.189760578125	0.26388378125	-0.18600859375	-0.138822375	-0.180132	-0.127706773437	-0.14294834375	0.344051625	-0.16222225	-0.163903203125	0.1715268125	0.25586865625	0.35851975	-0.25212578125	0.14427559375	0.090789234375	-0.226572203125	-0.13909121875	-0.1923275625	-0.20022803125	-0.205897984375	-0.299053125	-0.22255271875	-0.2384465	-0.079573609375	-0.1971213125	-0.133929453125	0.144118203125	0.301834375	0.165949765625	-0.3004024375	0.223876703125	-0.331952	-0.21728	0.319311875	0.2562858125	-0.29483296875	-0.15460025	0.16775978125	0.21581084375	-0.129793640625	0.26393165625	0.31622634375	0.28318134375	0.068875921875	-0.26641825	0.021810359375	-0.181040984375	-0.21518409375	-0.1979658125	-0.157327328125	-0.25295228125	0.206037046875	-0.20531815625	0.146803546875	-0.213704578125	-0.16408059375	0.121966960937	0.21395359375	-0.233723765625	0.18651746875	0.047168	-0.214165671875	-0.393423125	-0.175256625	0.1506874375	0.216901578125	0.2485119375	-0.25413653125	-0.34288003125	0.2706034375	0.21750921875	0.26725675	-0.140812859375	-0.127297351562	-0.25135821875	0.153471296875	0.17078540625	-0.120738789062	0.049823875	0.1452688125	0.1614863125	0.221115484375	0.214069859375	0.29798975	0.171203015625	-0.3478759375	-0.26619228125	-0.1675641875	0.1841695	0.3384531875	-0.148743328125	-0.168905921875	0.1271804375	0.134889875	0.30303565625	-0.073928359375	-0.10388821875	0.198632984375	0.08648553125	-0.261445078125	-0.122216773437	-0.25749884375	0.3614576875	-0.0772829609375	-0.17068646875	0.27073978125	-0.29076965625	0.116897484375	0.1486929375	-0.227459859375	-0.19003284375	0.3083285	0.29451478125	-0.121120226562	0.186651421875	-0.390343	-0.2481536875	-0.187451796875	0.0644007578125	-0.15410378125	0.5266665625	-0.124485703125	0.193563734375	0.24510096875	0.50336590625	-0.171084953125	0.151083296875	0.24009134375	0.26479090625	-0.103979015625	0.4038888125	-0.31841040625	-0.17262353125	0.0957548046875	0.31271	0.154923640625	0.27521965625	0.22176353125	0.2784283125	0.22804971875	0.104295984375	-0.244691109375	-0.220044203125	-0.22317009375	0.168157796875	-0.27258153125	-0.1814194375	-0.2919599375	0.15005828125	0.40891375	0.20284028125	0.0454235976562	0.0551413828125	-0.2480775	-0.0638914257812	-0.2865878125	0.0727542421875	-0.26971196875	0.119564578125	-0.120780328125	-0.145146921875	0.114811429687	-0.191216328125	0.2861115	0.30974078125	0.236587984375	-0.2606064375	-0.165009546875	0.098087359375	0.104763835937	0.26883028125	-0.17351553125	0.25052415625	-0.21507634375	0.114363960937	-0.359523125	-0.14399396875	0.1422389375	0.215856	0.187263375	-0.15534925	0.352229125	-0.4669125625	-0.23752853125	0.0559555195312	-0.164111140625	-0.109433617187	0.0175529785156	-0.172748546875	-0.24681115625	-0.27651421875	0.1591569375	-0.069389734375	-0.33513171875	-0.255362	-0.25659025	0.102196875	-0.126200195312	0.0417596210937	-0.13425071875	0.119876382812	0.194952296875	-0.120285460937	0.0877691953125	0.256194625	0.255133453125	0.159869828125	0.249197984375	0.349673625	-0.23667275	0.15381096875	0.130011820312	0.22406265625	8.53	0.21	0.21	0.05	0.224493610049
127	58	251	6.5257115	1.686214875	1.6099555	1.572296875	1.3970365	1.471455375	1.49937125	1.748058375	1.61616925	1.097249875	1.609465625	1.45478325	1.5780925	1.41107125	1.368287625	1.228586	1.449725125	1.376163375	1.31952375	1.531215625	1.533106	1.49901425	1.5267555	1.466080875	1.2948785	1.3619535	1.439856	1.538045875	1.2847055	1.29363675	1.707042375	1.32001025	1.3648095	1.32251925	1.517071875	1.37224425	1.465194125	1.22879725	1.25404725	1.506647375	1.210726625	1.327989625	1.22552975	1.433062625	1.303686875	1.4965265	1.55692275	1.300769375	1.517747	1.385583125	1.4021475	1.344717	1.604798125	1.34183075	1.691123875	1.40578675	1.431233125	1.36074625	1.453866375	1.518973125	1.492033	1.33276275	1.19216175	1.304410875	1.4124885	1.4960535	1.30871975	1.57003325	1.228927625	1.57185775	1.379505875	1.44289675	1.259074625	1.340387625	1.304362125	1.604076	1.21259675	1.5202335	1.345437875	1.33844925	1.36325825	1.10995275	1.491973375	1.3779725	1.21506175	1.131793625	1.364157125	1.169697375	1.11969575	1.385968625	1.397762625	1.203178875	1.411530125	1.361852875	1.335070875	1.5276445	1.263236125	1.344777	1.143602625	1.511322	1.290039875	1.426053	1.39611425	1.43764725	1.150578625	1.351426125	1.274496625	1.36187825	1.3320945	1.258381375	1.487974875	1.230587625	1.406318375	1.163231375	1.12160675	1.22272625	1.450692125	1.405861375	1.394207375	1.340135625	1.353802625	1.3412215	1.18221225	1.565956125	1.283051	1.237134375	1.18255875	1.33921725	1.493974125	1.386750375	1.213581375	1.22933975	1.2849305	1.23196975	1.44209	1.2662445	1.40395875	1.668249	1.254437875	1.3455795	1.158776875	1.3673955	1.38382625	1.2320665	1.075307125	1.198625375	1.2965405	1.169269375	1.371041625	1.5854585	1.572678125	1.19629325	1.37355575	1.3559655	1.410935875	1.367420125	1.144616125	1.0295453125	1.23896325	1.440423875	1.383365	1.02997575	1.277591625	1.197220625	1.287384375	1.42218225	1.363280625	1.468274125	1.41965725	1.238869	1.304048125	1.3908525	1.300472	1.4004725	1.324164125	1.2135565	1.483486875	1.470278875	1.434693375	1.276664625	1.248458125	1.338513875	1.33799225	1.16739725	1.411675875	1.23002125	1.238792375	1.3346495	1.2687895	1.342554875	1.43325175	1.209991375	1.4248515	1.14544125	1.2818075	1.41618475	1.0413965	1.421788875	1.30854925	1.381615375	1.175458875	1.517055875	1.221986125	1.095232625	1.460096	1.274276125	1.16116775	1.23005175	1.14902575	1.438123875	1.4010885	1.06935175	1.18004	1.081272375	1.295074375	1.15492475	1.6691215	1.458997	1.28480775	1.461177875	1.308555625	1.214986125	1.362346625	1.285727375	1.458653125	1.31836675	1.313481375	1.2916775	1.45377675	1.0418494375	1.451574875	1.367333625	1.273451	1.268666875	1.325848875	1.364574125	1.21823975	1.229803125	1.4778965	1.247743	1.306899	1.2197285	1.250119875	1.3324395	1.27577375	1.27737775	1.47162075	1.347597375	1.299231625	1.139552875	1.082842	1.527	0.045	1.78E-4	4.3E-5	0.343454026163
128	100	251	5.100228	0.6779785	0.49365096875	0.7086158125	0.519066625	1.0161715	0.49962428125	0.6438516875	0.7541289375	0.7470165625	0.767991625	0.7476345625	0.857503625	0.51372565625	0.684296875	0.634823	0.4851534375	0.48368615625	0.6094155	0.6414658125	0.52235053125	0.7560689375	0.62683575	0.6229775625	0.6373998125	0.919656375	0.73833625	0.735215375	0.51461253125	0.744117	0.5753181875	0.6294203125	0.52332984375	0.574589875	0.729669625	0.668762125	0.7750450625	0.8150325625	0.82269275	0.5378619375	0.648437875	0.6680314375	0.57892675	0.7365956875	0.715533875	0.7318494375	1.0409719375	0.549391125	0.9061658125	0.8968906875	0.764808125	0.8547581875	0.897659125	0.5706445625	0.8129365	0.763636875	0.4307319375	0.60518975	0.6546835	0.6644044375	0.899921375	0.8463389375	0.7475385	0.6589375	0.872602	0.50313334375	0.71683475	0.8265808125	0.604535625	0.9815714375	0.7289605625	0.8266709375	0.7549943125	0.7874733125	0.735711875	0.65468725	0.723158	0.585368125	0.668655125	0.6953795	0.816634875	0.9725150625	0.7786255625	0.685187625	0.6843099375	0.7256533125	0.90881025	0.8725409375	0.865131625	0.8563423125	0.768171375	0.9784369375	0.65407	0.78196375	0.8092804375	0.837360375	0.6222945	0.744161625	0.7360915	0.7042598125	1.0057039375	0.8392758125	0.7097606875	0.87080225	1.06012775	0.51135353125	0.8988451875	0.534335875	0.823264	0.64692925	0.9170573125	0.5641483125	0.7067953125	0.8031096875	0.9302125625	0.64232625	0.875753375	0.92979075	0.8510631875	0.6659125625	0.598987	0.694940875	0.9699493125	1.0044013125	0.6705265	0.5432324375	0.8979335625	0.7245425625	0.880716125	0.9071876875	0.712307	0.674488	0.768997125	0.8597524375	0.8370754375	0.6950909375	0.834383125	0.752421875	0.841066	0.7342451875	0.808812375	0.989863875	0.6486348125	0.7540443125	0.685651125	0.743820125	0.8947598125	1.020841	0.805117125	0.84893225	0.6878094375	0.8173601875	0.943560125	0.6408165	0.7154369375	0.8205785625	0.928532	0.714685875	1.100028375	0.90438375	0.6742873125	0.78394325	0.8966153125	0.8080014375	0.671741375	0.7433098125	0.801257	0.9390119375	0.8548675	0.7074299375	0.74713725	1.0375196875	0.50576421875	0.761821375	0.8135330625	0.74197275	0.863101	0.945474375	0.807201125	0.818465375	0.7324869375	0.6401073125	0.740090375	0.7376274375	0.9078355	0.8748443125	0.8324841875	0.682150875	0.5981245	0.849266875	0.5566485625	0.9587464375	0.996729	0.77125275	0.8485950625	0.7134203125	0.8754313125	0.774042125	0.8397314375	0.8522505	0.5845988125	0.7445859375	0.8006625	0.7486816875	0.81850175	0.7838670625	0.6223685625	0.6032336875	0.924409	0.6604781875	0.854819875	0.9085248125	0.813471625	0.749456125	0.776666625	0.82015975	0.9589954375	0.8041423125	0.6161505625	0.8224710625	0.91151725	0.775438125	0.844557	0.93547825	0.7570070625	0.7608745	0.8320998125	0.717687875	0.826748625	0.5313823125	0.706691125	0.691382125	0.912201375	0.7519193125	0.837405625	0.97015325	0.472512875	1.003522625	0.802401	0.8733504375	0.65913425	0.951581875	0.928573875	0.8403058125	0.782014	0.8041286875	0.669315875	0.94001025	1.1038085	0.808454	0.71181575	0.764	0.036	-4.0E-5	7.0E-5	0.303519161906
129	35	251	1.157536375	0.0724616953125	0.2644769375	0.1674899375	-0.09199609375	-0.150422484375	0.3792525	0.28485459375	-0.21718590625	0.188607140625	0.259548765625	-0.251022375	-0.22603775	-0.114178234375	-0.0956057578125	-0.17763509375	-0.3853484375	-0.19639459375	0.18526884375	0.178009109375	0.0967643046875	-0.18561934375	-0.187453390625	-0.137905875	-0.0955717578125	0.148333484375	0.29356453125	-0.37026790625	-0.109761023437	0.28745728125	-0.21337109375	0.30790203125	-0.1542728125	0.1925985625	0.21041396875	0.21387959375	0.2314341875	-0.3573089375	0.163280875	0.0790867109375	-0.29923896875	0.121928484375	-0.17847878125	0.257173625	0.172689234375	-0.192076234375	0.151065390625	-0.1271134375	-0.102230242187	-0.35825046875	0.178021203125	-0.10745990625	0.34283715625	-0.17559496875	0.0422275820312	0.195341171875	0.104175890625	-0.0510938125	0.38852171875	-0.22829928125	-0.161916140625	0.145899	0.1820955	0.2117839375	-0.22460046875	0.190990625	0.211818328125	0.08540309375	-0.2887090625	0.0919153515625	0.30746465625	0.02516146875	0.1388395	0.08852971875	-0.1701645	0.22415784375	-0.156494125	-0.29214478125	0.143848	-0.20129275	0.20663534375	-0.130908546875	-0.08111409375	0.222407015625	-0.161949046875	-0.1453176875	-0.1718753125	0.18697025	0.38229340625	-0.2700314375	0.101877617187	-0.140451078125	0.2437916875	0.104695421875	0.195118296875	-0.27999371875	0.174276859375	0.21867596875	0.18826334375	0.229312078125	-0.167353609375	-0.180889828125	0.185348375	0.26384509375	-0.1089791875	-0.201260890625	0.29611196875	0.05339028125	-0.27255765625	-0.194161109375	-0.057764234375	-0.1672865625	-0.0864637890625	-0.214093734375	0.179427484375	0.111978890625	-0.0813109609375	-0.162904265625	0.225482265625	-0.10903384375	0.20353796875	0.195254875	-0.133607890625	-0.11201921875	-0.2514456875	0.141622203125	-0.193140890625	-0.174416078125	-0.312747375	0.0778950546875	0.21591084375	0.113623851562	-0.230501828125	-0.05698803125	-0.117322453125	-0.33905284375	0.07770546875	-0.215782921875	-0.185506796875	-0.1661294375	0.22057078125	-0.157219046875	-0.2727579375	0.34817971875	-0.193516421875	-0.40588284375	-0.24868175	-0.178591578125	0.202126	0.093745796875	-0.466961	-0.1559055625	-0.32342675	-0.0615570234375	-0.110988453125	0.119933507812	-0.2911198125	-0.29280353125	-0.26671975	-0.0978815703125	-0.29202859375	0.260279359375	0.31695665625	0.28959903125	-0.15700365625	0.25234009375	0.3028731875	-0.13615825	-0.2514718125	0.223894	-0.0475219921875	-0.234716109375	-0.1207606875	-0.29877296875	0.36015521875	-0.08462253125	-0.15324525	-0.221992734375	0.219820171875	-0.3388768125	0.182539296875	0.13056290625	-0.208833265625	-0.17697834375	-0.207827515625	0.162431453125	0.236782640625	0.107925148437	0.26818359375	-0.180731375	0.34866378125	0.1315970625	0.1532020625	-0.230003484375	-0.1334894375	-0.29938059375	0.18972284375	0.109714609375	-0.215227203125	-0.257554234375	0.09385946875	-0.111557390625	-0.128544757812	-0.113068648437	0.16059640625	-0.1816795	-0.239850703125	-0.18741596875	-0.27260328125	0.152055890625	-0.166879015625	-0.2495595625	-0.30708565625	-0.34473190625	-0.27895084375	-0.15386475	0.15631825	0.128198820312	-0.248821046875	-0.3034675	-0.059476671875	0.26672178125	-0.2604255	-0.31038396875	-0.3903739375	-0.234378140625	-0.207391640625	-0.168324046875	-0.239342375	-0.065698796875	-0.08270084375	-0.204035984375	0.133852046875	0.074808953125	0.0588650273437	0.18942521875	-0.318929625	0.0826175	0.16688428125	-0.17653621875	-0.0801849453125	0.0419961210937	-0.209890484375	-0.0978628125	-0.144911125	-0.187628953125	0.16191609375	-0.16640496875	-0.140972421875	0.3013400625	0.0524068476562	1.15	0.21	0.11	0.06	0.209107109473
130	25	251	2.605239	0.3875308125	0.5409565	0.34966234375	0.53371275	0.218058359375	0.37097703125	-0.216900125	0.328090875	0.3613890625	0.34223684375	-0.221090296875	0.30634034375	0.3286053125	0.48765178125	0.42004390625	0.37794440625	0.40305115625	0.35128840625	0.317246125	0.405217875	0.5146679375	0.34643534375	0.38846153125	0.46588309375	0.44894865625	0.3928405	0.40804503125	0.43037053125	-0.26398121875	0.48516784375	0.39009784375	0.4713121875	0.42591365625	0.28533975	0.2390764375	0.5727463125	0.34625634375	-0.163513703125	0.4774313125	-0.353891875	0.383882875	0.33190003125	0.35803271875	0.457308375	0.41184071875	0.5456870625	-0.2085334375	0.36023253125	-0.197576515625	-0.216096640625	0.35383190625	-0.230863640625	0.40866734375	0.7273714375	0.33323415625	0.5439009375	0.595944625	0.21510190625	0.4814885625	0.35767934375	-0.183102953125	0.254690078125	0.5107578125	-0.27462834375	-0.2564403125	0.49430359375	0.2898028125	0.34706078125	-0.28423828125	0.261013078125	-0.220622625	0.34835971875	0.444473875	-0.2851583125	-0.25465503125	0.35726965625	0.3436784375	0.35361115625	0.35200665625	0.27721875	0.41866140625	0.2910506875	0.491499875	0.31677178125	0.5441076875	0.36248071875	0.44153025	0.344596625	0.2713775625	0.59731225	0.45222090625	0.547964375	0.37089421875	-0.2741031875	0.59544275	0.34721621875	-0.32303075	-0.227006359375	-0.2838318125	0.41039009375	0.5147185625	0.39698259375	0.44054409375	0.26735296875	0.30325871875	0.3959558125	0.28509559375	0.35761584375	0.360788625	0.47178984375	0.51089725	0.554853625	0.6271163125	0.33503728125	0.50483609375	0.38574815625	0.259715296875	0.34415590625	-0.34150371875	0.30041825	-0.186146	0.4595316875	-0.2011106875	0.325043	0.51716375	-0.25403778125	0.36524578125	0.36659653125	-0.18555653125	0.31771940625	0.643295625	0.580758875	0.42103371875	0.42605528125	0.45594321875	0.37105421875	0.39450109375	-0.2291068125	0.3760223125	0.43333265625	0.6252823125	0.3237246875	0.53458075	-0.31400571875	0.2909738125	0.47449296875	0.41400825	0.4310461875	0.4227203125	-0.212703625	0.4326234375	0.420150875	0.4450046875	0.293214375	0.456039125	0.4369713125	-0.267632375	0.4164106875	0.37169075	-0.2479033125	0.3306751875	0.27350759375	-0.2661404375	0.3731250625	0.43010334375	0.39541759375	0.41198065625	-0.233089078125	0.324442125	0.5079545	0.27095540625	0.6708478125	0.3580711875	0.42574075	0.5623954375	0.34286034375	0.412543625	0.314821375	0.435912375	0.39417975	0.45094384375	0.28230940625	0.4796169375	-0.31245715625	0.4004963125	0.373035	0.50530325	0.4142185625	0.5130706875	-0.248143140625	-0.15635503125	0.50777590625	-0.26089625	0.27382	-0.18799721875	0.45243990625	-0.150754328125	0.27692271875	0.50994059375	0.34001596875	0.49671584375	-0.19861153125	0.38358246875	0.4660680625	0.44781565625	0.356178125	0.43250178125	0.544687	-0.30715065625	0.37087178125	0.52120884375	-0.2018644375	0.34554409375	0.40284609375	0.41462628125	0.35003065625	0.38261934375	0.48193365625	0.5309655	0.5714031875	0.3451261875	-0.230924734375	-0.31387409375	0.29751315625	0.40892371875	0.4647873125	0.3498861875	0.39689290625	0.4906989375	0.401329875	0.42453771875	0.3688921875	0.42216984375	0.25289321875	-0.1573475	-0.178198640625	0.28271075	0.4056963125	-0.3047849375	-0.29077640625	0.355821625	0.51224553125	0.3394650625	-0.26294271875	0.48511265625	0.4396518125	0.28028021875	0.27519815625	0.575259	0.3274424375	0.339	0.042	2.4E-4	1.7E-4	0.306151480313
131	94	251	4.454267	1.0238899375	1.136928375	1.046620375	0.6703111875	0.7225634375	0.6444351875	0.7681221875	0.3986630625	0.32299159375	0.525219	0.32318775	0.26020528125	-0.067516765625	0.214921265625	-0.073292640625	0.22267071875	0.190673953125	-0.14117315625	-0.14100803125	0.3183125	0.448143375	-0.122436054687	0.194343484375	0.128376460937	0.122460445312	-0.12397446875	-0.158733765625	0.107133914062	0.20739075	-0.50747871875	-0.223150046875	0.1403533125	0.170360375	-0.176761640625	0.082473015625	-0.0455357421875	0.105116664062	0.0380126484375	-0.206447796875	0.112560625	0.126699757812	-0.0767015703125	0.240765421875	-0.31285275	0.093942890625	-0.086973390625	-0.188416875	-0.176567984375	-0.122899554687	-0.141634875	0.197383015625	0.15992609375	0.078140328125	-0.0663037890625	0.133412390625	0.0461219765625	-0.0746653125	0.025911296875	-0.127162890625	-0.128542875	-0.1941026875	0.29223584375	0.119383984375	0.054280953125	0.0461953984375	0.133765265625	-0.1266705625	-0.30495703125	0.084913859375	0.0925198671875	-0.179390046875	0.3849515	-0.26918796875	0.20145090625	-0.223150046875	-0.227228578125	-0.2003914375	-0.1500750625	-0.289966625	-0.15888303125	0.19767671875	0.059228859375	0.14691709375	-0.123600414062	-0.23039121875	-0.0885064296875	-0.135824765625	-0.258182078125	-0.228759546875	0.148116171875	-0.1838164375	-0.30541475	0.264211625	0.199347390625	0.1947944375	-0.141560234375	0.145459390625	0.0541227890625	-0.099797859375	-0.08826240625	0.2155598125	-0.116254710937	-0.16601921875	-0.15504240625	0.1985559375	0.123456335937	-0.171587546875	-0.193562015625	0.274941375	-0.210065546875	0.1874235625	-0.140730125	-0.0715520859375	-0.15294603125	-0.076870515625	-0.15420825	0.291870875	-0.222769484375	-0.26922728125	0.13623853125	0.09228853125	-0.212012890625	0.211204640625	-0.121389421875	0.119787203125	0.17285859375	0.08956690625	0.38686446875	-0.0835408203125	-0.22114921875	-0.126180679687	-0.0965859140625	-0.27294696875	-0.28489590625	-0.132933125	-0.199177203125	0.296890125	0.0675223515625	0.13358071875	0.1842796875	-0.2020805625	-0.11188928125	-0.25681225	0.168089390625	0.17265465625	-0.30031334375	0.144773578125	-0.169560328125	-0.176811171875	0.18643675	-0.157983140625	0.114031703125	0.120018570312	-0.0887061171875	-0.161064359375	-0.25507671875	-0.24090865625	-0.186225953125	-0.112694210937	0.1348145625	-0.105678226562	-0.167589265625	0.159513921875	-0.08375184375	0.26529059375	-0.116383078125	0.1780984375	-0.112488414062	0.166143703125	-0.2275663125	0.27474471875	-0.270346125	0.103967195312	-0.20734559375	0.17312409375	-0.34470265625	-0.1772138125	-0.14048140625	-0.113981195312	-0.113071390625	-0.41830275	0.120709429687	-0.149935	-0.0998032109375	0.141057875	0.1942278125	-0.237393015625	-0.5125703125	-0.0640266601562	0.277604625	0.0627368984375	0.0638818984375	-0.0787139609375	-0.1750006875	0.0898453984375	0.159097984375	0.24322840625	-0.190449671875	0.168137703125	-0.108910054687	-0.157702234375	-0.224905359375	0.102016367187	-0.3408048125	-0.25964403125	-0.249388875	-0.23598071875	-0.2821624375	-0.152194140625	0.108598515625	-0.13448125	0.085844171875	-0.107053953125	-0.089570171875	-0.138438296875	0.0762941953125	-0.112877164062	-0.243878375	-0.221966984375	0.1321640625	-0.197813734375	-0.387908125	-0.34839965625	-0.306631125	-0.106366171875	-0.2783746875	-0.2763348125	0.22258696875	-0.2154019375	-0.19779825	-0.1331515	-0.11851978125	0.0614717265625	-0.251956453125	-0.15055703125	-0.28128784375	-0.2743618125	0.05888028125	-0.38169665625	-0.133984546875	0.185956203125	0.108846328125	0.103775242187	-0.120109835937	0.146445421875	-0.42035053125	-0.20825371875	-0.27868390625	-0.142233859375	0.262025953125	4.22	0.2	0.0587	0.0037	0.202600057437
132	156	251	11.870453	0.20902984375	-0.19633240625	-0.101510765625	0.241646421875	0.2679001875	0.213198671875	0.249491	-0.164879140625	0.172575796875	0.103059570312	-0.112149703125	0.3112544375	0.0687108359375	0.15606546875	-0.199379484375	0.113527296875	-0.118209632812	0.189147109375	-0.2385095625	-0.373524875	0.158268734375	-0.1173845	0.0633926367187	-0.1494719375	0.111988125	-0.128417570312	-0.171059484375	0.233154328125	0.212199265625	-0.0483237304687	-0.136692765625	-0.0843861640625	-0.23435384375	-0.0801964921875	0.092165546875	-0.077029640625	-0.205660109375	-0.198461484375	-0.0840335234375	0.10303546875	-0.358836625	-0.08937915625	-0.2997525	-0.32761628125	-0.089535390625	-0.163930265625	-0.120304984375	-0.132500953125	-0.1550660625	-0.169933	-0.25517303125	-0.2766320625	0.42502359375	0.0728957734375	-0.26389784375	-0.27470728125	-0.174439921875	-0.23437834375	-0.23468671875	-0.17311978125	-0.31182575	-0.303743	-0.167288734375	-0.186534046875	-0.153260484375	-0.34625625	-0.0884690390625	-0.2621614375	-0.117781609375	-0.2465605	-0.2324365625	0.113540796875	0.1459729375	-0.20068409375	-0.2175830625	-0.218954578125	0.147023796875	0.059686984375	-0.0176415351562	0.13403828125	0.1475066875	0.066285265625	-0.06379578125	0.136195640625	0.33690446875	-0.330125125	-0.17029421875	-0.191087	0.0999339296875	-0.236940109375	0.1906868125	-0.30847325	0.20860096875	-0.204473578125	-0.120157625	-0.0604330234375	0.2746836875	-0.168314265625	-0.14726103125	0.195120390625	0.1541785625	-0.13364921875	0.13401821875	-0.15696178125	0.20603221875	0.107747132812	-0.16537796875	-0.178291	-0.214103609375	-0.2424335625	-0.0568868203125	-0.19730153125	-0.20950140625	0.149075390625	-0.30241515625	-0.0938906328125	-0.196874140625	-0.228551671875	-0.15376228125	0.1413026875	0.158265046875	-0.2660595625	-0.114274507812	0.206067453125	-0.14331696875	0.124631078125	-0.242413515625	-0.206172671875	-0.109673382812	-0.26756253125	-0.21593084375	-0.2478474375	0.19924228125	0.16652859375	-0.2939750625	-0.160564296875	-0.2837245	-0.133049875	0.0636986132812	-0.15925365625	0.102708585937	-0.200831828125	0.14304903125	0.091794390625	-0.221765921875	0.061474640625	0.29212209375	-0.4505438125	0.131116859375	-0.150028234375	-0.31269825	-0.2572349375	0.17605640625	0.099731125	-0.0994220078125	-0.2284691875	-0.132031546875	0.109825382812	0.12515278125	-0.38574859375	-0.166280984375	-0.0687225859375	-0.14092978125	-0.33668740625	-0.131718953125	-0.125782953125	-0.210649109375	-0.1581971875	0.101824898437	-0.10648803125	-0.0726881953125	-0.109218351562	0.0749295625	0.0901317890625	-0.0508582851562	-0.1837210625	-0.3884913125	-0.2948393125	-0.210925515625	-0.24065696875	0.109968	0.119008898437	-0.130569046875	0.154577265625	-0.13341440625	-0.20952603125	0.152845578125	-0.2256735625	0.18174265625	0.167113765625	-0.251429390625	-0.474364	0.106073765625	0.128692359375	-0.0905303203125	-0.28977478125	-0.2621233125	-0.233282625	-0.22720625	-0.19730840625	-0.067324328125	-0.28199215625	0.21088375	0.09873259375	-0.16939965625	-0.27053046875	-0.23454696875	0.259695203125	0.0506008398437	0.189234296875	0.122408804687	0.24372634375	-0.206333359375	-0.3199790625	0.155277671875	-0.107674398437	-0.16026628125	-0.15297234375	-0.26457184375	0.109568273437	-0.400350875	-0.21463190625	0.13448053125	0.07975115625	0.10018471875	-0.2435903125	-0.233206984375	-0.10962715625	0.26453784375	-0.230774578125	-0.17885046875	-0.103774234375	0.337203625	-0.2626609375	0.105807109375	-0.10193896875	0.150916078125	0.33373503125	0.130617914062	-0.158716328125	-0.14512971875	-0.225974828125	-0.32006621875	-0.168487515625	-0.155374078125	-0.232012734375	-0.225592703125	0.173390984375	-0.074739796875	0.15438171875	11.87	0.2	0.3	0.3	0.199387557423
133	166	251	11.870453	0.144867015625	-0.162660109375	-0.152848	0.202217765625	0.3929223125	0.1841204375	0.2083750625	-0.15691734375	0.236973265625	0.102841546875	-0.0691312421875	0.2523745625	0.0726647734375	0.121083328125	-0.199379484375	0.126800296875	-0.1047989375	0.1607530625	-0.236283609375	-0.32911059375	0.14861553125	-0.10686821875	0.055765328125	-0.0636697070312	0.0920304375	-0.176365046875	-0.2236715625	0.35584778125	0.196995765625	-0.0284100488281	-0.129043710937	-0.07463984375	-0.21646821875	-0.0651440039062	0.086726203125	-0.0513690976562	-0.202079484375	-0.142607734375	-0.082997828125	0.0831843828125	-0.34095721875	-0.08266140625	-0.26880434375	-0.3171125625	-0.130025429687	-0.116766070312	-0.117266203125	-0.125609921875	-0.12659871875	-0.15805	-0.25517303125	-0.266848625	0.3988669375	0.0553905507812	-0.26538096875	-0.21484946875	-0.16944334375	-0.23437834375	-0.196166765625	-0.17826065625	-0.261768671875	-0.2823684375	-0.16331515625	-0.147052109375	-0.13296734375	-0.371991625	-0.1002190625	-0.21833378125	-0.101434640625	-0.19900984375	-0.23943721875	0.08031978125	0.1416164375	-0.16960409375	-0.43490175	-0.19783353125	0.09598375	0.059686984375	-0.0979331875	0.12316065625	0.163389	0.0171471757812	-0.110545828125	0.188821390625	0.33690446875	-0.3131226875	-0.1929636875	-0.1241405	0.11232603125	-0.27711653125	0.1906868125	-0.286532875	0.26385125	-0.249485640625	-0.0767501640625	-0.0250831621094	0.24449259375	-0.1346129375	-0.132763171875	0.15156059375	0.1633358125	-0.1616720625	0.10247071875	-0.1666154375	0.1659164375	0.107747132812	-0.16537796875	-0.19652296875	-0.25472790625	-0.2424335625	-0.0848946640625	-0.1896293125	-0.1768145625	0.115309445312	-0.32721	-0.0727386171875	-0.230681046875	-0.2846735	-0.112609257812	0.128089976562	0.1381733125	-0.22988321875	-0.199240953125	0.21082859375	-0.169520578125	0.09935096875	-0.230403203125	-0.203254734375	-0.13563296875	-0.25416984375	-0.2024639375	-0.240739171875	0.19924228125	0.0787775625	-0.2546895	-0.14850678125	-0.201231234375	-0.10298490625	0.0704706640625	-0.154030578125	0.061797375	-0.199417625	0.138977203125	0.0810454375	-0.180248890625	0.0194764960937	0.211901953125	-0.42693440625	0.040017984375	-0.122375570312	-0.26701715625	-0.2572349375	0.28655959375	0.116082734375	-0.075425796875	-0.29889	-0.130038671875	0.109825382812	0.154506546875	-0.374073875	-0.149614578125	-0.0785820625	-0.121110265625	-0.30762171875	-0.19118140625	-0.157709546875	-0.158934875	-0.243084953125	0.0953388828125	-0.09042715625	-0.0441457421875	-0.087620375	0.0250114140625	0.079320171875	-0.0293186054687	-0.190038140625	-0.332224375	-0.288353875	-0.25885334375	-0.211104625	0.099974859375	0.110328898437	-0.0954487890625	0.14796403125	-0.13341440625	-0.19473540625	0.129499664062	-0.22055325	0.18018028125	0.091194640625	-0.22490846875	-0.4185173125	0.0644277734375	0.213138125	-0.076708609375	-0.284075125	-0.3086884375	-0.18368134375	-0.22720625	-0.236261953125	-0.0397784726562	-0.27788621875	0.185616421875	0.07746259375	-0.161686203125	-0.184734765625	-0.21155640625	0.24678525	0.0430098125	0.189234296875	0.122408804687	0.280029625	-0.18528534375	-0.31210865625	0.15245959375	-0.107674398437	-0.149434984375	-0.201075296875	-0.2638150625	0.0762275546875	-0.3617111875	-0.1591345625	0.127995976562	0.07162065625	0.0767261015625	-0.1944389375	-0.214125671875	-0.101142257812	0.2558371875	-0.210575671875	-0.2754498125	-0.176954921875	0.27901309375	-0.23586340625	0.102706625	-0.1032509375	0.13771584375	0.33373503125	0.084126875	-0.100807851562	-0.109007078125	-0.17875484375	-0.28830234375	-0.19190725	-0.16165428125	-0.1954056875	-0.229261265625	0.22327328125	-0.061230578125	0.14793375	11.87	0.19	0.3	0.3	0.193652182143
134	29	251	2.9613595	0.613622125	0.5242413125	0.57514075	0.4601775	0.543822875	0.7095599375	0.56687125	0.5974765	0.6742245625	0.4453689375	0.36664228125	0.48460809375	0.206467296875	0.26376275	0.1811705	0.1551295625	0.34309996875	0.29980446875	0.4191458125	0.20441571875	0.3873786875	-0.169328171875	0.33486575	0.29674725	-0.12957075	0.206991703125	0.238745109375	-0.112151398437	0.25812778125	0.292716375	0.2992096875	0.2894233125	-0.111533625	0.4085566875	0.208886515625	0.242984484375	0.179755453125	-0.19032153125	-0.13379375	0.3056196875	-0.221177828125	-0.233754265625	0.127623328125	-0.0993754375	0.120689796875	0.11623921875	0.241581953125	0.0686737265625	0.1080455	0.0586049375	-0.0438595234375	-0.167677421875	0.4103415	-0.14806159375	0.17605753125	0.15622740625	-0.0419333203125	-0.179907390625	0.1628840625	-0.09546503125	-0.1757454375	0.119563757812	-0.16295459375	-0.190119015625	-0.155943234375	0.17085759375	-0.191345125	0.15009534375	-0.194409171875	0.118584757812	0.208981046875	-0.187268546875	-0.2238561875	0.09207115625	0.3195018125	0.242889625	-0.12326346875	0.08213078125	0.16626790625	-0.1170175	-0.0823910859375	0.218276984375	0.44689703125	0.13859175	-0.248271140625	-0.193381546875	-0.171247046875	0.072965015625	0.23499409375	-0.127911273437	0.13959971875	0.31787328125	-0.0978720703125	0.205120546875	0.17661984375	0.2186274375	-0.0649495351562	-0.18758653125	0.0935626875	-0.2322103125	-0.168141765625	0.07043646875	0.106093546875	0.28223375	0.2831048125	0.26324484375	-0.200648671875	-0.188134921875	0.164411125	-0.31414546875	-0.1535899375	-0.162286765625	0.2766335	0.08634725	-0.17179796875	-0.0936296015625	-0.30201140625	-0.0479285585937	-0.04688015625	-0.1291370625	0.14357515625	0.240785546875	0.256521609375	0.071273234375	0.11373903125	0.33232928125	-0.13371234375	-0.112221210937	-0.115721914062	0.144131703125	-0.110356070312	-0.199088359375	-0.34245421875	0.089185875	-0.0972838125	0.189456546875	0.16423434375	-0.24879321875	-0.258428734375	-0.1880979375	0.26731240625	0.327060125	0.0885030390625	0.164739359375	0.2676849375	-0.14588809375	0.118751078125	-0.0547923945312	0.188556296875	0.068628453125	0.16082284375	0.194610703125	0.117624328125	-0.244433890625	-0.19582184375	-0.187821921875	-0.1457080625	0.26439478125	-0.0903713671875	-0.12786634375	0.115667492187	-0.204425890625	0.191978265625	0.0692876015625	-0.21617603125	-0.109662375	0.0671066171875	-0.15576890625	0.127697640625	0.0977534921875	-0.261710921875	0.0788874296875	-0.180307953125	0.155284984375	0.2854813125	-0.119654296875	0.126285515625	-0.206893984375	0.25095296875	0.144559578125	-0.191532671875	0.169403390625	0.182134984375	-0.177660375	-0.3139999375	-0.11040659375	0.23884984375	0.239242125	-0.131823046875	0.083175625	-0.12275075	0.16709625	0.25324690625	-0.130198453125	0.117871226562	-0.18588884375	0.0795393671875	-0.19017925	0.17008375	-0.0657658671875	0.06972340625	0.14853615625	-0.222236484375	0.132592125	-0.174085328125	0.232180640625	0.137751546875	-0.15736784375	0.115987882812	-0.259918609375	-0.22522125	0.242403625	-0.0722081640625	-0.2799408125	-0.1942391875	0.172347234375	-0.112039726562	0.1985996875	-0.23272603125	0.2854426875	-0.24108303125	0.158462828125	-0.29137025	-0.189152734375	0.0549096992187	-0.24814465625	0.13789709375	0.190162234375	-0.115818703125	0.147773375	-0.257351375	-0.27301815625	-0.16207034375	-0.0793272421875	-0.17131834375	0.0842497265625	-0.145716921875	-0.192395359375	-0.173343953125	0.207956578125	-0.102295328125	-0.08925271875	-0.153386546875	0.153780390625	-0.03845525	0.167770921875	0.239771578125	-0.18666725	0.250317265625	-0.134614703125	2.45	0.18	0.0422	0.0043	0.205605477802
135	52	251	6.8420045	2.36733325	2.04185025	1.86101475	2.031427375	1.997686625	1.572464	1.821486	1.486679625	1.494697	1.421535375	1.283885625	1.19758625	1.131472375	1.0286786875	1.04356875	1.138630875	0.8716903125	0.953592	0.8296445625	0.8472368125	0.925221125	0.74985575	0.852016875	0.7841638125	0.613135625	0.51965865625	0.31380596875	0.49148740625	0.5791174375	0.5087871875	0.3468180625	0.262606625	0.51532384375	0.531886875	0.461683625	0.38317778125	0.3712646875	0.4418503125	0.195272515625	0.45354028125	0.4224843125	0.3682774375	0.36072759375	0.4713875625	0.167805640625	0.430777875	0.2881564375	0.1964863125	0.203139203125	0.45314740625	0.56803825	0.37666025	0.24403146875	0.22235078125	0.18507046875	0.549438125	0.209501234375	0.119658546875	0.38355059375	0.255051609375	0.3139616875	0.36497009375	0.4471433125	0.25411503125	0.23025871875	-0.0622627734375	0.261234421875	0.25260590625	-0.032824515625	0.199639984375	0.30270821875	0.113495125	0.153717671875	0.31617065625	0.34329075	0.138185625	0.23898090625	0.21209865625	-0.1414295	0.33054315625	0.207396578125	0.26863325	-0.2494165	0.3088008125	-0.04312478125	0.36916034375	0.186352375	0.187017125	0.14929503125	0.21865709375	0.28378315625	0.111433140625	0.375986375	0.2553993125	0.17554978125	0.249218109375	0.133143375	0.3497545625	0.6140768125	0.2968606875	0.139617640625	-0.123731828125	-0.091869703125	-0.083699078125	0.30265896875	0.140891109375	0.30760765625	0.270814875	-0.0584431953125	0.196727	0.168000734375	-0.15866675	0.18157465625	0.35015909375	-0.048846875	-0.169719140625	0.158805921875	0.096806796875	0.4378995625	0.2916779375	0.34957546875	0.1803118125	0.29864984375	-0.09899859375	0.2821923125	0.128911578125	-0.0289259648437	-0.18412090625	0.16479665625	0.4298958125	0.21769040625	0.285747	0.350224625	0.096681875	0.246302390625	0.0636819726562	0.2726084375	0.339512375	-0.100498023437	-0.0361441757812	0.182743890625	0.166042734375	0.28990928125	0.33049609375	0.120906539062	0.19522875	0.206621875	0.221480203125	0.38076240625	0.230151234375	0.25496709375	-0.13325375	0.28472815625	0.2747941875	-0.054716625	0.185572078125	0.220946890625	0.076183703125	0.19103653125	0.290750875	0.154758296875	0.29802678125	0.156793625	0.39743109375	0.19250434375	0.0711456484375	0.3092379375	0.33412825	-0.0688357265625	0.2822621875	0.136348421875	0.227567109375	0.1759026875	0.26812940625	0.2375694375	0.266578125	0.220331984375	0.29563671875	0.173124125	0.3392501875	0.39891853125	0.092097859375	0.3402899375	0.3142460625	0.29230878125	0.11804828125	0.26996534375	0.23070875	0.255104015625	0.183476921875	-0.12230634375	0.254281015625	0.3665084375	-0.192618734375	0.435949	-0.0629762773437	0.14022596875	-0.14825396875	0.153305984375	0.26945575	-0.145310875	0.144886328125	0.28964475	-0.09134615625	0.135385453125	0.487654	0.3042170625	0.33277715625	0.04086128125	-0.1682311875	0.461286375	0.182631671875	0.255537765625	0.27513653125	-0.076408203125	0.35570403125	0.20798125	0.2741230625	0.118168703125	0.31109484375	0.173013078125	-0.170912953125	0.1845166875	0.2847081875	0.257640625	0.13592646875	0.30417903125	0.109070914062	-0.125016789062	0.263876125	0.162055375	0.30290896875	0.29721409375	-0.0726148515625	0.224323109375	-0.100232015625	0.126764507812	-0.0891249609375	0.29155696875	0.31632640625	0.23292371875	0.230083375	0.162189578125	0.24981659375	0.23402359375	0.2653993125	0.0624716679687	0.134071375	0.155433	0.127872445312	4.34	0.21	0.0178	0.0012	0.311679197423
136	6	251	5.070728	1.89488275	1.753402375	1.489665375	1.508014125	1.368252375	1.321612375	1.333589375	1.1805735	1.0383475	1.0479601875	1.148043875	1.093248875	1.197997875	1.020240375	1.00253475	1.05965	1.088615	1.0279028125	1.282000125	1.143731625	1.131880625	0.8859836875	1.351633125	1.12990325	1.132337625	1.149476	1.1225245	1.430249	0.997901875	0.8864793125	1.156567875	1.06818125	1.162518375	1.400997875	1.117846625	0.968427625	1.0087609375	1.172601875	1.120420625	1.09481125	0.9227166875	1.249074	1.07553975	1.281226	1.156173	1.142814875	1.118762625	0.9695718125	1.186026125	1.15653125	1.267642	1.263131375	1.010136375	1.076679	0.96840925	1.2496375	1.085786375	0.956721625	1.1203935	1.101381125	1.03914275	1.152615125	1.0329121875	1.340829375	1.254260625	1.02019525	0.96923725	0.982342125	1.054889375	1.1938935	0.9291908125	1.256509375	1.086239375	1.168846375	1.05228925	1.154007875	1.061193875	0.883493375	1.1364985	1.16049	1.11610225	1.128249875	1.056099	1.161729875	0.9901929375	1.447795	0.92474625	0.73225775	1.127091625	0.8816140625	1.172142125	1.211118375	1.064600875	1.209641375	1.117424875	1.122937375	0.7672001875	0.943565375	0.9370454375	0.9510334375	1.183580625	1.13698925	1.39583125	0.8407910625	1.057786	0.9781731875	1.112696875	1.14294575	1.070961875	1.0398373125	0.9491236875	1.1548875	0.940136375	1.09163325	0.9841015625	1.236128	0.9322898125	0.8467554375	1.011140625	1.078542375	0.90795375	1.066079875	1.2549705	1.064604625	1.003963875	0.9383083125	1.23150425	1.063441375	0.916353875	1.2192665	1.165640125	1.162014125	1.082692125	1.0362981875	0.830258875	1.0481968125	1.44642875	0.939946875	1.0916	0.9521154375	1.174321	1.040480125	1.096573875	1.013992625	1.2035455	1.311513875	1.22244875	1.191112375	0.9923848125	1.17893725	0.9803690625	0.9308291875	1.319676	1.100600375	1.051256875	1.197868	1.16996325	1.0013515625	1.2922745	1.00461325	1.101351625	0.980739625	1.0656185	1.12265075	1.0287290625	1.163378375	1.091029375	0.968466375	1.08741775	1.215500875	0.9827988125	0.9368609375	1.018020875	1.211504125	0.9213885	1.21049675	0.7727306875	0.92682275	1.13658325	1.392522	0.964193875	0.994288625	0.9888261875	1.088677	1.181189625	0.9435059375	1.06807725	1.10907875	1.083515125	1.067633375	1.259030125	0.834121125	0.95715025	1.185841875	1.24627925	1.046670625	1.28252475	1.030148375	0.8792160625	1.052222875	1.178807125	0.8862240625	1.055436125	0.840945375	0.9095610625	1.119996375	1.113719625	1.097544	1.166487375	0.909123375	1.0803535	1.05326825	1.330631	1.050963	1.2008525	1.0195795625	1.0097485625	1.127365875	1.04945125	0.8341669375	1.1090085	1.08788275	1.16394625	1.057611625	1.220330375	1.066497875	1.051613	0.888845625	1.08372075	1.110639375	1.09782225	1.3169305	1.035424125	0.8476480625	1.081432375	1.0050329375	1.333573625	1.109238125	1.286653875	1.347731875	1.169815875	1.0264490625	1.0192526875	0.9011926875	1.10785475	1.0360568125	1.119635625	1.0591695	1.4010355	1.2002385	1.223	0.036	1.47E-4	4.4E-5	0.286631308321
137	53	251	3.15790475	1.473682375	1.322756	1.115714625	1.136484	1.0177231875	0.976145125	0.898808125	0.906146375	0.6873431875	1.0140899375	0.748291375	0.7770034375	1.075191	1.0263121875	0.721464875	0.7613788125	0.6859651875	0.6849620625	0.7486328125	0.6040421875	0.535236875	0.7497398125	0.765895625	0.7155335625	0.571198375	0.8423331875	0.755499625	0.7555424375	0.908943625	0.79187625	0.6893671875	0.68016925	0.9615080625	0.5905348125	0.5227226875	0.593909125	0.9043885625	0.751420125	0.815848375	0.747071	0.68870675	0.8087143125	0.7765723125	0.6829631875	0.663097375	0.8402671875	0.6689538125	0.7102088125	0.7883435625	0.716497	0.679948375	0.7424210625	0.6164655625	0.490807625	0.6068108125	0.728533	0.867443875	0.6610215625	0.686519625	0.5848051875	0.641165875	0.521667125	0.9089305625	0.8536986875	0.733481875	0.72174225	0.700062375	0.635148375	0.561759	0.44134315625	0.77476575	0.770160875	0.573394625	0.51658278125	0.524876	0.39179740625	0.572104375	0.6788169375	0.60319175	0.6637853125	0.698976875	0.3797948125	0.582893125	0.395402125	0.60970825	0.694143125	0.5541995	0.7397446875	0.7138523125	0.4937455625	0.7645790625	0.6418475625	0.583094375	0.559438375	0.585612375	0.6967821875	0.5702031875	0.912618	0.65938975	0.7940315	0.39446434375	0.7187614375	0.90933275	0.5718395	0.885705375	0.5006943125	0.5095250625	0.4984938125	0.5043573125	0.46577440625	0.47230640625	0.49721653125	0.6147641875	0.557768	0.51775728125	0.59031175	0.37510159375	0.49409925	0.646265125	0.741095375	0.692091875	0.538069375	0.82275625	0.5474338125	0.6500276875	0.609109875	0.45539640625	0.5798108125	0.9641141875	0.6869004375	0.6377289375	0.5857301875	0.38986909375	0.7089306875	0.4959918125	-0.11085928125	0.6812663125	0.5999955	0.7846199375	0.336789875	0.6487359375	0.40702028125	0.567619875	0.640005125	0.46754265625	0.485177875	0.431713125	0.29765478125	0.62386475	0.609661875	0.8154804375	0.417829125	0.4815745625	0.85320225	0.69826775	0.7242975625	0.530599625	0.606107	0.7167505	0.31704471875	0.470126625	0.6634571875	0.6569504375	0.732328625	0.44719434375	0.6258568125	0.45106740625	0.6147765625	0.5413578125	0.606782875	0.8374609375	0.5881461875	0.7927615	0.6095909375	0.642297125	0.577115125	0.5951681875	0.56087875	0.729703875	0.8732743125	0.71850125	0.8528583125	0.622918125	0.42248440625	0.2883905	0.541407125	0.350022875	0.463772875	0.633493625	0.6279376875	0.599441625	0.5957576875	0.586597375	0.7143214375	0.610680125	0.66258225	0.5501928125	0.5242411875	0.599176	0.6777755625	0.563205125	0.37327959375	0.6929905	0.815259	0.54414075	0.5781835	0.45684871875	0.5316234375	0.611005625	0.88518875	0.525397625	0.7247804375	0.5381143125	0.411226875	0.573220875	0.852373625	0.5231763125	0.6147359375	0.578824375	0.654989	0.49190734375	0.55859025	0.4640655	0.3572963125	0.50546140625	0.5474593125	0.64503375	0.44356134375	0.571556625	0.532117375	0.32044978125	0.619833	0.69426925	0.463093375	0.5009226875	0.5599459375	0.51726159375	0.45447190625	0.52086315625	0.53889825	0.5818035625	0.50720171875	0.32915178125	0.3656455	0.5720588125	0.4901159375	0.492418375	0.51938003125	0.43966921875	0.5836336875	0.86	0.029	4.8E-4	6.0E-5	0.21115872408
138	143	251	3.15790475	1.465438125	1.322756	1.063228	1.136484	0.9651580625	0.976145125	0.898808125	0.78333725	0.6873431875	0.9636411875	0.73010225	0.7331134375	1.039763	1.0263121875	0.721464875	0.7613788125	0.6859651875	0.6849620625	0.7486328125	0.6040421875	0.535236875	0.7497398125	0.761657125	0.7155335625	0.5514761875	0.8423331875	0.755499625	0.7555424375	0.908943625	0.79187625	0.6893671875	0.68016925	0.7544615625	0.5603915	0.467841	0.593909125	0.8826768125	0.712036375	0.815848375	0.747071	0.628531625	0.8087143125	0.7533405	0.5490291875	0.663097375	0.8402671875	0.42624884375	0.66830825	0.7883435625	0.4748186875	0.5827583125	0.635314	0.5395763125	0.490807625	0.5433849375	0.708504375	0.7287116875	0.624488375	0.5760081875	0.547865625	0.641165875	0.49902884375	0.8985026875	0.6734243125	0.733481875	0.515650875	0.671094	0.635148375	0.51775834375	0.43721984375	0.6424955	0.6953621875	0.55253825	0.45076203125	0.524876	0.39179740625	0.5709448125	0.6788169375	0.5643093125	0.541539375	0.6274139375	0.26434784375	0.51629190625	0.3706735	0.575404625	0.547149	0.49075534375	0.7397446875	0.7138523125	0.4937455625	0.748429875	0.560181875	0.5334384375	0.538751125	0.5582575	0.63982275	0.5702031875	0.7070651875	0.62444725	0.7940315	0.38104290625	0.5882095	0.9071976875	0.5718395	0.8212974375	0.43774521875	0.48662378125	0.39417946875	0.439031875	0.46577440625	0.47230640625	0.39978278125	0.5400638125	0.45950640625	0.51775728125	0.47392084375	0.2983793125	0.49409925	0.595406125	0.741095375	0.692091875	0.5017998125	0.65017075	0.5474338125	0.5820860625	0.38793528125	0.45539640625	0.5798108125	0.908847125	0.6869004375	0.6239270625	0.42296925	0.3422431875	0.7089306875	0.44057571875	-0.11085928125	0.6812663125	0.5555566875	0.6621555	0.31000346875	0.6487359375	0.40702028125	0.45583125	0.640005125	0.42086565625	0.46328034375	0.3283839375	0.24957784375	0.5195494375	0.6009595	0.7008495625	0.31325553125	0.4815745625	0.691020125	0.69826775	0.7242975625	0.36518346875	0.606107	0.7167505	0.2982749375	0.470126625	0.610954875	0.6569504375	0.6143546875	0.33056728125	0.602018125	0.45106740625	0.6124759375	0.4333521875	0.560282875	0.8374609375	0.49862315625	0.7609048125	0.52358665625	0.50395809375	0.4449874375	0.5951681875	0.49711884375	0.6822179375	0.749673375	0.6924939375	0.805075375	0.531187	0.42248440625	0.249191234375	0.541407125	0.350022875	0.2843259375	0.47081146875	0.5902718125	0.56242025	0.5957576875	0.586597375	0.674208375	0.605264375	0.5205406875	0.47100784375	0.42573846875	0.45638571875	0.4735621875	0.48557846875	0.346591625	0.4569685625	0.781621625	0.540347875	0.43303184375	0.30092246875	0.519831875	0.57150375	0.6683398125	0.44524346875	0.5480381875	0.51083196875	0.385586375	0.5290508125	0.852373625	0.35220715625	0.4080316875	0.563230875	0.445339625	0.4330488125	0.5245955	0.34416725	0.3572963125	0.36226921875	0.5474593125	0.46513778125	0.4104093125	0.49163628125	0.52274309375	0.32044978125	0.4652889375	0.69426925	0.4346560625	0.46872640625	0.5599459375	0.5006935	0.3488065	0.40133125	0.442347875	0.5818035625	0.3639834375	0.320647375	0.3656455	0.388976	0.4901159375	0.3377091875	0.49063921875	0.283521	0.5419135	0.846	0.034	6.1E-4	7.0E-5	0.212555252774
139	18	251	2.64564725	0.35244821875	0.2889296875	0.2757405625	0.3011794375	-0.12050715625	0.256026875	0.233553	0.202901765625	-0.210322828125	0.256568703125	0.216157328125	0.2122138125	0.3447113125	0.417748875	-0.2706708125	0.1773776875	0.212922015625	0.501200125	0.40847525	0.2109475	0.212892828125	0.261443296875	0.242135171875	0.5124538125	-0.174700328125	0.39790240625	0.39947634375	0.4596244375	0.39018428125	0.32661828125	0.31514678125	-0.205937109375	0.15524334375	-0.0584429765625	0.17999615625	0.173361453125	0.187945390625	-0.1645595	0.33558575	0.1790926875	0.233063078125	0.19821584375	-0.0920055859375	0.37356878125	0.27204125	0.427863625	0.4702166875	0.27724246875	-0.0417373398437	0.3491434375	0.249854640625	0.26932453125	-0.19550315625	-0.18776396875	0.21364378125	0.254986171875	0.4067426875	0.3193465625	0.32805840625	0.720579125	0.35909171875	0.2585803125	0.45972184375	0.150105671875	-0.28826075	-0.118536023437	0.41247571875	0.311562	0.17379621875	0.28354990625	0.38990325	0.252622546875	0.219392	-0.30782228125	-0.46216953125	0.209967046875	-0.207393625	-0.208143921875	0.34558946875	0.34297965625	0.2991565625	0.162950390625	0.28135040625	0.13418771875	-0.13312309375	0.141602328125	0.187583484375	-0.17445025	0.257522171875	0.3263638125	0.18605790625	0.21580859375	0.1903473125	-0.1375531875	0.231835921875	0.2826059375	0.188560703125	0.32990359375	0.234494203125	0.164918421875	-0.2706365625	-0.183216875	0.17227940625	-0.06998134375	0.456469625	0.21944940625	-0.1640366875	0.190815015625	-0.151839734375	0.313519	0.33910940625	0.38482378125	-0.0695712890625	0.2781811875	-0.0380296484375	0.226751765625	0.30181528125	0.162145234375	0.3140335625	0.249979484375	0.168502109375	0.424136125	0.173833125	0.133129078125	0.0852483984375	0.35315059375	0.3189771875	-0.0367048007812	0.19376396875	0.3125534375	-0.121089132812	0.1730465625	-0.18861115625	0.18308065625	-0.239231984375	0.209536625	0.198020109375	0.200523859375	0.44264325	0.40362790625	0.1867973125	0.1819958125	0.260130546875	-0.0529083125	-0.31112759375	0.0638165429687	0.392780125	0.154750109375	0.35436015625	0.30179509375	-0.092455234375	0.255648875	-0.0736574609375	-0.3201185625	0.3356818125	-0.2049980625	0.27210078125	0.129723023437	0.217025265625	0.246559703125	0.3345098125	0.2304343125	0.227667734375	0.21641646875	-0.2381075	0.2050935625	0.361707	0.30779040625	0.33583590625	0.25190765625	0.1976771875	0.3323104375	0.26429528125	-0.0975929609375	0.15309915625	0.3551509375	0.34412378125	-0.186261765625	0.33499375	-0.0174559394531	0.136647625	-0.0760412109375	0.207901671875	-0.115261882812	0.26992525	0.202207734375	0.2970905625	0.275993625	0.2620601875	-0.117050890625	0.3339279375	0.181108140625	-0.3028483125	0.272637	0.27211125	0.18331153125	-0.180761609375	0.0952686875	0.220001625	0.24102528125	0.21571875	-0.1091243125	0.28495540625	0.256315703125	0.166871578125	0.1518573125	-0.0093012265625	0.137184359375	0.26721653125	-0.089760484375	-0.224415546875	0.12062175	0.1314326875	-0.21146365625	0.232141515625	0.46821778125	0.2770236875	-0.259415046875	0.3619174375	0.135124453125	0.46509209375	0.31111234375	0.14217990625	0.1882285625	0.5275868125	0.15672340625	0.3306626875	0.3051104375	0.14527015625	0.113090554687	0.31747990625	-0.0847655234375	0.2288068125	0.28161471875	0.35100053125	-0.133998046875	0.36571075	0.15661746875	0.23128959375	0.3148105	-0.28974359375	-0.127045578125	-0.27043934375	0.208334796875	0.128889546875	-0.1327389375	0.16211765625	0.23813353125	0.1542605	0.365244875	0.27	0.041	7.4E-4	2.6E-4	0.255215059195
140	38	251	2.810732	1.0487425	0.8215466875	1.0372309375	1.1178485	1.15810575	1.01651225	1.096767375	0.8482068125	1.0601595	0.863560125	0.8587753125	0.9163175	1.057030625	1.296358875	0.7127371875	1.170473375	1.00350225	0.98329875	1.261307375	0.8104260625	1.083804	0.968380875	0.8417946875	0.818063625	1.120941	1.207965	1.169010125	1.083981	0.9001040625	0.988748375	1.013578	1.17088425	1.174359	1.273546125	1.25579075	1.20711525	1.169751125	1.219125375	1.063864125	1.167482875	1.310393875	1.118832375	1.097738625	1.209503625	1.186327125	1.0671385	1.213011875	1.025686	1.16172775	0.96149575	1.111463375	0.9935094375	1.076493375	0.85299175	1.034393	1.0072535625	1.136160875	0.911545125	1.280290125	1.014125875	0.9161720625	1.271585	1.124948375	1.050038	1.23234325	0.94112775	1.05641025	1.126091625	1.0735945	1.01978725	1.078557	1.154345	1.073895625	1.071992125	0.6940266875	1.171896	1.103680875	1.223870875	1.036431375	0.9563464375	1.02347925	1.110515	1.009419	1.0198123125	1.231873	1.1041335	0.982070125	1.0146393125	1.137546875	1.18586125	1.27052225	1.22655725	0.8917250625	1.036045375	0.9905511875	1.216950375	0.9884011875	1.43400225	0.9373348125	1.1406625	0.80773175	0.8542189375	0.7388855	1.004270875	1.253614875	1.144279	1.0296664375	1.06628525	1.060186	1.127542	1.0417929375	0.9526351875	1.12078325	1.3336795	0.9785654375	1.053731625	1.21084	1.269607375	0.9602016875	1.084388125	1.0402179375	0.9166620625	1.007703	0.90816575	1.219622375	0.7406764375	0.9148769375	0.9505975625	1.06473775	1.0054980625	0.857015625	0.8885650625	0.9991998125	1.143030375	1.0317900625	0.837837	0.997938125	1.148230875	1.06765475	1.115427	1.10360125	1.026228125	0.995711375	0.8125534375	1.273438125	0.9146983125	0.926120375	1.106605375	0.9318880625	1.16797325	0.9036715	1.172510625	0.899525375	0.83082925	1.0270620625	1.068972375	0.9373285	0.96016125	1.1462825	0.9614458125	0.9779099375	0.93451925	1.0142924375	0.96476625	1.0737565	1.148142375	1.0920085	0.9736568125	1.1076465	1.127075125	1.128975	1.097691625	0.9722910625	0.77749475	1.103507875	0.99156375	0.84791775	1.0328106875	0.9271918125	1.08969225	1.093755	0.69718025	0.9390794375	0.9995245625	0.90022225	0.9841886875	1.2664745	0.970430375	1.158214	0.9831055625	1.028144625	1.149997875	0.91394175	1.35716675	0.799008125	0.9071546875	1.0398494375	1.22698025	0.8807090625	1.0196094375	0.819402125	1.14849925	1.10573875	0.8579655	0.850935375	0.9104441875	0.95600625	0.985624625	0.9465130625	0.7526699375	0.5949583125	0.8844988125	1.0217141875	0.7631011875	0.758380125	1.087847125	1.127628375	0.772475125	1.049122375	0.8477489375	1.17696275	0.74062275	1.082293	1.03437275	0.961132375	1.053275875	0.8608665625	1.083071375	0.8983654375	0.8388061875	1.18845675	1.04176425	0.812734125	0.9073370625	0.94976425	0.836535375	0.9298200625	1.169672375	0.8683426875	1.0420991875	0.816238125	1.0392995625	0.90857925	1.116606	0.900513125	0.738520375	1.012847	1.057284	0.7411630625	0.7959651875	1.127	0.023	1.43E-4	2.9E-5	0.173700865666
141	93	251	6.2149935	0.697091	0.94603125	0.95482225	0.8669278125	1.0301403125	1.2771975	1.039838875	0.9447600625	1.06080875	0.943586625	0.879798625	1.030852375	0.949660125	1.075900875	1.031578875	0.9724596875	0.98221825	0.8685153125	0.86553375	0.8611979375	0.65297875	0.9785643125	0.8836285625	1.10524575	0.602206875	1.076981625	0.9850345	0.95242225	0.9028949375	0.823355	0.638262375	0.8371375625	0.979877875	0.75093075	0.574878125	0.7653424375	0.911631875	0.879497125	0.90618925	0.7875743125	0.9627629375	0.9694396875	0.913509375	1.08162275	0.6677360625	1.096437625	0.808676375	0.9262850625	0.858377625	0.9205346875	0.7976480625	0.9863183125	0.920505	0.7728116875	0.8194271875	0.756595125	0.9197038125	0.994523125	0.9360799375	0.9337355625	0.839233375	0.905775125	0.9861728125	1.101776875	0.914918875	0.873777125	0.676205375	0.815047125	0.910228125	0.83478625	0.814235	0.8845895	0.9176175625	0.886026125	0.8781308125	0.905627375	0.8991691875	0.74383475	0.920727375	0.8528486875	0.869211625	0.876333	0.7562451875	0.8003428125	0.812599625	0.7961911875	0.5364905	0.9612306875	1.05593475	0.8221783125	0.9345804375	0.8907785625	0.6292763125	0.852186375	0.6013943125	0.83986925	0.826421125	0.801905125	0.8748260625	0.8637890625	0.811705375	0.9587631875	0.7178684375	0.75292275	0.8308465625	0.7079831875	0.8644879375	0.7514585	0.9578605	1.000173875	0.8847650625	0.9154700625	0.8892273125	0.7620895625	0.7598131875	0.770951125	0.9170360625	0.91482325	0.8271575625	0.8547470625	1.218177875	0.945347125	0.7641510625	0.8188076875	0.8567085625	0.9322535625	0.661309125	0.863277625	0.797140125	0.8082163125	0.8255374375	0.8016805	1.05724825	0.8178069375	0.7398609375	0.8513865625	0.723609625	0.909472125	0.628500625	0.741188625	0.823189375	0.9847159375	0.8433101875	0.8826869375	0.9623061875	1.0431766875	0.9576216875	0.841769375	0.73769375	0.79171275	1.030142875	0.915644375	0.7195065625	0.5695484375	0.8683389375	0.9122270625	0.914951625	1.022756625	0.97502125	1.014610375	0.766554125	0.873254625	0.7673879375	0.6759664375	1.0049449375	0.7420693125	1.1216335	1.0157758125	0.9040344375	0.945013	0.758261625	0.86081025	0.7993838125	0.922946625	0.9264749375	0.97304025	0.70974125	0.687512625	0.783182	0.867798375	0.9502031875	0.8565016875	0.84942975	0.9612925	0.787731125	0.91176025	0.913968375	0.7357126875	0.7268066875	0.82554225	1.104017125	0.868447	1.0077628125	0.8118693125	0.7901355625	0.8438338125	0.749115375	0.802982	0.9323816875	0.7568210625	0.881250625	0.867897375	0.944943	0.843011875	0.8754626875	0.891068875	0.788084375	0.91491975	0.7366908125	0.915933625	0.9966525	0.829169625	0.903807125	0.5666480625	0.6808855625	0.860747875	0.7634344375	0.90073275	0.8023301875	0.9601336875	1.033630875	0.8481813125	1.0132736875	0.713498125	0.7455433125	0.6223506875	0.880457875	0.932150375	1.020197625	0.923341	0.78983525	1.0277213125	0.751332875	0.6856095	0.6672663125	0.8709195625	1.065748875	0.6967274375	0.788977875	0.86764575	0.96239325	0.906723375	0.8296514375	0.9168060625	0.8521435	0.7153460625	0.6679290625	1.076208625	0.7859839375	0.655775	0.998	0.048	1.9E-4	6.0E-5	0.352778313392
142	99	251	6.503988	-0.243737203125	0.07157628125	-0.31200890625	-0.228850265625	-0.17075684375	-0.225562734375	-0.237247	-0.22769859375	0.132745625	-0.17088959375	0.181380359375	0.248548671875	-0.223670921875	-0.206225796875	-0.15775053125	-0.092507625	-0.14519590625	-0.46258815625	-0.166749625	-0.25617909375	-0.373334625	-0.24627871875	-0.28874253125	0.1700960625	-0.13914475	-0.1863255	-0.139899875	0.0968789375	0.132801265625	0.102979109375	0.0833343125	-0.32310028125	0.35266928125	-0.22534790625	-0.183553890625	-0.085782765625	-0.126126851562	0.0998731953125	-0.35177959375	-0.206945296875	0.0550410703125	-0.1550906875	-0.192915890625	-0.2838664375	0.247599046875	0.12410078125	0.0541306015625	-0.14255809375	-0.27863178125	0.103956546875	-0.26784896875	0.213499234375	-0.20948734375	0.277969375	0.0709752265625	0.2084305625	-0.22498815625	-0.33462534375	0.203929609375	0.232903390625	0.200496984375	0.23800115625	0.0636061289062	-0.186613421875	-0.145261734375	0.12124584375	-0.219282484375	-0.28876653125	-0.2502385625	-0.18754203125	-0.222934953125	-0.16777653125	-0.049644390625	-0.137612203125	0.193743734375	0.28436865625	-0.075948890625	-0.1157740625	-0.238747296875	-0.235773609375	-0.0559690625	-0.239227390625	0.0650247265625	-0.1594464375	-0.1312354375	-0.138174703125	0.17260084375	-0.0798706875	-0.0754413125	-0.238772046875	-0.176898515625	-0.144223984375	-0.165550015625	0.0785338671875	0.1936064375	-0.33231196875	0.034522875	-0.3083114375	-0.11680046875	-0.124084109375	-0.06932621875	-0.070236234375	0.06906759375	-0.176680265625	-0.1696745	-0.19600146875	-0.26759284375	0.309604875	-0.309601375	0.19870771875	-0.4312069375	-0.37818409375	-0.0787807890625	-0.3938859375	-0.12402584375	-0.057549421875	-0.176989671875	0.0694681875	0.0863359453125	-0.2913946875	-0.24493746875	-0.34182153125	-0.2775131875	0.07369725	-0.162652609375	-0.144784875	0.026902015625	0.198661171875	0.163375078125	0.04186965625	-0.2076290625	0.17755478125	0.2644985	-0.075814953125	0.097471734375	0.0770649140625	0.0795140546875	0.128609015625	0.25011465625	0.226565875	-0.228281390625	0.0781818203125	-0.204259796875	-0.20627821875	-0.14748021875	-0.203920375	-0.103406507812	-0.0878015390625	0.10923328125	-0.158933359375	0.2123785	-0.0662445234375	0.21709775	-0.19719346875	-0.123166398437	-0.190481328125	-0.18551834375	0.206375078125	-0.15798634375	0.1799401875	0.21567753125	0.110264328125	-0.196940015625	-0.130018640625	-0.177649234375	-0.24424015625	-0.0639004296875	-0.30193853125	-0.28195071875	0.206979609375	-0.175086578125	-0.261090640625	0.137613921875	-0.0682240390625	-0.17757615625	-0.17709496875	-0.17496525	-0.37483884375	-0.31214665625	-0.34318240625	0.197331203125	0.0712575625	-0.32409184375	0.2282165625	-0.09209496875	-0.180576109375	-0.18683490625	0.122958695312	-0.194152171875	0.10745696875	-0.10657046875	-0.21887909375	0.110977609375	-0.2327410625	0.203157546875	-0.25070984375	0.1458883125	-0.196471515625	-0.2205724375	-0.219582	0.013072953125	-0.31309421875	0.0614373945312	-0.2624811875	0.130950859375	-0.0817888046875	0.0503760507812	-0.3728445625	-0.073864515625	-0.20133734375	-0.34564621875	0.0914763984375	0.162207953125	-0.36209353125	-0.087328984375	0.221089328125	-0.2781353125	0.167303453125	-0.1027913125	0.078267015625	0.0410843320312	-0.1556265625	-0.052821171875	-0.27383996875	0.0533834023437	-0.2968765625	-0.214164609375	0.31811303125	-0.31137684375	-0.2668078125	0.1454261875	0.0724083515625	0.105919890625	0.1868641875	0.3244948125	-0.26283375	-0.235878515625	-0.15561678125	0.212947265625	0.0878678203125	-0.116295765625	-0.2146775	0.3037380625	-0.33449309375	-0.1992749375	0.110352726562	-0.13518334375	0.2915449375	-0.3306388125	0.2622693125	6.5	0.08	1.9	0.0	0.204769297312
143	153	251	5.285264	2.255187	1.89205775	1.67964275	1.580150875	1.482994	1.73841675	1.309550625	1.363828125	1.056735375	1.261823125	1.18136175	1.20514075	0.896517625	1.0217336875	0.984139	1.068398	0.9193025625	0.9465478125	0.719411375	1.065406125	0.9183386875	0.696371625	0.766302375	0.545832125	0.75446775	0.6532616875	0.6018986875	0.842563625	0.48802303125	0.71741925	0.866377875	0.725963125	0.617230625	0.718343375	0.6418846875	0.48204653125	0.5438191875	0.5311895625	0.4179299375	0.6086408125	0.64815525	0.4681090625	0.487030625	0.605242625	0.51105959375	0.5750620625	0.3545284375	0.56761425	0.5585371875	0.4283088125	0.58389225	0.6034088125	0.2886749375	0.37771940625	0.5072410625	0.5363649375	0.5227408125	0.5276365625	0.275070375	0.50691084375	0.37410946875	0.58579025	0.374814125	0.556339	0.40249428125	0.3545156875	-0.25258165625	0.5177139375	0.3736986875	0.3833263125	0.245882390625	0.50626953125	0.51571640625	0.136690984375	0.33310521875	0.49018153125	0.33701225	0.37369465625	0.3386979375	0.2417843125	0.4549180625	0.3608299375	0.0895531953125	0.34706475	-0.21987115625	0.218310953125	0.51299534375	-0.175266265625	0.251486203125	0.255117875	0.3282380625	0.2829391875	0.15927225	0.257079765625	0.45844634375	0.2872531875	0.3998908125	-0.120957773437	0.236718203125	0.31346975	0.189681046875	0.26009103125	0.28054315625	0.140338890625	0.4154831875	0.24622759375	0.1338341875	0.234036796875	0.180167046875	0.25545184375	0.35828034375	0.3124399375	0.27326034375	0.116572210937	0.2837250625	0.2465786875	0.383983125	0.226877359375	-0.0609731875	0.37664896875	0.21319121875	0.247674734375	0.3505735	0.27918828125	-0.0829697890625	0.38710765625	0.233231296875	-0.124241117187	0.239855203125	-0.1081721875	0.197432578125	0.237587328125	0.1879630625	-0.1650200625	0.0701361796875	0.233081078125	0.26496878125	-0.247017140625	0.14422275	0.21536071875	-0.150224234375	0.3034340625	0.1511484375	-0.2000444375	-0.147886109375	0.0790217890625	-0.148045671875	0.360982875	0.152866453125	0.121424078125	0.4425705625	-0.14410853125	0.249315109375	0.154661203125	0.127056304687	-0.1976164375	0.198211171875	-0.312749	0.26373496875	-0.2311646875	0.3081195625	0.246159375	0.2242535625	-0.28685721875	0.201723453125	0.214323015625	0.29723009375	0.242645328125	0.38965725	0.3879458125	-0.115436234375	0.28921775	-0.230424296875	0.2622854375	-0.10152853125	0.110622515625	-0.16296240625	-0.237413921875	0.19809421875	-0.13703496875	0.39372240625	0.13573515625	0.151341421875	0.3819884375	-0.2750050625	0.262369125	0.174431	0.195286859375	0.0651686015625	-0.1745180625	-0.259346109375	0.19993125	0.284827875	0.233054390625	-0.195397625	-0.246093	-0.1697924375	0.2594270625	-0.0850180625	0.3686053125	0.212411203125	-0.200635078125	0.29369784375	0.140136828125	0.120804140625	0.21628684375	0.148593515625	0.2491681875	0.194082765625	0.070289421875	0.11563765625	-0.17553859375	-0.116214601562	-0.146139265625	-0.26985978125	0.14636165625	0.167290046875	0.190936625	-0.39197184375	0.4801619375	-0.252606953125	0.18864384375	0.14276840625	0.1409315	0.12521021875	0.27674275	0.199347140625	0.32940846875	0.172167953125	0.130327390625	-0.29422390625	-0.33518221875	-0.18022103125	-0.207435265625	0.13193509375	-0.16943359375	0.2652875625	-0.3164869375	-0.0767407265625	-0.0950186171875	-0.24879115625	-0.1614655	0.0585045976562	-0.2291229375	-0.236686765625	0.15087575	-0.10506409375	0.161468078125	0.25272446875	0.27466328125	2.25	0.12	0.00666	4.8E-4	0.292938472218
144	56	251	5.1789795	2.196048	2.580394	2.65713675	2.4179565	2.482745	2.5541865	2.552896	2.36931425	2.445092	2.479617	2.59896125	2.57370575	2.349102	2.439416	2.5994065	2.40831525	2.16539525	2.42574475	2.417659	2.34827375	2.571681	2.471967	2.059879625	2.279978	2.17636225	2.355492	2.24017625	2.33966475	2.11606625	2.23818725	2.18202	2.3119525	2.041012875	2.44718525	2.28232075	2.25354975	2.17079925	1.9414945	2.29415225	2.430044	2.20221425	2.3197405	2.004362375	2.1714385	2.03576525	2.49816825	2.18221625	2.24187875	2.2408605	2.28528675	2.1516855	2.2181975	2.07691825	2.2993765	2.21430825	2.1596915	2.036072875	2.2029645	2.03048675	2.08228	2.086654625	2.12122625	2.2269265	2.20597325	2.44857275	2.17690575	2.052916625	2.129997	2.25687375	2.035306375	2.03478175	2.31604225	2.09104225	2.381897	2.16676975	2.228068	2.1808995	2.289948	2.081361875	2.153041	2.23471025	2.13239875	2.27368625	1.99835825	2.009386625	2.043332375	2.218593	2.1535525	2.30500275	2.12311675	2.2558345	2.15621875	2.058237375	2.224275	2.16535125	2.0249495	2.11274975	2.17179775	2.1315535	2.10070425	2.0875485	2.3258165	2.35126925	2.30762225	2.16566175	2.29881525	2.02815175	2.20470575	2.2801575	2.19100325	2.24786175	2.00417375	2.19965625	2.054344875	2.1934845	2.05985675	2.15627925	2.227512	2.270478	1.863387875	2.06802225	2.25323675	1.915103625	1.9509075	2.2449215	2.20477925	2.22732525	2.242378	2.102654	2.1548345	2.083921625	2.15944025	2.430879	2.3154105	2.09350375	1.869867125	2.141361	2.08917275	2.14770075	2.12071525	2.029862875	2.009682125	1.9726335	2.038223375	1.96784375	2.31298125	2.1563915	2.11483675	2.2197965	2.384918	2.05505675	2.19172075	2.1078615	2.1962905	2.073984125	2.0446255	2.1710365	2.11987375	2.28901	2.195774	2.115252	2.283871	1.886444625	2.1389415	2.33329375	2.201276	1.9940715	1.966816125	2.13944825	1.98626625	2.23189375	2.1661985	2.4558065	2.290283	1.93012475	2.133448	2.13939025	2.1460215	2.05483575	2.21137375	2.10215775	2.1256105	1.86152	2.232077	2.33083425	2.1868995	2.2314125	2.38980875	2.15447875	2.29967475	2.14142675	2.15179575	2.221863	2.060097375	2.1803205	2.011254375	2.15477875	2.04877475	2.30766275	2.007569	2.378193	2.025745375	2.228304	1.9401185	2.2364165	2.1951465	2.17448875	2.013647375	2.2631945	2.09282925	2.2008695	2.134328	1.904028	2.077310875	2.2280765	2.17118425	2.11771425	2.1479225	2.1002775	1.95785875	2.33369	2.016433375	2.15174075	2.14256175	2.22025875	2.27589	2.28832725	2.232208	2.18968325	2.081718	2.043632625	2.47939825	2.09356675	2.40070725	2.18558175	2.1400445	1.93208275	2.063930125	2.08926125	2.13790025	2.18036675	2.054227125	2.065730125	2.20028025	2.23173625	2.14033875	2.054283375	2.30254175	2.17039575	2.11334	2.341	0.028	9.8E-5	1.6E-5	0.226771750831
145	50	251	3.686354	-0.3072950625	-0.195867234375	-0.134383828125	-0.3706084375	-0.29868459375	-0.170755015625	-0.28353215625	-0.19693309375	0.11369065625	-0.31440746875	0.108836039062	0.1970023125	-0.186385171875	-0.229751828125	-0.152846375	-0.30214271875	0.1800785	-0.2729705625	-0.3338425	-0.19350121875	-0.2760359375	-0.21790671875	-0.08529553125	0.102530554687	-0.3635410625	-0.146244125	-0.2565178125	0.225466484375	-0.095827875	-0.159031265625	0.27831665625	0.152780109375	0.1433416875	-0.158770203125	-0.3656655	-0.30888103125	-0.1592703125	-0.3101475	0.1462729375	-0.28968159375	-0.32164790625	-0.250553234375	0.13422096875	-0.3264181875	-0.32805584375	0.193206515625	-0.170108390625	0.216878265625	-0.3641869375	-0.253012828125	-0.39737009375	-0.254360984375	-0.31141865625	-0.2471384375	-0.21580640625	-0.178495546875	-0.18461575	-0.137117796875	-0.17817796875	-0.235036125	0.13229828125	-0.17781925	-0.24096378125	-0.40009396875	0.19149653125	-0.2896270625	0.10718596875	0.181650734375	-0.27881103125	-0.058773203125	0.2678288125	-0.0868274375	-0.2366739375	-0.215893671875	-0.15688821875	0.131410296875	-0.21018559375	-0.26808940625	0.155134640625	0.12731021875	-0.172651453125	-0.08466009375	-0.2873985	-0.208844234375	-0.265614125	-0.153938046875	-0.177926453125	-0.212294609375	0.229003953125	-0.160433796875	-0.28008325	-0.150752453125	0.2385855625	-0.32650228125	-0.1721715625	-0.10008353125	-0.19174009375	0.331085	-0.25234403125	-0.2723168125	-0.12711278125	-0.239394765625	-0.1528960625	0.114526460937	-0.108574	0.181669421875	-0.15422040625	-0.212936484375	0.114151773437	-0.41256871875	-0.276092875	-0.100029351562	-0.208074421875	0.13664084375	-0.102071171875	-0.27827734375	-0.20866203125	-0.2855703125	-0.3543191875	-0.13502346875	-0.18452615625	-0.1120754375	0.090936609375	-0.27884703125	-0.3407258125	-0.29510590625	-0.161464453125	-0.30485534375	0.1432925625	0.151897109375	-0.22240178125	-0.1993153125	0.04939565625	-0.11193003125	0.155760890625	-0.113633617187	0.2389153125	-0.26248809375	-0.261679390625	0.06510290625	0.1627011875	0.0945050703125	-0.25934715625	-0.192698234375	0.157846375	-0.142597140625	0.14222259375	-0.21498003125	-0.150574828125	0.312159375	-0.095384296875	-0.0799441640625	0.15387240625	-0.195384796875	0.102178875	0.2217244375	0.2394434375	-0.195225875	-0.39001884375	-0.250785375	-0.1173850625	0.123820234375	-0.102213859375	0.135350328125	-0.14493215625	0.179458828125	-0.24859178125	-0.0657714296875	-0.228876125	-0.196940796875	0.138215265625	0.225353890625	-0.28560153125	0.16613853125	0.0330610078125	-0.175970046875	-0.155963125	-0.20528659375	-0.152665921875	-0.3259329375	-0.222543765625	-0.242985640625	0.187867703125	-0.4220940625	-0.187422640625	-0.2739116875	0.135109515625	0.123258523437	0.167309953125	-0.144692109375	-0.32283915625	-0.24963359375	-0.24004246875	0.125984023437	0.2251815	-0.138813	-0.255746140625	0.125530015625	-0.26282428125	0.105793148437	0.100976851562	0.19233809375	0.1350469375	-0.140477703125	-0.3753626875	-0.180491546875	-0.2608078125	0.23460075	-0.23145434375	0.103648484375	-0.11747846875	-0.123022289062	-0.29689590625	-0.32608790625	-0.149015796875	0.116442265625	0.268686375	-0.10045875	-0.0766991015625	0.2824748125	0.114460234375	-0.3351710625	0.363034375	-0.28748978125	0.0932685703125	-0.101273804687	-0.158299046875	0.23228971875	0.182303625	-0.104185328125	0.197104484375	0.161033890625	0.173673203125	-0.185041890625	-0.139119203125	0.054286953125	-0.144574890625	-0.0858756328125	-0.240302078125	0.16607803125	-0.089922328125	0.111836539062	-0.27505165625	-0.09013725	-0.150949984375	-0.22640421875	-0.225485328125	0.13308334375	-0.154008078125	-0.110720117187	-0.094	0.042	3.0E-4	7.0E-4	0.305833052113
146	3	251	3.28781675	-0.36167221875	-0.24156428125	-0.543754125	-0.4563943125	-0.6570709375	-0.43598503125	-0.51328190625	-0.22332359375	-0.3663864375	-0.34049421875	-0.33922365625	-0.480904625	-0.2486510625	-0.37784234375	-0.4468531875	-0.51763234375	-0.27933653125	-0.6019990625	-0.3880675625	-0.43293165625	-0.244158421875	-0.355145875	-0.49968659375	-0.3430444375	-0.6104485625	-0.4191535	-0.4781961875	-0.4152011875	-0.28568453125	-0.36898209375	-0.331634375	-0.45795028125	-0.4654691875	-0.3148503125	-0.51655190625	-0.26624309375	-0.55633225	-0.43452965625	-0.5400405	-0.41037121875	-0.3941050625	-0.2950595625	-0.45398821875	-0.31132484375	-0.5634353125	-0.4352428125	-0.3344219375	-0.2785635625	-0.4491670625	-0.4258183125	-0.39976278125	-0.27169590625	-0.54376825	-0.4905561875	-0.4241151875	-0.33758209375	-0.35179596875	-0.38703875	-0.3820298125	-0.26132078125	-0.227118015625	-0.223538640625	-0.3949361875	-0.3191329375	-0.28097646875	-0.39501653125	-0.43206490625	0.210536921875	-0.43298703125	-0.3355476875	-0.35271003125	-0.19673778125	-0.30415609375	-0.35373903125	-0.276191625	-0.32623884375	-0.3221171875	-0.40867865625	-0.5045465	-0.199790421875	-0.45062515625	-0.3095346875	-0.37663684375	-0.411924875	-0.35804903125	-0.29044696875	-0.32581	-0.3296429375	-0.357207375	0.100036484375	0.0239296894531	-0.43973271875	0.08322209375	-0.33376675	0.0285521484375	-0.292604625	-0.232115140625	-0.3423393125	-0.4097201875	-0.43725540625	-0.28878796875	-0.4043	-0.3775475625	-0.45096703125	-0.35000875	-0.378204125	-0.39285809375	-0.50441375	-0.37642275	-0.3178286875	-0.5235408125	-0.41122940625	-0.32468803125	-0.17671171875	-0.3033064375	-0.36005025	-0.4422524375	-0.47162015625	-0.534654	-0.24482825	-0.1685223125	-0.374537125	-0.27244428125	-0.28794359375	-0.3801460625	-0.25213653125	-0.321304375	-0.30343021875	0.0990378203125	-0.6339989375	-0.202678390625	-0.37004128125	-0.2649695625	-0.108169875	-0.122794257812	-0.141946625	-0.2581840625	-0.4165013125	-0.3323550625	-0.2479646875	0.169097984375	-0.29936484375	0.17732715625	-0.22930771875	-0.22368840625	-0.377994875	-0.26407415625	-0.4135574375	-0.28502096875	-0.34756315625	-0.33057775	-0.251900046875	-0.34916375	-0.38004609375	-0.2907898125	-0.29749484375	-0.27222784375	-0.29989078125	-0.37380115625	-0.4061475	-0.354209625	-0.1965313125	-0.32048740625	-0.2998961875	-0.26729646875	-0.2436979375	-0.4597514375	-0.173402953125	-0.4198315	-0.29420975	-0.3567316875	-0.44802259375	-0.33014571875	-0.35803890625	-0.2991423125	-0.152618125	-0.227210328125	-0.44228590625	-0.194472015625	-0.41374590625	-0.30817625	-0.208876390625	-0.34952946875	-0.400396875	-0.383484875	-0.3398515625	0.084748453125	-0.4025965625	-0.16209940625	-0.24836971875	-0.45898190625	-0.3159810625	-0.2250485625	-0.3799324375	-0.220483296875	-0.146437421875	-0.42819975	-0.1636561875	-0.28703378125	-0.35094721875	-0.247673625	-0.3790609375	-0.44652534375	-0.2367681875	-0.3585916875	-0.308852	-0.38441946875	-0.206273265625	-0.270809125	-0.36781175	-0.262139671875	-0.5171161875	-0.33658390625	-0.45504771875	-0.286191625	-0.2930824375	-0.098088546875	0.13245846875	-0.31633084375	0.0498621328125	-0.326903875	-0.399406875	-0.2162784375	-0.35396915625	-0.289671	-0.531359	-0.38765596875	-0.42358996875	-0.37667646875	-0.30025009375	-0.32409275	-0.5283425625	-0.3095399375	-0.2788075625	-0.31141021875	-0.257628640625	-0.27792078125	-0.241546859375	-0.48577425	0.0735546328125	-0.258220546875	-0.5817764375	-0.38327028125	-0.30760596875	-0.210279625	-0.6131260625	-0.298983125	-0.288320875	-0.22882940625	0.122574320312	-0.327	0.032	8.0E-5	1.5E-4	0.268318664839
