Peak	Residue	N	T1	T2	T3	T4	T5	T6	T7	T8	T9	T10	T11	T12	T13	T14	T15	T16	T17	T18	T19	T20	T21	T22	T23	T24	T25	T26	T27	T28	T29	T30	T31	T32	T33	T34	T35	T36	T37	T38	T39	T40	T41	T42	T43	T44	T45	T46	T47	T48	T49	T50	T51	T52	T53	T54	T55	T56	T57	T58	T59	T60	T61	T62	T63	T64	T65	T66	T67	T68	T69	T70	T71	T72	T73	T74	T75	T76	T77	T78	T79	T80	T81	T82	T83	T84	T85	T86	T87	T88	T89	T90	T91	T92	T93	T94	T95	T96	T97	T98	T99	T100	T101	T102	T103	T104	T105	T106	T107	T108	T109	T110	T111	T112	T113	T114	T115	T116	T117	T118	T119	T120	T121	T122	T123	T124	T125	T126	T127	T128	T129	T130	T131	T132	T133	T134	T135	T136	T137	T138	T139	T140	T141	T142	T143	T144	T145	T146	T147	T148	T149	T150	T151	T152	T153	T154	T155	T156	T157	T158	T159	T160	T161	T162	T163	T164	T165	T166	T167	T168	T169	T170	T171	T172	T173	T174	T175	T176	T177	T178	T179	T180	T181	T182	T183	T184	T185	T186	T187	T188	T189	T190	T191	T192	T193	T194	T195	T196	T197	T198	T199	T200	T201	T202	T203	T204	T205	T206	T207	T208	T209	T210	T211	T212	T213	T214	T215	T216	T217	T218	T219	T220	T221	T222	T223	T224	T225	T226	T227	T228	T229	T230	T231	T232	T233	T234	T235	T236	T237	T238	T239	T240	T241	T242	T243	T244	T245	T246	T247	T248	T249	T250	T251	a	asigma	b	bsigma	rmsd
0	119	251	3.072097	0.26386278125	-0.166060109375	-0.114037898437	0.409653875	-0.1931680625	0.0557773789062	-0.2243024375	-0.249888140625	-0.186637875	-0.203174265625	-0.20228703125	-0.2805021875	-0.49953009375	-0.130629265625	-0.05530128125	-0.0707619296875	-0.082871609375	-0.136083171875	0.167629859375	-0.115337265625	-0.2710855	0.102873820312	-0.173472140625	-0.2373395625	0.138180484375	-0.103661984375	-0.12226565625	-0.103688453125	0.08857159375	0.0616117851562	-0.245782890625	-0.276423875	-0.259501390625	-0.123601945312	-0.140765203125	0.135990546875	0.0837024453125	0.064767765625	-0.136746453125	-0.32695553125	-0.142350515625	-0.0305848398437	-0.24866890625	-0.144377171875	-0.113024234375	0.11012878125	-0.0371665078125	0.0612145	-0.270591625	-0.21194015625	-0.13822171875	-0.1240095625	0.240614421875	-0.165408546875	-0.269782875	0.13666253125	-0.28230109375	-0.20889584375	0.101025960937	0.136213578125	-0.3047309375	0.12355275	0.107241984375	-0.1533164375	-0.117368304687	-0.260424046875	-0.0424853359375	-0.179642375	-0.151434640625	-0.0775347109375	-0.3133935625	0.186489359375	-0.127716835937	-0.1452790625	-0.0318640820312	-0.204078625	-0.216299703125	-0.0731305859375	-0.119182914062	-0.227108234375	-0.30739590625	0.169346765625	-0.2136233125	0.0334505546875	0.1551216875	0.042115859375	0.06074634375	-0.225919203125	-0.2456090625	0.16511625	-0.115817796875	-0.0623433164062	0.103625109375	-0.180388125	-0.159322703125	-0.228778578125	0.26986565625	-0.204288703125	-0.3449061875	-0.2277415	0.112868382812	-0.2080706875	-0.191628	-0.2911481875	0.091779	-0.21137303125	-0.228519125	0.17377546875	-0.205096171875	-0.102958078125	-0.39151071875	-0.105730484375	0.1772121875	0.12978625	-0.24252884375	0.14330990625	0.0999046953125	-0.0734017109375	0.106886742187	-0.190475046875	-0.2214064375	-0.207014390625	0.14870234375	0.1930751875	-0.193369484375	-0.05923096875	-0.28163725	-0.2790559375	-0.1497163125	0.182894921875	-0.259520171875	0.124534890625	-0.09993190625	-0.146691234375	-0.097901953125	-0.32062528125	-0.147627921875	-0.25065353125	-0.218689609375	-0.169251125	-0.132454484375	-0.0235475488281	-0.0891769375	-0.296124125	-0.20578446875	0.1571309375	-0.268336875	0.1314925	0.179074078125	-0.15221121875	-0.0861963671875	-0.122935632812	-0.22666175	0.20972465625	0.1675739375	-0.174198953125	0.169108421875	0.1500394375	-0.35744975	-0.2387506875	-0.245211484375	-0.19741371875	-0.129313070312	-0.083623359375	-0.201680921875	0.241083125	-0.120463273437	-0.31397453125	0.0790214921875	-0.4169761875	-0.0866845859375	-0.32431534375	-0.108076304687	-0.07678065625	0.102770265625	-0.201523890625	-0.105533804687	-0.209333890625	0.07280134375	-0.14855321875	0.148421546875	-0.34788171875	-0.129848289062	-0.168215796875	-0.14659746875	0.29797846875	0.094535828125	-0.593788625	-0.2903771875	-0.0839838046875	-0.201746390625	-0.2041640625	0.08321184375	-0.130897414062	-0.157690609375	-0.161790125	0.0436184648437	-0.103318585937	0.16924590625	-0.186354578125	-0.2880565	-0.1458414375	0.11417340625	-0.119959851562	-0.082909125	0.075755890625	-0.126576890625	-0.161488671875	-0.103717757812	-0.189650875	-0.135137046875	-0.2754916875	-0.258706109375	-0.22592846875	-0.144653125	0.078253234375	0.062993796875	-0.220542125	-0.147148640625	-0.29884628125	-0.2849538125	0.28260759375	0.1839049375	0.243726640625	-0.37077546875	0.110980804687	-0.2984166875	-0.117012101562	-0.098275765625	-0.128391640625	0.150663265625	-0.10492121875	-0.13619265625	-0.094875421875	-0.17963140625	-0.15375965625	0.0636051015625	0.199844703125	0.1855246875	-0.0752504609375	-0.2520775625	-0.24298525	-0.19755078125	-0.29350909375	-0.090637125	0.10046534375	-0.1920616875	-0.128801328125	0.129386648437	0.2014496875	3.07	0.17	0.2	0.2	0.192725702322
1	131	251	2.36691075	0.820056875	0.735845375	0.8649641875	0.9335661875	0.7745299375	0.8003979375	0.7057996875	0.713248625	0.679266875	0.7680058125	0.8284001875	0.7820055625	0.7779696875	0.680129125	1.0782755	0.784661625	0.7727035	0.8941075625	0.75665175	0.8313714375	0.51040571875	0.6866513125	0.849978375	0.7333621875	0.5623474375	0.9139873125	0.8942973125	0.8314151875	0.925541375	0.9681220625	0.8746909375	0.8505600625	0.76443125	0.761632	0.7216459375	0.7019818125	0.713770125	1.0035221875	0.628376375	0.8290231875	0.8507614375	0.664888	0.878075375	1.052880375	0.961083	0.581863875	0.6351285	0.5670445	0.694524	1.215158875	0.967567375	0.8511980625	0.8554816875	1.17416725	0.7586325	1.0190935625	0.835430375	1.233251875	0.8072141875	0.7611365	0.9433211875	0.8928055625	0.923791375	0.6328166875	0.7702035625	0.8996124375	1.06147025	0.8730505625	0.891311	0.6656658125	0.503964125	0.8923275	0.6389671875	0.824144	0.9880213125	1.059843125	0.96056375	1.013479625	0.983404	1.0032264375	0.7651000625	0.9235865	0.814412625	0.8284038125	0.73930125	0.696876125	0.70749175	0.816949625	0.92677	0.65107875	0.8905538125	1.04986075	0.9465756875	0.767551875	1.01217525	0.973556	0.92239525	0.9004076875	1.016786125	0.845717375	1.1263395	0.859875125	0.9246856875	0.897436625	1.058938125	0.8965585	0.6320811875	0.862382	0.8233919375	0.923949125	0.837834125	0.7527208125	0.7181004375	0.9122571875	0.6661608125	0.94278175	0.6015385	1.0141311875	0.7184315625	0.9153596875	0.8393846875	0.826549125	0.672870125	0.7907540625	0.7249905625	0.824150875	0.872060625	1.0411944375	1.077710375	0.6676948125	0.6046354375	1.299480375	0.7805599375	0.871027125	0.8547331875	1.013644875	0.6065306875	0.782932875	0.749239375	0.6211808125	1.07329725	0.8822434375	0.61796525	0.74497975	0.879872125	1.0473035	0.906509875	1.001452875	0.859030875	1.15449275	0.73226275	0.835505125	0.8006040625	1.0009130625	0.9207335625	1.0419785	0.9783745625	0.6396520625	0.6680139375	0.9099950625	0.8443291875	1.00248275	0.8765823125	0.70212475	0.999092625	0.5257790625	0.6222523125	0.8439836875	0.8387235	0.920179375	1.1487375	0.930857625	0.8411938125	1.0131395	0.795350625	0.718879	1.078177125	0.820713375	0.716006375	1.049552375	0.9364889375	0.792039625	0.625858875	0.800696125	0.865658875	1.0360330625	0.9873525	1.0170898125	0.7659505625	0.5701465625	0.6320028125	0.86193025	0.917770375	0.8583814375	1.0210989375	0.9070565	0.8798725625	0.8252615625	0.878979625	0.70099175	0.9852104375	0.8158545	0.96966225	0.921128375	0.7490746875	0.807205125	0.8843410625	0.948438625	0.6181130625	0.729517875	0.9508968125	0.5938380625	0.96973875	0.6115500625	0.7503410625	0.8139596875	0.707258	0.871664875	0.9951660625	0.7664851875	0.8682821875	1.144678	0.7802905	0.6273655625	0.8629658125	0.927002625	0.743083875	0.889242125	0.8945753125	0.51794234375	0.7297748125	0.8165825625	0.718683875	0.6423358125	0.9314403125	0.798214125	0.9353975	1.0294905	1.132142625	0.9704825	1.1151665	0.8239788125	0.9880949375	0.866505375	1.0338375625	0.925478375	0.5777573125	0.9155128125	0.9536375	0.8277069375	0.849	0.023	-6.0E-6	3.7E-5	0.174975457824
2	133	251	2.95661225	1.050568375	1.090480875	0.966214625	0.873696625	0.782775	0.7214433125	0.845393375	1.026454	1.0450545625	0.72736175	1.13758975	0.9181901875	1.0391869375	0.633335625	1.129948125	1.0803215	0.841112125	0.892876125	1.074065125	1.044095875	0.8810356875	0.74439975	1.063406375	0.989530875	0.9624838125	0.9439115	0.9312704375	1.013490875	0.9634274375	1.00330925	0.87707325	1.0022455	1.13541275	0.93282525	1.22008425	0.90147025	0.9682664375	1.13142775	1.0286395	1.0367073125	0.7743081875	0.9093719375	0.7457355625	1.00405325	0.8219580625	1.220272875	0.9692711875	1.0470735625	0.8518279375	0.930601625	0.9915824375	0.893305125	1.04923425	0.832081125	1.167596	0.857362625	0.9326485	0.677947875	1.186714	1.059019	0.9618825	0.88480975	0.960722625	1.069461625	0.9956220625	0.988553625	1.005233375	1.157994625	1.0158925625	0.982925	1.0174213125	1.001010875	0.8950900625	0.8685680625	1.09593475	0.82575875	0.7566648125	1.01691025	1.074427	0.716893	1.163772375	0.843274	1.151104875	0.8200114375	0.9247955	1.058249625	0.826169375	1.30265675	0.8592596875	1.190336625	1.10831775	1.113087375	0.75386625	0.954990625	0.8057301875	0.8452960625	0.714029625	0.95388275	0.8764151875	0.881899625	1.080965125	0.9697448125	1.213668	0.9608325	0.9290975	0.79225075	1.0081813125	0.4236445625	1.123204875	1.11876225	1.111122125	1.176898625	0.8302594375	0.908725	0.9968830625	0.9085510625	1.073413625	0.8073840625	1.162462375	0.8740326875	1.181569625	0.9835375	1.178826375	1.144794125	0.92184325	0.991257125	0.9273605	0.865055	0.9641626875	0.8392874375	0.9241356875	0.876153	1.1732785	1.0435863125	1.026603125	1.0380384375	0.839045125	0.9233609375	0.942005	0.9445880625	0.951430875	0.90691875	0.957556125	1.0132885	1.0374703125	0.870123375	0.9607193125	1.035785375	0.850298625	0.8879958125	0.904521625	0.8299479375	0.9573755	1.051159125	1.015194375	1.0106903125	0.701625375	1.076351	0.93428775	0.86992625	1.044257	0.79238975	1.36992	0.74079675	0.8904609375	1.125598625	0.9094620625	0.7380716875	0.94014825	1.13142825	1.06051775	1.1251845	0.9148925625	0.98149625	0.920208	0.9274895625	0.908147625	1.05560125	1.06079925	0.960207625	1.007559	1.066736125	0.8742003125	1.167884	1.01043575	0.9778918125	0.9712868125	0.85376225	0.9732685625	1.00809125	0.7374344375	1.068251375	1.09206075	0.907094	0.8599945	1.045413125	1.127348	0.7844270625	0.8429435625	0.8895636875	0.7545234375	0.929831625	0.99236475	0.943949125	1.140686125	1.283018375	1.054170125	0.856182	0.8549545	0.879064	0.8319471875	0.8606851875	0.99240425	1.169866125	1.0307813125	0.9435701875	0.8561041875	0.905914375	0.9340851875	1.006271875	1.118812125	0.7638354375	0.9808555	0.9818428125	0.971747125	1.2498565	0.7521749375	1.083998125	0.9018431875	1.049472625	0.8236334375	0.94253975	1.0051773125	0.8713518125	0.811627	1.1563225	1.03742575	0.88734575	0.9120730625	0.9390651875	1.03899575	1.050382	1.10216825	0.880857	1.0110420625	0.672585625	0.8111155	0.9576303125	1.085422625	0.9986798125	0.996	0.024	3.9E-5	3.1E-5	0.181320933972
3	59	251	3.038337	1.409908625	1.2621215	1.097850375	1.320744125	1.209272625	1.2032955	1.214669	1.439253	1.1827165	1.274980875	1.33074925	1.407359625	1.1415865	1.260994375	1.47043625	1.239978	1.5153655	1.414971	1.440888375	1.34718925	1.307067125	1.698809375	1.45951875	1.46461225	1.413667	1.405216	1.49170275	1.572540125	1.626993125	1.236026	1.399865625	1.522286875	1.448723625	1.318428875	1.3910455	1.33471275	1.428507	1.549469875	1.349040625	1.20242525	1.3558805	1.417745625	1.425598125	1.44114075	1.376834875	1.63117775	1.248296625	1.558728625	1.3333365	1.515286375	1.572523	1.344285875	1.684680875	1.536802125	1.415629875	1.177673375	1.327479	1.484736	1.388417	1.4654045	1.513588875	1.7010905	1.382971625	1.183469	1.56229825	1.73613975	1.406901375	1.577002125	1.666964375	1.279318875	1.4005405	1.58799825	1.614184375	1.5435555	1.49026775	1.473194375	1.300850875	1.683995625	1.474853125	1.427445625	1.473999375	1.453563375	1.415020375	1.64706225	1.42455575	1.439502125	1.308910625	1.34506875	1.733026	1.442333375	1.33019275	1.46424625	1.64516575	1.39616925	1.3804785	1.292353875	1.646548	1.509829125	1.405905625	1.4262335	1.468886625	1.68664325	1.282476	1.53198925	1.753205875	1.447512625	1.84948525	1.62741075	1.394869875	1.6587625	1.733205	1.629421125	1.697902	1.69950125	1.506176125	1.625185875	1.537035625	1.525148625	1.744484375	1.6523845	1.577043125	1.51089625	1.316726	1.313981625	1.7619925	1.344447	1.56103075	1.409747875	1.611933875	1.5563735	1.529917625	1.579622125	1.531855375	1.662132375	1.6939025	1.675604125	1.296391125	1.603733125	1.493343	1.453086	1.687585875	1.60726175	1.61192075	1.327543375	1.595358875	1.453728125	1.569358125	1.51408575	1.54432275	1.543287875	1.60260875	1.739244375	1.61667375	1.60023025	1.451054875	1.351142875	1.398056125	1.385335	1.51400525	1.7271005	1.47667325	1.734468625	1.609185875	1.53469325	1.75145525	1.513544875	1.538631875	1.722566875	1.589945375	1.435105375	1.264550375	1.579522	1.566884	1.71456325	1.464816125	1.659589125	1.69187375	1.205571625	1.378848375	1.45375375	1.232662	1.593013625	1.508635125	1.478071875	1.605092875	1.66219625	1.675393875	1.40677325	1.43656775	1.511131125	1.6249235	1.60630975	1.52682225	1.417726	1.75357275	1.3067865	1.536985875	1.549770125	1.390017875	1.853641125	1.554483875	1.460603375	1.610562	1.642421125	1.677863625	1.50540625	1.5399355	1.7425945	1.52217	1.618641125	1.6427655	1.85645925	1.5135865	1.3606075	1.710682375	1.534267875	1.509157875	1.510883125	1.679207875	1.405235875	1.51104975	1.5360885	1.631997125	1.596962125	1.8391525	1.48082125	1.67066825	1.60857175	1.3931715	1.454874625	1.690887375	1.61091875	1.613081875	1.529474	1.460323	1.518816	1.545761875	1.6647495	1.50277775	1.442699375	1.607880125	1.72887	1.656096625	1.6101735	1.668332	1.56842175	1.489083	1.3197025	1.458407625	1.38045975	1.426	0.021	-8.9E-5	1.8E-5	0.169941848279
4	132	251	2.80856925	1.517632375	1.487987375	1.577975875	1.476969625	1.408267125	1.340851375	1.37442775	1.476097375	1.61782725	1.478984625	1.5753265	1.27043925	1.328705375	1.51074075	1.260514875	1.542462	1.277175	1.432275625	1.499595125	1.57575775	1.46013925	1.2973975	1.430979875	1.4629565	1.645028375	1.6302715	1.368014375	1.383927375	1.404682375	1.478305875	1.745748125	1.4060435	1.458129	1.44075675	1.485750125	1.39009625	1.34532575	1.610142375	1.175878	1.516628375	1.453102875	1.49275575	1.2312925	1.41575275	1.39057175	1.424221125	1.69419175	1.370284125	1.752119125	1.424738875	1.25266775	1.722645625	1.39251125	1.61943975	1.236909	1.212040375	1.392456375	1.37256575	1.389928375	1.138437125	1.55397925	1.234869875	1.23268175	1.5023005	1.48156225	1.302165	1.387368375	1.441807625	1.33247825	1.250952875	1.415076875	1.588693625	1.400567625	1.400671125	1.428790125	1.442930375	1.610985125	1.572193125	1.419645625	1.614984	1.5295545	1.331193875	1.368782375	1.568677875	1.407677125	1.500948125	1.441498125	1.327613125	1.445243	1.348793625	1.67930775	1.720901375	1.42422875	1.188519	1.501013125	1.48384175	1.329330125	1.583177125	1.496595875	1.329519875	1.679812375	1.518062625	1.529737375	1.40248525	1.360060875	1.586760625	1.3444785	1.469384125	1.1792465	1.330933625	1.60103525	1.68014	1.346737125	1.273670875	1.48005025	1.43469675	1.408973375	1.4241295	1.498220375	1.514262625	1.401504	1.426685875	1.310816875	1.340641125	1.412578875	1.352971375	1.5049305	1.478366375	1.547112375	1.719098	1.380696	1.608732875	1.471649125	1.358118125	1.58118125	1.604856875	1.590704875	1.283237375	1.70743475	1.488832375	1.34829125	1.6250395	1.60045675	1.352403125	1.3418325	1.57156875	1.560794125	1.514861375	1.397457625	1.492790125	1.378937125	1.4789625	1.245781375	1.540706875	1.638562625	1.681110125	1.52581675	1.47744125	1.522411125	1.52313575	1.344935375	1.64308025	1.491806125	1.351768875	1.512544125	1.390210625	1.60576875	1.831840375	1.452990125	1.493436625	1.29500075	1.342053125	1.592300875	1.52370475	1.5092515	1.380759375	1.470293875	1.363067125	1.4091875	1.760079625	1.374992625	1.482359375	1.438138625	1.4212485	1.671194375	1.530832875	1.334203125	1.368880625	1.549723125	1.347849	1.439763375	1.345862875	1.32649875	1.470970375	1.5487195	1.23326925	1.504892	1.333067625	1.537327875	1.6616975	1.453242875	1.58167	1.400828875	1.476697375	1.500855375	1.50149325	1.43776625	1.541237625	1.30095125	1.524674125	1.452142	1.238619875	1.4428835	1.408345	1.428970875	1.581569625	1.34225025	1.480028625	1.43202425	1.5007075	1.621889875	1.2958155	1.811615625	1.507665125	1.62314575	1.38470425	1.544217125	1.50397225	1.641844875	1.393366625	1.224960375	1.428526875	1.337185125	1.517699125	1.508088125	1.49788275	1.65686475	1.456721625	1.739555	1.13665825	1.849303875	1.58761225	1.287912625	1.547115125	1.45021825	1.32984	1.4710835	1.35257125	1.500285	1.54182625	1.459	0.02	-7.0E-6	1.8E-5	0.155428432975
5	2	251	4.067851	1.43617625	1.162277625	1.262316375	1.20564	1.46827175	1.15801575	1.404789625	1.18684325	0.9807489375	1.201228	1.4183275	0.907818125	1.287724	1.181074125	1.157686	1.348022875	1.276260375	1.154552	1.247947125	1.30559	1.266185875	1.31846825	1.494393	1.161026875	1.39071725	1.224569	1.02380475	1.515829	1.356283	1.359403375	0.91399825	1.191987125	1.103155875	1.34362625	1.3992845	1.05911175	1.5884535	1.167562875	1.203306875	1.36294375	1.140991375	1.2079595	1.26027175	1.305756	1.360537875	1.21626425	1.181864625	1.18535625	1.405154375	1.0290925625	1.24913475	1.60632625	1.109105	1.41306425	1.36957	1.42739925	1.4757845	1.02715225	1.338169875	0.8517055	1.281786875	1.621368375	0.9426830625	1.532381	1.25982625	1.27902375	1.076931625	1.238694	0.99025325	1.38157075	1.28379725	0.9177770625	1.50005275	1.4840845	1.06968025	1.20242725	1.56248875	1.1811805	1.2145675	1.702064875	1.1961265	1.30959075	1.463307875	1.4728715	1.41831775	1.274742875	1.1547475	1.302184375	1.196752375	1.216503625	1.40696525	1.2489115	1.650567125	1.175592	1.2591595	1.52487375	1.16211925	1.229846	1.151770125	1.48000125	1.078754375	1.657503875	1.17544725	1.1480815	1.20837675	1.4372665	1.398883625	1.366377	1.32016275	1.29765075	1.376601875	1.138063375	1.213844125	0.9788335	1.029832	1.30758225	1.233634375	1.165038875	1.202453125	1.587970875	1.461123125	1.12998325	1.333229625	0.9210351875	1.169729125	1.24853825	1.626808	1.3261635	1.372237875	1.4271445	1.322158625	1.0610705	1.131937875	1.218052875	1.20006525	1.044056625	1.197090625	1.0440308125	1.449118625	1.2857185	1.568538	1.541310875	1.0472235	1.108296625	1.30167175	1.54843075	1.548954125	1.2869295	1.2803345	1.225340125	1.216395125	1.48462875	1.404870375	1.2271315	0.99305175	1.088583625	0.8804775	1.07170625	1.120932	1.246265875	1.282426375	1.113987	1.2342595	1.158469375	1.274196	1.026096125	1.51599025	1.364207375	1.09893425	1.585587125	1.508406875	1.236859	1.365518875	1.114975	1.310363375	1.20120375	1.1228095	1.3310545	1.397403625	1.27049475	1.33426525	1.213518375	1.033757375	1.11917325	1.546008875	1.23897475	1.0653545	1.260781625	1.2231445	1.31009925	1.363363125	1.36407825	1.40790975	1.373291	1.24644225	1.41458875	1.06119075	1.35820575	1.12808225	1.068798875	1.1421765	1.37461425	1.306893125	1.080922125	1.262233625	0.91155925	1.351939125	1.023059125	1.17937825	1.536588125	1.21480525	1.149887375	1.539832625	1.44218	1.104250125	1.20354325	1.4463955	1.391049625	0.9172966875	1.439365	1.3057095	1.3990365	1.29488625	1.572202	1.2426935	1.38492425	1.132905875	1.27475575	1.325291875	1.31028275	0.953957375	1.298341625	1.199802125	1.213415625	0.8462115	1.534601	1.315002	1.234257125	1.1260955	1.184656625	0.7677853125	1.253089625	1.328414625	1.48253	1.302235	1.0564575	1.016606875	1.2476935	1.27347325	1.269069625	1.323	0.035	6.0E-5	3.4E-5	0.244618782193
6	36	251	3.766179	2.52572725	2.18515275	2.32451875	2.16192425	2.29717225	2.518871	2.2921605	2.56223575	2.2755695	2.42485725	2.26075025	2.196461	2.1613805	2.3899845	2.45105125	2.39832875	2.538695	2.09832525	2.620844	2.087232125	2.23796475	2.3682115	2.36215825	2.17372825	2.16278325	2.3350135	2.64123625	2.350379	2.3061725	2.3880225	2.51386375	2.37039525	2.37141075	2.2412235	2.32556875	2.39568	1.9589865	2.25010925	2.33639825	2.60120975	2.40016675	2.3743125	2.30838125	2.29196575	2.41607525	1.993340625	2.21956075	2.55357675	2.4582765	2.345049	2.35531375	2.355697	2.3146285	2.560304	2.5196745	2.2514375	2.4840225	2.17836	2.4621705	2.27989175	2.33695575	2.2411225	2.43716025	2.1824645	2.37807925	2.26794375	2.08642825	2.31121575	2.438536	2.49487575	2.250473	2.204848	2.30818575	2.0487245	2.33269	2.444139	2.2912865	2.35016025	2.09604925	2.4677055	2.521602	2.28619925	2.33014525	2.47648925	2.28976325	2.4115455	2.11200825	2.23640125	2.4254165	2.36807425	2.3741095	2.49574475	2.41725475	2.45065125	2.43471075	2.29260925	2.34361075	2.353557	2.2011165	2.38104325	2.067122	2.470869	2.37075775	2.22824075	1.999876	2.22337225	2.5189905	2.51763425	2.24946825	2.4313605	2.350141	2.27450075	2.27700925	2.20628175	2.60954325	2.36938525	2.1611985	2.51855325	2.15715475	2.157956	2.5784735	2.5374985	2.39218375	2.19909025	2.25407925	2.275688	2.3762455	2.39669925	2.287902	2.47889	2.42814375	2.323912	2.271221	2.2205465	2.56746525	2.4177065	2.294017	2.3521665	2.34748525	2.3657965	2.13298825	2.16282425	2.62505575	2.2476535	2.416957	2.418479	2.2841225	2.27183775	2.3583565	2.067245875	2.445406	2.5719915	2.36603925	2.09231825	2.4460765	1.988757625	2.00961975	2.55238875	2.204405	2.32832225	2.25147875	2.610505	2.205878	2.094308625	2.39133175	2.6623555	2.376189	2.32994225	2.12037925	2.34441375	2.2312175	2.279994	2.35807875	2.28404175	2.36715675	2.3172245	2.228755	2.27548825	2.33113325	2.45281325	2.37231825	2.50101075	2.46205	2.344507	2.4109805	2.28904375	2.152911	2.245772	2.50742275	2.38879275	2.45858225	2.53601875	2.56322925	1.9553665	2.172853	2.37185875	2.43608275	2.23766775	2.1969415	2.32531175	2.29950025	2.082649375	2.46394175	2.33950025	2.110919	2.33258325	2.45017125	2.39097225	2.39814525	2.12884525	2.288006	2.19948425	2.31978475	2.24144325	2.23906525	2.422856	2.14147725	2.247557	2.3850265	2.31566125	2.3513655	2.3084835	2.48158775	2.349764	2.33142075	2.4237335	2.26098775	2.40848075	2.1358775	2.32286525	2.27043325	2.34852875	2.36500625	2.31520825	2.291885	2.3213815	2.2205115	2.40783925	2.36511575	2.30433925	2.271353	2.43987575	2.090940625	2.46240925	2.21568025	2.314549	2.3990075	2.51501825	2.34315625	2.20859775	2.365	0.021	2.0E-5	1.3E-5	0.163083547585
7	122	251	4.629539	1.850700875	1.875767125	1.810863	1.516716375	1.647036	1.542885	1.35831725	1.27840675	1.289257125	0.932447125	0.9298154375	1.067726875	1.088269875	1.0439145625	0.9834793125	0.7955421875	0.843536375	0.8365936875	0.770837875	0.7827329375	0.8150315	0.742205875	0.679882875	0.4113988125	-0.121502546875	0.57084	0.3564259375	0.2917408125	0.590187	-0.127701796875	0.4261526875	0.3105168125	0.135846703125	0.088953328125	0.4017598125	0.37716075	0.3313845625	0.3029798125	0.2063139375	0.226851140625	0.20187665625	0.18929925	0.26180896875	0.184393390625	0.4039035625	0.40234946875	0.22118615625	0.195409125	-0.1093278125	0.223430078125	0.30289890625	0.28868421875	-0.0788029765625	0.39463096875	0.23741575	0.40455465625	0.2780460625	0.216403671875	-0.14261590625	0.290558	0.39714953125	-0.03508071875	-0.090323140625	0.23862628125	0.1823756875	0.189704453125	-0.089125765625	0.197097640625	0.12132909375	0.144237359375	0.208180109375	0.37004765625	0.25443746875	-0.2904951875	0.200058203125	-0.151601296875	0.27134034375	-0.0904587421875	0.230586046875	-0.129955148437	0.3838663125	-0.3204538125	0.105269335937	-0.16761615625	-0.07137684375	-0.10746921875	-0.129656859375	0.20284475	0.239523921875	0.04792675	-0.30571828125	-0.117730445312	0.294847625	-0.14952675	-0.181954265625	0.15891625	-0.1705595	0.123238507812	0.1064348125	0.27153709375	0.221660421875	-0.105295210937	0.15123965625	0.18038615625	0.0371431367187	0.074266328125	0.26334575	0.237824734375	0.0907429453125	0.124432640625	-0.34098	-0.0835493984375	-0.1789955	0.3021324375	-0.152388328125	-0.187231078125	-0.153090140625	0.257816109375	-0.152941296875	0.21423015625	-0.140395875	0.0705206484375	-0.096810578125	-0.246189109375	-0.176303640625	-0.1372566875	0.34060803125	-0.139031296875	0.219181046875	-0.113733734375	0.2481314375	-0.3164895	0.2382256875	-0.09814440625	0.17891140625	-0.173942859375	-0.19587953125	-0.1354325	-0.077427140625	-0.0494364609375	0.124763875	-0.238115375	-0.068738109375	-0.19432153125	0.32204640625	-0.074738140625	0.30268484375	0.16793621875	-0.12566690625	0.0961581171875	-0.0820021328125	0.19233075	0.23921571875	-0.131020804687	0.250872328125	0.053652671875	0.09071009375	-0.360557	-0.27966615625	0.29847575	-0.07456771875	-0.0557648515625	0.3341263125	0.20675065625	0.0837786875	-0.1633659375	0.198820140625	0.116874554687	-0.14143934375	-0.246103703125	0.1932890625	0.31815990625	0.18272471875	-0.148252484375	0.217694625	-0.128982335937	0.278492625	0.23388128125	0.1952948125	-0.37992896875	-0.115110109375	0.2739775625	0.0951396171875	-0.248718578125	-0.213422375	0.223354125	0.397854125	-0.299744625	0.31963240625	0.0857628515625	0.194246859375	-0.155836625	0.19600825	0.13437375	-0.224969625	0.21225075	-0.124211242187	0.245435265625	-0.11113328125	-0.208350234375	0.248395953125	0.1694918125	0.169919109375	0.197616234375	0.2238345	0.2442335625	0.2667025	0.25366175	0.2930036875	0.151729078125	0.2047365	0.0810596171875	0.169719625	-0.31940946875	0.167934515625	0.2104993125	-0.170218890625	0.16344628125	-0.34729459375	0.23687784375	-0.142128640625	-0.13379021875	-0.160142640625	-0.199733359375	0.27465121875	-0.115349921875	-0.175258046875	0.193131625	-0.3661436875	0.2475615	0.233296390625	0.21830771875	0.23612821875	0.23541890625	0.197809953125	0.24682146875	-0.1155419375	0.112033203125	0.270496	0.18618046875	-0.19648328125	0.158808125	0.107732195312	0.3654200625	-0.102401984375	0.130818703125	0.072483890625	0.111890171875	-0.1527845	-0.16227003125	3.13	0.14	0.0154	9.0E-4	0.232413797476
8	129	251	7.1958395	4.02865275	3.9445785	4.00204625	3.92550225	3.90322275	3.73594325	3.91979675	4.05255925	4.027455	4.0161515	4.00941225	3.9768385	4.03513675	3.964522	3.9301065	4.04460425	3.7731185	4.0418125	3.765377	4.229791	4.102232	4.0461475	4.13384275	3.89411025	3.9020695	3.87530025	4.0858685	4.0479505	3.74607175	3.97668575	3.82979125	3.840161	3.978036	3.96930175	3.92667275	4.00079375	3.9679235	3.7931745	3.8935375	4.1095555	3.661671	4.1171945	3.78845625	3.82575275	4.066106	3.94034325	3.95815075	3.8409595	3.91205325	3.827021	3.9387895	4.07681525	3.93211	3.93302625	4.15548875	4.081875	4.036408	3.89033625	4.13567	4.17350875	3.87888225	4.191256	4.0939375	4.192964	3.953891	3.71190325	3.947243	4.0020565	3.800563	3.9531725	4.258041	3.92099	3.907099	3.87968225	4.01937975	3.9769365	4.0154285	3.98932575	4.14421975	4.02034375	4.219668	3.96737075	3.8935945	3.95579675	3.81034	4.365492	3.98962075	4.006058	4.0929705	3.711963	3.8914755	4.135239	3.750765	4.053016	3.96251325	4.1206825	4.08461025	3.9437145	4.1960325	3.96039075	3.9082475	3.8266595	3.910196	3.903184	3.92356575	3.82876	3.9515815	4.0186255	3.8744645	4.10637225	4.17833975	3.80535425	3.834519	4.12558525	3.96332775	3.94085325	4.037775	3.9106175	4.09329825	4.04388725	4.2578465	3.9908915	3.788138	4.223671	3.8021575	4.2576195	4.14469125	3.82785675	4.12824325	3.973013	3.95631325	4.0126025	4.2506855	4.16658375	4.03205775	3.93606	3.95828025	3.800809	3.97464225	3.8944345	4.12714575	4.2168585	4.05173025	3.99740125	3.9517645	4.059461	3.84269875	4.0733195	4.04258725	4.10586425	3.927371	3.73927225	4.05847925	3.972006	4.00090375	4.03370325	4.0371515	3.90390125	3.967305	4.127246	3.907801	3.80940975	3.969777	3.8871105	4.1030725	3.9936535	3.8584545	4.102034	4.0166965	4.1268785	4.1033135	3.90107275	3.91497025	3.7829455	3.872103	3.861732	3.832354	4.2212285	3.840322	3.81474425	4.13741025	4.06458925	4.06605325	4.124076	3.95308875	4.1194095	4.003801	4.059994	3.906742	3.88733775	4.05139525	4.3741245	4.02888875	3.93022725	3.99983775	4.037792	3.7614735	3.75447775	4.1480885	3.90179825	4.27118	3.9280575	3.868879	3.874363	4.130654	3.9179615	3.99452975	3.8060515	4.1631265	3.98638575	4.04391	4.1325305	4.02197475	4.17570225	4.18111275	3.89392125	3.82242025	3.90853975	3.98580075	3.65969625	3.85369225	4.13232475	4.270799	4.109113	4.2212825	3.88454025	4.00970975	4.03186725	4.247235	4.09964925	3.86898575	4.12929675	4.004073	4.077566	4.03253175	3.91453475	3.90661725	3.86401025	3.92863	3.86639525	4.15188325	4.18235175	4.108538	3.9612525	3.84836825	3.87388275	4.02970375	3.883936	4.08627425	4.2783535	4.015	0.027	5.0E-6	9.0E-6	0.241866654884
9	21	251	3.93534775	0.8475175625	0.50334865625	0.50104675	0.19311309375	0.5327220625	0.22384071875	-0.211367	0.2622256875	-0.106181640625	-0.135041609375	0.2985186875	0.121637585937	0.23397496875	0.0957591484375	0.121642125	0.189855078125	0.03342728125	-0.1708158125	-0.111614515625	-0.18517190625	0.169801453125	-0.37923690625	-0.2290234375	-0.0453520234375	-0.103754101562	-0.19033803125	-0.265415375	-0.115856492187	0.1923698125	-0.34150728125	-0.30466153125	-0.27898121875	0.118865945312	-0.27940903125	-0.23976625	-0.252238046875	-0.26753371875	0.0910161328125	0.150817015625	-0.240604609375	-0.237068140625	-0.30746409375	0.0812227890625	-0.27361065625	0.17596390625	-0.388461125	-0.302921125	0.15286853125	0.101729617187	0.0822400078125	0.3266523125	-0.248697359375	-0.130869546875	-0.5224554375	-0.112373148437	-0.17307003125	-0.227158390625	-0.28712634375	-0.15068053125	-0.17306328125	0.15307434375	-0.10220653125	-0.31605259375	0.0681702109375	-0.231484046875	-0.23590109375	-0.123897992187	-0.14329634375	-0.19704746875	-0.32190190625	-0.1122428125	0.101904492187	-0.37593178125	-0.17917934375	-0.29130790625	0.12062940625	0.12050940625	0.08921734375	0.178023140625	-0.108494820312	0.21147325	0.21903378125	0.22615596875	-0.29228496875	-0.32932025	0.297033	0.2132561875	0.190149625	0.066960234375	-0.278056	-0.111552617187	-0.213176421875	-0.198750390625	-0.1133918125	-0.110214984375	0.252477671875	0.345286625	-0.26560225	0.217580546875	-0.155233796875	-0.0632222851562	-0.35700128125	0.30397828125	-0.2614326875	0.217887203125	-0.16317021875	0.0615582421875	-0.198454859375	-0.34238328125	-0.26806653125	0.135028625	-0.12659528125	-0.25626509375	-0.156461625	-0.229600984375	-0.17888990625	-0.26413403125	-0.2718480625	-0.107693945312	0.214598625	-0.10062546875	-0.169678328125	0.164007765625	0.1063320625	-0.163638875	0.3186153125	-0.207417890625	-0.1974275625	-0.203670171875	-0.234627609375	-0.11344615625	-0.205549	-0.20681046875	-0.36454465625	-0.260850078125	-0.200697625	-0.2753320625	-0.20390471875	0.0443805	-0.181852953125	-0.1604556875	-0.3473595	0.2309860625	0.113429710937	-0.163683265625	-0.158732984375	-0.217821140625	-0.14177246875	-0.1531215625	-0.110798539062	0.115904890625	-0.200086109375	-0.20041375	-0.124024640625	0.084071453125	-0.140965625	-0.244867859375	-0.28186978125	-0.16106671875	0.0643543828125	-0.22689325	0.111616265625	0.092313609375	0.101837570312	-0.1868581875	-0.23827425	-0.226317484375	-0.199086421875	-0.267587375	-0.1881206875	-0.185841609375	-0.37723928125	-0.23119134375	-0.21264840625	-0.4167495625	-0.237492640625	-0.306736	-0.200729421875	-0.190068328125	-0.1660540625	-0.0477169414062	-0.194044171875	-0.1287916875	0.140605859375	-0.1761590625	0.23266715625	-0.180370421875	-0.1235103125	-0.36227175	-0.17617665625	-0.38083709375	0.0954683046875	-0.1968481875	-0.3064581875	-0.12999725	-0.34823075	-0.113723554687	-0.0690592109375	-0.204742375	-0.259123765625	-0.22284728125	-0.3767028125	-0.18820284375	-0.0982820234375	-0.26229903125	-0.1445958125	0.04186328125	-0.26620040625	-0.2056395	-0.21003946875	-0.1552504375	0.2145163125	-0.09048596875	-0.119283992187	-0.15980315625	-0.2694010625	-0.303145375	-0.2253435625	0.068135671875	-0.1916151875	0.1052195625	-0.0947573203125	-0.25445378125	-0.122295796875	-0.4897223125	-0.239382453125	-0.144659390625	-0.14153453125	-0.387882	-0.198972484375	-0.1537625	-0.47670159375	-0.1088790625	-0.159961984375	-0.146984953125	-0.2251019375	0.172514171875	-0.150713046875	-0.28731125	-0.31158084375	-0.125684671875	0.1524215625	0.249241265625	-0.26986721875	-0.130126398437	0.13020625	0.161343703125	-0.26657684375	-0.237591375	0.0880732265625	3.91	0.22	0.093	0.01	0.216606530091
10	103	251	4.792064	2.095624625	1.714145375	1.96066675	1.892572375	2.01896025	1.67187175	1.824923875	1.782459875	1.849503375	1.69464025	1.69032	1.829143625	2.048391875	1.85191875	2.0334835	1.8529575	1.828763375	1.667821375	1.62531975	2.20385975	1.92731175	1.556313625	1.99025675	1.974410125	1.953021625	1.766645625	1.903674125	1.8321695	1.756878125	2.131382	1.88833225	1.99705525	2.01620825	1.96366375	1.997784375	2.18006925	1.86220025	1.800232	1.741504125	1.962573125	1.89750525	1.646790375	1.789786625	1.828722	1.964596875	1.88676925	1.825945375	2.079566125	1.568219625	1.8796945	1.82009775	1.832040375	1.800593375	1.810802125	1.65081425	1.77635175	1.988098	1.8254115	1.694386625	1.876721625	1.64914975	1.665607375	1.83339325	1.95020025	1.82356875	1.9947295	2.1047865	1.94795775	1.5696865	1.68849075	2.021898125	1.9905565	1.795273625	2.09769175	1.63861475	1.702209	2.0414035	1.78503475	2.24931575	1.9972885	1.650713875	1.834597125	1.898700375	1.8414335	2.2554925	1.885071875	1.804932625	2.0256835	1.923759	1.798176625	1.68421575	1.6431165	1.878865875	1.86375725	1.741851125	1.5675195	1.976706	1.9670075	1.555872125	2.16642475	2.14706775	1.703568875	2.0181095	1.7803845	2.036947	1.97418325	1.742032625	1.920614125	1.99533375	1.69553275	1.755513	1.856419375	1.945290875	1.9082655	2.002157125	2.017756125	1.73889275	2.020483125	1.812952875	1.7494325	1.79646975	1.952035	1.951737875	1.88533175	2.186363	1.989588375	1.823075125	1.97407625	2.096538125	1.869283125	1.879217	1.808474625	1.600521875	1.57559175	2.12233125	1.960838	1.952989625	2.03740025	1.74543325	1.696274375	1.966778875	1.90243575	1.7850615	1.87345525	1.709020375	1.99054575	1.791061125	1.85500925	1.85393	1.963232	1.710293875	1.67218125	1.846463875	1.764027	1.804530875	2.1343385	1.877250125	1.883415875	1.873040625	1.88628575	1.699375875	2.036444125	2.2252305	1.71625375	1.915651375	2.18416225	1.97245	1.639929	2.07601975	1.659098125	2.06737675	1.88388975	1.90506225	1.727338375	1.7144855	1.899203625	1.88910925	2.076614875	1.880183875	1.664352125	1.832940875	1.70972225	1.945948	1.810787875	1.845756625	1.669821375	1.7688985	1.6622755	1.781181	1.50917775	1.849253625	1.76567425	2.00497675	1.72603575	1.903421625	1.95923025	1.59567275	1.9310155	1.984586875	1.509296625	1.953822375	1.53519075	1.84967525	1.797603625	1.941393125	1.85366625	2.042551375	1.523231	1.94355825	1.67617725	1.817183625	2.09670925	1.9989185	2.04150025	2.0566375	1.6057495	1.94542475	1.989060875	2.089821875	1.962708875	1.749362875	1.794986	2.01189475	1.90201325	1.961670125	1.871585	1.909502625	1.8924705	1.802626875	1.794765625	1.93433575	1.862538625	1.8090185	1.90022375	2.16991475	2.02879425	2.023700625	2.025178875	1.7062335	1.8890105	1.9399295	2.024141875	2.187408	2.010799375	1.95410775	1.682656125	2.030347375	1.870850375	1.624326125	1.652382625	1.912	0.031	2.5E-5	2.5E-5	0.239849427916
11	98	251	4.485272	0.46848103125	0.35172809375	0.48383434375	0.5673816875	0.7604538125	-0.178139921875	0.34911796875	0.6106219375	-0.21643615625	-0.18770025	-0.21148328125	-0.257282796875	-0.209108984375	-0.144788578125	0.29637665625	0.53127375	0.6929081875	0.4096640625	0.4548485625	0.3601366875	-0.187930765625	-0.2952258125	-0.204770671875	-0.204637375	0.486113375	-0.186697421875	0.26538953125	0.6436531875	-0.26179403125	0.78269975	0.5204285625	0.42270671875	0.465637125	0.445933625	0.4895460625	-0.251959609375	0.47413059375	0.29056990625	0.35862790625	0.44846996875	-0.20674290625	0.2531216875	0.4128129375	0.6936115	0.659781375	0.3382628125	0.436721875	0.44323634375	0.38691915625	0.40412034375	0.41463815625	0.49083271875	0.50770621875	0.45482440625	0.40938959375	0.26907209375	0.5246985625	0.43548915625	0.4722990625	-0.2012205625	0.533766875	0.315160125	0.262034875	0.570166	0.4208859375	0.7329434375	0.4526920625	0.404001875	0.4992051875	0.4401786875	0.45827428125	0.43298053125	0.467061375	0.5000245625	-0.270155875	0.355523125	0.5272221875	-0.4063944375	-0.30119765625	0.4208046875	0.44838890625	0.419293125	0.6404079375	0.605125125	-0.1878854375	0.355852875	0.46919515625	0.3935905	0.400647125	-0.172394796875	0.551165625	-0.156207578125	0.3698585625	0.4064475	-0.10687415625	0.41592775	0.35729615625	0.44959240625	0.568477625	0.224035203125	0.3184278125	0.2865103125	-0.2500334375	0.329593	-0.24811471875	0.5399091875	0.6354143125	-0.091328921875	-0.3138038125	0.47610378125	0.44511284375	-0.28299659375	0.346781875	-0.40254578125	0.32060496875	0.4340430625	0.51114153125	0.47053015625	0.57124675	0.49093515625	-0.19720353125	0.575830125	0.2860405	0.28053509375	0.6182480625	0.47362740625	-0.173350296875	0.48960159375	0.731667375	0.35567103125	0.6624255625	0.47132859375	0.41877915625	0.27593259375	0.618484375	0.424211625	0.5270115	0.50816	0.6652081875	-0.2884919375	0.45684046875	0.50728515625	-0.144004328125	0.3514458125	0.4495595	0.34463075	0.375168375	-0.3041486875	0.4313775625	0.6354416875	0.674365625	0.7337990625	0.633935125	0.27830525	0.6546415625	0.411437875	-0.24389453125	-0.28249853125	0.5783493125	-0.09512665625	0.58817025	0.6043546875	0.44607025	0.45007884375	-0.377210125	0.4451521875	0.40349384375	-0.106619328125	0.6374101875	0.6043908125	0.6176565	0.277632625	0.2799276875	0.7190553125	0.4545326875	0.5176395625	-0.158753078125	0.5247101875	0.42877515625	0.44410990625	0.3877385625	0.33113978125	0.453593875	-0.29740409375	0.5385570625	0.604982375	0.3283774375	0.4815081875	0.52075771875	-0.17866925	-0.1676726875	-0.103328515625	-0.1159251875	-0.249473140625	0.5638625	-0.3126106875	0.569421875	0.6124868125	0.42274215625	-0.199676828125	0.48661746875	-0.10579865625	0.342773	0.62809775	-0.190193484375	0.4877425	-0.255251390625	0.37783796875	0.40319971875	0.43317103125	0.4775909375	0.36049275	0.2768955	0.5779428125	0.644772375	0.4931845	0.5589491875	0.4871065	0.48564496875	0.5358701875	0.36819571875	0.51472990625	-0.2123766875	-0.37913125	0.43989965625	0.510739	-0.199565125	0.30919875	-0.20156065625	0.38808353125	0.6270495625	0.4157515625	0.496047625	0.618239875	0.60605575	-0.21565096875	0.33870584375	-0.198522765625	0.4335935	0.431070875	-0.245739390625	-0.234400671875	0.3316665	0.4535778125	0.452378625	-0.29411678125	0.37655434375	0.516853375	0.44173515625	-0.12902528125	0.38	0.05	2.7E-4	2.4E-4	0.409179791196
12	203	251	3.27778725	1.67260975	1.575764125	1.643476875	1.448222125	1.729927875	1.4264935	1.266045875	1.72105675	1.642283	1.469205375	1.44591975	1.469747375	1.643845625	1.453801125	1.617676	1.670918375	1.492777125	1.456755	1.629819375	1.388261	1.823670875	1.617533	1.462768	1.286003	1.31447	1.452270875	1.5138035	1.38712375	1.47326325	1.45059925	1.68458625	1.675905625	1.3730525	1.53018025	1.498446125	1.54182575	1.385859	1.381938875	1.71316275	1.65908025	1.59716725	1.54773275	1.630921	1.434998125	1.331662	1.4963145	1.6665655	1.765904375	1.724110125	1.39056825	1.500175125	1.426768125	1.534375625	1.394972125	1.5618755	1.2503205	1.515271375	1.241384875	1.626995	1.528258125	1.606602	1.579847875	1.64747925	1.607858	1.644664625	1.53604025	1.47105375	1.60273075	1.477892375	1.66839075	1.499079375	1.70839075	1.18994225	1.686149875	1.4965435	1.73281025	1.63820125	1.691046625	1.69494825	1.594866625	1.67981125	1.401502875	1.583619625	1.753407	1.64958675	1.392059125	1.6366605	1.62211725	1.785323625	1.476728625	1.669690875	1.48911975	1.480462625	1.563073375	1.292091875	1.63090775	1.687016	1.66960175	1.414962	1.534278625	1.6143195	1.376112125	1.73822875	1.69033675	1.39407775	1.462075375	1.459698625	1.34235775	1.854378	1.633005625	1.538850625	1.368519	1.551246875	1.656466875	1.47212775	1.492399	1.425753875	1.665679125	1.55213325	1.348076	1.4335985	1.425017125	1.772520125	1.53929475	1.58046625	1.35605275	1.3411535	1.562417625	1.49285825	1.749248125	1.5302175	1.749859625	1.6233765	1.622868625	1.565986875	1.54833025	1.446729875	1.5348565	1.450443	1.669452	1.462113125	1.53333025	1.342811875	1.45214325	1.141086875	1.442080125	1.700666	1.816649	1.2015615	1.398467125	1.448844625	1.56401275	1.326495875	1.519679	1.640144125	1.47949475	1.618436625	1.54841025	1.5024305	1.421970125	1.38407875	1.67171525	1.427808875	1.808627125	1.75978775	1.2455745	1.443538375	1.401278375	1.541548125	1.59031375	1.623705	1.447789125	1.436604125	1.704116	1.498726125	1.629235375	1.4842425	1.35125775	1.56863225	1.432829375	1.469745625	1.63730725	1.38804725	1.630243875	1.471384	1.5538765	1.8583595	1.379683	1.47951875	1.78150525	1.506667625	1.377822875	1.679556125	1.459732875	1.57142125	1.52063825	1.67700525	1.667242	1.539100125	1.2701575	1.487239875	1.345703375	1.531397875	1.399963	1.544994625	1.735387125	1.706455375	1.677907	1.7438685	1.5724655	1.570259125	1.737768625	1.49358775	1.358497875	1.245364875	1.546179375	1.4014225	1.63856175	1.76442225	1.739673625	1.45610025	1.647155	1.6068025	1.623298	1.789071875	1.440861125	1.546897	1.471546375	1.636673125	1.6372665	1.5245525	1.283094125	1.612526	1.3327855	1.6539155	1.581733375	1.662238875	1.718723875	1.53282675	1.587136125	1.54035475	1.548861	1.657212375	1.659729	1.649860875	1.563033375	1.811956375	1.703257625	1.624821875	1.742805125	1.552	0.022	1.0E-6	1.9E-5	0.176286167813
13	10	251	8.983143	0.732717875	0.479789125	0.40876346875	0.29132875	0.27163084375	0.199290984375	-0.313404125	0.211284515625	-0.216551828125	-0.225395078125	-0.14283490625	0.0642933203125	-0.198528609375	-0.253618796875	-0.48060203125	-0.41352253125	-0.274615375	-0.2141733125	-0.185678515625	-0.21031790625	-0.210217875	-0.3799453125	-0.27679959375	-0.20069315625	-0.25604571875	-0.204004578125	-0.36275121875	-0.056108453125	0.0814283828125	-0.223735046875	-0.288839875	-0.3001209375	-0.06252078125	-0.416719375	-0.153507515625	-0.3675345	-0.428243125	-0.27844059375	-0.105684265625	-0.1715781875	0.0954391484375	-0.09471671875	-0.4254488125	0.0543674375	-0.220349484375	-0.192995890625	-0.278972875	-0.42007134375	-0.34500575	-0.152685375	-0.237634390625	-0.24801059375	-0.0556712851562	-0.38278428125	-0.1769603125	-0.5233624375	-0.45814084375	-0.233775359375	-0.177083171875	0.29034296875	-0.31034615625	-0.17461121875	-0.35027321875	-0.32313325	-0.307875875	-0.2586214375	-0.248098375	-0.29088515625	-0.279580125	-0.3414768125	-0.28718928125	-0.0953691484375	-0.37758096875	-0.188265796875	-0.133378234375	-0.3742114375	-0.311984875	-0.129886765625	-0.191318265625	-0.123973632812	0.2121426875	-0.176488328125	-0.2371309375	-0.42335684375	-0.194054171875	-0.37869415625	-0.35256784375	-0.12720084375	-0.37995709375	-0.25642375	-0.34620434375	-0.20636734375	-0.2142046875	-0.077906390625	-0.3074018125	0.0241119492187	-0.26661934375	-0.34079559375	-0.090806375	-0.121683890625	-0.33621428125	-0.40876253125	-0.2392676875	-0.27614159375	0.2664284375	-0.34761734375	-0.382811625	-0.2561411875	-0.362480375	-0.34322396875	-0.3321861875	-0.3690994375	-0.24173903125	-0.122127765625	-0.33236490625	-0.24045921875	-0.16180540625	-0.260240390625	-0.117663484375	0.257255765625	-0.36501665625	0.28001509375	-0.52212834375	-0.276631125	-0.28996390625	0.251593421875	-0.3203685625	-0.35008946875	-0.2922074375	0.197737359375	-0.21003690625	-0.3703965625	-0.19251871875	-0.2747884375	-0.146291953125	-0.22874021875	-0.0954522265625	-0.34300425	-0.3914791875	-0.11171975	-0.224669828125	-0.38329046875	-0.225169578125	-0.174419	-0.17003765625	-0.33895665625	-0.2948058125	-0.304547	-0.3862213125	-0.2182011875	-0.32766396875	-0.17537784375	0.155909125	-0.32232915625	-0.31313934375	-0.37653671875	-0.2420815	-0.27526071875	-0.219015265625	-0.2963518125	-0.33970909375	-0.27521290625	-0.434345625	-0.28384909375	-0.200576171875	-0.3938613125	-0.1963456875	-0.143074421875	0.12491903125	-0.245196546875	-0.191929171875	-0.38848921875	-0.2123176875	-0.392063625	-0.2742410625	-0.186487671875	-0.111317414062	-0.166352796875	0.114936609375	-0.2524000625	-0.29175996875	-0.083410015625	-0.34125625	-0.144601609375	-0.36921790625	-0.40596709375	-0.112867859375	-0.27149478125	-0.241138671875	-0.38239675	-0.3612949375	-0.3515425	-0.26274740625	-0.24651446875	-0.096709328125	-0.27531078125	-0.46278975	-0.258174515625	-0.2929131875	-0.29799259375	-0.5883343125	-0.203454078125	-0.243067609375	-0.260016359375	-0.3743343125	-0.143685796875	-0.51700446875	-0.33808296875	0.102557859375	-0.147242765625	-0.3390000625	-0.233404171875	-0.247332765625	-0.211206109375	-0.32202621875	-0.30684759375	-0.28272684375	-0.1586865625	-0.250880953125	-0.2701481875	-0.41266875	0.23291525	-0.38043834375	-0.13013003125	-0.20003128125	-0.154217578125	0.0798481328125	-0.239784625	-0.231247203125	-0.14195290625	-0.249950375	0.3955339375	-0.16789478125	-0.225608078125	-0.32782228125	-0.129786976562	-0.361745875	-0.3346103125	-0.30814446875	-0.3316198125	-0.52163815625	-0.52295275	-0.40430928125	-0.299531	-0.14694765625	-0.28270609375	-0.190963109375	0.0580742460937	-0.117109476562	0.119068375	8.98	0.3	0.153	0.017	0.278340027775
14	144	251	3.34468525	1.31238275	1.374101125	1.408801	1.612536875	1.452013125	1.628952125	1.30496	1.67776975	1.535161	1.472014125	1.3898765	1.602003125	1.63236025	1.46160525	1.31512225	1.60774475	1.50012625	1.46914325	1.478935875	1.887882875	1.528789	1.41738775	1.727511625	1.789260375	1.51270575	1.5614955	1.355973875	1.249965375	1.5340315	1.392858875	1.662982	1.526238125	1.478916125	1.46052425	1.552561125	1.507840375	1.62452475	1.564274	1.50647525	1.401793625	1.37171425	1.62904625	1.457748625	1.4516115	1.515177125	1.548450125	1.5557705	1.580865875	1.62335875	1.213354	1.4178885	1.502930625	1.572640375	1.424006375	1.52502625	1.47194775	1.404765	1.551434625	1.52152225	1.464643375	1.5255015	1.737213375	1.42071075	1.49356725	1.588388125	1.3699995	1.4337485	1.2995345	1.545987875	1.468769125	1.221362375	1.47137725	1.391294625	1.498834125	1.389241125	1.510539375	1.239703625	1.581351125	1.5212045	1.5176965	1.261714875	1.599535375	1.43844525	1.290169	1.5230585	1.833674625	1.1595295	1.33057125	1.286882875	1.425238875	1.275114375	1.685987625	1.31669875	1.484613	1.477287625	1.2730005	1.366477	1.548888375	1.28656525	1.473229625	1.402906	1.45719275	1.189750375	1.408347	1.439687625	1.6418775	1.36867175	1.5683125	1.4586495	1.458963375	1.479157125	1.588483125	1.675737	1.553403125	1.61940375	1.3803595	1.659487125	1.592777125	1.625231	1.321153625	1.66579175	1.592420375	1.462622	1.570763	1.739984	1.505936375	1.366672	1.295096	1.698705125	1.612631	1.58732825	1.184258	1.522317	1.397737375	1.30616525	1.742642	1.288842625	1.473407	1.489704	1.5840885	1.43478375	1.5498935	1.333882875	1.428107625	1.3788095	1.461110625	1.59096475	1.5839985	1.505435	1.5783635	1.407853625	1.3393595	1.4121685	1.504809	1.5675075	1.439534375	1.44055225	1.231986625	1.264731125	1.46838975	1.5333815	1.395356125	1.411200375	1.247287625	1.668301625	1.377314	1.5593165	1.328473875	1.54990675	1.4490845	1.306556	1.574892625	1.5770195	1.67321325	1.338803875	1.551573375	1.668449375	1.413462125	1.63795875	1.332881375	1.708523875	1.422192625	1.0170149375	1.525502375	1.5063485	1.248679375	1.47305475	1.45520275	1.533507375	1.452886	1.28705375	1.292674125	1.463494	1.57180175	1.28964975	1.415480875	1.443440375	1.571254125	1.62065375	1.41181775	1.512687625	1.340233125	1.439215875	1.339770125	1.466889125	1.49293275	1.426977125	1.146184	1.561004625	1.567223375	1.381646875	1.502988375	1.52873275	1.507206	1.279538875	1.419432875	1.287962	1.3844095	1.544886125	1.46302025	1.352820875	1.428573625	1.316010625	1.4441615	1.6903495	1.3731055	1.4831175	1.47391475	1.386316625	1.31739425	1.26123075	1.61676425	1.567514875	1.51993775	1.556926875	1.424664	1.407659875	1.239714375	1.38182175	1.36132275	1.429157375	1.34725075	1.328356875	1.540896	1.477769125	1.37283175	1.48271775	1.54009275	1.234269625	1.327480125	1.539	0.021	7.0E-5	1.9E-5	0.173246648051
15	149	251	3.026203	1.24549875	1.375549625	1.257603125	1.4766025	1.3505645	1.29867275	1.28576225	1.395054125	1.410898125	1.393574	1.473275125	1.313639125	1.265475125	1.33308325	1.31385125	1.0337140625	1.375757125	1.1160345	1.418538125	1.4192845	1.3175275	1.34816075	1.30879525	1.457490375	1.34846525	1.119559125	1.343393625	1.179474875	1.401917	1.2079385	1.323490875	1.421602125	1.264072375	0.9503008125	1.196074	1.2445855	1.4434645	1.584518125	1.199406125	1.236507625	1.377170375	1.2599905	1.3702945	1.0182864375	1.4175385	1.38383475	1.2910665	1.457283125	1.261071	1.0930235	1.428930625	1.437639125	1.2298065	1.1600755	1.17738275	1.338355625	1.627642875	1.3365455	1.365477	1.33925325	1.39624575	1.357065375	1.148914125	1.48856825	1.261255375	1.121345125	1.29855725	1.324853875	1.358202875	1.338602125	1.498254625	1.14769175	1.316548375	1.19539	1.34406225	1.344058875	1.2231165	1.350329875	1.20383575	1.43878	1.377260625	1.237071375	1.2473405	1.613775125	1.558104625	1.404987125	1.353355625	1.3513475	1.29279325	1.262224125	1.30513675	1.2624685	1.36400875	1.364705375	1.347588875	1.574570625	1.58832775	1.60697725	1.351996125	1.358697375	1.242674125	1.272785875	1.302602	1.384809625	1.44290825	1.343526625	1.352789625	1.17026375	1.432598375	1.366639125	1.27888775	1.205878625	1.58357375	1.666083	1.617979875	1.449080875	1.31709025	1.02681225	1.426041	1.442358375	1.46742175	1.3853115	1.4814295	1.366969	1.474273875	1.367148125	1.18463875	1.472522125	1.534177375	1.28106975	1.327802	1.321584625	1.2639165	1.4764265	1.1074865	1.344553625	1.047802875	1.341076375	1.217948	1.431880125	1.286683	1.435339375	1.372236625	1.345748	1.29166625	1.56796	1.60223925	1.237806875	1.4015805	1.608077375	1.405915875	1.567938	1.559462	1.468834	1.2308115	1.555006625	1.668240625	1.2019045	1.172920625	1.15964975	1.5613685	1.375201375	1.466806	1.30052775	1.541335375	1.399353875	1.2480315	1.30285825	1.147487875	1.408561375	1.2857355	1.36085325	1.161443875	1.162824625	1.3709725	1.340667375	1.447962375	1.501022875	1.485515125	1.37877575	1.264510875	1.320567125	1.308043625	1.207370375	1.249033375	1.145629875	1.136102875	1.4580535	1.34122475	1.171532	1.3678235	1.16043425	1.373742625	1.446876875	1.41700225	1.603219125	1.548376	1.2209025	1.4403975	1.2177955	1.276341375	1.768219625	1.407391375	1.426099	1.1732115	1.171473625	1.451216875	1.44343775	1.5971615	1.100255375	1.645325	1.246286875	1.501475875	1.477182375	1.338998875	1.25413025	1.375747625	1.137037375	1.197429	1.374879	1.064568875	1.52375975	1.46535275	1.31487	1.324805	1.55881575	1.6607245	1.25353025	1.4040015	1.202372125	1.334218875	1.2841285	1.342301625	1.300444	1.212253625	1.42759025	1.460706375	1.216626625	1.141132	1.4708765	1.31548075	1.402319	1.224507375	1.6110045	1.38751975	1.45479525	1.4861305	1.41828325	1.444101375	1.129401625	1.348	0.024	-8.0E-6	2.6E-5	0.174648070082
16	146	251	3.23007325	1.81295825	1.81078725	1.675675	1.61111825	1.90500175	1.902765	1.8129425	1.82651375	2.018171875	1.774148625	2.1452065	1.852859125	1.891841625	1.99710975	1.77489475	1.71020175	1.852187	2.07288425	1.810930375	2.12468725	1.860992875	2.011110625	1.824251125	1.80670775	1.80746125	1.718727125	1.838071625	2.023921	1.879909125	1.884799625	1.74667125	1.59127975	2.015373125	1.71512675	1.90994975	1.77084825	1.827982	2.13080975	1.811609875	1.750263625	2.21487575	1.6945915	1.719848	1.592134	1.583389375	1.772358625	1.90073925	1.715276	1.673900625	1.9624985	1.95415425	1.934710875	1.973283875	1.872175125	1.568040875	1.730764625	1.70604775	1.890713875	1.76082875	1.784032625	1.53080425	1.903127875	1.76675425	1.831765625	1.729138	1.8980705	1.841881	1.770261625	2.020211375	1.57246325	2.025590125	1.72317675	1.65908175	1.893965375	1.959786375	1.889941	1.893118375	1.79665275	1.78406475	1.805649375	1.87652325	1.833446875	1.83846275	1.90905425	1.54220625	1.700569625	1.68529925	1.992313625	1.854416625	1.933604875	1.692789625	1.9415355	1.68070225	1.8696185	1.740244875	1.92389275	2.000131625	1.840575125	1.81075925	1.83531575	2.093315125	1.805975	1.81790925	1.742266125	1.485456875	1.582278375	1.7169985	1.68003725	1.88779525	1.764948875	1.87828225	1.8446995	1.659632875	1.86016075	1.9053325	1.753363625	1.80536375	1.803869875	1.986876125	1.806531375	1.60344575	1.58169025	1.92279175	1.7615365	1.79678675	1.516982	1.65787975	1.719532	1.71884075	1.776374	1.830777	1.899124375	2.006783375	1.681872875	1.967218875	1.882320875	1.728666375	1.745120375	1.643435	1.815009375	1.9532755	1.8113145	1.840007625	1.750823125	2.005949125	1.753863	1.771228625	1.9203615	1.762381375	1.912607875	1.992151375	1.925460375	1.72897925	1.897912625	1.776460625	1.636374	1.8992345	2.052091375	1.687437875	1.806424625	1.921424625	1.7467795	1.821642375	1.986653625	1.983279	2.14869325	1.8944255	1.6803405	2.0138575	1.687574875	1.962976375	1.9662745	1.76371275	1.940572625	1.85255725	1.77031925	1.909450625	1.752699125	1.54175875	1.838389	1.869497375	1.900806875	1.918217	1.82958075	1.995250875	1.788490125	1.787923	2.1664115	2.124629	1.803414125	1.902474375	1.737867375	1.9558865	1.82079675	1.68493925	1.78155425	1.788489875	1.73911325	1.97041475	2.02430825	1.85253825	1.821825875	1.956834625	1.968130125	1.80325675	1.865409125	1.9479005	1.93103925	1.611011375	1.964016125	1.857854	1.856158375	1.791347125	1.72438625	1.92816375	1.78929675	1.946562375	1.938643875	1.94697825	1.9399665	2.01815775	1.590404875	1.9831915	1.911929625	1.955341875	1.743211875	1.75817375	1.88664275	1.872970875	1.854022125	1.658128375	1.436307	1.953059875	1.907841375	1.7942095	1.82112775	1.84534575	1.96296425	1.76398125	2.022748375	1.77357925	1.999164125	1.84797125	1.918925625	1.745674125	1.85553375	1.53392475	1.679088625	1.991020375	1.9946655	1.842	0.019	3.0E-6	1.6E-5	0.159840571937
17	28	251	4.8863385	0.4113529375	0.44927959375	0.0770210234375	0.583131875	0.2251711875	0.4270911875	0.191820703125	0.3707443125	0.242444546875	-0.100519921875	0.4932365	-0.205430515625	-0.20039375	-0.1640483125	0.31725584375	-0.175054875	-0.251367125	0.324091625	0.23113009375	-0.185437015625	0.28747975	0.191821234375	-0.241993109375	0.180058921875	0.093759703125	0.27542325	-0.205060625	0.1631451875	0.153343921875	-0.225807421875	-0.1669169375	-0.27049171875	0.077254328125	-0.16693703125	0.191940375	-0.218714171875	-0.188932625	-0.141279140625	-0.22150909375	-0.0433199375	-0.241766984375	-0.2096270625	0.180544453125	-0.226682765625	0.145266640625	-0.3584804375	0.3589183125	-0.2298646875	-0.111676820312	0.38857534375	0.19420584375	-0.2100421875	0.3790916875	0.2774455625	-0.194000921875	0.1921585	0.39328059375	0.1448828125	-0.254645984375	-0.136607671875	-0.11892246875	-0.13261875	0.28938459375	-0.2150103125	0.130264265625	-0.236603125	-0.128795671875	-0.186146546875	0.308854	-0.30201584375	0.3132289375	-0.18624746875	0.086176453125	0.110537765625	-0.24815340625	-0.0917005078125	-0.143459015625	-0.186360234375	0.17383890625	0.116566648437	0.368025375	0.4400153125	0.27007328125	0.18841234375	-0.122709	0.244630265625	-0.1396813125	-0.1421055	0.127205976562	0.084324234375	0.160978453125	-0.209321953125	-0.48369503125	-0.13787553125	0.152171828125	0.116333875	-0.126360601562	0.17748375	0.26894628125	-0.3178295	-0.210894765625	0.0945754375	-0.14064946875	-0.114688445312	0.0262347460937	0.142226609375	-0.226968296875	-0.0491576875	0.3555504375	-0.2208505	-0.169110890625	0.15398959375	-0.278949375	0.297008875	-0.175364515625	-0.128014429687	0.0630629023437	0.214342515625	0.0914819296875	-0.0340666484375	0.207934546875	0.43278809375	-0.213120828125	0.125881078125	-0.314087125	-0.224050796875	0.13733090625	0.162317515625	-0.069784984375	0.301015125	0.198300609375	-0.17273403125	-0.163748234375	-0.15493040625	0.31390778125	-0.114441304687	-0.147327640625	-0.13978465625	-0.4176343125	0.2210784375	-0.1416096875	0.27229228125	0.117215117187	-0.113008078125	0.114131289062	-0.104314671875	0.12025646875	0.191492546875	0.1665376875	0.153792765625	-0.143992453125	0.124194679687	0.142952359375	-0.157608359375	-0.149110890625	-0.060287	-0.137585625	0.15518996875	0.22973121875	0.127257710937	-0.0968272578125	-0.224483609375	0.30810128125	0.254119296875	0.29637115625	-0.39960534375	-0.22629165625	0.042760328125	-0.0853314453125	-0.161355421875	0.4124925625	0.174048859375	-0.2015463125	0.32142415625	-0.148256578125	-0.21454959375	0.179943671875	-0.1456883125	0.186643984375	-0.36793978125	0.24718921875	-0.0436818320312	-0.1471535625	-0.2325823125	0.18435640625	-0.130442671875	0.11393453125	0.217314	0.24893040625	-0.2663684375	0.154982890625	-0.20192321875	-0.17311690625	0.18989090625	-0.38352625	0.2788665625	0.0954513046875	-0.0603424570312	0.179769203125	0.26076953125	0.3658851875	0.19443975	-0.1569781875	0.247804921875	0.268585625	-0.077716234375	-0.249768046875	0.129084101562	-0.2890556875	0.225331046875	-0.115880148437	0.189417265625	0.11870853125	-0.2330785	0.199333828125	-0.087424796875	0.2068538125	0.28890840625	0.131160875	-0.13110909375	-0.2725395625	0.228411546875	0.363299375	-0.120696921875	-0.13268725	0.166946984375	0.079272078125	-0.168056625	0.10662353125	-0.127277210937	0.23894634375	0.21814815625	0.0955518515625	0.2396746875	-0.1021115	0.1327323125	-0.2252010625	-0.247297	-0.2498600625	-0.236063484375	0.198460890625	-0.230454171875	0.19979928125	0.158808140625	-0.2542155	0.242631734375	0.0419538984375	-0.146402109375	0.1582079375	0.265947875	4.87	0.24	0.132	0.016	0.217345723736
18	37	251	7.9713025	1.08326325	0.8934056875	1.228261	0.98578175	1.13134325	0.931470875	0.979323625	0.7698645	0.9718273125	1.065491125	1.160795375	1.0122016875	0.826960875	1.33380825	0.84507925	0.8221744375	1.10527125	0.87727525	0.766194	0.75843575	1.005628625	0.9754065625	0.7312261875	1.0053870625	0.995077875	1.19300175	0.9340803125	1.056757125	0.9967188125	0.9251556875	1.0202855	1.1987655	1.159327375	1.087199	1.0047519375	1.150988375	1.072870125	1.15649725	0.837799375	0.720711125	0.9058745	1.14585525	0.921431625	1.20624825	0.9656301875	1.009119375	1.0756655	0.8512691875	1.101157875	1.0373060625	0.8875871875	0.973848	0.9268268125	1.096257875	0.879562625	0.8910759375	0.9147513125	1.079359875	0.9222365	0.932853125	1.0425293125	1.37181	0.9848381875	0.791494125	1.0228168125	0.9761618125	0.88602125	0.905978375	0.984027375	1.1701495	0.9663818125	1.186014375	1.0212826875	1.151184	1.194505125	1.12020725	0.88444325	1.10730825	0.98867675	0.9676619375	0.9651601875	0.96057325	1.209484125	0.90796875	0.9003111875	1.0144238125	0.864338	0.8624360625	1.183898375	1.167287625	0.9787928125	1.057525375	1.113863375	0.998225875	1.055197625	0.9067738125	1.172948125	1.243708625	1.0170215	0.9405478125	1.307241625	0.844812875	1.07354275	1.08232925	0.9582735625	1.063875375	1.346890875	0.8951754375	0.9039091875	1.0463175	1.054126375	1.053164875	1.13274025	0.980440125	0.9282085	1.0640765	0.97000525	0.922481375	1.05220925	1.122348	0.9663271875	1.272795125	1.049503125	0.926750125	1.14967025	1.0695345	0.910008375	1.0077733125	1.256545	1.091912625	0.905492	1.171432125	0.8752675625	1.1420055	1.06616325	0.8835650625	0.685550875	1.206173875	0.9749104375	0.714592	0.821116125	1.08087875	1.258877625	1.04148825	1.099255125	0.8312795	1.21766625	1.0600825	1.080409	1.167737125	1.10968725	1.1888495	0.86745925	0.9500511875	1.0157600625	1.18314	1.074852625	0.9937610625	0.960833625	0.990447125	0.9203510625	1.0127701875	1.220787375	1.097100875	0.963541125	1.255024875	1.24756825	0.92528425	1.005145875	0.892357	0.767826125	0.970341	1.11330275	1.0332706875	0.950281875	1.102244125	1.357517875	0.90057075	1.205978125	1.347805125	1.1262905	1.07246025	1.06764675	1.0259003125	1.191894125	1.187137375	1.17829475	0.904897125	1.067746375	0.985268125	1.1110085	0.91874275	0.7106506875	0.9623720625	1.129561125	0.9803633125	1.0067680625	0.976002	1.2143115	1.099634125	1.131939875	1.245919625	0.987670125	1.251592375	0.999604125	1.192883625	1.308241	1.105090875	1.205585	1.08798775	1.0118235625	0.9914149375	0.876941	1.121349375	1.17489175	1.049821875	0.8379051875	1.20091475	1.0664165	1.1255305	1.118282125	0.9879003125	1.053316	1.233489375	0.7157991875	0.9425638125	1.0175379375	1.0722525	1.190359	1.18478975	0.96103775	1.20706675	0.897642375	1.165542125	1.225157125	0.9974003125	1.06626275	1.0213933125	1.114633125	0.921134375	1.25719875	1.06880875	0.9444376875	1.091656	0.932516125	0.739694625	1.208982375	1.0239893125	1.054982125	0.9131655625	1.11	0.06	7.0E-5	7.0E-5	0.456885653271
19	156	251	7.8214065	2.283324	2.262138	1.945088625	1.94222425	2.034584125	1.81261175	1.977137125	1.781639125	1.975458875	1.8229175	1.904598125	1.823588375	2.01284375	1.709105375	1.734650625	1.655194125	1.478243	1.6995205	1.625132125	1.647638625	1.68397275	1.590510375	1.717385375	1.589578375	1.235993125	1.363954375	1.436193375	1.08165925	1.412656	1.4040715	1.3992795	1.240445125	1.143683	1.069595375	1.38850425	1.108711375	1.328744375	0.79792	1.0815555	1.07939775	1.058245	1.10910375	1.06251225	1.134080375	0.9778845625	1.0784865	1.091507125	0.737694375	0.84712775	0.951166375	1.0556435	0.6742225625	0.9810324375	0.874306375	1.274002	0.791925	0.951431125	0.695440875	0.940559125	0.7074426875	0.95056325	0.821037375	0.830339	0.8704134375	0.8589115	0.8999849375	0.6951683125	0.7759529375	0.807541375	0.9215228125	0.6539230625	0.671759625	0.6253134375	0.5386530625	0.7378565625	0.7592168125	0.669191875	0.6858155625	0.63571975	0.53749875	0.28807303125	0.6264608125	0.7241103125	0.73184225	0.640408125	0.5914730625	0.71281375	0.49760575	0.322810125	0.8004324375	0.3767686875	0.589049125	0.2885340625	0.2988479375	0.407533375	0.7016198125	0.43328046875	0.243533125	0.3061760625	0.43338559375	0.5170311875	0.46150271875	0.580777375	0.45994428125	0.5505666875	0.486095625	0.6415110625	0.4372470625	0.314060375	0.6027345	0.5929684375	0.36649428125	0.4011468125	0.47195896875	0.26394071875	0.44023521875	0.39788646875	0.52283121875	0.40712746875	0.643299125	0.304055	0.46486909375	0.323026125	0.29984796875	0.3138516875	0.28705125	0.57182975	0.6319593125	0.18497871875	0.2753886875	0.3219489375	0.48250590625	0.477876	0.37561840625	0.340798375	0.41363071875	0.233970453125	0.4800158125	0.30506390625	0.37045284375	0.3818145625	0.259819125	0.35872734375	0.17863275	0.21848921875	0.2666536875	0.20527534375	0.11653853125	0.39653184375	0.32277075	0.28781284375	0.18578621875	0.32225153125	0.205130921875	0.416321375	0.250409625	0.176573765625	0.1813376875	0.379620375	0.34866815625	0.3661093125	0.268699625	0.210321234375	0.121352570312	0.4742539375	0.11109096875	0.27160271875	0.29743759375	0.29442840625	0.293652125	0.059219296875	0.43620778125	0.43805809375	0.435999	0.40979603125	0.24239128125	0.172010515625	0.074970296875	0.177676265625	0.346698625	0.34020371875	0.160752203125	0.0288411367187	0.15238546875	0.21451671875	0.4235243125	0.33468728125	0.210614390625	0.22645171875	0.31593609375	-0.101627234375	0.2896280625	-0.055090953125	0.069396765625	0.41198784375	0.4804078125	0.0960616171875	0.2631725625	0.2763725	0.34411634375	0.42131578125	0.39051184375	0.3371888125	0.122595382812	0.2469180625	0.3021223125	-0.1159151875	0.277249125	0.17233828125	0.147112328125	0.50960471875	0.156458703125	0.2738334375	0.209216671875	0.13550109375	-0.046484296875	0.35504040625	0.13632784375	0.30029821875	-0.0658943125	0.1941711875	0.208426609375	0.37473125	0.255067515625	0.0683660703125	0.0315705175781	-0.15186046875	0.40771696875	0.38630846875	0.4360275	0.36300734375	0.29239375	0.19340809375	0.180180171875	-0.0460036132812	-0.23253959375	-0.13509875	0.17265184375	0.1789536875	0.39926015625	0.118653820312	0.167027453125	0.2869859375	0.0584842265625	0.1692330625	0.24153959375	0.23959396875	0.46295203125	0.3313864375	0.3985565625	2.53	0.1	0.00337	1.9E-4	0.381358316483
20	115	251	6.555455	-0.30982746875	0.156131359375	0.251677	0.38970078125	-0.2523424375	-0.1785055	0.2787156875	-0.197841578125	-0.220225078125	0.0441571875	0.2103521875	-0.3205790625	0.19448965625	-0.20145340625	0.097231390625	0.188199375	0.2684484375	0.170987234375	0.0699619375	-0.224596875	0.1722778125	0.26321240625	0.4486038125	-0.48449884375	0.2679896875	-0.23302253125	0.291980125	0.05173978125	0.137662	0.204596578125	-0.1825789375	0.280702	0.2908681875	-0.145273234375	-0.230477765625	0.198826484375	0.184723	0.0565186914062	0.27203725	-0.2623149375	0.3071175	0.187896109375	0.23853371875	0.28902325	-0.160497296875	0.158414984375	0.28693759375	0.13027303125	-0.144010265625	0.248716515625	0.14926609375	0.20904190625	-0.2426525	0.22759871875	0.37378703125	0.249551125	0.2843416875	-0.157494609375	0.0990002734375	-0.156365359375	-0.110338984375	-0.18942671875	0.165411046875	-0.156087546875	-0.180759203125	-0.1531669375	-0.3292840625	-0.13714321875	0.1252075625	-0.1165545	0.199090546875	0.2426616875	0.0850644921875	-0.165178765625	-0.251702046875	0.1854350625	-0.0818519140625	-0.33098803125	-0.110685210937	-0.13008284375	0.1939506875	0.232393265625	0.163038140625	0.20641678125	-0.2124791875	0.122525375	0.140342140625	-0.3122165	0.21785775	-0.24882990625	0.0430098789062	0.220536375	-0.121115296875	-0.27251971875	0.118608421875	-0.165883984375	-0.26589734375	-0.154474203125	0.28417153125	-0.053306046875	0.055164671875	-0.156594171875	-0.102363015625	-0.184756859375	0.116585632812	0.034402234375	-0.081579828125	-0.2429576875	-0.282626125	0.222058625	0.45627465625	0.136323	0.23260340625	0.137530578125	-0.128486929687	0.267167875	0.231217890625	0.1559801875	-0.244965515625	0.4278380625	0.11860903125	0.32685925	-0.160726953125	-0.121327476562	-0.2458548125	0.29308128125	-0.3293679375	-0.210827578125	0.178460546875	0.11725409375	0.320216	-0.184240453125	-0.114544367187	0.2962471875	0.0890567734375	0.231506953125	0.162520265625	0.170521078125	0.18604415625	-0.0983261640625	0.154690234375	0.217168578125	0.115145023437	0.35054584375	0.2090606875	0.26803196875	-0.21013825	0.147825515625	0.0569638203125	-0.16269865625	0.176511421875	-0.33165590625	0.19334846875	0.177624828125	0.227249375	-0.287984	-0.1087726875	0.3331844375	0.157485	-0.192170453125	-0.248946140625	0.0908257890625	-0.173059453125	0.20541590625	0.243687078125	-0.15869803125	-0.0935753046875	0.0535605585937	0.15331984375	0.148849421875	-0.34128546875	-0.16962890625	-0.27544003125	0.3037196875	0.168141515625	0.10704453125	-0.10974196875	-0.114869851562	-0.110825203125	0.176607046875	0.149995421875	0.175151140625	0.061553	0.081394984375	0.19393928125	0.3246270625	-0.101504460937	-0.21047471875	-0.175964953125	-0.3012216875	-0.08785071875	-0.064274515625	0.165862828125	0.18225678125	-0.36035059375	0.3712200625	-0.141455609375	-0.1548114375	0.25528596875	-0.143567578125	0.140136	0.138378609375	-0.091237734375	0.191504671875	0.32110359375	0.0920841953125	0.3684660625	0.3636833125	0.125427695312	-0.28850903125	-0.37182334375	0.132068109375	0.27369825	-0.21102778125	-0.122033007812	0.181167203125	-0.0937728125	-0.26090603125	0.39576875	-0.1776834375	-0.3569344375	0.38464675	-0.19322090625	0.29507075	-0.220214140625	-0.3366678125	0.15353678125	0.151085453125	0.23051825	-0.210331578125	0.3249938125	-0.23568246875	-0.073288484375	0.166339765625	0.118599335937	0.30314721875	0.24371665625	0.0906922421875	0.1414369375	0.133456234375	0.08754675	-0.15425775	0.359524875	0.16273259375	0.3806518125	0.239161046875	-0.152843375	-0.206291765625	-0.242101984375	0.2822603125	6.56	0.08	2.0	0.0	0.219554130802
21	63	251	6.329669	3.18234375	3.24331625	3.30771125	3.13695375	3.237164	3.08858275	3.0356075	3.3531485	3.25793275	3.0713345	3.25695875	3.145555	3.003141	3.14614475	2.928783	3.2232945	3.039762	3.30247325	3.11153825	3.2275965	3.10875525	3.221618	3.228691	2.9988445	3.138723	3.15391225	3.219129	3.20851825	2.980477	2.98996875	3.29882775	3.1676375	3.102676	3.30440575	3.02493275	3.1112975	3.012055	3.38783575	3.1635865	3.15737875	3.39728375	3.05912975	3.24370625	3.0856145	2.9786385	3.2463735	3.165054	3.17378075	3.1470235	3.06673775	3.2513955	3.1458365	3.4583025	3.21602075	2.98856075	3.23603375	3.1171625	3.2622605	3.354823	3.11955575	3.398821	3.226485	3.338981	3.18742925	3.32840525	3.2593115	3.28474075	3.16352375	3.175859	3.21234725	3.184307	3.19417175	3.1654365	3.14741075	3.12063475	3.079552	3.0203705	3.23045025	3.225297	3.1077655	3.4485025	3.170957	3.1345195	3.1628195	3.12569375	3.21590275	3.2614725	3.144875	3.00473925	3.2465295	2.96116275	3.18746975	3.219438	3.15779	3.2523175	2.9702975	2.8405845	2.92128325	3.0689	3.155503	3.2087765	3.3152005	3.1958925	3.23090775	3.30758275	3.12250875	3.00502775	3.1393085	3.2264975	3.3319685	3.069638	3.2471775	3.32828125	3.0869945	2.96195875	3.251507	3.20203075	3.09611025	3.14332525	3.26619025	2.858313	3.09397175	3.34397225	3.46488825	3.33922575	3.2489645	3.4028395	3.1918975	3.0313085	2.9713215	3.26285875	3.32714025	3.23781275	3.2312665	3.302981	3.137472	3.130255	3.4167095	3.0929065	3.338651	3.21289175	3.17034	3.153003	3.04265375	3.0172325	3.29921675	3.1211895	3.2557295	3.17706825	3.06483075	3.124567	3.2247385	3.2993535	3.14081325	3.28980525	2.99920325	2.92193525	3.2216605	3.0951865	3.32605875	3.21379	3.04754	3.111617	3.170866	3.168755	3.1512285	3.256218	3.2864405	3.135768	3.162271	3.24722575	3.29823625	3.110825	2.9934535	2.92477425	3.24922925	3.139009	3.14466775	3.365627	3.15744625	3.0790405	3.10287	3.33403275	3.06706675	3.1104975	2.94796225	3.214931	3.0470005	3.09406875	3.14548825	3.2576245	3.52256975	3.25691525	3.2890275	3.31591025	3.21776025	3.009634	3.21405875	3.00877025	3.061403	3.274675	3.13901575	3.318045	3.18420325	3.08335125	3.307787	2.978742	3.15300825	3.19501275	3.06414825	3.48105675	3.13661825	3.34268725	2.98847525	3.05067675	3.4437135	3.10746075	3.1683825	3.392736	3.068697	3.2791255	3.0127925	3.33268025	3.31887675	3.25181425	3.3745685	3.43237825	3.5099835	3.11972425	3.16985225	2.85475275	3.16405275	3.240913	3.13405675	3.157964	3.179756	3.2651805	3.26768325	2.8936615	2.990904	3.1071325	2.9858455	3.025281	3.53495475	3.38944525	2.95301325	3.3423645	3.13813675	3.04654625	3.2885095	3.219	0.03	1.5E-5	1.4E-5	0.236823817131
22	106	251	7.305579	3.834019	3.78793525	3.64280275	3.7880065	3.808847	3.67071925	3.676403	3.82583975	3.5745325	3.73611275	3.59238975	3.60016375	3.9076315	3.699182	3.7259725	3.694366	3.88563225	3.66963575	3.55661875	3.5448925	3.537926	3.687939	3.427093	3.58230925	3.6290355	3.6327615	3.8476695	3.72479325	3.7597465	3.572474	3.689553	3.7733095	3.871216	3.71852275	3.530159	3.72401375	3.686372	3.54486075	3.89163125	3.656852	3.45055925	3.52697775	3.6314665	3.46658325	3.63858125	3.50817575	3.7829265	3.3936035	3.63228675	3.58239975	3.57409975	3.579712	3.581372	3.729686	3.54841025	3.46366225	3.59376625	3.755437	3.43831325	3.436456	3.34910875	3.49585	3.5379775	3.34220075	3.5116955	3.45660525	3.6196665	3.65519875	3.59062875	3.6204765	3.553583	3.4870425	3.434331	3.6682805	3.57143725	3.3872765	3.648248	3.61936425	3.7274055	3.23048425	3.69690475	3.4457225	3.72654325	3.55642325	3.43508275	3.50919075	3.4442795	3.34908575	3.351029	3.47971125	3.25979075	3.25914875	3.5895675	3.374217	3.60470625	3.44364075	3.39698325	3.287047	3.20533375	3.57207775	3.43906575	3.059415	3.541162	3.478738	3.4282825	3.186004	3.4038395	3.3982305	3.247612	3.346506	3.3854855	3.46274325	3.571648	3.35658825	3.53000775	3.26135325	3.169113	3.276515	3.35862125	3.14446475	3.390838	3.63325175	3.46556925	3.372478	3.42528475	3.1843695	3.3350235	3.3290615	3.32817175	3.22921925	3.53015175	3.26382075	3.351225	3.35877425	3.2797935	3.50037175	3.26065825	3.302177	3.2133135	3.212263	3.429329	3.282095	3.40883325	3.260273	3.1256575	3.16901575	3.2224555	3.228514	3.1214215	3.3248985	3.33734025	3.17116925	3.184781	3.37355175	3.0999455	3.245292	3.320103	3.18449325	3.169269	3.2318485	3.16179625	3.19593725	3.12801975	3.04431	3.1952225	3.174824	3.2236965	2.92650325	3.14831975	2.9019705	3.23180825	3.477663	3.07975275	3.144995	3.05052075	3.3857755	3.41764775	3.3482515	3.23156275	3.013617	3.188841	3.1029555	3.1656235	2.93769	3.283818	3.017794	3.18209525	2.92780275	2.949716	3.11836425	3.426175	3.006335	3.2966515	3.122091	3.274048	3.16861675	3.2633315	3.14975875	3.278278	3.05544875	3.1179565	3.131336	3.25384625	3.1585995	3.1904725	2.96598625	3.27848825	3.23629675	2.96708075	3.2352745	2.9684765	2.99063175	2.9673845	3.00596325	3.308601	3.368948	3.175001	2.9283685	2.99546525	3.01000275	3.032016	3.2280895	3.00669475	3.25268025	3.0381045	3.2213385	2.95488425	3.18849525	2.9142285	3.01249675	3.13926825	3.222053	2.91486725	3.3050105	2.9675875	3.0564015	3.07866	3.18135775	3.046535	3.227336	3.311604	3.2474055	3.16354475	3.02531575	2.964778	3.19600775	2.9127235	3.13437675	3.11929975	3.12732525	3.804	0.035	1.93E-4	1.3E-5	0.257194719888
23	105	251	5.3699985	1.217357	1.337520875	0.97461375	0.6749038125	0.5690731875	0.571878625	0.5135619375	0.5320161875	0.297158125	0.455795	0.4282001875	0.271717875	0.29585165625	0.4149438125	0.243704484375	0.4707829375	0.47492996875	0.634961875	0.4679523125	0.72681725	0.55134025	0.54978725	0.27157615625	0.640928625	0.45947615625	0.30987446875	-0.214470875	0.28678678125	0.51148646875	0.51640034375	0.45544071875	0.4508306875	0.586211375	0.37751471875	0.7747569375	0.6193196875	0.589751875	0.5356678125	0.634480125	0.458379125	0.559585625	0.5904365625	0.46376759375	0.537752375	0.3553530625	-0.0534764492187	0.5382960625	0.59934625	0.3076516875	0.584454375	0.3540128125	0.7480699375	0.26533015625	0.5536991875	0.50653278125	0.220122984375	0.40100228125	0.4849189375	-0.08602821875	0.35312375	0.4476586875	0.43049796875	0.4333929375	0.5071726875	0.57923975	0.38302996875	0.4650055	0.3675614375	0.43676859375	0.53319925	0.43342228125	0.4974821875	0.5766448125	0.49574971875	0.229407328125	0.531228625	0.3854793125	0.51605896875	0.43428409375	0.5643629375	0.37201603125	0.40693509375	0.65810125	0.3418609375	0.5632676875	0.507580625	0.39546821875	0.32624334375	0.4327484375	0.47907478125	0.44487890625	0.37178978125	0.48808790625	0.34513675	0.582769375	0.30822040625	0.43276878125	0.50247671875	0.195371984375	0.420885375	0.45990496875	0.2528685625	0.45779821875	0.42997559375	0.5708146875	0.45920859375	0.3124923125	0.3956283125	0.524688375	0.3705840625	0.51409546875	0.4934706875	0.56823975	0.36488440625	0.476795625	0.33793040625	0.506683125	0.3844840625	0.376823	0.6439848125	0.53306775	0.4500874375	0.593302875	0.30168471875	0.50116025	0.36879284375	0.434032	0.4931870625	0.49911490625	0.25922103125	-0.0837955	0.32384890625	0.46462078125	0.640120125	0.215193	0.50977040625	0.4325068125	0.52925675	0.4949744375	0.40600978125	0.454833	0.3512956875	0.467534875	0.6239774375	0.62232975	0.43057446875	0.3046591875	0.5548861875	0.4329439375	0.42072834375	0.361139625	0.48011265625	0.5711041875	0.297644875	0.45849353125	0.2990760625	0.3713016875	0.47754925	0.52638925	0.6052355625	0.5551653125	0.43848890625	0.45259271875	0.3016873125	0.417391625	0.36630571875	0.624832	0.4046775	0.3835305625	0.6494743125	0.39326053125	0.4388058125	0.416325	0.48962346875	0.32457903125	0.5453606875	0.5754196875	0.5759461875	0.5530210625	0.3191561875	0.3331590625	0.6188700625	0.49160365625	0.219980515625	0.5208146875	0.2720096875	0.32487440625	0.53716275	0.5074739375	0.576138375	0.46451190625	0.614221625	0.39310790625	0.6566154375	0.40955365625	0.4217955	0.345729875	0.37930021875	0.36583746875	0.739105375	0.38224265625	0.723200625	0.417894375	0.54219225	0.551337	0.39476509375	0.561306	0.43114990625	0.2926718125	0.3977538125	0.45089590625	0.44010978125	0.6308225	0.6276881875	0.50939403125	0.28134115625	0.515258125	0.656998375	0.532698625	0.5576533125	0.5274545625	0.36598	0.36490271875	0.501293	0.50848378125	0.5021935	0.35478265625	0.32791825	0.57289375	0.58279325	0.42138775	0.45976684375	0.40322234375	0.414519875	0.51916025	0.404205625	0.5450203125	0.6128508125	0.3082646875	0.59768175	0.226037609375	0.35586628125	0.27668165625	0.51258871875	0.6282570625	0.28017846875	0.366378375	0.53253675	0.42072159375	0.33548646875	5.19	0.45	0.067	0.009	0.461863854611
24	121	251	6.3403885	3.502659	3.3276435	3.170662	3.3911015	3.292841	3.19694275	3.21577475	3.331002	3.0847305	3.23429925	3.2680505	3.04243325	3.43527975	3.221637	3.15813575	3.22176625	3.426042	3.15261575	3.1554685	3.15243025	3.1696595	3.239901	2.9935185	3.16300075	3.194844	3.21987075	3.42425175	3.26919675	3.26849875	3.1934175	3.32300075	3.334268	3.3775995	3.2131295	3.115252	3.10297525	3.260744	3.074301	3.46376175	3.149685	3.01787	3.03614575	3.1854225	3.00230325	3.1950605	3.0675875	3.246829	2.84879575	3.10960825	3.19579375	3.15555075	3.14334925	3.1978215	3.23811125	3.1259615	2.99155925	3.080324	3.39296825	3.0367175	2.98892975	2.81576625	2.9662135	2.988868	2.8784195	2.990264	2.9630225	3.17442925	3.141468	3.11409925	3.17892475	3.013941	2.892321	2.946068	3.09379875	3.07666	3.0110305	3.1147255	3.13697175	3.2294695	2.71281225	3.21160975	3.03229475	3.2286875	3.07789725	3.04209425	2.8237915	2.8504825	2.90950025	2.8297965	3.129389	2.61271325	2.7046655	3.007474	2.90235375	3.0107355	2.851016	2.9125045	2.611773	2.692805	2.92886225	2.914546	2.54493125	3.0106425	2.8448935	2.9545425	2.7747995	2.867293	2.8178755	2.66651575	2.84749875	2.757926	2.92599275	3.03169575	2.81535525	2.8791905	2.79958275	2.610154	2.781174	2.71177525	2.565723	2.8135715	2.951206	2.860173	2.81202375	2.90082125	2.61274525	2.6165815	2.75222625	2.8282785	2.610271	2.95345125	2.67618875	2.841855	2.7589075	2.65689	2.90727075	2.71917975	2.78345075	2.69937425	2.6331125	2.79139675	2.650892	2.88409625	2.77215325	2.50480325	2.60242575	2.656003	2.6293355	2.55943175	2.64907075	2.751338	2.5370485	2.608005	2.8378995	2.5069775	2.44256275	2.692394	2.5382165	2.66897925	2.7113665	2.4697375	2.478355	2.4972195	2.4586495	2.59462675	2.59875775	2.60545825	2.35604875	2.56602975	2.2950825	2.44909	2.6774455	2.29102475	2.590441	2.467798	2.8007385	2.812094	2.645679	2.5812305	2.263584	2.72971125	2.5061595	2.59567825	2.2680155	2.518158	2.3655515	2.680968	2.2339125	2.313855	2.64622175	2.62785175	2.396433	2.532384	2.462124	2.4877805	2.6126025	2.647624	2.44660125	2.59505175	2.33675025	2.533765	2.514564	2.57937075	2.56985475	2.51556875	2.31460225	2.752059	2.79504675	2.3066985	2.66261175	2.26995975	2.426069	2.3483685	2.30141	2.639874	2.61327975	2.556413	2.3350375	2.38794025	2.35338275	2.35864875	2.5020745	2.184913	2.60201225	2.48482	2.59702125	2.1874075	2.37127275	2.270363	2.27025225	2.36731075	2.593494	2.3193045	2.63661075	2.2847225	2.32499475	2.30566575	2.4503075	2.31369025	2.727138	2.578914	2.43447425	2.3150825	2.3279205	2.25132675	2.53890575	2.16918175	2.4006725	2.39960975	2.36913825	3.397	0.031	3.13E-4	1.4E-5	0.232811811315
25	78	251	3.9685985	1.090512375	0.9891491875	0.99757825	0.937900625	1.120405	1.08886475	1.030600625	1.075652625	0.979248125	1.343156625	0.8573146875	1.0352600625	0.95967575	1.22804025	1.170806625	0.9600549375	1.1053395	0.9692338125	0.9857538125	1.319530625	1.055116625	1.085181125	0.9447430625	0.9807655625	1.23164875	0.9771885	1.0049975	0.994601125	1.066503375	1.1373525	0.838661875	1.15397975	0.9026791875	0.9950560625	0.916733625	1.132747625	0.60575825	1.2730855	0.946729625	1.174483	1.12269325	0.9804216875	0.9445635625	1.1081445	1.28300475	1.17930875	1.05980675	0.8731290625	1.029017	0.941554125	0.9879686875	1.106108	1.172630125	0.707128875	1.11259375	1.0405635625	1.0043265	1.045326875	1.093975	0.883470125	1.002518125	0.936283	1.068731375	1.007659375	1.108612	0.9978978125	1.107076375	1.0049274375	1.340871	1.18706275	1.0423978125	0.943093625	0.9737059375	1.0002451875	1.0230943125	1.0520285	1.284776	1.191505375	1.124396625	0.9845240625	1.203566625	1.064407	1.071416125	1.05304875	1.028023625	1.0000299375	1.0378350625	1.127688875	0.93353575	1.0046543125	0.93695025	1.12553925	0.8781731875	0.873845875	0.933097375	1.100851	1.038828	1.190784625	0.960443	0.9274053125	1.142652375	0.9767071875	0.94806325	1.08106975	1.34662025	0.8129133125	0.899723375	1.102774	0.910538	1.0433645625	1.0617135	1.115041625	1.065396875	0.9316523125	1.15531375	0.811071125	0.91244	1.130209	1.0477255625	0.964343125	1.28172975	0.95214375	0.964904	0.95156375	0.8628445625	1.1335835	0.9405748125	0.91711275	1.118607375	0.8308220625	0.994659125	0.853968125	1.069374	1.101277375	1.072334125	1.052383125	0.959728	0.9824084375	1.0384621875	1.02447325	1.088489125	1.192153	0.9182525625	1.22967075	1.11619175	1.065332125	1.0067885	0.9332693125	1.157362	1.054953375	0.95551075	0.843331	1.032873875	1.0142925625	0.898763625	1.0529075	0.693133125	1.134730125	1.121577625	1.109175	1.07681475	1.080091375	0.83212075	0.953013	1.154645375	0.890956875	0.7211456875	1.0391200625	1.0167266875	1.279114	1.002315125	1.0112020625	1.041328875	1.0573955	1.0156031875	1.127599	0.972625875	0.9562260625	0.9141909375	1.148478	0.75016075	1.2243445	1.06316875	0.9212823125	0.92877025	1.0272150625	1.097566125	1.26692075	1.11405625	1.131475375	0.8615086875	0.854519875	1.07362075	0.9841130625	1.084470875	0.736289	0.993143	0.639923125	1.068397375	1.0103606875	0.943825	1.0384523125	0.820463875	0.84631275	0.9697456875	1.036431875	0.8438850625	0.7517310625	0.9831309375	1.066150875	1.0255731875	0.9892795	0.872558875	1.101515375	0.990405125	1.042663625	1.132033125	0.99613775	1.06957075	0.8755976875	0.941458125	0.796094375	0.86670325	0.9088375	1.001475125	1.02527075	0.995769625	1.185332875	0.9621748125	1.0330169375	0.9488040625	0.96325675	1.04928875	0.9102758125	0.9669125	1.109120375	1.072889	1.061906875	0.9845958125	1.220932125	1.09418425	1.0400355625	1.11356925	1.053282875	0.92404625	1.120488	0.97903525	1.36608075	0.907011	0.8825053125	1.102	0.026	1.03E-4	3.5E-5	0.219785449225
26	166	251	20.322866	0.33914875	0.380036625	0.34505284375	0.245516703125	0.506359125	0.37632190625	0.29975909375	0.29787325	0.476871375	0.383922	0.608648875	-0.047271453125	0.45795121875	0.246322796875	0.3938325	-0.13087753125	0.204110921875	0.3696600625	0.242996921875	0.5596245625	-0.2699985625	0.3418128125	0.5209141875	0.52247459375	-0.119262320312	0.321764125	0.1886214375	0.4993245625	-0.2576331875	0.18990653125	0.36998953125	0.5797818125	0.44294184375	0.3162889375	0.539958375	0.31697153125	-0.24381171875	0.4637574375	0.144338609375	0.427944625	0.385911875	0.31162103125	0.576367	0.25882453125	0.33997784375	0.35753459375	0.256921578125	0.39891175	0.270271125	0.121334703125	0.3583533125	0.3303004375	-0.162578625	0.37358409375	-0.31470203125	0.42389865625	-0.16600234375	0.36200078125	0.236365171875	0.50805153125	0.3556064375	0.228896390625	0.42296521875	0.3808989375	0.208999140625	0.373257125	-0.23387125	0.349155875	-0.253014578125	0.42888753125	0.38290303125	0.26626253125	0.595800375	0.4084780625	0.35413184375	0.40386153125	0.356776875	0.245376125	0.22727628125	0.29274721875	0.46275403125	0.190153328125	0.2021638125	0.37023596875	0.3491875625	0.19707375	0.25848325	0.44449221875	0.2119963125	0.36173528125	0.275328375	0.5113575625	0.3960898125	0.4652305	-0.19726340625	0.28637178125	0.50581721875	0.45024490625	0.202857203125	0.32417375	0.22684240625	0.46699925	0.4261559375	0.181914296875	0.36565325	0.38371790625	0.4548450625	0.1604079375	0.233668828125	0.28350925	0.19078496875	0.46473496875	0.24824496875	-0.19529271875	0.287225625	0.159839046875	0.0470252226562	0.153152	0.3006154375	0.6565153125	0.132057109375	0.3893094375	0.3960321875	0.4310138125	0.37703809375	-0.144780046875	0.2163833125	-0.234525734375	0.5011301875	0.407693125	0.34608003125	0.2798524375	0.5835313125	0.28642175	0.33311503125	0.31319846875	0.29163175	0.1995215	0.4132668125	0.48678509375	0.29532234375	-0.227313984375	0.172554671875	-0.082102484375	0.44219	0.504315625	0.32171084375	0.251089984375	0.34729490625	0.411346125	-0.16918065625	0.44326840625	0.160970875	-0.1932305	0.27453728125	0.24303946875	-0.171738703125	0.21929996875	0.26118559375	0.5109315	0.3445696875	0.30788778125	0.31831315625	0.27191421875	0.35417221875	-0.15060284375	0.531351	0.2194388125	-0.121333898437	0.302940875	0.5255353125	-0.127298304687	0.36526640625	0.33231609375	0.36839321875	0.2147594375	0.38872559375	0.43615509375	0.198532953125	0.200114640625	-0.2794580625	0.2817766875	0.4166885	0.33670121875	0.3309904375	0.18830259375	0.3616661875	0.604727625	0.2492735625	0.2190294375	-0.37631921875	-0.27448003125	0.29569840625	0.45217109375	0.46170903125	0.55572325	0.31032896875	0.448978125	0.47056234375	0.27492490625	0.3218185	0.19985409375	0.22124809375	0.41465909375	-0.1400270625	-0.18874571875	-0.229064328125	0.3320615625	0.241011578125	0.2864105	0.33112809375	-0.094148265625	0.3034859375	0.18659853125	0.39692446875	0.33118209375	-0.245822765625	0.230130875	0.43423575	-0.09935840625	-0.350931	0.2282768125	0.3903275625	0.2982114375	0.1949265	0.2629195625	0.216105234375	0.30341621875	0.26903290625	0.5272915	-0.141187796875	0.37236240625	0.4230473125	0.28757471875	0.3553769375	0.430577875	-0.212874140625	0.26484884375	0.261523515625	0.3166259375	0.323468	0.2977075	-0.2636169375	0.410708125	0.3191423125	0.26462325	0.601917875	0.463932625	-0.18239559375	0.256604453125	20.32	0.34	0.248	0.043	0.340502997322
27	145	251	2.9253545	0.66178775	0.5384894375	0.7378883125	0.5455270625	0.736973	0.6990453125	0.5488294375	0.7528709375	0.623112875	0.6540459375	0.5143943125	0.624171625	0.768819875	0.5803418125	0.7983403125	0.366125625	0.6957445	0.7482558125	0.7972428125	0.8295013125	0.5583935625	0.7110956875	0.65199275	0.6587285625	0.715984875	0.48091365625	0.7122596875	0.779149	0.5989695625	0.586299125	0.7625115625	0.623099125	0.46199253125	0.47829028125	0.6336405	0.8781575	0.3973445	0.628945875	0.5016225625	0.684213125	0.6256776875	0.47830415625	0.75803275	0.7305944375	0.8422093125	0.902361375	0.584918125	0.6515559375	0.6173299375	0.6288168125	0.694906625	0.6469513125	0.5513394375	0.6607874375	0.7604878125	0.66852025	0.535267875	0.5531770625	0.62394025	0.4253703125	0.7762493125	0.420393375	0.7139109375	0.569391	0.7734966875	0.66349325	0.34343653125	0.67504775	0.7782146875	0.6156450625	0.354618875	0.760870625	0.532253875	0.7347879375	0.5278935	0.40160640625	0.60956525	0.49219928125	0.585784625	0.5458823125	0.858449	0.61722275	0.692394	0.7336616875	0.64305225	0.49759440625	0.7337015	0.673298125	0.660513125	0.61151775	0.680011375	0.7594268125	0.7108355625	0.75253975	0.35856625	0.7823663125	0.6440739375	0.42922671875	0.6473176875	0.6074924375	0.7555520625	0.51080528125	0.7310819375	0.6416384375	0.643864	0.6449059375	0.5309685	0.7777705625	0.6763369375	0.87937675	0.671791875	0.7840218125	0.5353643125	0.7335690625	0.6486975	0.463479	0.5922683125	0.546886875	0.8742293125	0.531747625	0.7246753125	0.7404265625	0.6700195	0.5110830625	0.6017799375	1.074527875	0.5640208125	0.50373021875	0.751671875	0.4631553125	0.60145675	0.5929388125	0.5819871875	0.6705921875	0.6640634375	0.7583319375	0.51493265625	0.65632675	0.6498743125	0.7203036875	0.5224843125	0.49359725	0.52910625	0.51663759375	0.7159978125	0.706258	0.7358226875	0.5786836875	0.941048	0.75451975	0.7466751875	0.3064824375	0.785216875	0.634890375	0.589049375	0.7425255625	0.47123909375	0.7884459375	0.550408625	0.7436101875	0.8280963125	0.61901825	0.5729475	0.501392875	0.6919171875	0.51355121875	0.583525875	0.5594474375	0.529939625	0.8405365625	0.4969390625	0.851922875	0.575994875	0.716614	0.504419	0.5427995	0.512214625	0.488179125	0.593316625	0.71711475	0.51674775	0.8743360625	0.5993156875	0.76661025	0.5524885	0.6086669375	0.626270875	0.8193220625	0.732181125	0.5679004375	0.5918714375	0.45269878125	0.76004925	0.48947053125	0.4575586875	0.44375965625	0.6156970625	0.48012834375	0.6200685625	0.647695875	0.5675404375	0.6102776875	0.6168168125	0.59079225	0.8035516875	0.7240063125	0.8318023125	0.3714696875	0.3739494375	0.9371949375	0.60328375	0.504408625	0.50683034375	0.860863375	0.63397325	0.7740026875	0.633031375	0.563826625	0.67982275	0.7228083125	0.5811156875	0.5458248125	0.3677875625	0.63567075	0.59829775	0.665983	0.7342786875	0.797565	0.601072	0.8470756875	0.530153375	0.6417089375	0.589280625	0.51136578125	0.647338625	0.8528875	0.661462375	0.5489971875	0.6253963125	0.873383375	0.952331	0.7699895625	0.5931260625	0.756238625	0.48977334375	0.64107875	0.9409061875	0.66016925	0.5538241875	0.45922365625	0.678	0.025	7.0E-5	5.0E-5	0.192512183525
28	101	251	4.2596325	1.50637175	1.96772725	1.75252025	1.82623925	1.689386625	1.4608815	1.64244375	1.6818165	1.729182625	1.730129625	1.8358135	1.921762	1.712263125	1.83108375	1.80863925	1.76333875	1.87227025	1.742155625	1.59961	1.5352015	2.00765325	1.745239875	1.827028875	1.9834455	1.664300625	1.563166125	1.75906075	1.769470875	1.63373525	1.905934125	1.52143375	1.752037	1.850962125	1.891266375	1.7697925	1.53866825	1.793060625	1.612108125	1.64479775	1.8862535	1.93065025	1.826463	1.7668425	1.941539125	2.069012	1.94229825	1.711275375	1.5667285	1.67078375	1.768115625	1.93528875	1.834427125	1.7156585	1.664802375	1.834846	1.679176	1.7740405	1.72336025	1.848995	1.7283585	1.719616	1.612188375	1.56066825	1.91338975	1.988606125	1.842629375	1.943285375	1.6028855	1.79125975	1.7624455	1.92994275	1.776524625	1.847650875	1.900074125	1.952237875	2.15364175	1.691830625	1.745288375	1.5863765	1.765710875	1.84548375	1.712168875	1.635635625	1.897752625	1.913832	1.805193	1.735602375	2.044870125	1.4287125	1.719365125	1.693193	1.74716075	1.697144	1.6714975	1.983291125	1.618915875	1.57617875	1.456074	1.56522275	1.874929	1.812688125	1.675714875	1.797806625	1.8281925	1.670137125	1.730981125	1.648518	1.5198585	1.818953125	1.61087075	1.893549	1.80383575	1.537027125	1.655223	1.720162	1.602314125	1.73009375	1.871890625	1.5867455	2.059847125	1.48832975	1.65027675	1.758256875	1.723290625	1.757587125	1.617362375	1.58974525	1.724613375	1.74807325	1.682676375	1.72748625	1.871824375	1.89304875	1.8391575	1.7819865	1.7325975	1.70027875	1.734969	1.70731675	1.696062	1.838344375	1.878461875	1.68893625	1.827379875	1.70117325	1.55489675	1.6455395	1.717391375	2.062546375	1.817508	1.650255875	1.8779955	1.977898	1.8553235	2.034859	1.69610925	1.7894325	1.7474105	1.699245875	1.7886205	1.74290175	1.81609125	1.696771625	1.642321875	1.604639375	1.622983875	1.877707125	1.880590625	1.459079875	1.62979225	1.891562875	1.653914625	1.852937125	1.7958645	1.913783	1.6346585	1.7161195	1.812846875	1.94493075	1.925914625	2.01444575	1.838992375	1.793936375	1.764330875	1.75062475	1.6918865	1.869960625	1.768863375	1.660619	1.898848125	1.696790875	1.742308875	1.62354375	1.67995675	1.732114875	1.727636625	1.83790375	1.658648875	1.811054625	1.59303325	1.830372	1.64070025	1.9646635	1.63540925	1.711889625	1.908039	1.649966125	1.828746875	2.010593375	1.7316375	1.692275875	1.49989075	1.762930625	1.705799125	1.7443455	1.676945375	1.8125275	1.7090565	1.84216925	1.840946375	1.90935925	1.607178625	1.931976125	1.74912225	1.7272595	2.006213125	1.99396425	1.737213125	1.715154	1.787271625	1.444864875	1.638849625	1.728542875	1.643305125	1.90800075	1.53435	1.5729825	1.688309625	1.817245625	1.652261625	1.70609875	1.777281125	1.649921625	1.794454125	2.07886675	1.713273125	2.04264575	1.7821515	1.53100275	1.488638125	1.803	0.029	3.2E-5	2.0E-5	0.206592012876
29	109	251	4.5961445	2.039292125	1.801921625	1.89257675	1.95350675	1.789377375	1.902606875	1.83329475	1.83574025	1.662768125	1.757859375	1.989572	1.72927675	1.948437	1.896581375	1.664061625	1.736464625	1.855922625	1.84353475	1.874650375	1.856249625	1.809267375	1.89574825	1.661114125	1.91562475	1.721508625	1.731013375	1.807706	1.7665705	1.602222625	1.730046625	1.751296	1.7940535	1.722596625	1.57248275	1.998089125	1.850441375	1.886513375	1.641617875	1.779822125	1.8559205	1.613764375	1.598585375	1.5728795	1.821050625	1.622015	1.797500875	1.760572625	1.50296475	1.6303385	1.897361125	1.795106	1.80309125	1.452263	1.600378375	1.549398	1.83345275	1.235112875	1.603066	1.6560365	1.56516675	1.617830625	1.569857875	1.7627025	1.466570375	1.60157875	1.6239625	1.612326625	1.41935025	1.543040375	1.5827085	1.414987875	1.557879	1.653628125	1.725654875	1.655724	1.61874425	1.644424125	1.487120625	1.423562375	1.540035125	1.301810875	1.6315395	1.443478125	1.5296945	1.690581375	1.309501	1.571633625	1.33560525	1.20084225	1.53723975	1.257161375	1.45311725	1.521652875	1.55656975	1.474189875	1.367362875	1.240876875	1.351495375	1.41050825	1.32034175	1.440666125	1.43891475	1.2497925	1.42929675	1.213689625	1.288483875	1.359738625	1.328635125	1.584244875	1.404123	1.1098405	1.4140045	1.227712625	1.0807285	1.3340885	1.3563035	1.253131125	1.273648875	1.3972025	1.2520385	1.16250325	1.5579035	1.397861625	1.224455875	1.282615375	1.28008775	1.0423351875	1.262780625	1.32267225	1.0896405	1.289813375	1.087014625	1.312361375	1.2493145	1.0720225	1.15414975	1.258858375	1.09501	1.448308375	1.260047375	1.198374875	1.110820375	1.1207985	1.18250175	1.248737125	1.188833125	1.361281375	1.123356375	1.14987975	1.3534105	1.067038875	1.232897375	1.41467575	1.141617625	0.981318875	1.007279375	1.324567	1.135658375	1.068585625	1.273992375	0.983778625	1.18911175	1.0324609375	1.27624825	1.238384875	1.132267875	1.16495125	1.0102271875	0.954106125	1.036438875	1.0714465	1.134519625	0.9504223125	1.009886375	1.220892	0.8081570625	1.147632125	1.138442125	1.0970165	1.14288975	1.330790875	0.8567620625	1.055126875	1.057105125	0.766223375	1.099115125	1.15004175	1.019625875	1.1828585	1.02595625	0.8785588125	1.00978025	1.1921205	1.206070625	0.99288825	1.0383535625	0.924006125	1.022544125	0.921588	1.279918375	1.21436725	0.7719648125	1.160306375	0.7675365625	0.9996139375	0.940628625	0.8624571875	0.91811075	0.91743125	1.176454375	0.89642525	1.164991375	1.112885125	0.9858856875	0.956034125	0.8359373125	0.9382466875	0.8390291875	0.99632675	0.9772260625	1.02843975	1.046810875	0.760940125	0.8294595	0.9736310625	0.7252820625	0.899101625	0.688976625	0.7672276875	1.111017125	1.142082125	0.853658	0.9640791875	0.945429125	0.65288225	0.791302	0.867463375	0.96531975	0.7805145625	0.77958125	0.9063388125	0.8917125	0.715508625	0.831832625	0.7014364375	0.8693763125	0.8280935625	0.8346678125	0.9676024375	0.8322241875	2.019	0.034	7.14E-4	3.0E-5	0.205034427026
30	53	251	3.8595375	2.032929875	1.981352	1.8856715	1.87597425	2.056098	1.875854875	1.866228625	1.819173125	1.70282675	1.998324625	1.71638125	1.8528925	1.763320625	1.626812875	1.843362375	1.88041925	1.9869945	1.774996625	1.7608615	1.8432845	1.676952875	1.482818625	1.825619125	1.8382645	1.61641025	2.0682755	1.693879	1.634732875	1.7299065	2.04398175	1.920473125	1.744590375	1.936623125	1.835919	1.717292625	1.755632	1.66759625	1.72865625	1.4879695	1.9834015	1.696416625	1.664038375	1.56129975	1.613763875	1.573526875	1.640243375	1.85774725	1.86239175	1.589524625	1.307866625	1.450865875	1.810266625	1.68442225	1.4964725	1.67517525	1.431198375	1.7185405	1.4046805	1.6262555	1.775023875	1.56885825	1.575324375	1.565093	1.62739875	1.342572375	1.58599125	1.59169225	1.422524	1.4047845	1.517359375	1.69046925	1.647795	1.6906895	1.297656875	1.56231625	1.5089735	1.438556875	1.396018375	1.432908	1.322437875	1.308096875	1.3554835	1.3438785	1.663989125	1.50471625	1.373680125	1.515056125	1.280168875	1.647072625	1.423183	1.267733875	1.103149125	1.453301125	1.120589	1.61002325	1.28223325	1.5971705	1.215833625	1.19300775	1.35888725	1.368841375	1.18073875	1.400707625	1.318994625	1.383139875	1.254788	1.371621375	1.2242795	1.260702625	1.306404	1.390621875	1.3026655	1.2229685	1.199483625	1.335459625	1.39595225	1.21823875	1.228929625	1.17659475	1.11510975	1.15382475	1.3439015	0.8502185	0.906063875	1.084481125	1.0382398125	0.81722125	1.449113	1.156679875	1.261296875	1.066640375	1.27382875	1.110493	1.128553875	0.8663928125	1.191992875	0.9318928125	1.2891945	1.135027625	1.2747215	1.23004725	0.902647375	1.163930375	1.1359075	1.05777075	1.14983075	1.12244375	1.0239370625	1.02462325	0.9111318125	0.853933875	1.1014775	1.122425375	1.166298	1.0343904375	1.0339658125	0.5947600625	0.9276168125	0.9723651875	0.885283625	0.792533125	1.0303774375	0.9965644375	1.148556375	1.121516125	1.020266375	1.047770125	0.8465476875	1.0385425	1.305991125	0.92046575	0.877629375	0.730694125	0.8647175625	0.901595	0.84058675	1.071361875	0.822931375	0.8820524375	0.977169625	0.86625975	1.157056125	1.0058348125	1.071609625	0.795326875	0.8786176875	0.9263065625	1.030411375	0.8542885	0.7022544375	0.8949291875	1.0347526875	0.89405025	0.9578825625	0.8465394375	0.917199375	0.9146678125	1.073206875	0.9863353125	0.6617935625	0.858403375	0.729113	0.702483625	0.5841683125	0.82627625	0.7913828125	0.7500179375	0.7883984375	0.88353475	0.765311375	0.8605174375	0.916213875	0.932960625	0.7269659375	0.8423104375	0.86191575	0.673371125	0.8016128125	0.675690625	0.885858	0.9019946875	0.7830289375	0.8109105625	0.8599208125	0.652357625	0.5975325625	0.6887785	0.4457831875	0.763838125	0.719834375	0.585303	0.7396175	0.758844	0.8148720625	0.786405625	0.592475	0.641283625	0.57342775	0.859177	0.52049315625	0.42775365625	0.6490265625	0.6573398125	0.7097685625	0.537254375	0.637588125	0.5606795625	0.5311354375	0.28518415625	0.888645375	2.071	0.028	9.04E-4	2.6E-5	0.17827375305
31	24	251	6.445234	2.27368125	1.78618825	1.951077125	1.800954875	1.877853625	1.801984875	1.634133125	1.93974675	1.829809625	1.876975	1.58613325	1.984794375	1.584278125	1.7984395	1.940799125	1.900140625	2.07014325	1.98593125	2.026554875	1.75411275	2.01385175	1.815782	1.884675125	2.0993515	1.695785125	1.8464245	1.980509	1.9712095	1.8694725	1.9673585	1.858990625	1.780422875	1.801059875	2.057025125	1.793754875	1.944392	1.94935725	1.88825375	1.947602125	1.857648125	1.987329125	1.722476	1.805791125	1.762843	1.93017225	2.03047425	1.792114625	1.711189125	1.835101625	1.912211375	1.7974085	1.543527	1.7794605	1.744521	2.08704575	1.850736875	2.15039625	1.920107625	1.94362075	1.73235975	1.8784225	1.84811225	1.5572915	1.92452675	1.86488725	1.825686375	1.96220025	2.030512375	1.8614865	1.82534625	1.733009	1.872656	1.865084875	2.031710625	1.56700175	1.936829	1.995325	1.6367895	1.964277625	1.951572625	1.86998975	1.81229525	2.12050575	1.67377025	1.930942625	1.8245395	1.9079	1.716370875	1.790609125	1.746701	1.75773075	1.998754625	1.872365	1.94382375	1.867226875	1.59322	1.51926375	1.815353	1.843948875	2.00754375	1.999677	1.605587875	1.701107625	1.898272625	1.64314875	1.717635625	1.563137125	1.695964375	1.837736125	1.79286625	1.7947455	1.831450375	1.86455225	1.770041375	1.91773425	1.676099125	1.77212525	1.716212125	1.744267875	1.669577	1.881315625	1.7680135	1.62698	1.940130875	2.00094175	1.967072375	1.660655125	1.933720125	2.122743	1.891725375	1.97335175	1.788149125	1.914024375	1.93858225	1.899296125	1.690921875	1.74127125	1.798089125	1.841920625	2.1939355	1.870336375	1.69882675	1.987454	1.848264875	1.643891125	1.83223125	1.70272075	1.68547	2.14092975	1.86112725	1.946354625	1.94307925	1.990219	1.80226375	1.90710725	1.952935875	1.768958875	2.0225885	1.597876375	1.91482925	1.7976625	2.011404875	1.75290725	2.023600875	2.10614275	1.734596875	1.961676625	2.002192125	1.8605045	2.12156475	2.014607625	1.928274375	2.2055205	1.94420825	1.902457375	1.8539125	2.06975425	1.726710625	2.03269725	1.84067575	1.787929	1.711098875	1.82034525	1.864125875	1.847566	1.988471625	1.862157125	1.804889125	1.978323875	1.87848225	1.785483875	1.880566625	2.057912	2.00222325	1.920435375	1.749324	1.857938625	1.874155	1.77181275	1.830582	1.9465725	1.714737	1.68670075	1.79199125	1.961773	1.836997	2.056480875	1.825800625	1.613857875	1.886216125	1.84830775	1.806685	1.878068375	2.025335125	1.505681375	1.890568375	1.737461	2.048369	1.900112	1.909530125	2.053355125	1.78219775	1.906347875	1.977537	1.915383875	2.02833375	1.9870465	1.885491875	1.878341625	1.958284875	1.80829975	1.8599485	1.58123725	1.9331525	1.9222435	1.98835775	1.855882	1.831134375	1.977468875	1.8315775	1.881727	2.01179675	1.633661625	1.842395875	1.850861625	2.074170375	1.923077375	1.963889625	2.04285175	1.769780875	1.926	0.04	3.6E-5	2.9E-5	0.317593406474
32	140	251	6.003727	1.505977875	1.505355	1.70430125	1.53535925	1.53891425	1.47740075	1.377904875	1.153657625	1.237416625	1.25139225	1.40745575	1.353268375	1.4054895	1.221403375	1.252664875	1.110887875	1.36728475	1.37376325	1.171674375	1.1166775	1.245849125	0.863985625	1.172996875	1.35335125	1.073973125	0.858889125	0.933206625	1.074550375	0.9096764375	1.198588375	1.080282625	0.910212375	1.052951125	0.8216604375	0.7829365625	0.697627	0.7189435	0.7592478125	0.8086593125	0.8204588125	0.6928565	0.708433625	0.8239706875	0.93263725	0.651550125	0.46920515625	0.7136450625	0.5833734375	0.6031611875	0.7694333125	0.7715465625	0.527005875	0.7110828125	0.48306203125	0.630490625	0.4687235625	0.45144675	0.37075396875	0.700337875	0.58551625	0.5959964375	0.584564875	0.443309375	-0.133935328125	0.34116875	0.6865315625	0.422767	0.46946921875	0.5601761875	0.47333703125	0.39954203125	0.480882625	0.33922234375	0.5387271875	0.45888365625	0.37687553125	0.44995625	0.526456375	0.48386428125	0.240598921875	0.33434103125	0.338548	0.4012205	-0.118021929687	0.4271855	-0.11054446875	0.31088575	0.420122125	0.38938046875	-0.3887979375	-0.224760453125	0.21122421875	0.19963675	0.166137203125	0.27802515625	-0.21178759375	0.26976740625	0.625689875	0.242866140625	-0.2257588125	-0.1552115	0.28591484375	0.203419421875	0.208438734375	0.230913953125	0.3526280625	0.16638325	-0.21194871875	0.12937303125	0.202258703125	-0.18392525	-0.113453164062	-0.3356721875	-0.107422765625	0.33443990625	0.269804875	0.2520525625	0.182809875	0.256716375	-0.30485859375	0.179972765625	0.194686296875	0.11122796875	0.3219374375	0.33938034375	0.4117705625	-0.08216478125	-0.155195265625	-0.241089484375	0.5005279375	0.15156165625	-0.191930375	-0.3124770625	-0.122422164062	0.13018040625	-0.152573421875	0.25271653125	0.244832296875	-0.201293921875	-0.166340359375	0.24141359375	-0.28624303125	-0.27019990625	0.225973359375	-0.2514795625	0.212582	-0.39718459375	0.256901359375	0.231056125	0.224111296875	-0.194769859375	0.165777265625	-0.146747984375	-0.220155265625	0.259366640625	-0.120358929687	-0.29343521875	-0.40137925	-0.188891125	0.31022465625	-0.122860710937	-0.260067421875	0.0526556210937	0.168782609375	0.2867795625	-0.137501984375	0.155477484375	0.3027185625	-0.138561171875	0.19182565625	0.174618296875	0.3979773125	-0.17023871875	0.243074515625	-0.17352571875	0.102133117187	-0.23961115625	-0.1836816875	0.209657953125	0.169754890625	-0.2711675625	0.149789328125	-0.17414571875	-0.35020190625	-0.12307059375	-0.29912946875	0.200901953125	0.1890313125	-0.20619753125	0.1758809375	-0.182648203125	-0.2550471875	-0.17768334375	0.2148711875	0.26514790625	0.0816863515625	-0.09564378125	-0.1038215	-0.13430646875	-0.193762875	-0.27206184375	-0.20228590625	-0.0905859140625	0.2901938125	0.088026421875	-0.11534690625	-0.12117728125	0.23778509375	-0.243498296875	-0.231396875	-0.18662321875	-0.16783196875	0.15067496875	-0.139016640625	-0.154176671875	-0.120694429687	-0.45671915625	0.10764828125	-0.21272378125	0.0839628671875	0.4442034375	0.203668875	-0.25298428125	0.137525765625	-0.1804621875	-0.229248765625	-0.120065765625	0.187657328125	0.135786921875	0.129013890625	-0.146557453125	0.185581078125	0.12608396875	-0.256988515625	0.26691209375	-0.17207471875	-0.2197314375	0.12581946875	-0.3331548125	0.280585	-0.251242546875	-0.160589421875	0.131689109375	0.212558125	-0.118079882812	0.29658984375	-0.137019234375	-0.20677259375	0.201037375	-0.107117890625	2.28	0.12	0.0055	3.7E-4	0.325426144373
33	89	251	5.336809	-0.171747828125	0.38384725	-0.237782921875	0.157771890625	-0.2319733125	0.190155125	-0.13169325	-0.34021809375	-0.23613196875	-0.245302046875	-0.33785675	-0.14385765625	-0.2676421875	-0.13707665625	-0.30203328125	0.167484796875	-0.26075009375	-0.252676953125	-0.217857109375	-0.171747578125	0.113777195312	-0.3382443125	0.0313429667969	-0.250346671875	-0.143081375	0.3040641875	-0.159355234375	-0.223985234375	-0.33669584375	-0.120353296875	-0.3854414375	-0.1994683125	-0.127208460937	0.18663365625	-0.123044171875	0.127095335937	0.16121315625	-0.156162203125	-0.18738515625	-0.143229421875	0.104336445312	-0.34620384375	-0.276238625	-0.165366578125	0.3657220625	0.167639296875	-0.31649646875	-0.26502025	-0.135416390625	-0.23410984375	0.14258959375	-0.1525169375	0.177475765625	0.099176671875	-0.51834040625	0.102858515625	-0.453989	-0.2955115	0.121668648437	-0.125503289062	-0.29140775	-0.3188076875	-0.32259659375	-0.1719765	-0.138832453125	0.164200640625	0.110838984375	0.18348909375	-0.221085609375	0.143135109375	-0.32726709375	-0.142109953125	0.14624115625	0.117351109375	-0.0669562265625	-0.33887696875	0.206882296875	0.2649095	-0.34029909375	-0.140402640625	0.167455625	0.15013303125	-0.4126335625	0.101620828125	-0.256382015625	-0.4212719375	-0.29005634375	-0.3408013125	0.256624484375	-0.18803171875	-0.1934928125	0.24098953125	-0.2145898125	0.0651399375	-0.13879521875	-0.123622375	-0.252811	0.109208773437	0.0682856484375	-0.146053796875	-0.3080069375	0.177236875	-0.190604171875	-0.200472390625	-0.20674359375	-0.17425215625	-0.129581859375	0.110637046875	0.120015171875	0.13418946875	-0.28312440625	-0.3607244375	-0.23301490625	0.23943934375	0.27849146875	-0.22464696875	0.102563304687	0.206392203125	-0.241830015625	0.171904828125	-0.111092390625	-0.23228340625	0.144690203125	0.0581955742187	-0.157456234375	0.142224359375	-0.30825921875	0.180656921875	-0.1126059375	0.108846351562	-0.30415884375	-0.155188703125	-0.143239328125	-0.165947828125	0.222614890625	-0.23674271875	-0.087479109375	-0.192143203125	-0.1811105625	-0.107934632812	-0.164486640625	-0.30026975	0.294296875	-0.163612859375	-0.175343375	-0.149542578125	-0.150959375	-0.14976178125	-0.225706625	0.112528453125	-0.3399470625	0.106132625	0.4104409375	-0.201616125	0.178153015625	-0.3820394375	0.194468078125	0.05892478125	0.30930721875	-0.218720453125	0.430765125	-0.206207140625	0.04821809375	0.063447390625	-0.28568934375	-0.187437703125	-0.225355140625	0.213960796875	0.1279841875	-0.16473346875	0.19845	-0.46629871875	0.3729849375	-0.411436	0.2104953125	-0.062574203125	-0.2860218125	-0.332946125	-0.24689025	0.164822359375	-0.260714890625	0.134363984375	0.18301890625	0.089189796875	-0.166141109375	-0.43398890625	-0.302408	-0.0529401601562	-0.2659169375	0.100820796875	5.41580078125E-4	-0.30839984375	-0.280801625	-0.207852296875	-0.1365886875	0.1702163125	0.128283382812	0.2834304375	0.29349875	0.105431171875	-0.098041609375	-0.150876578125	0.1350376875	0.0678291875	-0.189675765625	-0.30484334375	0.0783569140625	0.15942375	0.135620125	0.23053075	0.1350668125	0.1524338125	-0.047202140625	-0.184004875	0.142319875	-0.44277978125	-0.154711859375	-0.26181221875	-0.28353834375	0.120017640625	0.108435960937	0.0797330078125	0.195396203125	0.1201244375	0.172681625	-0.175394109375	-0.4071344375	-0.1090348125	0.0760499375	-0.0740370234375	0.131140671875	0.1756455	0.15617671875	-0.12857875	0.18288784375	-0.111091625	-0.3476054375	-0.15365734375	-0.2447868125	0.13305390625	-0.38165128125	0.105321835937	0.139947390625	-0.1313833125	0.0752304921875	0.202326984375	-0.19574784375	0.123485742187	-0.42057384375	-0.27992446875	5.34	0.08	1.9	0.0	0.222771906976
34	20	251	4.2991885	2.1786095	2.18634275	1.959085125	2.2440845	2.13189975	2.16860025	2.3204445	2.020628625	2.22655575	2.18141825	2.1260155	2.1015295	2.1598635	2.2043985	2.2391095	2.16712125	2.108285	2.2538555	2.055617125	2.029531625	2.3230615	2.274247	2.15247775	2.34217875	2.09734075	2.5039395	2.348469	2.005581625	2.191168	2.02722875	2.42267275	2.1449205	2.075992875	2.051449375	2.13779475	1.999391125	1.887327375	2.04745725	2.14911275	1.989328875	1.85250675	2.0017825	2.37220475	2.07280375	1.934306	2.192894	2.2842245	2.197796	2.369829	2.0347395	2.316085	1.975641125	2.26157975	1.856770875	2.245358	1.876126625	2.11764575	2.32347225	2.2122285	2.0110085	2.1158055	2.106333	2.17250275	2.2090275	1.916494125	2.3021155	2.1360285	2.30441925	2.10076825	2.09657225	2.22869825	2.347202	2.434817	2.089695375	2.057295625	2.06855625	2.10352125	2.25883025	2.280361	1.99683025	2.13401625	2.1149515	2.063928875	2.19785825	2.260594	2.0516765	2.2422595	2.10165125	2.05279775	2.11807375	2.16114275	2.2331835	2.26528175	2.026042375	2.1235545	2.083653125	1.783188625	2.012554375	2.20109275	2.076147625	2.2134565	2.418696	2.20342875	2.109529	1.98246775	2.15003475	2.3095105	2.21729675	2.149515	2.1541975	2.14809	2.083793625	1.96382575	1.99136975	2.1718845	2.1261065	2.148859	1.983221625	2.34457225	2.28359825	1.893907375	2.09122275	2.104986	2.212979	2.1770025	2.17244725	2.03410025	2.220615	2.16229225	2.2491645	1.99011025	2.15993675	2.051574375	1.997856875	2.08278375	2.30016625	2.10528	2.3422345	1.957198	2.145872	2.12647725	2.14912575	2.30805325	2.2846585	2.00696325	1.997903	2.26624725	2.0676385	2.1886845	2.18719525	2.068055875	2.030651375	2.018195375	2.067325125	2.303059	2.07134175	2.172456	2.075948375	2.108682	2.148223	2.25828	2.24495	2.26315525	2.154546	1.95322275	2.2256625	2.23073025	2.32377325	2.267196	1.954878	2.039766375	2.21215225	2.039974625	2.21294975	2.2219645	2.378626	2.057176	2.32420975	2.17554775	2.1287715	2.157456	2.262322	2.14657775	2.033251375	2.28821175	2.4196105	2.26458925	2.069165875	2.014512125	2.042261375	2.092888125	1.9016705	2.06154175	2.215062	2.06874625	2.25534875	2.066712	2.29291625	2.2982625	2.200096	2.439957	2.12430075	2.010873375	2.31826575	2.12291325	2.184137	2.245659	2.3323485	2.023499125	2.11919575	2.19259075	2.10539325	2.189732	2.19077525	2.16816575	2.2250565	2.1356895	2.005871125	2.19648025	2.180323	2.11200225	2.555252	2.00273125	2.24567525	2.39301675	2.3203135	2.1517565	2.2911825	2.40878375	2.014489875	1.958802375	2.015638625	2.14967475	1.896671375	2.099448	2.057952875	2.30372225	2.054491625	2.15976825	2.19339525	1.964927375	2.2465145	2.11938875	2.26717975	2.11591475	2.28785475	2.11318475	2.38548925	2.36769775	1.97853875	2.174	0.025	9.0E-6	1.5E-5	0.186670859754
35	148	251	5.8760265	2.73843825	2.59157975	2.6498945	2.85126475	2.61616825	2.51187	2.661453	2.683397	2.77215875	2.55523525	2.64459875	2.830509	2.72287275	2.90510675	2.70365175	2.612511	2.82378825	2.6920125	2.902771	2.67822125	2.76236575	2.75217275	2.94436975	2.61661575	2.64205275	2.50409775	2.8403425	2.88786125	2.5790665	2.77804675	2.6367015	2.794235	2.660817	2.70843225	2.5039225	2.755775	2.7328025	2.6965025	2.79550025	2.52687575	2.91604325	2.72854125	2.683829	2.58122575	2.801818	2.55730775	2.78928775	2.668257	2.656692	2.7526445	2.41019425	2.49952125	2.6680285	3.01883825	2.895609	2.6527535	2.7261475	2.7636325	2.7175565	2.70054475	2.53588425	2.9891575	2.715754	2.4136165	2.66520875	2.5057695	2.57379025	2.723995	2.6675005	2.81991775	2.47005975	2.73400925	2.7981475	2.79691425	2.72678175	2.8314335	2.74747675	2.625712	2.7557115	2.66602175	2.6461885	2.77975125	2.57740475	2.7125335	2.7377055	2.5665605	2.7423775	2.5755575	2.89690925	2.745521	2.625399	2.684235	2.6549915	2.87822825	2.9116265	2.84470525	2.9596215	2.63474175	2.72296925	2.68746125	2.7606725	2.73549375	2.72580875	2.90529875	2.52603225	2.56106775	2.689235	2.79039775	2.45906925	3.08640625	2.5627595	2.806421	2.65221825	2.591709	2.65722575	2.80381925	2.497083	2.61441825	2.44987375	2.91710325	2.3060975	2.827865	2.8424985	2.7143435	2.6324985	2.69714725	2.919933	2.834142	2.686033	2.74181475	2.76360525	2.91661525	2.6523225	2.70543825	2.633247	2.78299425	2.66466575	2.826224	2.839538	2.713281	2.7042215	2.7969785	2.92962875	2.9812135	2.720812	2.787006	2.48301475	2.77038925	2.612198	2.62361525	2.75390725	2.77502525	2.6963175	2.71094425	2.771103	2.659659	2.76419	2.79323975	2.55125875	2.79221825	2.76144925	2.5818375	2.73920425	2.6749655	2.66479875	2.7248575	2.7662435	2.5805265	2.775585	2.66546275	2.66950975	2.6424885	2.92196225	2.61043	2.4863375	2.69733225	2.67504925	2.6838265	2.669365	2.61826525	2.76508825	2.82485425	2.522644	2.578505	2.63323675	2.80652325	2.61051	2.79461975	2.79457725	2.66247725	2.66592525	2.719685	2.804645	2.884073	2.96905575	2.89226125	2.5737075	2.737309	2.557198	2.584632	2.7009285	2.73245425	2.792329	2.626675	2.7185555	2.43844725	2.76782075	2.80245675	2.62258325	2.6950615	2.70025275	2.6022415	2.590625	2.64180725	2.67028475	2.59453625	2.6330415	2.64632425	2.80348825	2.74079875	2.72743425	2.624345	2.6334285	2.7204065	2.6206325	2.6351655	2.76159875	2.68844425	2.75447975	2.5283055	2.6505015	2.5009335	2.50380875	2.6516525	2.36291775	2.586895	2.6937835	2.732684	2.73768625	2.731902	2.9436425	2.596692	2.73674025	2.83734725	2.3240755	2.66543025	2.4180155	2.634555	2.7982595	2.613015	2.774	0.03	3.6E-5	1.5E-5	0.233666653488
36	23	251	4.9147445	0.8545685	0.6769744375	0.8540684375	0.77476125	0.7171215625	0.75943525	0.557841375	0.7764008125	0.7651618125	0.78623375	0.6512053125	0.49085259375	1.0247301875	0.7694044375	0.6188081875	0.7117090625	0.64229225	0.769074375	0.785072125	0.76713825	0.6883581875	0.6900819375	0.5173460625	0.634458	0.632199375	0.6220745	0.9196375625	0.72110975	0.43379778125	0.64527525	0.629441875	0.5530993125	0.717345875	0.602045	0.8370448125	0.607055125	0.64968725	0.611844875	0.769394375	0.8178241875	0.594857	0.7200895	0.619112125	0.7987650625	0.7166396875	0.6488815	0.7475095625	0.49946625	0.548150875	0.652700375	0.529788625	0.884342375	0.49134240625	0.7279436875	0.5865520625	0.6464454375	0.4517215	0.7233053125	0.53032925	0.5820893125	0.6401414375	0.6435956875	0.7036275	-0.31147615625	0.6683633125	0.5812975625	0.560445	0.6310271875	0.4801423125	0.535581125	0.46188059375	0.7369369375	0.768716375	0.722220625	-0.20070128125	-0.29516090625	0.6515655	0.6090494375	0.47476375	0.768432875	0.4962435625	0.68889075	0.6819015	0.759177875	0.6848405	0.42466409375	0.6110495	0.60992075	0.532407875	0.6243665	0.63752875	0.7502581875	0.6924606875	0.6817356875	-0.28455346875	0.4119754375	0.4625835625	0.4815796875	0.46106896875	0.45743546875	0.7490476875	0.7104605	0.42709009375	0.46683209375	0.40328325	0.4601949375	-0.180500140625	0.4636755	-0.30687615625	0.5994369375	-0.22029103125	0.6477299375	-0.339022125	0.482602875	-0.38931834375	0.4904398125	0.3253605625	0.644537	0.4503923125	0.5407395	-0.200228703125	0.42385084375	0.604864	0.470772125	0.47754746875	-0.26795184375	-0.26905875	0.6606443125	0.60388475	0.3834096875	-0.29801628125	0.5492856875	0.5753224375	0.565573125	0.38834834375	-0.3235945	-0.313291125	0.6075801875	0.47692990625	0.4957885625	0.52909275	0.5776208125	-0.242139359375	0.28646309375	0.44992884375	0.3240855625	0.74109925	0.40165359375	0.3634905	0.429372125	0.32068859375	0.36151259375	0.6494603125	0.4759920625	0.3258505	0.25503084375	0.516817875	-0.22079971875	-0.21839125	-0.153529109375	0.2432451875	0.59009675	0.31185759375	0.6010894375	0.504224875	-0.36304415625	0.6475336875	0.524654125	0.416888125	0.55107075	0.40150821875	0.40299034375	0.41155653125	0.61890925	0.45021609375	-0.203258796875	0.26556090625	0.39474825	0.380329375	0.495444	0.44751215625	0.30503671875	0.55698425	0.2954954375	0.237169328125	0.32846375	0.5927661875	0.43691134375	0.275777125	0.27451546875	0.30236740625	0.526196	0.34078975	0.5692605625	0.5864994375	-0.249590953125	-0.29203325	0.5359826875	0.264109875	-0.2745406875	0.4721278125	0.39958934375	0.5395601875	-0.2413969375	0.42844721875	0.39531425	0.432268875	0.472169125	-0.2022415625	0.33761390625	-0.21294378125	0.4153788125	0.42238715625	0.3263643125	0.526272	-0.210930078125	0.3137881875	0.38405440625	0.3087175	0.400251875	0.36279075	0.52877975	0.2403958125	0.32045640625	0.44514259375	0.31091696875	0.19383040625	0.46108875	0.3731435625	0.5464606875	0.41315221875	0.3388805625	-0.243702453125	0.38012703125	0.3269220625	0.47455503125	0.33871128125	0.361383875	0.33724115625	-0.28441790625	0.42560275	0.3771429375	-0.171024546875	0.361033375	0.32208546875	0.3754881875	-0.23413284375	0.4150575	0.38238890625	-0.156852140625	0.91	0.07	0.00132	1.6E-4	0.367708381134
37	54	251	3.5607925	1.1547505	1.190412375	1.075536375	1.232044875	1.323576125	0.9032134375	1.0150938125	0.954881625	1.268335375	1.0427976875	1.118636125	1.41590325	1.320906125	0.9468273125	1.18228975	1.31338325	1.473771125	0.9707920625	1.092863375	1.117816125	1.6549425	1.43254	1.31599775	1.37301825	0.919859625	1.10890175	1.570592625	1.350108	1.336084	1.46221225	1.2233845	1.323354	1.155843625	1.390750125	1.097325	1.259667375	1.3602335	1.29023125	1.34869475	1.31576825	1.4619565	1.28856225	1.17143675	1.27405675	1.219006	1.41138275	1.360466375	1.285094	1.34359925	1.4942245	1.26994175	1.248059	1.21119625	1.443835625	1.579248375	1.4379435	1.299858875	1.69722075	1.361229875	1.3840615	1.59149875	1.2413245	1.385687375	1.43278	1.3998225	1.488914125	1.269362125	1.216275125	1.888319125	1.450256	1.467215625	1.375474	1.330218875	1.587836125	1.549481125	1.44074975	1.40187175	1.36536375	1.536979625	1.474223125	1.5315195	1.576583625	1.6251665	1.3370215	1.553734875	1.37385675	1.490059	1.43862025	1.311019	1.50896825	1.390390375	1.441174125	1.44447175	1.55132675	1.506259125	1.1337545	1.558114	1.35961425	1.73886275	1.30641825	1.51741075	1.452504625	1.305266625	1.286170625	1.6411495	1.5551995	1.444413125	1.50761125	1.451751	1.640549625	1.408995125	1.646479875	1.292540875	1.828808375	1.727281625	1.317038875	1.931704	1.70976275	1.80712525	1.13878225	1.717355625	1.5255765	1.505171125	1.675797375	1.666498875	1.30251875	1.377183875	1.573933125	1.3607805	1.39660175	1.6811515	1.785090375	1.252077375	1.657218625	1.731287875	1.5898355	1.748364875	1.548538875	1.45410325	1.815848625	1.7444385	1.7366315	1.65600375	1.53551475	1.31927375	1.522263375	1.555174625	1.67660225	1.558998625	1.84986925	1.651349	1.594117	1.495609625	1.8368515	1.748863625	1.601560125	1.896786875	1.757240875	1.76522125	1.47085375	1.48443675	1.42762925	1.581880125	1.362107625	1.629791375	1.695187625	1.27303175	1.692011	1.421059875	1.606737	1.535879125	1.839021	1.47178475	1.7600515	1.513711875	1.823736625	1.740530375	1.351973	1.523505875	1.52308775	1.722764375	1.850609875	1.70008575	1.572875375	1.602814875	1.467464	1.794299625	1.580672125	1.41853975	1.506689875	1.4332495	1.992201	1.215026625	1.61132775	1.473730625	1.601287125	1.587675125	1.623642	1.496444375	1.796060875	1.48624875	1.38948725	1.631078375	1.709940875	1.67336125	1.62882225	1.876934375	1.867955625	1.841424375	1.780853125	1.728924875	1.5765625	1.67860925	1.549954875	1.755834375	1.767402	1.895425	1.528622875	1.460174875	1.393315375	2.0522265	1.74369825	1.576991625	1.60735375	1.590230375	1.897497625	1.628717625	1.6690265	1.805885625	1.862571375	1.925114125	1.639404375	1.890147125	1.71184375	1.392008625	1.584467125	1.573709	1.562405625	1.666446375	1.5941065	1.620148625	1.658915375	1.689410625	1.53520975	1.880899625	1.489624875	1.509351625	1.90226325	1.667398125	1.58559125	1.305	0.028	-2.29E-4	2.6E-5	0.220043841672
38	57	251	3.862389	2.19943	2.05756625	2.2481315	2.15846375	1.939797875	2.13439875	2.077998375	2.118198	2.130863	2.10117775	2.166542	2.168552	2.052600625	2.180199	2.04551325	1.901791875	2.1120975	2.29654075	2.1716195	2.40444675	2.0550755	2.050948375	2.12176075	2.18733125	1.95757025	2.048335	2.0730415	2.107673	2.17461625	2.1034255	2.084128625	1.993046	2.23328425	2.2397595	2.111115	2.18889825	2.24338425	2.23926675	1.83559425	2.44732275	2.14077075	1.958750875	2.279115	2.053953375	2.14715575	2.16582275	2.0903355	2.13736175	2.132723	2.04044675	2.17498225	2.07484	2.088806125	2.003464875	2.080733	2.23778275	1.9007055	2.000958	1.704820125	2.005936875	2.046959	2.162297	2.1757225	2.14265275	2.12087375	2.13100925	1.991734	2.093308125	2.013816875	2.09799625	2.27581225	2.39405925	2.11510875	1.973264125	2.2566375	2.14821175	2.351544	2.13229225	2.12872275	2.084457125	2.20916925	2.11099175	2.121494	2.145593	2.060295	2.15664675	2.1819335	2.076874375	2.250667	2.1987435	2.2556805	2.33648675	2.2140625	2.11687075	2.2198895	2.08662225	2.069036875	2.16609275	2.1299275	2.3550755	2.1844695	2.24796025	2.3081265	2.14189325	2.2319595	2.2675775	2.13872325	2.11875125	2.2039125	2.160509	2.31278375	2.220261	2.162953	2.1788875	2.0011945	2.254616	2.058539875	2.067802625	1.979478125	2.3041605	2.079632125	2.055948	2.38330325	2.17696575	2.113248	2.191382	2.2767135	2.19727825	2.20902325	2.3535955	2.1874915	2.35013025	2.11248875	2.11458725	2.11580125	2.23816275	2.227043	2.3355335	2.15135525	2.3526385	2.0990435	1.851538875	2.03493575	2.26344675	2.24730725	2.060811125	2.278743	2.458856	1.95178275	2.11070875	2.283001	2.065555125	2.05386475	2.262712	2.08971775	2.307142	2.36381475	2.16256575	2.10507075	2.149668	2.125205	2.233283	2.1973215	2.2564345	2.30506825	1.936519	2.073650625	2.295671	2.276359	2.0487285	2.1930555	2.19586125	2.22651175	2.03327875	2.34700375	2.3126005	1.9049835	2.1330225	2.1361645	2.1783775	2.4215955	2.27231925	2.0695815	2.14289975	2.08128875	2.049370625	2.14734875	2.248893	2.2755495	1.92947	2.15324125	1.993806125	2.0923995	2.14909475	1.872549625	2.010257125	2.1558405	2.33781925	2.08444025	2.044134875	2.169928	2.2790805	2.14095675	2.11715225	2.186725	2.085127625	2.3336265	2.188115	2.48247525	2.25243325	2.0363675	1.961467	2.16448	2.26151775	2.51920525	2.2853455	2.23221775	1.934770625	2.04833875	2.044121625	2.2945225	2.30468425	1.981735625	2.1450705	2.40936675	2.127809	1.962613	1.95301775	2.3929195	2.2491355	2.11096625	2.07112275	2.297037	1.9938705	2.1554	2.02470525	2.14297625	2.046889	2.31742725	2.18279525	2.070618625	2.076247875	2.21932125	1.975133375	2.13043275	1.920567625	1.965329375	2.12113275	2.127382	2.181706	2.16	0.02	3.0E-6	1.3E-5	0.164823173183
39	52	251	5.745897	3.812459	3.56827175	3.4944825	3.16608175	3.2036305	2.8596775	3.0092925	3.260573	3.1483135	2.84617375	3.05164025	2.8850815	2.7046955	2.62431275	2.80795675	2.692322	2.73878575	2.6778215	2.85713975	2.8816615	2.9541395	2.9428155	2.87395125	2.81791975	2.95129825	2.83643225	3.0090065	3.0592615	2.739287	2.72257	2.67770175	3.02733	2.78380375	2.75026225	2.81125325	2.82422125	2.56851325	2.77998325	2.53294875	3.024904	2.84664	2.56477675	2.6709525	3.02383975	2.72356975	2.700851	2.744516	2.7250395	2.8499085	2.8024095	3.0054265	2.8839125	2.91017875	3.085686	2.63320425	2.8347715	2.89120125	2.67044375	2.848893	2.765355	2.74030675	2.8963205	2.58345225	2.58172325	2.78894525	2.90781025	2.825366	2.69885275	2.56255925	2.567261	3.09393725	2.598232	2.724998	2.512395	2.6953185	2.42352125	2.5625715	2.930681	2.64138475	2.6547965	2.43764525	2.8052975	2.67140925	2.6961455	2.99303025	2.80811475	2.62209375	2.4229185	2.8427425	2.69365225	2.818721	2.432544	2.60230025	2.643624	2.344374	2.92592975	2.67705975	2.59405075	2.560753	2.68630525	2.56879525	2.60073175	2.510624	2.5835865	2.58159	2.414443	2.9981225	2.378777	2.660404	2.5228665	2.54048875	2.7723155	2.38069825	2.51225225	2.5101265	2.771624	2.55346075	2.4185845	2.51213475	2.76752325	2.4065595	2.711837	2.7510325	2.3811715	2.46660725	2.6400165	2.715607	2.601147	2.530573	2.55047425	2.33239325	2.39930075	2.628457	2.3423805	2.34199075	2.284833	2.5073695	2.51579775	2.331965	2.1727525	2.44696675	2.56789375	2.189503	2.30214675	2.5522785	2.65144925	2.31696875	2.4799195	2.442394	2.5939065	2.53289375	2.23699025	2.51572525	2.351492	2.47154675	2.5221565	2.3031555	2.2503025	2.38760625	2.838961	2.40155275	2.3783275	2.27380825	2.44665	2.367703	2.37502375	2.50820675	2.3170645	2.500086	2.12138975	2.355059	2.25013725	2.2275085	2.316388	2.2760975	2.1798945	2.482187	2.444285	2.20321725	2.2295465	2.38387275	2.43566675	2.15244675	2.2403135	2.59109475	1.99159875	1.914783625	2.333069	2.153892	2.17711825	2.332762	2.14371875	2.60501775	2.28251575	2.19522925	1.86007025	2.090237875	2.2259495	2.18063025	1.903750875	1.85281325	2.39946875	2.30479975	2.13723375	2.20598675	2.0030315	2.4284355	2.092887625	2.10023325	2.0041785	2.19294375	2.1504815	2.16286125	1.76600775	2.050759625	2.25321675	2.096255625	2.1151495	2.22429375	2.28243425	2.0936825	1.95628025	2.0621255	2.213112	1.993423	1.96960525	2.2768045	1.92130625	1.884313875	2.0341885	1.9129265	1.90490475	1.95857975	2.13670275	2.1551725	2.1776	2.142012	1.901495875	2.594302	1.742613375	2.58007975	2.1842675	2.365766	2.308157	2.183919	2.018602125	2.1074685	2.17555475	2.233639	2.1010055	3.103	0.031	3.38E-4	1.7E-5	0.244370894522
40	43	251	3.192207	1.356707375	1.272031875	1.391373625	1.413997	1.522143875	1.4996115	1.467076875	0.917782375	1.33674525	1.399498875	1.582686375	1.515672875	1.5372285	1.419201125	1.371987125	1.33302125	1.5536825	1.2740825	1.5112355	1.485375125	1.239778125	1.392041125	1.426456875	1.60202725	1.378396625	1.41779825	1.681216875	1.252160875	1.386712625	1.336788375	1.560546625	1.34010225	1.627439375	1.372377	1.538720125	1.4180315	1.4932265	1.483164625	1.543917	1.38601425	1.358885125	1.436640125	1.327314	1.390168	1.44241875	1.633716625	1.535212125	1.416626875	1.31405125	1.493431625	1.458031625	1.39435175	1.483524875	1.5378325	1.26529025	1.586696375	1.24973175	1.358922625	1.629151625	1.3070405	1.652141625	1.57708625	1.483253375	1.40547775	1.508388	1.361936	1.503124375	1.49482425	1.496459875	1.649401625	1.135889	1.145485	1.49621275	1.2293185	1.457906875	1.378885375	1.398255375	1.511124125	1.566469	1.356279875	1.45494675	1.346663375	1.420581625	1.666249	1.57346325	1.252428375	1.531282625	1.480607625	1.45390825	1.525776875	1.6760955	1.530120875	1.399563625	1.51940275	1.58920975	1.313597125	1.345326	1.174205875	1.21016325	1.218263375	1.342262125	1.574397875	1.4507115	1.513316125	1.640101625	1.3845525	1.343826125	1.370056375	1.526479375	1.21933975	1.2235195	1.306675125	1.651021375	1.500929625	1.456789375	1.285929875	1.299113625	1.38716825	1.499350875	1.419446625	1.273493875	1.36582325	1.437578	1.434272	1.590504625	1.289499875	1.315531375	1.225056125	1.499664875	1.257836625	1.531478	1.523175125	1.647315	1.701700625	1.464653625	1.69156025	1.44017775	1.37341925	1.52468125	1.504790375	1.601432375	1.66519325	1.57662025	1.790704125	1.333188875	1.517996625	1.4090555	1.4921715	1.540365625	1.728315	1.41301	1.464744125	1.72264125	1.36058775	1.459827375	1.29203675	1.43470575	1.6632755	1.251795	1.425587375	1.630868	1.499645375	1.656573125	1.4397725	1.440164125	1.4016085	1.387660875	1.579795375	1.54389775	1.394064875	1.642312125	1.221508125	1.5816855	1.50842275	1.605921375	1.446601	1.554622	1.335266	1.50214975	1.483313875	1.184972	1.751364375	1.5508095	1.63139475	1.519604	1.546605625	1.70231925	1.690969375	1.521176625	1.53554	1.5461255	1.628473375	1.498361	1.62066525	1.713851625	1.50446225	1.761146625	1.532195875	1.582233375	1.538973375	1.687265625	1.495230125	1.340369875	1.475484375	1.226829125	1.519941625	1.494094125	1.431512375	1.587921875	1.52643425	1.698745	1.531113625	1.766458875	1.621990125	1.59043475	1.571055625	1.183206125	1.597637625	1.335338125	1.396279	1.450605625	1.346556125	1.599013875	1.613233125	1.326547875	1.47343375	1.603538625	1.35617775	1.642719375	1.253857	1.544374625	1.460346375	1.53665675	1.48525	1.43712875	1.4728555	1.445240375	1.555024125	1.3739685	1.604745625	1.38501975	1.48303475	1.48662825	1.61223375	1.416037	1.334203375	1.49209725	1.537138375	1.576927125	1.531504375	1.438	0.023	-3.8E-5	2.1E-5	0.172964083225
41	142	251	6.521406	1.27506375	1.5423605	1.40006575	1.557329875	1.413810375	1.37805	1.693536625	1.332851375	1.546662125	1.734026	1.4974445	1.607986375	1.3396325	1.32926325	1.23678175	1.647654	1.502276625	1.58369225	1.6516465	1.102065	1.44321075	1.364876375	1.539268	1.2311835	1.362238625	1.35576675	1.225682875	1.479849875	1.557046	1.488053	1.239792375	1.500641125	1.4654525	1.323776125	1.303215	1.215752125	1.44922025	1.450804375	1.51457825	1.45351675	1.483699	1.34680725	1.274843375	1.414038625	1.48694025	1.48940775	1.44197275	1.47511425	1.35952625	1.26407475	1.450268125	1.405056875	1.335864	1.393059375	1.74636675	1.644001375	1.374569125	1.2180455	1.422392125	1.2863205	1.63460975	1.474403375	1.375820875	1.486874125	1.313025	1.531236375	1.612371125	1.4619705	1.34647025	1.444904375	1.64993975	1.4320185	1.539580125	1.58821525	1.608754875	1.366039125	1.404709125	1.496537	1.478498125	1.853106125	1.459404	1.617871625	1.37448125	1.338355125	1.48396875	1.250683625	1.651873	1.5356905	1.41265675	1.314683375	1.839273125	1.53548525	1.458661125	1.259615125	1.60843025	1.40276525	1.358113	1.338455625	1.822175625	1.37360575	1.395118	1.538186875	1.5403035	1.473222375	1.257754	1.587166625	1.337503625	1.534408625	1.631336	1.51415975	1.714143125	1.5414085	1.361297875	1.63472675	1.24600525	1.353057625	1.43251075	1.65395	1.508904125	1.301282	1.227198125	1.416457125	1.1417055	1.384987875	1.410254625	1.394326625	1.482266125	1.283405875	1.434332375	1.421712625	1.5684885	1.4237965	1.36247	1.368738375	1.217993	1.42455275	1.38291	1.32130575	1.4272465	1.368613	1.304910875	1.233131375	1.139106625	1.3870985	1.13332125	1.432445125	1.440325625	1.3346335	1.38218275	1.180271125	1.26339275	1.214804375	1.364707375	1.42482125	1.479247625	1.403803	1.546754	1.479213125	1.33468925	1.581031	1.316663375	1.756153	1.176728625	1.43207825	1.268501	1.487495125	1.577175375	1.4411	1.422598875	1.458146875	1.402287625	1.4354725	1.2946645	1.43545575	1.250763	1.515182125	1.645788	1.580737875	1.322547375	1.44183875	1.4569075	1.555059	1.559576625	1.482781	1.510312	1.365143125	1.418013625	1.248443	1.61380725	1.541899	1.377107875	1.39604	1.3863035	1.514503375	1.669783125	1.3721385	1.379704875	1.439265125	1.42290975	1.25696825	1.479500875	1.49113025	1.378132375	1.318625625	1.356073	1.373218	1.451047625	1.415020125	1.319023125	1.443017625	1.572136	1.290769125	1.46148225	1.333221875	1.291924	1.392511	1.48631825	1.4056245	1.5911395	1.470951125	1.484228875	1.427338375	1.475356625	1.488661	1.34506525	1.256043625	1.3826765	1.285762375	1.428937375	1.59193775	1.430173375	1.393483125	1.378949	1.748356125	1.2898875	1.58027125	1.408522375	1.45574975	1.510317875	1.716152	1.331723625	1.390032875	1.266111625	1.67584975	1.482503125	1.438855375	1.337816375	1.56424625	1.38049625	1.4074625	1.531	0.045	8.1E-5	3.9E-5	0.344161489324
42	47	251	4.5961445	2.001059875	1.78472775	1.828054125	1.867528875	1.73079575	1.830029375	1.79253825	1.71360825	1.561923875	1.657102375	1.93751525	1.758822625	1.843054125	1.896581375	1.659865125	1.661189875	1.7925235	1.81188925	1.836687625	1.831931875	1.775326125	1.8011635	1.661114125	1.930469125	1.721508625	1.731013375	1.763795875	1.68994875	1.622490625	1.731601625	1.761698375	1.77883125	1.722596625	1.535941375	1.893628625	1.87589875	1.793425875	1.641617875	1.779822125	1.8559205	1.62850075	1.513224125	1.577668	1.7992745	1.561305	1.797500875	1.69299375	1.491413375	1.629861375	1.856427	1.7761815	1.621891625	1.43391975	1.53938775	1.549398	1.8886075	1.263120125	1.586695625	1.668555125	1.56516675	1.617830625	1.569857875	1.714779875	1.4525865	1.579269625	1.610317625	1.587514	1.403549625	1.55591925	1.562000125	1.44317225	1.524864	1.653628125	1.6571075	1.655724	1.623521125	1.6585765	1.479919875	1.399593875	1.510235875	1.33043275	1.575749	1.272438125	1.432242625	1.690581375	1.2879805	1.514100125	1.327127	1.20084225	1.53723975	1.1784105	1.357595625	1.521652875	1.55656975	1.44181475	1.375187375	1.236436375	1.352931875	1.40664275	1.30284275	1.43310425	1.311836125	1.255196125	1.42929675	1.22117975	1.29835725	1.359738625	1.328635125	1.47772625	1.299751625	1.1140345	1.38377375	1.210415375	1.0807285	1.292252	1.316155875	1.240733	1.242921625	1.37558175	1.20186725	1.164456375	1.553748125	1.37362075	1.197536125	1.232679625	1.29025825	1.0447280625	1.262780625	1.1577625	1.0244030625	1.27584325	1.06881075	1.312361375	1.121048	1.0720225	1.09175475	1.1993525	1.0270234375	1.233293125	1.23931475	1.14477875	1.070241125	1.1207985	1.23295025	1.220834625	1.199596375	1.361281375	1.099605375	1.147065875	1.286618625	1.067038875	1.220653125	1.41467575	1.07584775	0.981318875	1.003573625	1.302821625	1.135658375	1.087216125	1.207839625	1.02278175	1.151961875	1.04890875	1.27624825	1.2427945	1.132267875	1.134200625	0.993291125	0.86254825	0.9656131875	1.00468775	1.0807695	0.9504223125	0.9893031875	1.220892	0.8048473125	1.1501285	1.11437575	1.0970165	1.054504	1.284888375	0.8567620625	1.02624225	1.089125	0.7779655	1.099115125	1.149959125	1.0145815	1.22508675	1.039215125	0.888664375	0.9846124375	1.22592425	1.206070625	0.9341573125	1.0383535625	0.899993125	1.022544125	0.921588	1.21073975	1.205081375	0.748485625	1.15549575	0.754765875	0.9996139375	0.940628625	0.8104693125	0.89048625	0.9303545625	1.176454375	0.89642525	1.127995	1.112885125	0.9362069375	0.86339675	0.8145606875	0.9382466875	0.7904790625	0.895937375	0.960823625	1.078957125	1.046810875	0.7784900625	0.8294595	0.9476538125	0.7252820625	0.9150118125	0.6895148125	0.739981375	1.111017125	1.142082125	0.875172625	0.9732325625	0.9710725625	0.6573024375	0.692771375	0.8732975625	0.965654125	0.76158825	0.7782048125	0.871382125	0.8516140625	0.6684454375	0.820256625	0.7014364375	0.8131889375	0.827153	0.8346678125	1.010375375	0.811793875	1.98	0.031	7.11E-4	2.8E-5	0.207357887001
43	137	251	3.68284225	1.8781415	1.60338275	1.564218375	1.69493075	1.747226625	1.707509	1.74043825	1.758136375	1.73076025	1.66847725	1.6202195	1.575012125	1.67838575	1.604197125	1.4605845	1.708206125	1.502908375	1.4654415	1.7959645	1.575859875	1.536644125	1.17235975	1.307098125	1.212463375	1.624878	1.311072	1.482446625	1.409325125	1.34390175	1.452214	1.22543225	1.53884675	1.310279	1.382040375	1.212828375	1.58104225	1.35626175	1.37943175	1.0325949375	1.48498675	1.072837125	1.577987125	1.105751875	1.400216375	1.318581875	1.3340225	1.1428045	1.12311575	1.33915475	1.280356125	1.454246	1.095537625	1.14033575	1.11336225	1.084190625	1.191294375	1.200503625	1.192874	1.164719625	1.183730875	1.060553375	1.150033	1.189221125	0.9572061875	1.164051125	1.062730125	1.077091	0.985775	1.245175875	1.17458125	1.113182	0.96220725	1.011056875	1.05566825	1.14419425	0.9149196875	1.09112825	1.08916925	1.145509125	1.02803125	0.8228896875	0.9223563125	0.913698875	1.0699565	1.084121	1.152003	0.8780684375	1.1705385	1.088957125	0.9834614375	1.219079625	0.8096066875	1.036213	0.9292800625	0.926782125	0.887531625	0.7934896875	0.973265625	0.949342625	0.9784900625	1.147025125	1.0171490625	0.816724375	1.151853875	0.7986101875	0.772921125	0.7825751875	1.0389503125	0.7749731875	1.171382125	1.06137775	0.6552655625	0.78700225	0.7843975625	0.9657915	0.9123268125	0.9277998125	0.792493375	0.84633625	1.0102136875	0.9203686875	0.969680875	0.8866288125	0.7358998125	1.113727375	0.8882083125	0.741012875	0.8261389375	0.644067875	0.897898125	0.992838	0.807422	0.6274559375	0.9742596875	0.703319875	0.6636891875	0.994654125	0.5982061875	0.7511043125	1.04718625	0.9577131875	0.834305	0.7368571875	0.8545605	0.789162625	0.542330125	0.721419125	0.813222125	0.735660375	0.7097811875	0.8614846875	0.7939248125	0.7179693125	0.8058124375	0.8329813125	0.8357034375	0.67099525	0.8168775	0.7119729375	0.833573625	0.6934425	0.5725866875	0.8655523125	0.8646464375	0.7563475625	0.597880625	0.6977360625	0.67064	0.7780453125	0.723924	0.7946746875	0.681176375	0.6587376875	0.749886625	0.8569828125	0.6594104375	0.644119125	0.72785875	0.808804	0.8053208125	0.8161076875	0.7099583125	0.776935	0.8096051875	0.8324791875	0.796182625	0.7976740625	0.907798625	0.6288110625	0.7523801875	0.8748665625	0.7529955625	0.7039799375	0.6367555625	0.732498	0.8108261875	0.7601343125	0.5531531875	0.5993270625	0.7582604375	0.50885159375	0.8520375	0.659383125	0.60292525	0.5633624375	0.61720225	0.634946125	0.650873875	0.816458375	0.679539375	0.6805465625	0.6908033125	0.7312416875	0.7177538125	0.51193671875	0.7201325625	0.661072125	0.7237953125	0.744852875	0.570105125	0.8312465	0.6314248125	0.872249	0.6765865625	0.549071	0.6180424375	0.727766875	0.7925106875	0.8643231875	0.658415875	0.6627490625	0.7198621875	0.8942000625	0.749433375	0.7380185625	0.7925353125	0.53523575	0.7638396875	0.664715375	0.7045900625	0.6352610625	0.6931200625	0.5722085	0.7040249375	0.620129875	0.8732135625	0.8385159375	0.685888625	0.510341875	0.573891375	1.636	0.033	9.08E-4	3.4E-5	0.189726302188
44	246	251	3.2289475	1.46150925	1.491159125	1.176181625	1.3554155	1.5189225	1.356227	1.249146	1.2421425	1.267163875	1.121315625	1.445157125	1.184749625	0.995993875	1.07894875	1.327790625	1.2853025	1.206338625	1.1815135	1.478103625	1.21673475	1.35185675	1.1934805	1.305504125	1.102161875	1.340314125	1.407282625	1.293542375	1.354888625	1.276503375	1.68688075	1.164124	1.11508075	1.135045375	1.27294125	1.109461125	1.12778725	1.19327475	1.382148625	1.0216498125	1.350498	1.282642875	1.424227	0.9606219375	1.284461625	1.15455475	1.3754715	1.2118105	1.2655555	1.118251625	1.471002125	1.002168625	1.22585525	1.216475125	1.256532875	1.397300375	1.70681725	1.114118	1.403836	1.163358375	1.426042125	1.410496875	1.402139625	1.254713625	1.254037625	1.315827375	1.1353375	1.256153875	1.28909575	1.08107075	1.181315875	1.42282075	1.38641925	1.349866625	1.25948275	1.377761625	1.313200125	1.18431225	1.26735775	1.344431	1.20814725	1.347670375	1.170572	1.28060425	1.09735975	1.136581625	1.050018	1.14285125	1.1725895	1.054477625	1.1499525	1.246420375	1.401723875	1.177776375	1.05944075	1.29004525	1.33805475	1.251624125	1.422898	1.66591875	1.2553595	1.166521375	1.4620835	0.9416024375	1.280707375	1.266592125	1.213473375	1.436153	1.434127	1.127075375	1.110691125	1.0280831875	1.2680655	1.41288275	1.191849625	1.39771175	1.18995475	1.093674875	1.26859	1.352965625	1.355137	1.26350025	1.170321125	1.352647	1.345995	1.133784875	1.376750875	1.142508375	1.401616625	1.0447463125	1.113265125	1.313330125	1.37843325	1.31729425	1.25589925	1.31008225	1.465995625	1.326639875	1.0742845	1.38202175	1.2809825	1.158782	1.359804125	1.2074	1.09671825	1.163242125	1.04557925	1.05989875	1.215701	1.28863625	1.446771875	1.254757875	1.254897125	1.2490195	1.29651575	1.25653175	1.4445265	1.243902	1.439552	0.9571719375	1.290101375	1.155204375	1.407911	1.289512	1.115920125	1.243235875	1.33035825	1.12164175	1.574875875	1.296201	1.069558125	1.31495325	1.533202875	1.23689725	1.187645375	1.4462125	1.359374375	1.246669	1.480717875	1.263668375	1.36887075	1.289401125	1.251665375	1.2777405	1.424219125	1.096039375	1.223207	1.455776875	1.12497825	1.192554875	0.8965788125	1.33219875	1.192772375	1.318326875	1.290757875	1.14339375	1.340236	1.383568	1.227188	1.2308195	1.263069875	0.99954325	1.29440325	1.0541985	1.170435625	1.302980125	0.9015414375	1.16136025	1.147569125	1.23563	1.21460825	1.356536875	0.9949886875	1.10609775	1.2715515	1.18876075	1.45393375	1.401329	1.398895625	1.47337775	1.31430625	1.13063725	1.26594925	1.367638125	1.093555875	1.299238625	1.566799	1.145953125	1.27338525	1.191759375	1.18685175	1.14534275	1.116762625	1.258440375	1.139028125	1.27094275	1.145720125	1.142904375	1.22347625	1.227659	1.255921125	1.499573	1.423715875	1.2838395	1.094109875	1.2393735	1.197114125	1.29105275	1.12245875	1.3168	1.19151675	1.308	0.021	5.2E-5	2.5E-5	0.183018622288
45	6	251	3.97897775	0.3149078125	0.4811219375	0.424681125	0.201591546875	0.0888853125	0.21847028125	0.3583605	0.34471934375	0.365825125	0.38873909375	0.21590965625	0.37877553125	0.29151578125	0.3683675625	0.311512375	0.24781109375	0.2784070625	0.35900540625	0.475723125	0.37863634375	-0.0821518828125	0.16316853125	0.44090840625	0.2499026875	0.43046146875	0.2037510625	0.3168653125	0.612032625	-0.119151046875	0.243462546875	0.37571771875	0.37538975	0.2404038125	0.5391871875	0.173211	0.41408325	0.49561228125	0.4391115625	0.36041859375	0.210827125	0.3830440625	0.5265475625	0.4097435625	0.4243270625	-0.0507649726562	0.31584103125	0.30499084375	0.49228775	0.233363921875	0.48384953125	0.46707540625	0.254922765625	0.2521386875	0.38927684375	0.29195971875	0.3114925625	0.303761	0.2214731875	0.3202434375	-0.0214498007812	0.39699140625	0.42121434375	0.36377675	0.09937375	0.51355490625	0.19640578125	0.34501125	0.23820621875	0.37541471875	0.27925646875	0.35148959375	0.48081609375	0.36730640625	0.222793375	0.46718515625	0.2480183125	0.26787609375	0.3043454375	0.31853334375	0.44339984375	0.347948875	0.43417734375	0.50059309375	0.16287440625	0.49981728125	0.115528492187	0.50377165625	0.3044254375	0.4232589375	0.49754753125	0.4293348125	-0.144369796875	0.3860226875	0.30809171875	0.47319575	0.32761040625	0.2382625625	0.4226605	0.32218478125	0.507513875	0.328102125	0.44639634375	-0.189930078125	0.273530875	0.4065948125	0.38447825	0.465975625	0.36196103125	0.3478496875	0.27792084375	0.34858	0.259400953125	0.32656096875	0.32842996875	0.31547034375	0.3672021875	0.2017504375	0.329529625	-0.140688578125	0.13526834375	0.610066625	0.53818725	0.176577171875	0.2389429375	0.4104658125	0.3458439375	0.46721478125	0.37645225	0.47951490625	0.248178734375	0.3921616875	0.32049325	-0.04728915625	-0.174631109375	0.38081040625	0.253341734375	0.609596875	0.14477565625	0.598241375	0.240685	0.46759153125	0.42674740625	0.6490243125	-0.12688915625	0.193565421875	0.13866478125	0.4957441875	0.3058044375	0.38628584375	0.3224250625	0.29405246875	-0.15153421875	0.18670928125	0.2765055	0.4356598125	0.49259446875	0.39702740625	0.3925623125	0.377492875	0.383353375	0.20468875	0.29741678125	0.28991303125	0.45707171875	0.34155225	0.42899859375	0.36528109375	0.3036109375	0.44689428125	0.31769134375	0.31236103125	0.3912405	0.240506453125	0.4267906875	0.5059830625	0.29305121875	0.40328603125	0.44665778125	0.448073625	0.287945375	0.434220875	0.32645965625	0.47390165625	0.44846365625	0.436743875	0.46404046875	0.39466403125	0.374256125	0.2326205	0.5039161875	0.35268571875	0.644653875	0.233611875	0.31953878125	0.485925125	0.40691265625	0.2919158125	0.46589990625	0.530326125	0.7026411875	0.4712906875	0.320268125	0.38876725	0.4359455	-0.0387241367187	0.3880569375	0.230878421875	0.506149	0.51339603125	0.65078075	0.40657375	0.517250625	0.5142075625	0.483704875	0.34689128125	0.50805634375	0.21280509375	0.3017979375	0.123928351562	0.21973028125	0.46598178125	0.37124359375	0.33693803125	0.28128484375	0.425355	0.5221029375	0.4208748125	0.50643628125	0.4551909375	0.6138338125	0.35197009375	0.2840935	0.38263340625	0.33892171875	0.35149153125	0.363766625	0.371506	0.36851296875	0.35943175	0.44398915625	0.253075640625	0.4755044375	0.587529125	0.2741843125	0.3747466875	0.48916115625	0.33084925	0.37797725	0.4962185	0.2799975	0.354	0.033	-3.0E-5	1.2E-4	0.273611746701
46	138	251	4.5751795	1.4263175	1.437535125	1.2134415	1.541491	1.501941625	1.39038	1.158945	1.175415625	1.3125515	1.264785625	1.496455625	1.101311375	1.328844	1.407972375	1.409544625	1.211672	1.216798	1.088477875	1.1895055	0.936631875	1.0414875	1.32908275	1.0206828125	0.983519875	1.156957625	0.8532085	0.9649218125	0.86424775	0.8755555	0.6738621875	1.0854275	0.9564595	0.8673493125	0.81424825	0.93404325	0.7913853125	0.77503075	0.795383375	0.69591625	0.53144975	0.6839615	0.7768706875	0.6023405625	0.712491375	0.6647801875	0.47099275	0.6497384375	0.49924353125	0.67833975	0.267002	0.6847268125	0.767285375	0.567885375	0.50262596875	0.671841	0.797738	0.594052625	0.32539696875	0.681108625	0.41126571875	0.5792223125	0.44450790625	0.3201975625	0.5354849375	0.30911234375	0.5696989375	0.3954886875	0.5481398125	0.49717309375	-0.104290335937	-0.0667885390625	-0.113855921875	-0.240331875	-0.30890328125	0.48023603125	0.44353215625	-0.109218296875	0.38946746875	0.323292375	0.4081195	-0.188503484375	-0.0352970390625	-0.130286054687	0.36989796875	-0.235026734375	0.36295525	0.49429925	-0.218737515625	-0.082453390625	-0.164338296875	-0.29562840625	0.227093	-0.0585640585937	0.4437825625	0.334103	0.33233890625	0.4461165625	-0.26645903125	0.2468779375	0.3485874375	0.2365583125	-0.1614925625	-0.17590984375	0.109421945312	-0.3321025	-0.26613846875	0.3082693125	0.2832944375	-0.1052318125	-0.3182126875	-0.112154554687	0.23747703125	-0.149812796875	-0.135059578125	-0.107223898437	-0.3338761875	0.261828765625	-0.0898089375	-0.218370640625	0.252615765625	-0.293509375	-0.325606	-0.22172865625	-0.26325865625	-0.160402515625	-0.31579115625	0.16509346875	0.256391984375	-0.304117625	-0.0546969765625	-0.191434453125	-0.162228859375	-0.35842996875	0.32868	0.4125346875	-0.213129234375	0.14775409375	0.32322365625	-0.187558640625	-0.255114390625	0.17493575	-0.255021171875	-0.38012384375	-0.53790875	-0.310856875	-0.32788903125	0.165529953125	-0.165619765625	-0.0938705234375	-0.20100871875	-0.31674859375	-0.18434028125	0.30875084375	-0.44656665625	-0.15703171875	-0.31477565625	-0.15293315625	-0.1738796875	-0.2858753125	-0.221543953125	-0.1798178125	-0.2899866875	-0.33792859375	-0.32334065625	-0.29384675	0.179177484375	-0.110507492187	-0.176783875	-0.3315535	-0.386133375	0.205710109375	-0.3198666875	-0.115372484375	-0.1578858125	-0.196044875	-0.37133653125	-0.18758025	-0.4936650625	0.17219896875	-0.29062159375	-0.094477703125	0.22853096875	-0.16962434375	-0.148389875	-0.125422875	-0.30314334375	-0.31619453125	-0.22441621875	-0.2780223125	0.236004640625	-0.36213446875	-0.1298035	0.221322609375	-0.109856039062	-0.154403796875	-0.27826971875	-0.122759320312	-0.32584415625	-0.27920275	-0.22231896875	-0.0893382578125	-0.376951	-0.173039171875	-0.30190075	-0.23386953125	-0.303288125	-0.39305346875	-0.222989734375	-0.1940844375	-0.4217054375	-0.26623484375	-0.22156084375	-0.181293421875	0.18570209375	-0.221992796875	-0.25100990625	0.3775575	-0.247290984375	-0.27727715625	-0.115790734375	-0.296310625	-0.42315265625	-0.203570625	-0.29636775	-0.28271471875	0.34197971875	-0.239961421875	-0.217766375	-0.17735234375	0.243506390625	-0.161070046875	-0.27843703125	-0.33858715625	-0.16948578125	-0.2862190625	-0.127786734375	-0.414759875	-0.3249108125	-0.31296196875	-0.34311540625	-0.097808125	-0.31917040625	-0.30003496875	-0.16977728125	-0.327174	-0.390674875	-0.252409671875	-0.1874548125	-0.145626921875	-0.3000804375	2.18	0.12	0.00615	5.0E-4	0.304157177758
47	18	251	7.9672925	3.09780925	3.64042425	3.630747	3.50967325	3.628104	3.5762545	3.405423	3.65538275	3.522926	3.6815575	3.3294485	3.42080075	3.463823	3.731038	3.3651405	3.20273	3.2471865	3.14458575	3.49804	3.54433125	3.5150035	3.56821625	3.47296425	3.17906725	3.3852265	3.234634	3.28929525	3.37662375	3.444593	3.238024	3.282533	3.12942525	3.09757275	3.45999725	3.2353535	3.29354675	3.17513625	3.4167115	2.98212925	3.21207875	3.01977575	3.00390125	3.3670695	3.03832775	3.16469025	3.016864	2.788791	2.9870435	2.917502	2.91447475	2.78273875	3.028664	2.9516885	2.97726125	2.70456975	2.79311675	2.96164075	2.66129925	2.7826665	2.5439075	2.906363	2.7713595	2.9256605	2.70424525	2.90487875	2.673831	2.656172	2.56159	2.8993695	2.615564	2.7973005	2.64157125	2.595561	2.442171	2.59549975	2.725574	2.676563	2.600506	2.89984575	2.632926	2.9769905	2.58976575	2.73104275	2.691899	2.6465325	2.3921895	2.62432	2.53453875	2.58980975	2.3094155	2.55672075	2.3636535	2.34785325	2.294091	2.34948875	2.4705825	2.6256645	2.4673515	2.4074995	2.34163425	2.33079625	2.3587245	2.29706025	2.1831665	2.368804	2.511951	2.42391675	2.444348	2.46977375	2.40754875	2.496559	2.32224125	2.170885	2.028259625	2.04042675	2.27915575	2.416894	2.025308875	2.024654	2.2595055	2.129193	2.0081385	2.071391	2.12229875	2.23327325	2.24111075	2.04632875	2.18355075	2.12380675	1.94273525	2.03636425	2.14186925	2.087751625	2.14568925	2.054262625	2.36490825	2.01449125	2.065252	1.930568625	1.841891625	1.981768625	2.09857375	2.164576	1.889887875	1.947639125	2.071726625	2.1331635	2.1507995	1.966334875	1.7410865	2.067831625	1.9102305	1.93351225	2.1878715	1.8319625	2.06564375	1.904675375	1.712562875	1.7683605	1.85022175	1.729919125	1.877335	1.7573985	1.995692625	1.830447	1.6850585	1.87377	1.96836525	1.898506	1.727765625	1.7802305	1.744427125	1.83971625	2.0082155	1.86796425	1.736095	1.890444125	1.885047625	1.63731425	1.8634045	1.78340675	1.651086	1.62007825	1.425430125	1.829658	1.813615375	1.659252375	1.581366	1.69122675	1.729975625	1.590743	1.706056375	1.867331625	1.726954625	1.699893875	1.702715375	1.745663125	1.57483075	1.877276125	1.71689075	1.5184725	1.57957725	1.762582875	1.910723875	1.674772	1.67602575	1.534718125	1.698961875	1.711767	1.530913375	1.84757025	1.760820625	1.668235625	1.608651	1.80762975	1.55774775	1.4577245	1.629200625	1.4985735	1.49348325	1.5752105	1.3072445	1.556249	1.6240325	1.649814375	1.65577375	1.637904625	1.43136	1.502562875	1.5757415	1.761206625	1.566144125	1.36942875	1.52293275	1.574155125	1.5564465	1.3031595	1.336900875	1.520479625	1.337614625	1.388377875	1.64600125	1.582352375	1.55379325	1.274669625	1.50949875	1.517176125	1.35895075	1.326657125	1.48176525	3.746	0.047	8.29E-4	2.4E-5	0.303621222703
48	130	251	4.1770025	1.882481	1.844967375	1.790798125	2.12953825	2.12953675	1.980884375	2.11431425	2.009580875	1.748897125	2.1359955	1.9815985	2.024549125	1.941584	2.20769525	2.01784975	2.034074375	2.0621555	1.886883375	2.06377675	2.16838925	2.165247	2.15049575	1.9266445	2.01702125	2.092826875	1.842781125	2.031536625	2.11235925	2.051843125	1.961010625	2.04785275	1.989920625	1.87279625	2.048064	1.9931315	2.066830375	2.05172325	1.845281375	2.140655	1.917860375	1.78197275	1.76375725	2.11568375	1.905545375	2.36248025	2.073888375	2.1625335	2.00280825	2.22195675	2.19387975	1.97056375	2.17104225	2.0262895	2.25252475	2.04591025	1.96946225	2.041176625	2.04063775	1.9882465	2.2842145	2.11115725	2.044930125	1.85042675	2.12287225	2.0104495	2.14996525	1.95143225	2.11786375	2.04226325	2.0955185	2.0826285	1.743310125	2.23005725	2.40262725	2.029304	1.926205375	2.004664125	1.997216375	1.93847975	2.19941975	2.17550175	1.886073125	1.852569125	2.25649975	2.11181425	2.081557125	2.02908825	2.2973695	1.910002375	2.075303	2.17286225	2.038515125	2.087725375	1.943967625	1.994757	1.992414	2.026175375	1.923934875	2.036076375	2.12705875	2.16781175	1.863914125	1.79611375	2.18725475	2.005935375	2.055187375	2.000408	1.832288625	1.84834925	2.223981	1.92309825	1.8669285	1.8431695	1.8825895	1.97435525	2.13037475	2.048026375	2.165659	2.10007725	1.813430625	1.8818955	1.885800375	2.060276125	2.034804625	2.15685875	1.952572375	1.9992205	1.99218575	1.959071375	2.0007015	2.021164375	1.974143125	2.04169275	2.053957	1.99956075	2.13301	1.9380535	1.704592875	2.0322135	2.06860475	1.994400125	1.967312875	2.0129395	1.94327725	2.03231625	1.781021375	1.88866925	1.954981	2.1076415	1.96232475	2.0441665	2.00127	1.948335625	1.81203875	2.2321015	1.796295125	2.03867625	2.073623	1.91393525	1.89026125	1.81489575	2.1573335	1.787241	2.062064625	1.835532375	2.017171625	2.26023	1.9749645	2.1200545	2.12813275	2.026101375	1.86178075	1.8866395	1.82286925	1.986330625	1.93521625	1.995079375	1.847885125	2.18494375	2.11356175	2.10121325	1.77620225	1.964660625	1.707621375	1.92494975	2.04486225	2.135819	2.010904125	1.72860575	2.03685125	2.045327375	1.928885375	1.894614375	2.188142	1.85319525	2.166217	2.08232325	2.0967605	1.923357625	2.086376625	1.89428325	1.839304125	1.932946875	1.935313625	1.78000575	1.88113625	1.901612875	2.17687	1.646395125	2.135929	1.864808875	2.156333	1.874129875	2.006703625	1.7122015	1.900966375	1.922149125	2.23244875	1.893718875	2.021172625	2.01851825	1.965182625	2.08564525	1.829660375	1.9257795	1.859741875	1.85242125	1.927375	2.051445875	1.827890625	1.8105625	1.953361875	2.007973	1.995156875	1.84213075	1.97131625	1.9108575	1.90714075	1.884032375	2.07944725	1.759467625	1.898777625	1.965742125	1.944570375	2.00742075	1.983299625	1.972267875	2.1508585	1.962221125	2.122427	2.087	0.024	6.2E-5	1.6E-5	0.183357599806
49	93	251	6.201118	2.65054375	2.65416375	2.660252	2.901488	2.6144175	2.89488625	2.7911045	2.60346	2.830043	2.763543	2.64347375	2.9065895	2.790627	2.7589565	2.62574375	2.791422	2.769476	2.9866075	2.576136	2.5981315	2.7825105	2.8420785	2.45590175	2.69253275	2.817861	2.56708875	2.7139	2.70505325	2.874642	2.703783	2.6685475	2.6225605	3.0265725	2.73883925	2.74100125	2.5699005	2.63154475	2.81788925	2.887732	2.7962985	2.76318575	2.8428215	2.78430775	2.65575325	2.69411525	2.91202	2.78732775	2.7242655	2.880443	2.67991725	2.49179675	2.64787525	2.879435	2.73087925	2.938924	2.87819225	2.91111875	2.6801805	2.59382125	2.749359	2.71389125	2.834741	2.503518	2.5073885	2.8479035	2.7668085	2.73322875	2.70403475	2.60090925	2.50429525	2.75313125	2.833487	2.74407875	2.62224475	2.79006975	2.76385275	2.8036815	2.8135635	2.632609	2.54285675	2.706637	2.5391845	2.62131025	2.5147555	2.60341125	2.83590175	2.74070725	2.93812025	2.8664515	2.65265525	2.786835	2.543246	2.883983	2.67954525	2.6936825	2.422754	2.70209225	2.91953375	2.651269	2.8579305	2.54215975	2.789379	2.7318875	2.74059725	2.68981375	2.5897235	2.686666	2.756149	2.75942	2.560989	2.63754	2.83064775	2.553491	2.7382145	2.62593975	2.612702	2.6052365	2.71966925	2.73323875	2.91586575	2.68890875	2.60113275	2.829535	2.565622	2.72608525	2.89817625	2.7248125	2.71923175	2.731276	2.93142425	2.65685025	2.72453375	2.62223575	2.625194	2.892272	2.6800925	2.912202	2.86754125	2.7914705	2.75509125	2.89325075	2.711557	2.83372025	2.56462375	2.64491575	2.47730175	2.692696	2.6950315	2.64090525	2.737324	2.59742875	2.644438	2.81877175	2.776579	2.6891505	2.64619875	2.64375225	2.61104825	2.5872915	2.8298165	2.62973475	2.790777	2.68412375	2.72930175	2.76234075	2.56940025	2.6546735	2.84564875	2.70810825	2.71968525	2.701821	2.6283765	2.619224	2.6936745	2.7314335	2.7318365	2.67449325	2.6625065	2.65063	2.71982825	2.61808375	2.89578525	2.592567	2.56822625	2.72758425	2.93548725	2.603947	2.84715125	2.757708	2.7584065	3.0095275	2.65621775	2.60679	2.698299	2.49791775	2.4545825	2.66337925	2.94448425	2.81396375	2.9036685	2.5940945	2.901525	2.570737	2.757998	2.6792165	2.48386725	2.567127	2.630414	2.59905325	2.712206	2.867207	2.60255125	2.675899	2.65079975	2.765793	3.0058655	2.7024375	2.698565	2.6771595	2.735294	2.73494975	2.577962	2.6679265	2.71840975	2.56342275	2.878127	2.96156475	2.84902325	2.61925675	2.61828325	2.62241625	2.810592	2.51984325	2.68751275	2.60936675	2.766519	2.73259875	2.6904445	2.668384	2.633977	2.649416	2.64153975	2.47104625	2.82877225	2.5153715	2.87417	2.7378685	2.79674125	2.6690045	2.80344725	2.794	0.032	3.8E-5	1.6E-5	0.247065122959
50	29	251	7.2451275	-0.18701225	-0.134882	0.074766546875	0.0809624609375	-0.122437585937	0.202881578125	-0.0752167890625	0.0416397578125	-0.3647725625	-0.200411953125	0.198983	0.16310190625	0.167465859375	0.1666315	0.0507034257812	0.135708109375	0.155181109375	0.18048578125	-0.132725796875	-0.18259209375	-0.197363703125	-0.2431653125	-0.116668695312	0.0670863359375	0.1452023125	0.10784746875	-0.1265471875	-0.08782090625	0.0423457226562	-0.118414820312	0.4106485	0.2414911875	-0.204514890625	-0.0963406640625	-0.099186625	-0.132793125	0.2689956875	0.102741945312	-0.254488046875	0.0633551289062	0.17976540625	-0.123402023437	0.113087625	0.1146125	-0.175645875	-0.28207240625	-0.16366453125	-0.2705810625	-0.069220453125	0.145086234375	0.269509125	-0.097120828125	-0.122847398437	0.13523996875	-0.172936046875	0.089739109375	0.104841484375	0.132117625	0.19587265625	-0.325394	0.15429140625	0.124314976562	-0.15259503125	0.300104125	-0.048382234375	0.125569679687	0.0761367421875	0.1420246875	-0.0639918984375	0.203562890625	-0.11255746875	-0.159077234375	-0.048803515625	-0.21446084375	-0.1719021875	-0.26468240625	-0.29748934375	-0.115080546875	0.26943484375	0.2622280625	-0.0690225625	-0.149392	-0.170046671875	0.072794828125	0.28424984375	-0.24846440625	-0.190999375	-0.161806109375	-0.21060696875	0.0989914296875	-0.1572425625	-0.2692865	0.23364684375	0.138750203125	-0.37249040625	-0.2901436875	0.0516887109375	-0.19890025	0.074853125	-0.25163959375	0.29846303125	-0.129832742187	0.20921603125	-0.24248925	0.0455265546875	-0.369709125	0.120887328125	-0.31715121875	-0.21478290625	0.35283215625	-0.178905	-0.162086046875	-0.069633	-0.053024953125	0.134583671875	-0.182684765625	0.210797953125	0.0545746835937	0.117431234375	0.0539918125	-0.166817953125	-0.1548074375	-0.1612279375	0.0413438789062	-0.128487625	-0.141518734375	-0.0898252890625	0.176144609375	0.202387484375	0.3239839375	0.1717975625	0.1477525625	-0.037377375	-0.141092078125	-0.09296478125	0.18396103125	-0.15872984375	0.097892921875	0.115027242187	-0.0516950546875	0.351255	0.1232479375	-0.140142765625	-0.252386375	0.2126145625	-0.07699021875	0.211491140625	-0.1168478125	-0.16503715625	0.09806396875	-0.17650484375	0.148610640625	0.128580921875	-0.219789625	0.085935	0.1031839375	0.18879784375	-0.101974890625	0.20107328125	-0.142169453125	0.165686078125	0.192581421875	-0.2204434375	-0.24913578125	0.338488375	0.323028	-0.2885405	0.296109375	0.39917546875	0.21724990625	-0.162705828125	0.2764929375	0.195385359375	0.2950589375	-0.12576565625	-0.288408375	0.183183578125	-0.138020609375	-0.1104399375	0.1623026875	-0.0756329375	0.28126675	0.136909546875	0.233802109375	0.15921384375	-0.226673515625	0.15766303125	-0.103721210937	0.1399525	0.2008525	-0.121217734375	0.0179939101562	0.24249709375	0.20443065625	0.18666771875	-0.103377578125	0.28643653125	0.13916953125	0.136965296875	-0.1767155	-0.225207875	0.112892851562	-0.2201765625	-0.09182471875	0.117050890625	-0.115848945312	-0.15353228125	0.19832125	-0.200600125	-0.17758121875	-0.30066828125	0.125038757812	-0.173421328125	0.222268171875	0.237802859375	0.122839117187	0.1956193125	0.1746815	0.0767996171875	-0.129338609375	-0.232878375	0.183432125	-0.129090351562	0.32086103125	0.177771515625	-0.185296375	-0.103008898437	-0.156229734375	-0.159558890625	0.23108028125	0.17097196875	-0.109478882812	-0.30394421875	-0.364481875	-0.222960484375	-0.29231434375	-0.128710140625	0.1694243125	-0.157744890625	0.091549234375	0.27190978125	0.195161875	0.09473003125	-0.0601920703125	0.0911008359375	0.173752140625	0.292982375	-0.1785046875	-0.070173359375	0.073145203125	7.25	0.1	2.0	0.0	0.18773225716
51	4	251	3.820873	1.680423875	1.79142	1.64695175	1.508277125	1.743898125	1.436851	1.7487035	1.79933625	1.6482485	1.652894125	1.4326025	1.556272875	1.650708375	1.58152425	1.54286425	1.69145425	1.68019325	1.553469375	1.63926425	1.68248	1.7596735	1.640174375	1.747189	1.825995875	1.751732625	1.524383625	2.0401105	1.30466525	1.51271425	1.579078125	1.4730265	1.712331625	1.7559835	1.77999175	1.753019875	1.487427	1.8121215	1.66716825	1.763589375	1.6227685	1.784345875	1.634409	1.694794625	1.66290025	1.70514	1.72602825	1.884902625	1.640656625	1.831479375	1.710058875	1.65776675	1.48309075	1.560861625	1.770574125	1.846292125	1.745689375	1.5565535	1.547882875	1.5341555	1.84766075	1.802909125	1.669966375	1.904838625	1.81135	1.43836375	1.473069875	1.49975675	1.698863375	1.3545545	1.663998875	1.417612375	1.73480925	1.541337125	1.65000825	1.697757	1.769886125	1.606052625	1.696777	1.673456875	1.6097465	1.75860325	2.04297725	1.586924625	1.585055875	1.71254525	1.644317375	1.736871	1.686193625	1.515694125	1.633792125	1.67101575	1.6445215	1.732668375	1.808700375	1.7166295	1.68282625	1.628694625	1.59376125	1.72799575	1.59113625	1.874420625	1.57323925	1.620970875	1.620922125	1.7091145	1.66927575	1.5926585	1.707969	1.297747875	1.8513345	1.703678	1.82798825	1.55786125	1.785693875	1.62221575	1.479886875	1.688908375	1.773912625	1.451128625	1.5164915	1.637993	1.724124625	1.65518475	1.6298005	1.72411175	1.66523775	1.602409625	1.5096915	1.793495875	1.8318575	1.61157475	1.64145125	1.572608875	1.5612455	1.69033625	1.655205875	1.948678	1.882109875	1.4472505	1.69995475	1.805441875	1.5551275	1.65473075	1.710365125	1.744637	1.742640125	1.802636875	1.653760625	1.600848625	1.605419875	1.6958185	1.514093375	1.5597245	1.859623375	1.611958125	1.5357245	1.66335625	1.45319625	1.7045005	1.66630475	1.483300875	1.61830975	1.806566875	1.610475375	1.618616875	1.979298375	1.59973075	1.5184305	1.7507765	1.567138625	1.597569375	1.781286625	1.654610375	1.622678125	1.7453195	1.840727625	1.739103	1.709622	1.747016375	1.59146875	1.555163375	1.84512625	1.50357025	1.57611625	1.596397625	1.81451875	1.74307075	1.620242625	1.56981825	1.614163625	1.525652125	1.593340875	1.614426375	1.761238	1.568527125	1.689377375	1.819344375	1.66261725	1.6620105	1.657180125	1.609990875	1.623196375	1.60937475	1.724103	1.9460995	1.758689125	1.682647125	1.390056375	1.69215475	1.661385625	1.448467625	1.867554625	1.706066125	1.894228625	1.682359375	1.523837875	1.565969875	1.735933625	1.6267235	1.75935325	1.72387875	1.562614125	1.600339	1.60571125	1.760160125	1.85334125	1.79354675	1.629962875	1.707963375	1.651540625	1.665642	1.5638355	1.73992175	1.667570125	1.512226375	1.733756875	1.542621625	1.556374125	1.592941625	1.64458875	1.7618855	1.6955355	1.731776875	1.6899235	1.630430875	1.70072775	1.650223	1.6433295	1.46945775	1.787734	1.697	0.026	2.3E-5	2.0E-5	0.1808537091
52	141	251	4.06471275	0.8648684375	1.163616	0.8365348125	0.6580221875	1.07100975	1.080458125	0.5855206875	0.8754105625	0.32936171875	0.43835384375	0.714126375	0.50245621875	0.86252675	0.3273136875	0.217023765625	0.37225528125	0.5261863125	0.229529828125	0.27554115625	0.48126678125	-0.156238625	0.5938000625	0.907326625	-0.2124100625	0.228249140625	0.43218628125	0.51548809375	0.49055990625	0.470641	0.162681515625	0.3831433125	0.170478	0.155243125	0.203732078125	0.41162146875	0.14700265625	-0.173405140625	-0.0940751875	0.079550671875	0.41842825	0.244922796875	0.1979360625	0.08721909375	0.29147784375	0.3609835625	0.232030546875	0.29449415625	0.1974294375	-0.151186171875	0.29275353125	-0.2429121875	0.5494208125	0.23244996875	0.0442071953125	0.31817928125	-0.160922296875	0.33532171875	0.337641875	0.272046375	0.22194221875	0.143287046875	0.203393453125	0.166531171875	-0.20974578125	-0.2183438125	0.2925439375	0.33711715625	0.155776375	0.131971515625	0.15208415625	0.37169403125	0.169741515625	0.184344078125	-0.41830678125	0.182885078125	0.214677671875	0.15191784375	-0.06689790625	-0.114414210937	-0.149086234375	-0.3371865	-0.196136640625	-0.167933390625	-0.191246328125	-0.251112671875	-0.28809084375	-0.215440921875	-0.083381640625	-0.222547578125	0.109284859375	0.30909215625	-0.174130625	-0.2618414375	0.18383346875	-0.26348225	-0.2477431875	-0.21986321875	-0.161443515625	0.2468429375	0.224786671875	-0.154644453125	0.31051746875	-0.20459809375	-0.110451640625	-0.1758015	-0.2084105625	0.37725315625	-0.29021396875	-0.20898628125	0.107548703125	0.224662390625	-0.27671984375	0.15609003125	0.19773875	-0.153074125	0.4939830625	-0.250937	0.454074125	-0.1393076875	0.31382271875	0.13722503125	0.198351625	0.3744670625	0.192607046875	-0.3391458125	0.1922701875	-0.33274234375	-0.1319963125	0.16816803125	-0.252513390625	-0.0635225273437	-0.177598328125	-0.412243	0.151003296875	-0.125188289062	-0.3220905625	0.192221921875	0.0406571328125	0.103579992187	-0.44358065625	-0.227751984375	-0.113053960937	-0.285755	-0.207614109375	0.4093829375	0.32184915625	-0.3194245	-0.29193215625	0.21221178125	0.077779578125	-0.19698303125	-0.42111053125	0.56019775	-0.156823625	-0.221732796875	0.240260625	-0.26613703125	-0.27006928125	0.1720238125	0.162069765625	0.29998290625	0.26928603125	-0.136003765625	-0.227236640625	0.093637453125	-0.11383553125	-0.134526125	-0.104174179687	0.190448203125	-0.36823590625	0.257129859375	0.29339134375	0.19725265625	-0.244839390625	-0.41406903125	-0.1826533125	0.33804990625	0.0825707578125	0.212007890625	0.27287540625	-0.3251380625	-0.14264871875	0.40620075	0.194724609375	0.47804853125	-0.23344865625	-0.28930634375	0.224338328125	-0.3538609375	-0.38510609375	-0.214086453125	0.200113171875	-0.076642703125	0.29220396875	0.4169421875	-0.108508796875	0.200196375	-0.30851646875	-0.17302934375	-0.3149343125	-0.5511301875	0.25045009375	0.19563371875	0.249464015625	-0.2081845	0.19577946875	0.0519745546875	-0.172907125	0.39484903125	-0.3384364375	-0.1881835	0.200891515625	0.2531918125	0.18560365625	0.2813830625	-0.14843909375	-0.3045145625	-0.176339546875	0.41246778125	-0.31126071875	0.0299504023437	-0.38737603125	0.547839125	-0.31309959375	0.3498831875	-0.086314359375	-0.15630290625	0.225287	-0.109839367187	-0.2801500625	-0.097722578125	-0.166704875	0.090531015625	-0.155097	0.206214671875	0.148331484375	-0.195395296875	-0.26433596875	0.307814875	-0.336031875	0.375427625	-0.20372990625	0.27545640625	0.32902946875	0.0990929375	0.3330224375	-0.209578	0.31288540625	-0.15098346875	-0.123990703125	3.29	0.24	0.037	0.0037	0.284633653592
53	154	251	3.1940165	2.057149625	1.95167075	2.12645725	1.874410875	1.752855	1.790246375	1.780307	1.726856125	2.080692125	1.897212125	1.915853125	1.841966125	1.66246575	1.875273875	1.802251125	1.922010125	1.68355525	2.003958	1.8107375	1.722267875	1.79789975	1.807224	1.89949325	1.922310125	1.53231875	1.85219175	1.82545	1.858587125	1.900466125	1.962180875	1.68679975	1.71208375	1.62006425	1.873620125	1.84426975	1.99053675	1.494693625	1.781427125	1.905415875	1.806356625	1.826741375	1.7401455	1.650353625	1.5504035	1.570849625	1.62590275	1.780455875	1.518727	1.626524875	1.562666875	1.56902425	1.534637625	1.50848975	1.796837125	1.541999375	1.687748	1.4919965	1.713669875	1.6231795	1.384480875	1.40856575	1.48032725	1.302788875	1.227206375	1.481152125	1.76343975	1.836824875	1.3754585	1.536650625	1.42890475	1.4638825	1.354801375	1.548646875	1.431779625	1.452111625	1.260024875	1.61018525	1.572263625	1.330519375	1.521725	1.32465725	1.25507525	1.45952975	1.2775505	1.493432625	1.4107045	1.463229375	1.3598175	1.347858375	1.467869125	1.58198775	1.620369875	1.444284	1.37376075	1.347452125	1.240495875	1.3694095	1.413101	1.53759775	1.334485	1.12070875	1.311568375	1.28241225	1.1384555	1.348893375	1.227885	1.438353375	1.520494625	1.24531125	1.086313875	1.2269485	1.168029	1.146138625	1.108024	1.194245	1.195396375	1.20285025	1.2070395	1.370018625	1.111868875	1.2334995	1.308884125	1.2241815	1.011997	1.100374375	1.185199875	1.285046125	1.164370125	1.121890625	1.218425125	1.0937025	1.069303375	1.18132325	1.10256775	1.019373375	1.143495125	1.1428155	1.332091	1.064516	1.26675075	1.06014275	1.0111536875	0.9696730625	1.0045555	0.955761875	1.037243625	1.11610725	0.8860033125	1.24940025	0.9684355	1.057360625	1.179949125	1.0882635	0.9186068125	1.0159176875	0.8727693125	1.08583125	1.047059625	0.9809101875	0.6396838125	0.9703805	0.9290370625	0.9501683125	0.8367038125	0.9574231875	0.8942654375	0.731197875	0.9488538125	0.9788275625	1.026085375	0.8231979375	0.8114418125	1.0402210625	0.657374	0.7492608125	0.9740578125	0.892852	1.0395154375	0.915051625	0.772275625	0.876113625	0.773171	1.083748	0.7590845	0.8018675	0.8190234375	0.9425189375	0.620417375	0.756474	1.041111875	1.0026123125	0.8903104375	0.744001	0.7778658125	0.6273038125	0.52434325	0.7629335625	0.9561435	0.786497	0.7597163125	0.5881128125	0.8192506875	0.55782325	0.6586771875	0.7149361875	0.6154134375	0.7771670625	0.9242746875	0.7887044375	0.8411278125	0.620941625	0.838547	0.72671725	0.859381125	0.6547924375	0.734834	0.8169993125	0.666044	0.50603559375	0.9917430625	0.48033246875	0.82673275	0.969499875	0.5521591875	0.667303875	0.8180328125	0.6711429375	0.6856525	0.7543145	0.6259948125	0.7435839375	0.623123625	0.5029250625	0.767069375	0.4532555625	0.7357085	0.61366525	0.7822368125	0.5791838125	0.38887821875	0.628585375	0.533964125	0.5653169375	0.7472470625	0.709439375	0.67359025	0.7602865	0.6933014375	0.6012986875	0.6638998125	2.083	0.024	9.49E-4	2.2E-5	0.144769565162
54	55	251	8.542684	3.64866275	3.7484205	3.39736675	3.70488325	3.674732	3.83252475	3.54217425	3.54244825	3.73371475	3.65673525	3.6606325	3.62897525	3.68227025	3.645824	3.4699365	3.59340775	3.75820725	3.440318	3.53928475	3.6766695	3.7377235	3.372166	3.79165625	3.49353375	3.51137575	3.5375365	3.47984225	3.402574	3.5068005	3.7184575	3.70728675	3.690522	3.3387205	3.39365025	3.45330875	3.469165	3.44227525	3.583636	3.34509725	3.551186	3.51457	3.60812	3.526847	3.40488175	3.578058	3.42140575	3.61131775	3.4984945	3.301463	3.39984575	3.37880575	3.49828975	3.6314985	3.2759215	3.53365775	3.36148175	3.53116925	3.6874535	3.6038665	3.42303825	3.2433005	3.40205525	3.40158425	3.25001725	3.595167	3.47955425	3.4587105	3.3449865	3.7338395	3.39248125	3.156046	3.4903735	3.35250775	3.497132	3.39115425	3.21555475	3.59465475	3.61499575	3.4846325	3.502062	3.33417075	3.44827025	3.38536125	3.5583125	3.58221475	3.353863	3.42153825	3.49655275	3.46669525	3.5018015	3.483064	3.504677	3.5266525	3.575701	3.563789	3.45916175	3.37034575	3.5994125	3.388184	3.4470995	3.41610325	3.262754	3.7193565	3.418131	3.45001125	3.3733535	3.2344905	3.54090475	3.50823175	3.4663375	3.50113	3.443073	3.4059685	3.5629315	3.5276205	3.4182755	3.522774	3.46428475	3.3985715	3.3825825	3.5449135	3.5067715	3.6863745	3.431706	3.34472425	3.56134275	3.6292045	3.68799675	3.5134425	3.27277125	3.11162475	3.3549435	3.58717625	3.524253	3.45933225	3.29098125	3.32128725	3.531674	3.6452775	3.30905225	3.48348	3.54263625	3.540429	3.71801775	3.42389275	3.527924	3.58168325	3.657936	3.42568925	3.2504085	3.33306375	3.22570575	3.183313	3.5212245	3.68057375	3.41193225	3.22053025	3.29848525	3.565308	3.27394975	3.41473225	3.37316025	3.5780265	3.5723025	3.3638825	3.659665	3.479768	3.259318	3.307984	3.36832525	3.49660325	3.62775075	3.328033	3.34552875	3.39464375	3.46200175	3.54691	3.4075005	3.5140375	3.362457	3.30774525	3.441719	3.5410385	3.561792	3.29385925	3.61171575	3.3225415	3.3812485	3.29018575	3.5810155	3.49024575	3.53871525	3.45634225	3.513416	3.31927825	3.35271875	3.3782485	3.63447475	3.32439875	3.56439375	3.44179375	3.39793575	3.37796825	3.24188025	3.281223	3.5253845	3.31191275	3.53107725	3.112223	3.24067925	3.39802175	3.595704	3.417013	3.610687	3.54029725	3.57832175	3.34496	3.2716655	3.730914	3.546436	3.57578375	3.393548	3.4044035	3.38770125	3.40357275	3.51767125	3.5052255	3.3555525	3.331434	3.43384025	3.29867625	3.5474995	3.56686875	3.43850275	3.41155575	3.526863	3.39710275	3.43143875	3.3425365	3.56957075	3.636528	3.43173525	3.50596625	3.46878125	3.40567	3.266657	3.73462075	3.476849	3.2763965	3.64827225	3.621	0.046	5.7E-5	1.6E-5	0.339371906478
55	39	251	8.063197	3.75076475	3.89009525	3.6243085	3.78225075	3.8692735	3.63706875	3.69323575	3.61481225	3.5023505	3.6299835	3.5153975	3.39098575	3.1971005	3.3428515	3.15088025	3.4616605	3.44479825	3.3776735	3.2744305	3.32793125	3.44274825	3.27146925	3.1696225	3.23784125	3.04908575	3.233119	3.118091	3.12374075	2.9252755	3.15429225	3.16743475	3.05315325	3.06383125	2.986749	3.072349	3.0386485	3.08993775	2.94374425	2.89714975	3.02407375	3.02195125	3.04952425	3.00394925	2.90119775	2.942329	2.87587075	3.0869445	2.92278325	2.78292325	2.691727	3.02140225	2.9494905	3.1509325	2.80013225	2.8611315	2.9957645	2.86219	3.108508	2.95943425	2.83138975	2.8788025	2.82189575	2.819327	2.62533175	2.852493	2.90916425	2.68252425	2.824121	3.18300225	2.81164225	2.584133	2.99996125	2.749484	2.9981405	2.886179	2.64512025	2.98441825	3.03934675	2.92775875	2.855356	2.7216395	2.77993725	2.78454025	2.96886475	2.91035825	2.71238925	2.793902	2.9168575	2.7416715	2.997013	2.66002175	3.01263875	2.8581385	2.929293	2.77661525	2.856645	2.8169425	2.7196755	2.918537	2.878088	2.892363	2.64086925	3.05183425	2.8776735	2.854288	2.77825875	2.753232	2.87132125	2.77423325	2.7768795	2.824708	2.79839675	2.72542175	2.993046	2.85236025	2.8514045	2.89830125	2.7317195	2.6711445	2.73969475	2.96457125	2.85032075	2.935113	2.945196	2.52283275	2.856152	2.82995925	3.01982875	2.90627725	2.62367075	2.58372375	2.79432975	2.9056285	2.849032	2.950944	2.69414475	2.53391875	2.929086	2.97686775	2.7059985	2.84252425	2.95120825	2.88635725	3.0635855	2.83686725	2.87646225	2.94821125	2.92181825	2.797336	2.65019375	2.67213025	2.604995	2.60818125	2.7887035	3.149303	2.69838825	2.474929	2.70047175	2.9740945	2.7323505	2.83152	2.7777835	2.7844875	2.9330655	2.65478225	3.01173675	2.7962155	2.7343135	2.68350425	2.645744	2.76629775	2.92934325	2.65744025	2.72140975	2.75677275	2.87967525	2.82913375	2.76461975	2.955932	2.7259895	2.697052	2.95766975	2.87957725	2.90455875	2.7445095	2.77770025	2.7220945	2.79792425	2.624256	2.87615275	2.7528385	2.90643475	2.7249745	2.767763	2.68428975	2.71815725	2.782396	2.98446825	2.79228075	2.97416425	2.668787	2.653535	2.66822475	2.642961	2.55134275	2.927453	2.72830925	2.825167	2.594469	2.79520775	2.87969275	3.01896075	2.94387225	2.80402525	2.94986725	2.8532415	2.6232865	2.65830175	2.85484075	2.8044075	3.000908	2.79190025	2.8552035	2.53463775	2.74785975	2.8500755	2.78067075	2.85129375	2.79674975	2.855819	2.821757	2.967248	2.926038	2.79756075	2.74522075	2.72257375	2.768919	2.8813065	2.776962	2.933602	2.93570275	2.82863175	2.82854275	2.8604395	2.81796125	2.60856325	2.99408275	2.885235	2.80981325	3.00099	3.259	0.049	1.73E-4	2.3E-5	0.362092372374
56	11	251	6.8079325	1.914612	1.8566125	2.146469	2.36675175	2.13101825	2.018555875	2.173201	1.98973925	2.02115125	2.066539	2.045721625	2.03178825	2.081133	1.873102	2.178821	2.093265625	2.1022545	2.15955925	2.253393	2.12238	2.4351765	2.017407875	2.06425925	2.14006625	2.15880925	2.00191325	2.23241275	2.0826095	2.067552875	2.079972875	1.88633225	2.142372	2.32064575	2.18432875	2.18250725	2.14224125	2.25886275	2.1193025	2.240211	1.990256625	2.4385435	2.2021795	2.28644275	2.13759125	2.2849635	2.277171	2.11175675	1.847340625	2.025952875	1.925041875	2.10803925	2.022021125	1.8485025	2.2040535	2.004640125	2.22234575	2.10784175	2.46073275	2.24931225	2.21444125	1.985110375	2.048121875	2.376217	2.08780625	2.0856175	1.978919	2.537751	2.283671	2.326424	2.0633045	2.084369875	1.90515825	2.20329625	2.33255075	2.086301875	2.169883	1.99390775	2.14275275	2.41040475	2.24326775	1.954974	2.024281875	2.443135	2.029558625	2.13596425	2.1486425	2.2398445	1.74653325	2.256844	2.2421075	2.2783585	2.13977625	1.98602375	2.151512	2.061075375	2.1583965	2.19715775	2.17514825	2.1944795	2.12554175	2.2227305	2.23783675	2.17179075	2.06565975	2.3138295	2.348222	2.036594125	2.16425125	1.99890675	2.43420525	2.2861265	2.24637625	2.151863	2.2851475	2.164888	2.35024275	1.970568875	2.391494	2.35749225	2.27490925	2.19151725	2.160851	2.1349675	2.062470125	2.21562	2.42282325	2.1096545	1.95961525	2.0722155	2.15310225	2.16353325	1.8013805	2.073172125	2.176731	2.16087925	2.29410375	2.290067	2.00094175	2.19341825	2.18133525	1.91745825	2.19330075	2.4183095	2.08306025	2.24291125	2.208073	2.07696775	2.471549	2.1977415	2.050872125	2.15078225	2.1500175	2.161677	2.35567775	2.20924	2.23032575	2.1871195	2.422705	2.27856325	1.84325025	2.052624875	2.22138225	2.18071725	2.10312575	2.26663875	2.381404	2.09974875	2.11438325	2.1200945	2.093210625	1.9267745	2.19676675	2.301069	2.007038875	2.4107735	2.1931865	2.25470775	2.176464	2.21658975	2.29926175	2.46745475	2.18218375	2.16614575	2.10912325	2.15221425	2.324681	2.3616085	2.09145875	2.1546525	2.22701275	1.934613875	1.8914965	1.963813375	2.11713875	2.12700975	2.1639875	2.33771175	1.94589075	2.348314	2.16729	2.19033525	2.063464875	2.0936385	2.207132	2.0685405	2.008419625	2.293385	2.079997875	2.2736675	2.471717	2.207486	2.24086975	2.36555775	2.056014875	2.25969725	2.083852375	2.36827375	2.096004	2.21016675	2.048136375	2.1232825	2.055327625	2.175022	2.35029075	2.252312	2.2285995	2.04441725	1.9805775	2.500683	2.075284625	2.31632525	2.29446375	2.08837525	2.169235	2.09109375	2.1575555	2.215837	2.15806325	1.989080125	2.38882575	2.19136725	2.151285	2.27431675	2.430429	2.11453675	2.3201435	2.08633975	2.2021585	2.31237275	2.1344235	2.197	0.042	1.0E-5	2.4E-5	0.324803823704
57	110	251	4.1414885	2.09879925	1.74654075	1.757977125	1.695507875	1.629403125	1.391874875	1.229524875	1.0333924375	1.152662875	1.201799625	1.251675375	1.149385125	1.0242655625	0.817157125	0.8767715625	0.73955925	0.532968875	0.7354904375	0.8149261875	0.6567039375	0.6888776875	0.25590509375	0.409214	0.257138375	0.6587119375	0.3614125	0.35774465625	0.3712363125	0.252915640625	0.2027534375	0.50644471875	0.20139196875	0.161038828125	0.5308919375	-0.245030796875	0.262590625	0.154328234375	0.339824375	0.33183509375	0.084243703125	0.4397555625	0.456678625	-0.224382609375	0.12316478125	0.129630875	-0.29592009375	-0.206785953125	0.29386153125	-0.167950125	0.244229921875	-0.297116125	0.14752346875	0.4344709375	-0.2400478125	0.19422678125	0.3778023125	0.3326106875	0.265435625	0.170239578125	0.241908578125	0.140163125	0.280525375	-0.1982470625	-0.190955203125	-0.109836148437	0.235176703125	-0.1439969375	-0.240194125	0.4408505625	0.13310740625	-0.13549878125	-0.176919171875	0.244109109375	0.16897284375	0.19055978125	-0.08658521875	-0.365508	-0.2601280625	0.125769257812	-0.14767615625	0.139838859375	0.16403096875	0.09928615625	-0.2625834375	0.17413734375	-0.151612859375	-0.150151515625	-0.23469971875	-0.0600814921875	0.2120043125	-0.140247359375	-0.20031028125	-0.436664625	0.309767875	-0.30096140625	0.105505257812	-0.1290929375	0.20014003125	0.161939890625	-0.2434215	-0.145354546875	-0.28076125	-0.228118984375	-0.14606078125	0.1786843125	0.180998	-0.220897078125	-0.2201175	-0.2651489375	-0.21231490625	-0.095182921875	-0.1413349375	-0.33993665625	0.07816409375	-0.3104105625	-0.174137125	-0.2419244375	-0.21541953125	-0.3270640625	-0.177876703125	-0.11526696875	-0.114317101562	-0.1631930625	-0.23524753125	-0.196750546875	-0.228596421875	0.233174875	0.118912484375	0.2341950625	-0.32147703125	0.14473078125	0.20195521875	0.204210953125	0.129067882812	0.184030859375	-0.167940203125	0.28035778125	-0.14892684375	-0.106901929687	0.1448088125	0.0623303398437	0.17941215625	-0.137244859375	-0.187028703125	0.27661303125	-0.24150125	0.209258515625	-0.439902375	-0.10794359375	-0.131084140625	-0.36362459375	0.176831734375	0.132919625	-0.106201492187	-0.1559425	0.194418625	-0.4395215	-0.18303665625	-0.28361603125	-0.117852765625	-0.2307759375	-0.27400709375	-0.114676585937	0.18926390625	0.129387507812	-0.14629115625	-0.24192553125	0.191633921875	0.116543320312	-0.2648796875	-0.122416460937	0.214231796875	0.122092085937	-0.17757740625	-0.192429	-0.18431634375	-0.126622	-0.235915046875	0.1892725	-0.07168665625	-0.136913328125	-0.14676528125	-0.150938109375	-0.198859328125	-0.15550634375	0.114903890625	0.18004778125	0.047760796875	-0.148524265625	-0.147069828125	-0.13721903125	-0.2556484375	0.143399390625	-0.13789328125	0.063855234375	-0.27371153125	-0.16505609375	0.2136871875	-0.235226453125	-0.15493171875	0.116131898437	-0.173870453125	-0.16190078125	-0.1894035	0.226792609375	-0.33729021875	0.0717419375	-0.0479379570312	-0.17925253125	0.0695765234375	-0.3542530625	-0.163081140625	-0.138358578125	0.230486671875	0.23750396875	-0.1976965625	-0.1694615	-0.2461188125	-0.14349746875	-0.3441495625	-0.255968328125	-0.2954815625	0.070371578125	-0.141847234375	-0.0899154609375	0.2020168125	-0.1978645625	-0.24954896875	-0.37140209375	-0.13385384375	0.28450646875	-0.17848609375	-0.207554453125	-0.219673171875	-0.097554140625	0.120428632812	0.1586585	-0.2441913125	0.189030125	-0.28746403125	-0.18369003125	-0.116935	-0.41032965625	0.24428490625	0.172196109375	0.35771103125	-0.14494084375	-0.149849984375	-0.116951039062	0.124988429687	3.11	0.14	0.0165	0.001	0.221669658023
58	58	251	2.41457225	1.227915	1.408652	1.473836875	1.4573195	1.56453375	1.02979275	1.280666125	0.9182468125	1.55515875	1.348318375	1.278687625	1.29078225	1.055416125	1.217507625	1.582964375	1.575894	1.4866675	1.338304375	1.36007475	1.292433625	1.24745525	1.5168905	1.394936	1.43420825	1.427999	1.413341375	1.038139125	1.458780625	1.37300125	1.468842625	1.282185375	1.311741875	1.0216046875	1.485057625	1.368475625	1.239048	1.524205125	1.264846625	1.076330125	1.326146875	1.28427125	1.33931575	1.309599625	1.2960005	1.010964375	1.40329425	1.43495825	1.390285375	1.58644775	1.2931925	1.2332	1.298375875	1.162152875	1.556917	1.22341875	1.436756625	1.21116475	1.364344125	1.3545845	1.4863225	1.33688925	1.406435375	1.4185695	1.27797475	1.388105125	1.394022875	1.240323	1.29767625	1.33465825	1.271787375	1.347327875	1.2348625	1.563862875	1.2613495	1.419419	1.212151625	1.400667875	1.361763375	1.409046875	1.2349385	1.16358275	1.574265625	1.223663625	1.101274375	1.440245625	1.527917375	1.25006075	1.572197	1.5072675	1.180880875	1.21524475	1.441304375	1.547307625	1.238033625	1.493791375	1.585485125	1.615109875	1.349092375	1.508652	1.3720185	1.503908625	1.487706875	1.11076975	1.4606465	1.2709615	1.4309165	1.261110625	1.314741375	1.36549675	1.27872375	1.268473	1.3176335	1.59122375	1.38832275	1.331072125	1.239777125	1.3935695	1.32138175	1.338278875	1.32693725	1.399299	1.333915	1.469844875	1.35597325	1.527501375	1.218905375	1.268809875	1.474069375	1.2097465	1.28896475	1.23587075	1.214755125	1.381656875	1.39790725	1.3843445	1.418933	1.307944375	1.422405375	1.259030375	1.427181625	1.164756375	1.219825625	1.45093025	1.521258125	1.253417	1.553746	1.22440775	1.208787	1.56398475	1.52688775	1.362090625	1.479358375	1.228726	1.39408	1.40855375	1.360701625	1.51183325	1.439986	1.38051425	0.9757720625	1.392814	1.36337575	1.03985975	1.388597	1.421521	1.492943625	1.387878875	1.196981125	1.43334025	1.298210125	1.12622	1.618217375	1.379821625	1.43566075	1.405011375	1.62849375	1.3750435	1.246261625	1.412783125	1.31049225	1.554566625	1.235393375	1.449399125	1.120922	1.5098585	1.253241875	1.4559665	1.2349265	1.22529925	1.143719375	1.270128625	1.249222625	1.29614475	1.603692875	1.25123725	1.375023	1.396305375	1.213034125	1.28829375	1.2393175	1.30859725	1.217878875	1.41623425	1.364317125	1.319137	1.435232	1.484804125	1.26681175	1.303713375	1.304611	1.468706875	1.600379875	1.281891625	1.3551695	1.432391375	1.4845155	1.312417625	1.32201175	1.19577825	1.28883675	1.3765955	1.816693375	1.3388685	1.414459125	1.36286525	1.417896375	1.44453775	1.209824875	1.4514695	1.338533875	1.466758875	1.51081325	1.257360875	1.334291	1.542092375	1.10187675	1.1637635	1.65341875	1.548224375	1.10694475	1.29905325	1.24686	1.295923	1.4410535	1.129542	1.38421375	1.222953625	1.507713125	1.334041375	1.009293875	1.361	0.02	7.0E-6	2.0E-5	0.154326982626
59	30	251	6.7486795	0.9995945625	1.074889875	1.065257625	1.248522	1.113178875	1.0398438125	0.9799189375	1.14086475	0.9811595625	0.9241765625	0.84813225	0.941145375	0.859399125	1.19218	1.005853875	0.8445810625	1.238075125	0.8678895	1.115544625	0.907087125	0.9242961875	1.0408001875	1.1126305	0.6294639375	0.9542295625	1.013722625	1.226393875	0.9163541875	1.096854375	1.04951875	0.9116065	0.9877375625	1.060965	0.9258953125	0.878025625	1.03070775	1.05475125	1.063360875	1.0059425625	0.96482725	1.0331566875	1.0390459375	0.7333923125	0.78495325	0.862721125	1.1348105	1.0016681875	1.232449375	1.215727125	0.745009125	0.8495719375	0.8898695625	0.96574875	0.9914183125	0.9421889375	1.030701625	1.0246294375	1.064600375	0.601912875	1.0363823125	1.0467359375	0.844322625	1.0140033125	1.0218385	1.06421175	1.15894125	1.068147375	0.8959090625	1.351115	0.90069675	1.046095375	0.9634085	0.970951625	0.9561365	0.7984891875	0.785468125	1.108296625	0.8626160625	1.143364125	0.9662590625	0.8611016875	0.963887375	1.230779875	0.8857905	0.7850349375	0.8548918125	1.09330025	0.862032	1.117064125	1.144691375	0.7917340625	0.999446125	0.93555125	0.881724375	1.019222375	0.8969080625	1.025911875	1.229698625	0.9909921875	1.065013	0.898791125	1.0394283125	1.000342125	0.749601875	0.943309375	0.8623883125	1.125432375	1.1761015	1.0011450625	1.15622025	1.0636965	1.1368365	1.001956125	1.0426320625	1.106481	1.193493875	0.7930405625	0.935294875	1.151590375	1.162354875	1.111455875	0.8875858125	0.8625185625	0.9758648125	1.095817125	0.895183875	1.106552875	1.014605875	1.218357	1.004521125	1.056839125	0.8809170625	0.913988625	1.158113375	0.93620525	1.266440125	0.8918398125	1.122905	0.998463375	0.9012655625	1.265326125	0.841888625	0.96320575	0.9675113125	0.9693748125	0.910275625	1.253835625	0.8236478125	0.769602	1.110903375	0.6689355625	1.0136676875	0.9571081875	1.0472424375	0.9667735625	0.9499055	1.054196625	1.196875	0.8232535	0.9639	1.0121946875	1.072349625	0.875528625	0.8191139375	1.05075225	1.0479276875	0.9014701875	0.89543175	0.8305985625	1.119128875	0.933243125	0.8252579375	0.8880260625	0.8221961875	0.828366	1.0413259375	1.1855465	0.8840615	1.1417685	0.95926075	1.075255625	1.24652975	1.185101125	0.784106	0.89987675	1.148604875	0.85563675	1.2053775	1.070326875	0.9238860625	0.9139033125	0.7734288125	0.9584154375	1.06640075	0.943883625	1.19402925	0.920458	1.201625	0.9489913125	0.7637521875	0.7931681875	1.0588915	0.91241375	1.0171993125	0.9933254375	0.7826723125	0.9300235	0.900513875	0.9478815625	1.1498255	1.04608	1.100974125	0.8391994375	1.011777375	1.137070375	1.022442	0.97464275	0.703079375	0.8900143125	1.057277625	0.897842625	0.950219625	0.953076	1.279039875	1.0484836875	1.028400875	0.9466955	0.7575903125	1.01437825	0.9869865	1.143897625	1.085863375	0.9229779375	0.8156105625	1.01891025	0.8164535625	1.149431	0.845944	0.8967786875	1.059875625	1.123861625	1.085695125	1.0339140625	1.069749	1.173026625	1.0454099375	0.829379625	1.0178538125	1.251670625	0.889896625	1.096	0.048	1.2E-4	7.0E-5	0.383712591123
60	151	251	3.80383175	2.040465375	2.15017575	2.0186855	1.820762875	2.27878	2.122823	2.26989975	2.027779625	2.23581175	2.14775225	1.862545125	1.890673125	1.812287125	2.148662	2.07575525	2.15186975	2.2828735	2.0020405	2.03278225	2.2133015	1.853544125	2.122993	1.9578995	1.867207125	1.9582455	2.0256545	2.067999625	1.9701805	2.13809925	2.0877735	1.938879375	2.001073	2.08257375	2.095719	2.17203175	2.005914625	2.036215	1.55064275	1.77808425	1.978271875	2.11288225	1.958505875	1.852061375	1.49803125	1.79005275	2.046169375	1.685011125	1.4750275	1.64769075	1.94731925	1.69580275	1.86959275	1.7098745	1.840326875	1.81152875	1.907479125	1.717053125	1.520015625	1.83302725	1.85854025	1.752399125	1.802265375	1.75805725	1.6729515	1.66838525	1.66196225	1.604712875	1.7068595	1.76127025	1.576013375	1.640097625	1.54848125	1.65407175	1.63376025	1.401431875	1.439170375	1.675885	1.50754	1.550018875	1.548797375	1.4085	1.6096605	1.48234025	1.375564375	1.685417875	1.61829	1.435631875	1.33126175	1.4165595	1.37974525	1.263354625	1.683491125	1.332965125	1.42300125	1.5227345	1.5632885	1.597603	1.599602	1.48265225	1.236172375	1.393667875	1.474994625	1.380922125	1.2787565	1.292791375	1.355913375	1.311085375	1.072721625	1.3548245	1.336355125	1.361525875	1.216440875	1.281017125	1.217061375	1.158659125	1.12481025	1.172031125	1.234035125	1.290293625	1.192253	1.070116	1.3798195	1.3786385	1.464003375	1.0379475	1.2722465	1.270534875	1.600685625	1.148283	1.278351625	1.283471875	1.140870375	0.960074375	1.068340375	1.324090625	0.93441875	0.9935046875	1.153736	1.0178293125	1.2033215	1.180816625	1.208890875	1.397164375	1.048863625	1.122733125	1.057352	1.1592195	0.9561295	1.197753625	0.9812860625	1.393781125	1.157937875	0.87435425	1.07577425	1.081961875	1.201898375	1.222017125	1.16965125	0.9649021875	1.0791885	1.164458625	1.299538	1.0370911875	1.25903375	1.133727375	0.833743875	0.90383925	0.8492035625	0.9406694375	1.0357573125	1.147707	1.024522875	0.9060118125	1.058680625	0.974492375	0.924455875	0.9566075625	0.927948375	0.841613875	1.061379875	0.9684395625	0.9062346875	0.7858350625	0.9409591875	1.009751875	0.931748125	1.0288015	0.8690461875	0.8193661875	0.9482324375	0.9102231875	0.9586850625	0.96352525	0.7796530625	0.9469276875	0.7989210625	1.314107125	0.7992201875	0.889113625	0.8747809375	0.91543125	1.0155073125	0.885366375	0.727628125	0.7022545625	0.964607	0.9347706875	0.8744038125	0.9434960625	0.7467808125	0.912258875	0.82495625	0.7511176875	1.101663125	0.8415315625	1.072787375	0.884134	0.798626625	1.106211125	0.9304884375	0.7978626875	0.9047503125	0.5807265625	1.090227	0.760475875	0.786541375	0.908725375	0.7376599375	0.889381375	0.96126825	0.841562125	0.9121160625	0.717284125	0.803566375	0.7495693125	0.9687690625	0.815295	0.818471625	0.8204315	0.592894875	0.7031365	0.969975625	0.8889043125	0.86547775	0.737939875	0.781733	0.9236003125	0.8063244375	1.08004075	0.615403125	2.269	0.031	9.17E-4	2.5E-5	0.167180880323
61	67	251	4.0620225	-0.19731375	-0.14439528125	0.24500475	0.1706269375	0.23509471875	0.172189015625	0.130394757812	0.1601423125	0.0742694609375	0.181968046875	0.1976871875	0.37513071875	0.18083284375	-0.113740671875	0.22868346875	-0.16677175	-0.239226828125	0.306956375	0.2979805625	0.1637615	0.140264984375	0.1435650625	-0.106795273437	0.320630625	0.148886078125	-0.2248484375	-0.082760375	-0.120421859375	0.4138995	-0.21754603125	-0.26118971875	0.150495140625	-0.114975007812	0.4446441875	0.5209258125	-0.101239890625	0.30970665625	0.1329153125	0.31637125	-0.084122953125	0.164487546875	0.3695334375	0.0580484375	0.33941309375	0.351595125	0.241101390625	-0.157182609375	-0.140116859375	0.161596734375	-0.27312321875	0.067705890625	-0.126883148437	0.219580078125	-0.30588359375	0.25989984375	0.2491120625	0.2564390625	0.261272	0.27496046875	0.195283859375	0.29555265625	0.25211878125	0.23315403125	0.198617296875	0.249647046875	0.2445185	0.2626769375	-0.0843768671875	-0.0833657578125	-0.212552546875	0.31194353125	-0.07035153125	-0.048443625	0.18934296875	0.224799625	0.294357625	-0.090747578125	0.250881984375	0.295630125	0.243641875	0.187285640625	0.23803653125	0.143686078125	0.15377153125	0.282694875	-0.100026960937	0.276003375	0.090735296875	0.33159090625	0.2818803125	0.113112429687	0.224503546875	-0.26287621875	0.2698314375	-0.0209173652344	-0.126164578125	0.175290546875	-0.039668890625	-0.06766225	0.30426534375	-0.058640140625	0.2359189375	0.15838303125	0.16065971875	0.198984015625	-0.0914065625	0.27268915625	0.2703828125	-0.2047614375	-0.0359441757812	-0.36814803125	-0.0519490546875	-0.28760440625	-0.18638640625	0.102090921875	-0.19962153125	-0.0211108710937	-0.14375459375	0.3049498125	0.21590765625	0.279800125	-0.33816015625	0.30225415625	0.17764103125	0.20635409375	0.064035125	0.204695203125	0.3239644375	-0.15570384375	0.28955028125	-0.111867921875	-0.257342125	-0.037359	0.059509546875	0.4034706875	0.30904184375	0.22125975	-0.147612234375	0.20591790625	0.256207828125	0.1679751875	0.19607434375	-0.104179359375	0.33068359375	0.16875715625	0.290567625	0.237056875	0.19578125	-0.1904065	0.222949640625	-0.16403565625	0.15601696875	0.14238025	0.0654304414062	-0.199613265625	0.197886578125	0.215496140625	0.161395015625	0.3565739375	0.197780546875	0.149834046875	0.102085226562	0.13878809375	0.196114453125	-0.08801371875	0.106631421875	-0.275183125	-0.173701328125	0.1862121875	0.28237478125	-0.1844668125	-0.21270303125	0.237686796875	0.1222563125	-0.126524140625	0.218039234375	0.3571340625	0.14030434375	-0.125042921875	0.118449125	-0.115141203125	0.099572203125	0.208771625	-0.061049828125	0.240878046875	-0.160762	0.170634953125	0.216145296875	0.255375625	0.3700958125	-0.17174765625	-0.2010724375	0.26668721875	-0.107663148437	-0.253876953125	0.26522453125	0.204450859375	0.11390646875	0.19877421875	-0.2832575	0.19949446875	-0.124244671875	0.2869829375	0.19633353125	0.2202008125	0.3419573125	0.103015421875	0.337370875	0.380825875	0.18156228125	-0.152577703125	0.2156735625	0.29532615625	-0.07376125	-0.0961458984375	0.27089140625	-0.072683140625	0.41981021875	0.25932871875	0.26293209375	0.31119140625	-0.32927525	0.185929421875	0.20538175	0.3299765625	0.4159035	0.115457046875	-0.302363375	-0.0326266464844	-0.11711284375	0.24423165625	-0.121198	0.218005609375	0.1254645	0.099766890625	0.175820015625	0.259296875	0.1871568125	0.3755485	0.187327421875	0.174241453125	-0.110407125	-0.164629375	0.141073671875	-0.0610905703125	0.157824859375	-0.193139765625	-0.0639004960937	0.144560375	-0.136423390625	4.06	0.11	1.7	19027.9	0.219907341383
62	75	251	5.7425265	2.7794145	2.875012	2.749707	2.803095	2.73261625	2.96590525	2.59491825	2.2896205	2.63734475	2.4882245	2.69021625	2.8200575	2.92698425	2.65147275	2.617673	2.59459775	2.73774575	2.7784435	2.7584405	2.78935325	2.70981975	2.60590925	2.9347375	2.75989625	2.840764	2.71665925	2.69280625	2.655871	2.77438225	2.44075425	2.68750675	2.735392	2.7421035	2.777854	2.6818645	2.75093575	2.5960255	2.5537295	2.54631525	2.62162	2.4945605	2.6946675	2.839044	2.714559	2.46456225	2.6570955	2.83110875	2.5812575	2.7669935	2.7205835	2.592555	2.69217725	2.5653705	2.399802	2.599469	2.673286	2.511568	2.6662025	2.6018255	2.640596	2.80559975	2.652638	2.52472925	2.4720675	2.79032	2.478899	2.4852465	2.470461	2.70293225	2.7227715	2.72385625	2.557732	2.6947225	2.718225	2.57329575	2.67541025	2.50122725	2.5058415	2.521422	2.53725275	2.62569375	2.738431	2.65131175	2.8581225	2.51711525	2.55888375	2.39682075	2.290614	2.497394	2.515338	2.65311275	2.4527225	2.46147475	2.55272925	2.31449125	2.53887	2.44942875	2.47333525	2.642419	2.563802	2.305519	2.71003675	2.442116	2.53237925	2.53214275	2.255579	2.54788375	2.61435575	2.52685675	2.394787	2.962541	2.666869	2.43700175	2.80332475	2.71956375	2.6161035	2.2714375	2.3448025	2.2735075	2.3601285	2.38561175	2.3557905	2.71450525	2.2088905	2.69034825	2.413237	2.46144325	2.57969975	2.479868	2.40751175	2.412769	2.3072225	2.598228	2.505447	2.2714625	2.82858675	2.4016025	2.2884745	2.6221905	2.5229375	2.60311675	2.554771	2.429556	2.46108125	2.7046855	2.450383	2.59499475	2.77042025	2.694479	2.412951	2.1192085	2.54617	2.37016525	2.5449595	2.4353225	2.4539805	2.29804925	2.5027195	2.49807	2.5115205	2.434534	2.7851695	2.44573575	2.66412475	2.52292425	2.59923025	2.40443975	2.40252725	2.611103	2.7109575	2.37858975	2.480416	2.36948675	2.386121	2.59366825	2.44150775	2.36309625	2.50538875	2.51866225	2.6852	2.47258425	2.49793725	2.4101845	2.546448	2.59284275	2.71161325	2.511465	2.4662265	2.349254	2.43743225	2.4394635	2.5761405	2.194915	2.5257415	2.49911975	2.828889	2.4401785	2.5231285	2.60073625	2.4254445	2.470946	2.44993725	2.53411	2.35799875	2.46035225	2.529783	2.51358	2.32217225	2.65647375	2.56309575	2.416986	2.774666	2.3547825	2.439232	2.46310325	2.597938	2.69496825	2.4762605	2.45547925	2.1604355	2.2047525	2.54350375	2.40810425	2.57407425	2.57959125	2.1474005	2.46014075	2.314019	2.58852475	2.42579175	2.481061	2.58401775	2.36823625	2.31868775	2.46048425	2.17143075	2.56631275	2.165838	2.51198925	2.4545125	2.2551835	2.57734425	2.47135825	2.39747425	2.36965575	2.36572775	2.4917725	2.3198015	2.336733	2.28809475	2.753	0.033	1.19E-4	1.5E-5	0.236069666841
63	50	251	5.661391	-0.25310146875	0.2860495	0.249281109375	0.193130453125	0.402289625	0.3791600625	0.1918058125	0.520564125	0.44939015625	0.36769365625	0.38467146875	-0.205838484375	0.24390871875	0.47124175	0.27004484375	0.543159375	0.3447711875	0.2838049375	-0.128159390625	-0.198224328125	0.34460565625	0.2801949375	0.33113471875	0.37858075	0.28822790625	-0.145546	0.38890034375	0.31279134375	0.23743896875	0.42179784375	0.192005015625	0.2813458125	-0.2224765625	0.55204175	0.5785576875	0.3649111875	0.43859659375	0.33819928125	0.37783059375	0.4842781875	0.2423425625	0.3831163125	0.42182590625	-0.198604140625	0.45942725	0.3735595625	0.216554625	0.2457806875	0.170363359375	0.26440821875	0.34688046875	0.348595125	0.286257375	0.27432540625	0.2356526875	0.13991015625	0.267053875	-0.135424203125	0.32615934375	0.3269920625	0.39566803125	0.43763409375	0.43903725	0.177063640625	0.218425828125	0.228936375	0.31474959375	0.229108671875	-0.14001603125	-0.111416023437	0.3117849375	0.32761315625	-0.34725225	0.48054309375	0.28926590625	0.239965875	0.247016328125	0.32074134375	0.4000428125	0.36388825	0.33067803125	-0.15768953125	0.2597359375	0.3050958125	0.3163495625	0.161426046875	0.21831646875	0.253226765625	-0.143988375	-0.17968590625	0.31868009375	0.18719171875	0.232019421875	0.17070765625	0.42116309375	-0.123728328125	0.35269271875	-0.165020484375	0.17703015625	0.31449440625	0.242573984375	0.38283653125	0.154942734375	0.3382264375	-0.255606234375	0.242031125	0.1931476875	0.39269525	-0.14812521875	0.45649515625	-0.089599546875	0.23203721875	0.286880125	0.47201465625	0.41152915625	0.263703375	-0.10984128125	0.37633096875	0.207326796875	0.279225	0.24877346875	0.190542625	0.4086401875	0.441141875	0.167928703125	0.26344984375	-0.19141628125	0.465519625	0.5069085	0.153888828125	-0.123305242187	0.253396921875	0.36664434375	0.175465828125	0.313236125	0.255232546875	-0.1479316875	-0.12305675	0.34121784375	-0.24027221875	0.254576578125	0.26565678125	0.206066703125	-0.144260140625	0.1056818125	0.31028225	0.094234125	0.25533859375	0.2079495625	0.120284039062	-0.117222140625	0.323163375	0.40035440625	-0.04962971875	0.1398214375	0.0977251875	0.17788746875	0.226289453125	0.166363109375	0.27850984375	0.14351375	0.37730746875	0.29074190625	0.2844741875	0.34557853125	0.2419819375	0.28283959375	0.124341289062	0.39563271875	-0.153420796875	0.36852221875	0.1942705625	0.153227484375	0.156482875	0.20207625	-0.1432948125	0.17986275	0.3440766875	-0.27660084375	0.40196971875	0.38427290625	0.0593933632812	0.223330984375	0.20771928125	0.184821640625	-0.14883728125	0.40564684375	-0.21002465625	0.2784564375	0.260092046875	0.20795165625	0.098426234375	-0.21608128125	0.191306859375	0.23027225	0.255797546875	0.3423976875	-0.160653921875	-0.129661125	0.25712834375	0.23266921875	0.2112524375	0.29067509375	0.15578590625	0.177570765625	0.3008219375	0.31256953125	0.1650613125	-0.191190328125	0.26911584375	0.191096609375	0.226022609375	0.2670000625	-0.24302828125	0.28037140625	0.23707284375	-0.227236921875	-0.16375015625	0.254835421875	0.32564309375	0.37403178125	0.226404015625	0.223269171875	0.169635609375	0.148803421875	0.312491625	0.360877875	0.200346203125	0.227161	0.4439001875	-0.15911996875	0.4651654375	0.28831275	0.196998	0.1921200625	0.2963695625	0.2257954375	-0.145828171875	0.36374446875	0.34633396875	0.16481734375	-0.084102140625	0.224955734375	0.247748078125	0.20210584375	0.4681536875	0.244991828125	-0.14643009375	0.33478203125	0.2657550625	0.43	0.07	0.00115	3.8E-4	0.387933237625
64	19	251	4.2571595	0.42986671875	0.40172234375	0.5260875	0.44411259375	0.3529411875	0.26270840625	0.344818125	0.43578340625	0.416416625	0.4925744375	0.31965125	0.3574559375	0.6022124375	0.248294421875	0.3280145	0.4031435	0.34214771875	0.42837596875	0.5847666875	0.3426648125	0.5284680625	0.460029875	0.30726240625	0.570820125	0.468414875	0.158759328125	0.26458640625	0.32034503125	0.47268403125	0.49543428125	0.21541475	0.46738878125	0.312474125	-0.103442429687	0.303305875	0.6915535625	0.33591934375	0.40776309375	0.5066880625	0.26338396875	0.4259945625	0.33376934375	0.48249025	0.21172715625	0.4416260625	0.28275715625	0.46647753125	0.5639700625	0.623820625	0.5658031875	0.5264461875	0.39318796875	0.3486455625	0.4042726875	0.2965616875	0.46913178125	0.6011141875	0.30503009375	0.43140028125	0.3430456875	0.29460746875	0.616997125	0.395466125	0.51783346875	0.38065890625	0.467869875	0.4164444375	0.37414559375	0.395500875	0.38199275	0.3882974375	0.43380909375	0.246473640625	0.49430846875	0.39394003125	0.415184875	0.41446421875	0.39124515625	0.32571959375	0.37982853125	0.349859875	0.28898053125	0.17281196875	0.4602781875	0.36508	0.324250625	0.5020870625	0.36889846875	0.32532546875	0.257777359375	0.45726865625	0.33629003125	0.5989658125	0.2601991875	0.31647396875	0.252441578125	0.3886938125	0.3997310625	0.47582296875	0.44893875	0.4028018125	0.40009446875	0.420779625	0.5672925625	0.423866	0.47248925	0.38700553125	0.482893375	0.4834341875	0.501405625	0.4592456875	0.374334875	0.46740425	0.46450503125	0.397569125	0.361125	0.410296375	0.47415171875	0.22594209375	0.45619746875	0.38829028125	0.46039309375	0.412025875	0.6973141875	0.44122265625	0.107678320312	0.47099365625	0.33143015625	0.5233635625	0.39112353125	0.5302879375	0.2736636875	0.51239165625	0.2745540625	0.44978375	0.5338415	0.35903790625	0.39019090625	0.3058691875	0.32435946875	0.6130134375	0.511614	0.5186600625	0.5655714375	0.24392459375	0.5381919375	0.295200125	0.5472268125	0.6020036875	0.556598125	0.45679603125	0.4895433125	0.46885671875	0.433777625	0.131058484375	0.5647815	0.297079625	0.641737	0.3532323125	0.30866703125	0.52631975	0.3907205625	0.39795509375	0.3517313125	0.42673203125	0.2271859375	0.26718265625	0.6943931875	0.34671815625	0.3564843125	0.2807250625	0.26922584375	0.34105275	0.2919579375	0.3595323125	0.50632284375	0.38077828125	0.49801	0.450478	0.525011625	0.3721661875	0.37115265625	0.3851601875	0.41915603125	0.29996428125	0.307309625	0.44308475	0.4279666875	0.33223059375	0.35134459375	0.40038378125	0.3025365	0.39495896875	0.220419	0.49662321875	0.4446356875	0.456542625	0.3570295	0.3162925	0.2908149375	0.41994675	0.36959575	0.3120335625	0.27825071875	0.33967403125	0.48213640625	0.37017590625	0.42152653125	0.19132178125	0.350753125	0.446093625	0.341808125	0.397667125	0.3021095625	0.2771691875	0.28671821875	0.4492955	0.363430375	0.60443925	0.5884143125	0.47797728125	0.4078873125	0.4051758125	0.42145746875	0.38761503125	0.45866096875	0.36395259375	0.37107696875	0.56576375	0.34487740625	0.4609641875	0.44075803125	0.23494009375	0.398178625	0.640179	0.62092225	0.398041625	0.4016264375	0.35853984375	0.49039784375	0.4043768125	0.4715019375	0.233299953125	0.29455753125	0.37965159375	0.5733080625	0.5159155	0.5411968125	0.573708875	0.44780590625	0.465	0.034	1.6E-4	1.1E-4	0.265756390239
65	128	251	4.2140445	1.73256125	1.917732375	1.898067375	2.022862125	2.002756875	2.0222835	2.07773875	2.3025535	2.11659375	2.209937	2.013986	2.1560045	2.14291	2.1414455	2.11939125	2.14925925	2.20228025	1.9412785	1.875583375	2.12745375	2.32635425	2.16307	2.17784025	2.05942475	1.963863375	2.228203	2.035092875	2.01649975	2.23542	2.124199	1.95734	2.10714	2.045041	2.037838	2.17824675	2.321274	2.15099075	2.2538185	2.0438085	1.796473625	2.178344	2.070426625	2.12413575	2.05081575	2.083942	2.10209575	2.30274975	2.10385425	2.0749255	2.1570175	2.16728525	2.189129	2.22707225	2.052269875	2.118273	2.166748	2.14372075	2.016527625	1.925792375	1.99358275	2.1822035	2.11625825	1.828684625	2.32394425	2.172956	1.91360175	2.19218	2.043435875	2.3123115	2.3541715	2.13957425	2.104796	2.15036225	1.95251575	2.185077	2.15392025	1.874876	2.24464375	2.12415225	2.230503	2.23392575	2.284207	2.2433145	2.087642375	2.029398	1.96191625	2.26555525	2.17059225	2.2330565	2.159972	2.1232355	1.8304315	2.28590125	1.998058625	2.1395345	2.10471825	2.0654175	1.973176875	2.28489175	2.023363	2.2109895	2.27733975	2.4176125	2.065260625	2.175456	2.165118	2.13740125	2.10898075	2.244288	2.29733825	2.21589625	2.283115	2.18422775	2.092445625	2.10527225	2.113623	2.43689925	2.3663665	2.170758	2.381422	2.35624	2.1933665	2.2809135	2.37157425	2.2035695	2.15239825	1.795924625	2.20318625	2.065677125	2.21144075	2.14805675	2.39616025	2.0992895	2.31691875	2.1115205	1.972692625	2.4164535	2.350651	2.333464	2.33274025	2.2725225	2.4917465	2.17856925	2.2202615	2.380213	2.292696	2.267061	2.0705785	2.22442125	2.33916775	2.42679475	2.2754385	2.1477035	2.3078275	2.3214125	2.368772	2.032009625	2.01658625	2.42077825	2.1170075	2.07601675	2.369907	2.19903375	2.40272525	2.2824845	2.04115975	2.432031	2.329094	2.36267925	2.30814175	2.149933	2.281469	2.31014	2.16821475	2.29682225	2.13937125	2.224742	2.05822575	2.09923025	2.1647025	2.25244875	2.22421075	2.16850575	2.327948	2.01554625	2.1733295	2.16414975	2.004723125	2.31022025	2.078629875	2.38544225	2.3992565	2.20195225	2.35474825	2.1180715	2.23342825	2.1630065	2.190011	2.16951225	2.16268725	2.1956615	2.5127375	2.321971	2.21801925	2.10096775	2.2834025	2.551875	2.4719455	2.141745	2.1219905	2.024016375	2.10003575	2.2369575	2.033455375	2.199763	2.24067575	2.41219875	2.233917	2.16456575	2.081649125	2.19377325	2.2200125	2.2408165	2.31044925	2.22957375	2.202026	2.3568965	2.37412975	2.4656635	2.31322375	2.33678975	2.2292755	2.1020245	2.11073225	2.39518825	2.10788425	2.37256075	2.11951225	2.281764	2.045703375	2.13727875	2.35007	2.36067575	2.42754675	2.003571875	2.416651	2.10476275	2.3326775	2.3214105	2.067401375	2.118	0.024	-5.3E-5	1.5E-5	0.186447205225
66	84	251	4.224777	2.58326575	2.43263375	2.47555975	2.356284	2.28266275	2.39877475	2.371597	2.78113675	2.50619	2.42349925	2.401186	2.42068875	2.2911175	2.48187925	2.54819	2.59844725	2.45983575	2.460155	2.3052615	2.54990475	2.145508	2.48030275	2.486624	2.8041965	2.253642	2.6314475	2.24079475	2.41037925	2.41496175	2.31976675	2.27282675	2.6411265	2.32671025	2.321344	2.58473575	2.368413	2.47999275	2.3910305	2.184087	2.22123425	2.393898	2.4453955	2.26862025	2.460793	2.67372425	2.2597985	2.23337425	2.45026775	2.4505065	2.333582	2.28686275	2.4967955	2.2268785	2.18735575	2.2545635	2.643916	2.54732125	2.54048325	2.3984635	2.513328	2.4874985	2.565468	2.095035625	2.3688705	2.42206675	2.39854325	2.420588	2.40173425	2.190634	2.2834665	2.38201175	2.4172675	2.394564	2.53662625	2.36012825	2.423298	2.335461	2.2565325	2.40484875	2.29357225	2.26782425	2.18621775	2.623343	2.53118525	2.32938625	2.48616825	2.23486425	2.245986	2.34866525	2.1899505	2.094474875	2.2239735	2.32532075	2.31220725	2.3855515	2.441253	2.27537475	2.5592475	2.325041	2.3028165	2.43513775	2.37734175	2.50896125	2.43370425	2.28892625	2.3364235	2.528811	2.364038	2.50806025	2.3473595	2.3070765	2.38160725	2.3225425	2.3155065	2.37645425	2.489445	2.36538075	2.30397275	2.40710075	2.1727995	2.38744375	2.33035825	2.311512	2.556366	2.5251795	2.668641	2.265482	2.375375	2.371061	2.303293	2.44459375	2.5086075	2.4410045	2.36677325	2.4460125	2.24865075	2.24449125	2.34775725	2.22542025	2.1804915	2.3254485	2.064312375	2.43804475	2.436614	2.42549775	2.31734525	2.2235845	2.27982575	2.2347995	2.19692925	2.46245525	2.229055	2.041279375	2.2672445	2.09955925	2.279172	2.43266375	2.171394	2.34642125	2.36566575	2.2826195	2.19847175	2.386316	2.14659975	2.42619125	2.31596425	2.127263	2.216984	2.4359515	2.34193875	2.30312775	1.980220875	2.30136925	2.3165415	2.32803	2.20085875	2.2787215	2.33625775	2.355594	2.017428125	2.448454	2.28508775	2.3570515	2.25454425	2.30033175	2.17343075	2.26664725	2.19598025	2.178499	2.2912515	2.17396475	2.14905875	2.062161625	2.351876	2.0966055	2.3464065	2.4400215	2.387147	2.212095	2.16238	2.28846425	2.32315	2.1438045	2.18643325	2.189341	2.414615	2.027018875	2.36681625	2.088230875	2.21164425	2.0702685	2.5241725	2.35340525	1.788935375	2.096016875	2.4673835	2.3165345	2.44316725	2.2655445	2.1560425	2.009410125	2.06124075	2.13260825	2.464218	2.424403	2.23633125	2.321474	2.2444455	2.31499325	2.27432875	2.22733275	2.10679075	2.16516	2.24394575	2.357122	2.122474	2.29731575	2.2345285	2.0432015	2.35398225	2.35565875	2.25122625	2.013415125	2.2711635	2.2823545	2.1753315	2.16692675	2.0989175	2.17348425	2.10626625	2.489	0.025	1.02E-4	1.4E-5	0.169558709543
67	48	251	5.6236745	2.9956905	2.9782955	2.74419225	2.816857	2.6760705	2.7303105	2.5656315	2.3998895	2.7987685	2.728936	2.63635925	2.74294125	2.97908425	2.5463345	2.762008	2.634522	2.69827525	2.7429475	2.54891825	2.64045925	2.69113025	2.58219875	2.826378	2.87292575	2.80450775	2.824581	2.766641	2.8625315	2.6272715	2.40059625	2.7020705	2.56037275	2.7735705	2.6309785	2.614975	2.49553975	2.47387725	2.41987325	2.61747625	2.54507325	2.5170695	2.52911225	2.5113035	2.7564425	2.3146005	2.715112	2.766014	2.73867475	2.64588675	2.61678875	2.63259525	2.6831115	2.488392	2.523586	2.2817125	2.515194	2.41565975	2.5605395	2.48692425	2.51421275	2.5964335	2.391965	2.40125375	2.331185	2.54545475	2.31307	2.371358	2.25282825	2.44511275	2.46451125	2.626798	2.40757925	2.6786025	2.44644125	2.5542215	2.4418415	2.37866925	2.25462525	2.39804325	2.33810875	2.350944	2.55147025	2.39634925	2.51495525	2.277574	2.37363275	2.33479775	2.16396575	2.111087	2.23346225	2.2169805	2.1070905	2.0986555	2.25707125	2.09685425	2.289581	2.3405785	2.37645325	2.35101575	2.24546025	2.196674	2.348774	2.140174	2.4483165	2.31901475	1.99594775	2.1929735	2.38049325	2.23873425	2.29685475	2.68281025	2.394381	2.24570725	2.3259065	2.5877545	2.36843975	2.026141875	2.28944225	2.1116025	2.19034925	2.1217915	2.2141	2.048151	1.862386	2.4276215	2.117366	2.387422	2.321384	2.2142855	2.085494625	2.393058	1.97780925	2.14182725	2.26766025	2.1138975	2.62219175	2.00213875	2.12588825	2.276089	2.25997275	2.3135	2.1824145	2.26634075	2.1733785	2.30456775	1.91155375	2.1562685	2.37049	2.32374375	2.1647235	2.022098375	1.935466625	2.1135295	1.971955375	2.043747	2.08075375	2.137432	2.1148475	2.199088	2.1932955	2.005564375	2.31452	2.016864	2.12298125	2.08555025	2.011182875	2.07556975	2.09038025	2.16944575	2.3995285	2.003649625	2.081624	1.879867875	1.91888275	2.046345875	2.037727875	1.855673875	2.11969225	2.1591615	2.23022625	2.13515625	2.021317	2.01421	2.163828	2.176423	2.137198	2.007853625	1.899217	2.02943725	1.918401625	2.0516445	2.245267	1.91153125	2.04277825	2.091390625	2.305727	1.961194875	1.999183625	1.99646525	1.9133525	1.965283	2.038539375	2.19700875	1.9215515	2.04618125	1.9916875	2.1841415	1.89869725	2.047549875	2.13852475	2.025396	2.3371285	1.7820375	2.028116125	2.036589875	1.959319875	2.2114265	1.78067675	1.898326125	1.91304925	1.886449375	1.654444875	1.934311875	2.026473625	1.969904125	1.697508	1.83064125	1.8414405	2.144517	1.984793375	1.952124125	1.941744375	2.1221235	1.803169875	1.877498	1.575907	2.0214615	1.90498075	1.92944825	1.820405625	1.81383225	2.13883325	1.91029125	1.880204875	1.875324625	1.849029625	1.940673875	1.798103625	1.915834625	1.77988925	2.809	0.034	3.44E-4	1.8E-5	0.226979572783
68	68	251	4.463467	2.4722385	2.2654	2.235085	1.87960925	1.609458	1.916329375	1.260439	1.34765575	1.209584125	1.253226625	0.9260755	1.0219571875	1.0411734375	0.8515345	0.8153565	0.32650659375	0.40676834375	0.429395375	0.241772484375	-0.101492601562	0.47889784375	0.6468943125	0.294680375	0.5334566875	-0.15746075	0.35338446875	0.398723125	0.614338125	0.3919584375	-0.21641840625	-0.2474484375	-0.16860871875	-0.25525346875	0.131201609375	0.533331875	0.203505328125	-0.233591703125	0.39278959375	-0.205668078125	0.27963290625	0.3297314375	0.174037875	0.1499725	0.28382378125	0.111302320312	0.260486375	0.2842685	-0.143046046875	0.45305815625	0.278095	-0.175049359375	-0.3958584375	-0.26642134375	0.40252403125	-0.3465295625	0.5327396875	-0.203943953125	0.149625703125	-0.37522871875	0.259822765625	-0.1776198125	-0.131204453125	0.202924359375	0.13675834375	-0.161706625	0.225279234375	0.159440125	0.272356	-0.402876	-0.18370053125	-0.17955753125	0.125477875	0.3414776875	0.2371874375	0.0130700888672	-0.24004059375	0.2673074375	0.119686085937	-0.44461475	0.155495859375	-0.33978525	-0.19961321875	0.23255096875	0.174735546875	0.30298284375	-0.22614465625	-0.20520103125	-0.199911125	-0.245327125	-0.20926709375	0.200961765625	0.324565	0.236943140625	0.21263628125	-0.22431575	-0.4320775625	-0.0594750703125	-0.160212953125	0.3880824375	-0.356401875	0.254258234375	0.5044286875	-0.33485690625	-0.3249351875	0.33218059375	-0.225648421875	0.237325265625	-0.15285990625	0.4307860625	0.255879046875	0.168931	0.199885234375	0.48010190625	-0.236288796875	0.225987625	0.46229725	-0.31357246875	0.20314221875	0.083381484375	-0.26357359375	-0.35926609375	-0.217191015625	0.42072315625	-0.3013608125	0.26762746875	-0.230907140625	0.204189359375	-0.2304605625	-0.3420759375	0.213690375	0.23348009375	0.3112559375	-0.2884719375	0.412638875	0.20708096875	-0.217843390625	-0.36341475	0.188178890625	-0.254099453125	0.2526435625	-0.22966459375	0.23843578125	0.387479	0.39039603125	0.1559809375	0.3138186875	0.13779284375	0.27444071875	-0.152001875	-0.251512125	0.29997659375	-0.192747734375	-0.0995392109375	0.26182225	0.366551625	0.0431408789062	0.103630054687	0.28876490625	0.34448834375	0.27808678125	-0.235972953125	-0.2523355	0.19213246875	-0.30082178125	-0.2703710625	0.11917878125	-0.1750919375	0.45286940625	-0.166452984375	-0.32845246875	0.158898703125	0.3561435	0.241059671875	-0.200637125	0.38548578125	-0.203932828125	0.29790940625	0.42462403125	0.31651475	-0.253274671875	0.1227803125	0.315759	-0.32483003125	-0.141224171875	0.29297325	0.21847725	-0.2760124375	0.4146434375	-0.126480914062	-0.43619125	-0.373974375	0.1756040625	0.28610440625	0.398047125	0.223631234375	-0.35694453125	-0.237511671875	0.24946759375	0.0492397890625	0.18453140625	-0.2802683125	0.34574671875	0.2901150625	0.33278675	0.34514984375	0.3901721875	-0.29064396875	-0.070382796875	0.1525895625	-0.168179421875	0.28411103125	0.2816831875	-0.247995046875	-0.20582675	0.42923475	0.067870546875	-0.29888503125	-0.128135445312	0.226439703125	-0.20552121875	0.4481495	-0.0977679140625	0.2257566875	-0.21237696875	0.10062628125	0.17977146875	-0.17357740625	0.24719009375	-0.4354333125	-0.4037618125	0.253232390625	-0.140730609375	-0.1392665625	-0.213911859375	-0.20221978125	-0.49624003125	0.100208851562	-0.27716346875	-0.130726890625	0.33037065625	0.2426560625	-0.2477158125	-0.1879065	-0.5660846875	-0.26659959375	0.116347125	-0.24791584375	0.2446629375	0.227327078125	-0.186516546875	3.97	0.2	0.0219	0.0014	0.273058172579
69	9	251	7.5238335	0.30072834375	0.1926375625	0.450846625	0.233734390625	0.3039595	0.42543559375	-0.201864390625	0.627461875	-0.053037453125	0.2329190625	0.3051265	0.42752953125	0.35367171875	-0.1660765625	0.37626396875	0.33711775	0.2048744375	0.389280375	0.42354984375	0.252105515625	0.402300875	0.27942578125	0.66265525	0.44510109375	0.45259840625	0.3128435625	0.4256948125	0.178148625	0.3304475	-0.18106553125	0.34257909375	-0.1724255	0.16947821875	0.222694	0.2550795625	0.4721428125	0.3865786875	0.38297678125	0.387411625	0.32800740625	0.41370425	0.3111084375	0.185122078125	0.6275623125	0.34958171875	0.35304059375	0.426350125	0.353902	0.29497646875	0.2920670625	0.156211609375	0.30983509375	0.22489946875	0.2132754375	0.1379988125	0.33637115625	0.36121715625	0.3604901875	0.38514046875	0.0618177382812	0.42332115625	0.24431128125	0.41825096875	0.25404653125	0.134220625	0.33563646875	0.20893578125	0.26125034375	0.4282873125	0.409816125	0.20798009375	0.300990875	0.248494546875	0.258755234375	0.183334484375	0.43611559375	0.28561228125	0.391101375	0.14349884375	-0.1505578125	0.5514388125	0.31488628125	0.30365884375	0.39583559375	0.35288365625	0.48647040625	0.3780868125	0.30146803125	0.34547053125	0.30825209375	0.34334225	0.176097234375	0.3199570625	0.34899728125	0.323523375	0.157461078125	0.18133521875	0.43924	0.36866925	0.246036203125	0.3020591875	0.36144196875	0.242078375	0.260617171875	0.261028484375	0.165557390625	-0.0236223339844	0.2742186875	0.40894990625	0.274883625	0.4006288125	0.557986875	0.361301	0.20315159375	0.372233375	0.32262921875	0.30692975	0.2530464375	0.15086490625	0.21852446875	0.4962174375	0.29897946875	0.191828140625	0.42232853125	0.26260553125	0.31453503125	0.3925494375	0.240972859375	0.2494755	0.31462409375	0.34979309375	0.38425678125	0.38504096875	0.094956796875	0.18641609375	0.2852456875	0.20754040625	0.33186059375	0.2751309375	0.42236496875	0.246860296875	0.24869428125	0.31699775	0.142005046875	0.23033234375	0.29528184375	0.3400161875	0.32308690625	0.33335075	-0.19745128125	0.45045421875	0.181230890625	0.19842240625	0.32146425	0.3157391875	-0.16370665625	0.30106771875	0.3223154375	0.3275145	0.3157285625	0.185476046875	0.3932805	0.20619746875	0.46386178125	0.229600625	-0.0787828125	0.2467505	0.141869	0.33149740625	0.27889834375	0.4337756875	0.4179133125	0.250607640625	0.3482376875	0.3492403125	0.258639921875	0.28665490625	0.18075228125	0.45065309375	0.22781275	0.132412125	0.1349415625	0.4249835	0.0965550234375	0.33799465625	0.16013475	0.29588853125	0.222360296875	0.224687328125	0.15709409375	0.21765840625	0.1376886875	0.44779359375	0.25515171875	-0.167690859375	0.180683078125	0.235344046875	0.2892808125	0.287587	0.3400395625	0.32523271875	0.21294978125	0.590757625	0.33490453125	0.545984125	0.43769265625	0.117586015625	-0.119225171875	0.204145109375	0.45515840625	0.31166021875	0.17085528125	0.22674028125	0.09870446875	0.37513975	0.3413328125	0.27935303125	0.26695396875	-0.0585096171875	0.390980375	0.2196055	0.123709921875	0.125056578125	0.30676815625	0.255288125	0.25417290625	0.33246403125	0.242827484375	0.3193145625	0.164705328125	0.202703125	0.1947115625	0.2982824375	0.186414234375	-0.212031640625	0.33929734375	0.20812478125	0.28756159375	-0.24852190625	0.33064159375	0.4149276875	0.27092059375	-0.0953136640625	0.30103659375	0.20161015625	0.188971703125	0.1439258125	0.2955464375	0.1312084375	0.233196	7.52	0.3	0.187	0.043	0.308284616487
70	92	251	6.81089	-0.0714329296875	0.33834003125	-0.21438984375	0.143951734375	-0.3734270625	0.366653125	0.4470293125	-0.0372530078125	-0.12632175	0.198802171875	-0.186672328125	0.21594025	-0.16767703125	-0.171360171875	0.168615265625	-0.19922053125	0.149749859375	0.28908984375	-0.14279553125	-0.0359316210937	-0.1176508125	0.39611225	0.194564328125	-0.2694503125	-0.225247203125	0.34794684375	-0.0901991328125	-0.32008278125	0.24998975	-0.31587528125	0.165729484375	0.2141694375	0.212552625	0.146618140625	0.4039361875	-0.328382	0.174955125	-0.203985265625	0.146040890625	0.193552640625	0.22333640625	0.1601570625	0.290704125	0.3125055	-0.1308014375	0.3404485	0.257486640625	-0.26340825	-0.194119484375	-0.13685853125	-0.157412453125	0.144149375	-0.25429225	0.3754941875	0.152978578125	0.24560546875	0.199775875	-0.1446024375	0.2535610625	0.274372	0.313354125	0.0942795390625	0.115093742187	0.0682764765625	-0.0606027578125	0.20520553125	0.144884875	-0.1638906875	0.188322	0.365240375	0.18779965625	0.065813015625	0.31854475	0.241809625	-0.0729339375	-0.213600390625	0.36213409375	-0.196297921875	-0.120073609375	0.1768708125	0.3812226875	0.196722203125	-0.14248515625	0.113121640625	-0.063164484375	0.35892371875	0.19369809375	0.16782871875	0.2154186875	0.2277099375	0.259597109375	0.253845296875	0.256608203125	0.18487540625	-0.153117265625	0.210746921875	-0.30103225	-0.21532328125	0.0283421484375	0.203296609375	0.090207765625	-0.15553978125	0.142563484375	0.191297609375	0.215104859375	-0.0493223242187	0.2280819375	-0.243759390625	0.12388228125	-0.125289835937	0.198920515625	0.14378215625	0.111175	-0.1788346875	0.235059359375	0.207632078125	0.3190915625	-0.139174890625	0.070772953125	-0.188550703125	0.135669359375	0.3186201875	-0.0910717578125	-0.17407565625	-0.1730333125	-0.4724549375	-0.199910109375	0.174119796875	-0.146725953125	-0.24060059375	0.0851025078125	0.235709578125	0.22766071875	0.180803671875	-0.242194375	0.39841303125	-0.21562584375	-0.261290484375	-0.1596666875	-0.113722015625	-0.102283648437	0.18694628125	0.124754945312	0.07624909375	-0.2209713125	0.259123953125	-0.15843240625	0.0742265	-0.19813225	-0.1592236875	0.145516578125	0.20708884375	0.135968421875	-0.0481079453125	-0.243667109375	-0.224594015625	0.22062828125	-0.2247406875	0.18110425	-0.248967953125	0.1988985625	0.19655590625	-0.165451625	0.073447796875	-0.092220875	0.166240953125	0.175785	0.130028203125	-0.150356421875	0.15404609375	0.1517634375	-0.3919025625	-0.215592890625	-0.117370515625	-0.1304431875	0.3384915625	0.196174421875	-0.22104184375	0.1599043125	-0.182008125	0.192323640625	0.080701984375	0.13791909375	-0.2163536875	0.130005085937	0.22750125	-0.159923	0.118919148437	0.2150234375	-0.165778171875	0.0652813476562	-0.184973171875	0.0860764140625	0.185618234375	0.092216765625	0.128918820312	-0.257142625	-0.126739335937	-0.0610088476562	0.506738875	0.191226828125	0.109001835937	-0.2834035625	0.28377571875	0.21664446875	-0.2497353125	-0.074276328125	-0.18903278125	0.168577609375	-0.076791859375	-0.29065909375	-0.34574975	-0.154797625	0.15793890625	0.23368784375	-0.179445890625	0.1988165625	-0.12372046875	-0.27968175	-0.20537065625	-0.117293640625	-0.16066334375	-0.34104996875	0.2643445625	-0.0986887734375	0.168065640625	-0.33130246875	-0.20174934375	0.236664296875	0.2803585625	-0.4380340625	0.1044451875	0.2185760625	-0.164379171875	0.10042509375	0.26482184375	-0.334713	-0.095433796875	0.209558078125	-0.2334094375	0.197440859375	0.0742685078125	0.11919571875	0.26639546875	-0.3064169375	-0.122998507812	-0.2562583125	0.116787179687	0.24679075	0.103258765625	6.81	0.18	1.7	14304.1	0.214930239084
71	112	251	4.31714	0.772073	0.31929928125	0.5303180625	0.505947375	0.189066671875	0.246107421875	0.2524009375	0.21522371875	-0.0724661640625	0.110500234375	-0.158965546875	0.172438125	0.25905540625	-0.1859863125	-0.0515044296875	0.127858820312	0.237537703125	-0.127159484375	0.200801546875	0.0645998945312	0.17282665625	-0.30036809375	-0.0846281171875	0.25119296875	0.34196884375	0.43400590625	0.17234415625	-0.106503625	-0.088309703125	0.36475934375	0.155615421875	0.26672209375	0.207303734375	0.3512440625	-0.110707984375	0.220392125	0.21729146875	0.2755846875	0.21245325	0.2873558125	0.0862721328125	-0.193860125	0.237603171875	0.16754471875	0.29700078125	0.19369746875	0.1547265	0.36598215625	-0.19978946875	0.11636871875	0.292970375	-0.174068953125	-0.13428803125	0.25364475	0.29987815625	0.29060046875	0.207533953125	0.27940609375	0.16654134375	-0.10220696875	0.243890203125	0.337706875	0.22019459375	0.226534859375	0.3714391875	0.19504725	0.180265359375	0.0923611875	0.18814121875	0.15265725	0.34602471875	-0.298270375	0.104744398437	0.0896042578125	-0.1724075625	0.13766128125	0.298062875	0.075746875	0.0939355625	-0.3061494375	-0.1470494375	0.072314140625	-0.15031625	0.2016894375	0.2061463125	-0.1222108125	0.2607575	-0.11128071875	0.210491734375	0.123363703125	0.1966406875	0.22113240625	0.344084375	-0.0541303320312	-0.125562328125	-0.0647130546875	-0.0682126640625	-0.0904799609375	0.22969525	0.216124171875	-0.118287578125	0.21541753125	0.109095640625	0.3256863125	0.194534765625	0.176883578125	0.31557446875	0.122124015625	-0.0903843359375	0.237718703125	0.1474420625	-0.139310453125	0.28078059375	0.140690328125	0.143974671875	0.3076375	-0.15606065625	0.22414959375	0.250187640625	0.21867275	0.20360096875	-0.195085484375	-0.06268753125	0.245363125	-0.165044	0.210796125	0.31927709375	0.255780765625	0.141537890625	0.35671659375	-0.2151329375	0.157344796875	0.0814211015625	-0.048407	0.113031734375	0.26666696875	0.217853375	0.31186109375	-0.145692265625	-0.162618296875	-0.1522240625	0.087354609375	0.255199125	-0.29946659375	0.2895235625	0.15931859375	0.231336875	-0.2118009375	0.20584634375	0.128965171875	0.37363878125	0.108866664062	0.17194384375	0.2106688125	0.13855578125	0.20549209375	0.0362659609375	-0.0565208242187	0.191848625	0.204695234375	-0.222479515625	-0.118021125	0.3884834375	0.125731921875	0.24805603125	0.19664340625	-0.114443265625	0.039782171875	0.275759625	0.114661640625	0.15525546875	0.136290453125	0.0875806640625	0.173305671875	-0.28055140625	0.330740625	0.2249575625	-0.223760609375	0.3209819375	-0.1450829375	0.25676753125	0.33169434375	0.17390371875	0.137260078125	-0.285609	0.22729615625	-0.146758640625	0.2315395	-0.166200609375	0.16578865625	-0.197911421875	0.2194323125	0.152138515625	0.176456125	0.0671550703125	0.140293421875	0.133753125	0.2231675625	0.09923628125	-0.1681535625	-0.128214335937	0.155310953125	0.0743737421875	-0.214044015625	0.33447125	0.173109953125	-0.15038759375	0.40595090625	0.130021203125	-0.159426234375	0.191109203125	0.20115125	0.136139109375	0.185867515625	-0.1268794375	0.0767542890625	0.205943171875	-0.187818515625	0.14576078125	0.44684515625	-0.0947995078125	0.175542265625	0.19909596875	-0.083124515625	0.199062921875	-0.234822703125	0.26583928125	0.165672671875	-0.157162765625	0.13321290625	-0.211256625	0.5413693125	-0.17164209375	-0.11909834375	-0.177367578125	0.229029609375	0.0707444375	0.189820984375	0.3190333125	-0.16326978125	0.220411953125	-0.1668035625	-0.12301196875	-0.172241546875	0.322613375	-0.0497467734375	0.25386953125	0.20244884375	0.219003703125	-0.241893140625	4.29	0.23	0.102	0.009	0.210408893065
72	27	251	6.5199855	1.221647125	0.6769661875	0.40883678125	0.37877065625	-0.16115484375	0.14019846875	-0.17974	0.173506515625	-0.155573046875	-0.086918234375	0.073713875	0.081786078125	-0.11978103125	-0.24929446875	0.203207	-0.199632609375	-0.34826434375	-0.162025890625	-0.162323953125	-0.318573125	-0.079504203125	-0.142089203125	0.22360628125	-0.25582309375	0.16897278125	-0.38786575	-0.163244	-0.110689984375	0.12171059375	-0.234844515625	0.22493315625	-0.32323665625	0.29284890625	-0.108009375	-0.19301271875	0.0838976875	0.238363109375	0.1725249375	-0.2029056875	-0.137148140625	-0.216258640625	-0.0791510859375	-0.24003409375	-0.3724218125	-0.163641109375	-0.186746375	0.225533015625	0.08324053125	-0.20486440625	-0.280776125	0.118168171875	-0.2129429375	0.3331244375	0.092993734375	-0.185572921875	-0.3150459375	0.1643649375	0.214574984375	0.200259921875	0.100449578125	-0.213443109375	0.1989813125	-0.33089271875	-0.0790844921875	0.18334521875	0.24629928125	-0.2441004375	-0.1627169375	0.139471578125	-0.292848625	0.102705140625	-0.2601586875	0.17845646875	-0.244892609375	0.126920804687	0.182035828125	0.247815	0.216219265625	0.1675770625	-0.20575475	0.092713359375	-0.138819140625	0.3055130625	-0.3711234375	0.039822828125	0.1651121875	-0.30888634375	-0.135913515625	0.0239147421875	-0.247066359375	0.248258828125	-0.20432609375	0.196171703125	0.1766669375	-0.183038609375	-0.16884365625	-0.226340921875	-0.175491515625	0.114782703125	0.170305640625	0.154186046875	0.153576625	0.15355125	0.11758003125	-0.218239875	0.12404528125	0.28285125	0.15581321875	0.21105646875	0.130428898437	0.097356484375	-0.0947036640625	-0.222532984375	0.0868294140625	-0.096373421875	-0.139274296875	0.112694679687	-0.228342453125	0.464426875	-0.23866040625	-0.28704559375	-0.23541921875	-0.12572084375	0.2035608125	0.0443750351562	0.51896425	0.304944625	-0.240164625	-0.1536103125	0.133039421875	-0.26690065625	0.32291040625	-0.18383821875	0.44518334375	0.184606265625	0.2760099375	0.19741471875	0.165358625	0.12501725	0.23330721875	0.230809203125	0.083397640625	0.183898390625	-0.3490478125	-0.2380196875	-0.26979821875	-0.13124528125	-0.25008875	-0.1662258125	-0.16204634375	0.118957328125	0.296337125	0.049170953125	-0.3232356875	0.1906294375	0.18095928125	0.107941242187	-0.26229334375	0.04939865625	0.0525826367187	0.3157054375	-0.3423845625	0.1660886875	0.2056241875	-0.1340505	0.2503299375	0.132408828125	0.130156953125	0.205603734375	-0.2979126875	0.0485511171875	0.1607524375	-0.239859640625	0.04149625	-0.235930703125	0.30876403125	-0.2693730625	0.2804325	-0.225000265625	-0.203245765625	-0.107299867187	0.29088671875	-0.25650640625	-0.26515596875	0.1804630625	-0.171549265625	0.26711790625	-0.17263553125	0.167051421875	0.154791703125	0.133686375	-0.261425625	0.185245234375	-0.28988065625	0.30570434375	0.146678359375	0.229165765625	0.22740515625	-0.187017078125	-0.26709815625	-0.223626265625	0.0739530234375	0.1401881875	-0.2075851875	0.129680320312	0.246270875	-0.15031878125	0.124182367187	-0.14881578125	-0.2696655	-0.2508178125	-0.248856125	-0.292601	0.159220609375	0.050706921875	0.168739734375	0.3086195	0.0809939375	0.182268671875	-0.1646595	0.118447992187	-0.30246490625	0.091275453125	-0.174103921875	0.249495453125	-0.120820734375	-0.13316478125	-0.22691803125	0.0462062578125	0.078009578125	0.1895368125	0.10685215625	0.149257015625	0.11685346875	0.104924203125	0.0578032578125	0.266379	-0.29683096875	-0.36265146875	0.119348578125	-0.20129021875	0.37686003125	0.31291521875	-0.173977609375	0.153121109375	-0.267341375	0.136649015625	-0.106925546875	0.25227609375	-0.24817609375	6.52	0.2	0.113	0.008	0.210231002332
73	42	251	9.010598	2.191801	2.27051675	2.049667875	2.25152175	2.38623025	2.52551975	2.17845425	2.1454225	2.2447205	2.290078	2.32440925	2.2668645	2.48646475	2.38631925	2.230207	2.577225	2.47574725	2.45148575	2.382215	2.60146375	2.16460025	2.474822	2.5030255	2.35917125	2.390602	2.49865325	2.468028	2.3605655	2.6129155	2.646248	2.32494125	2.35118025	2.2258035	2.54901975	2.48049075	2.55306225	2.38952	2.4898055	2.428303	2.6014475	2.36537925	2.345857	2.5599305	2.6579315	2.3844325	2.4384955	2.58423675	2.615556	2.7938565	2.54418025	2.6373475	2.682878	2.441343	2.72645175	2.55887075	2.6838925	2.73430225	2.76937875	2.7050605	2.6667255	2.50985675	2.7057155	2.50999325	2.754719	2.649317	2.550403	2.72801675	2.5110695	2.7181055	2.63213375	2.90072775	2.86091775	2.77659675	2.84560775	2.64266825	2.6260035	2.70552175	2.602532	2.7954275	2.54436175	2.868607	2.61264125	2.71204675	2.57221	2.802152	2.6938525	2.76656275	2.916744	2.8292525	2.72041825	2.49961725	2.83256275	2.78800925	2.95355325	2.73609075	2.89621325	2.9493735	2.6871925	2.87379	2.645197	2.80296425	2.9319165	2.82243575	2.906568	2.6675805	2.99324675	2.896603	2.94431925	2.98990825	2.9222455	2.8463345	2.84471125	2.84680025	2.65728825	2.5138695	2.913728	2.8584805	2.95296225	2.72527175	2.811773	3.10337375	2.76482075	3.18074975	3.0998095	2.8850535	2.96803425	2.8997055	3.05055725	3.11809975	2.92831825	2.8192005	2.85785275	2.9266265	2.6869655	2.8953115	3.23581325	3.10617425	2.75678275	2.7736815	2.92750475	3.15456475	2.9380535	2.91365825	3.0299615	2.8795795	2.87056	3.083478	2.86511975	3.0066545	3.1158555	3.08367525	3.20013325	2.90675425	3.199614	2.91037625	3.107937	3.18775225	3.0638255	2.91906	3.18730425	3.0388925	2.9649475	2.936779	2.84554775	2.82656975	3.0344315	2.85394625	2.94230475	2.939575	3.21620225	2.9197955	3.11483	3.14441725	2.97450125	3.1456775	3.1905935	3.186932	3.145479	2.905945	3.22142	3.02634725	2.9701545	3.152504	3.31787875	2.99073275	2.94512475	3.01952675	2.980514	3.32230125	3.02963025	3.07246125	2.96084075	2.9340375	2.94595125	3.1519775	3.1725925	3.07613425	2.941356	3.1111705	3.29817375	2.846287	3.136487	3.1791795	3.1673795	3.30046025	2.826056	3.273266	3.211485	3.1163715	3.083417	3.02800575	3.27629225	2.97611275	2.9008	3.15826275	2.97962075	2.8799495	3.11925525	3.06612275	3.29214875	3.09943425	2.99546275	3.101144	3.22384525	3.14335125	3.249898	3.304938	3.19312575	3.17705775	3.1305705	3.096556	3.18100525	2.79726825	3.2216335	3.27893575	3.270401	3.132281	3.19973525	2.74573525	3.3289625	3.1746555	2.98998025	3.1055865	3.2318535	3.105393	3.11151025	3.29475475	3.08300225	3.35688	3.2504015	2.52	0.05	-2.0E-4	2.7E-5	0.438306951901
74	143	251	4.5744985	1.763794875	1.6672305	1.5660445	1.67451725	1.406353125	1.058511	1.42937025	1.493855875	1.2490785	1.297534375	1.256483375	1.0258415	1.47576575	1.233701875	0.9691143125	1.155675875	1.11886275	0.736881375	0.8131358125	0.844579875	0.9046370625	0.9165739375	1.066667625	1.0323870625	0.9910815	1.027923375	0.7878074375	0.985224	0.7854890625	1.0724505	0.923992375	0.696801625	0.970507875	0.723728375	0.861453625	0.8264049375	0.8872098125	1.0435378125	0.6610759375	0.9870679375	0.77746525	0.575218625	0.8461205	0.847160375	1.081820875	0.8962518125	0.773405	0.7757026875	0.797112125	0.957298875	0.9168930625	0.9513423125	1.008999625	0.9716665	0.912443875	0.8319088125	0.9695475625	1.046055125	0.934024	1.14152725	0.915538	1.0045909375	1.138907	0.727663875	0.871764625	1.095135375	1.187509	0.9331020625	1.061571625	0.85418175	1.086151625	0.951277625	0.9005029375	0.8091868125	0.96664925	0.9075365	0.9322560625	0.863180125	0.9148168125	1.015718375	1.069407	0.9555409375	0.7923498125	0.903888625	1.155857	0.944438125	0.9680153125	0.881198875	1.145172875	1.025182875	0.930814875	0.8534343125	0.9325625	1.051816625	0.815281	0.9938315	0.864864125	1.105203875	1.043470375	1.193778	0.9215469375	0.755796125	1.022919125	0.9666398125	0.925973875	0.88611625	0.8125416875	1.0229098125	0.668329	0.90143675	1.10754675	0.92819175	0.8226826875	1.059715	0.8812666875	0.978741	0.9930795625	1.00121075	0.8834935625	0.810819375	0.644801125	0.725203875	0.87478575	0.8630925625	1.047013375	0.9402105625	0.799196875	1.01782425	0.95279775	1.0186489375	1.005861375	0.76542125	0.8269905	0.9417930625	0.8603410625	0.973396625	0.957941875	0.99404475	0.9183661875	1.042583375	0.9987649375	0.8434816875	1.021342375	0.8272493125	0.924677625	0.986677375	1.106004	0.827806625	0.94360175	0.9732276875	0.787069875	0.8936888125	0.8473658125	0.9916163125	0.958358	0.957161	0.6497755625	1.0160859375	1.0045960625	1.0286120625	0.66257325	0.9240285	0.858789625	1.08071075	1.03532425	0.9697603125	1.140242125	0.9437455625	0.8930120625	0.876617625	0.80376525	1.324600375	0.729039875	0.9796068125	0.85731625	1.111249	0.9780779375	0.9875548125	1.0182435	1.130062375	1.04938075	0.8003475	0.773081875	0.85263575	1.150866625	0.7978473125	1.066072	0.972827	0.6476165625	1.10326625	0.868871875	0.8000408125	1.0015735625	1.102062	1.04781875	0.9560034375	0.821718125	0.95892475	1.164182375	0.878937	0.9767121875	1.0445640625	0.97477275	0.7421013125	0.7937039375	1.085786125	1.016433125	0.7812118125	1.0546695	0.812642875	1.160432625	0.9206599375	0.888513	0.836622375	0.9311906875	0.8725223125	0.712305375	0.5931575625	0.6910400625	0.85308525	1.098056875	0.925944875	0.873196625	1.139051125	1.0307836875	1.291687	0.8181196875	0.8840823125	0.88035675	0.820243625	0.8236214375	0.9460531875	1.0360899375	1.045512875	0.8299294375	0.925779625	0.82696975	0.86185875	1.121530375	0.942913375	0.875708625	0.902831125	0.913934875	0.9665735625	0.93307225	0.90737725	0.930844625	1.16477925	0.9240138125	1.30865925	1.097	0.035	1.9E-4	4.6E-5	0.277939338345
75	44	251	2.27028675	1.283778625	1.35497825	1.166205875	1.36975	1.0744605	1.0435054375	1.126331	1.3816455	1.10697625	1.084497625	1.2952135	1.197209875	1.231702875	1.129904	0.923143375	1.324914125	1.089190125	1.2758785	1.07065425	1.227221875	1.055746	1.194621125	1.156645375	1.069116375	1.238487125	1.0355668125	1.101005375	0.999653125	1.0046410625	0.8511303125	1.140357125	0.995958	1.178116375	0.85861275	0.9960444375	1.05905375	0.9918774375	1.156644375	1.086223125	1.2279995	1.180975875	1.090283375	0.854695875	1.217913375	1.295898875	1.011517125	0.9724426875	1.14671375	0.9283028125	1.23120625	1.130064875	1.253007	1.060182625	0.957056375	0.8833925	0.841609125	1.07319325	1.152993375	1.173790125	1.087992	1.196293875	1.107791	0.8023368125	0.856807	1.192912	0.8225403125	1.1868345	0.7817821875	1.215285875	1.01899775	1.14955125	0.8913780625	1.063481625	0.9028984375	1.188412625	1.179439625	1.0059816875	0.896665875	0.906911	1.02151725	1.0669485	1.009668125	0.911099125	1.09187425	0.910561875	1.029469	0.7645505	0.915084	0.720207375	0.8805165625	1.08346875	0.9909095	0.9641600625	0.9881399375	0.94042275	0.91441925	0.85670125	0.7833421875	0.9590628125	1.0264720625	0.85848925	0.7999690625	0.9173044375	0.9694978125	1.0193155	1.048659875	1.133537625	0.82973	0.79875	0.9145025	1.138535875	0.915705	1.08319175	1.054656625	0.7455094375	1.12538925	1.068398875	0.674579875	0.747833625	0.9717073125	0.8771446875	0.810672125	0.7724050625	0.9191514375	0.895678875	0.99765375	0.814542625	0.7976581875	1.0195513125	0.798196125	0.96804725	0.9024408125	0.935960125	0.95451625	0.9158750625	0.9790829375	1.07505	0.8703153125	1.087929625	0.6921003125	0.9637433125	0.6121434375	0.8767880625	0.962755	0.961468375	0.884628625	0.743805125	0.9243850625	0.977971875	0.887331875	0.5917811875	0.8481458125	0.744410625	0.691302	0.826840625	0.598001125	0.8229190625	0.7482146875	0.9802126875	0.787429875	0.6790678125	0.9179298125	0.7737326875	0.8661675	0.9144330625	0.735523	0.943297	0.88383725	0.774614625	0.8288496875	0.9181463125	0.964599	0.721404875	0.664626875	0.7027281875	0.98069475	0.825106375	0.7212199375	0.920997875	0.7339954375	0.608143125	0.623413125	0.5693109375	0.926916	0.7258970625	0.723816125	0.847152625	0.8376988125	0.7577779375	0.7449335625	0.8850835	0.6968024375	0.745971875	0.586910375	0.99738575	0.65409475	0.7212055625	0.679709875	0.8858984375	0.97157625	0.7836745	0.824083	0.5216519375	0.8232800625	0.83126025	0.822181875	0.7042245	0.796326625	0.800601375	0.562326875	0.7512935625	0.9922810625	0.7397948125	0.9155495625	0.8949715625	0.7060794375	0.6065943125	0.476926625	0.732336375	0.54383925	0.73567675	0.72863325	0.711858	0.878880625	0.653487	0.6769095625	0.535419375	0.71579925	0.7063841875	0.41141546875	0.596712375	0.75886075	0.636069625	0.41786925	0.5725455625	0.665560625	0.7437143125	0.576507625	0.7337141875	0.861735875	0.4764158125	0.5674873125	0.7295314375	0.594135	0.544596625	0.6703545	0.43742209375	1.091840375	0.85327575	0.5900158125	1.226	0.022	4.99E-4	3.0E-5	0.143155698357
76	135	251	5.4947625	2.2392725	2.178835	1.9925585	2.2155485	1.98234325	2.3310345	2.1429675	2.001719625	2.085417125	2.1443835	2.079708125	2.32083	2.002527625	2.003902875	2.25966875	2.1038915	1.954665	2.11312975	2.32341525	2.1027465	2.064685625	2.090650125	2.1305175	1.993801625	2.1826895	2.476418	2.077564875	2.123457	2.0373975	2.261128	2.460388	2.12548525	2.34038475	1.926031375	2.27304725	2.098194	1.948797125	2.16824025	2.18248375	2.01777325	2.31521725	2.062741375	2.17100775	2.205439	2.28851	2.05344375	2.035334375	2.1774665	2.29581425	2.24703225	2.37078775	2.207219	2.21501425	2.11111025	2.1091285	2.137646	2.29308125	2.112148	1.969154	2.25789125	2.225387	2.21464675	2.14056925	1.9891445	2.30945175	2.08061725	2.480356	2.1378395	2.1438065	1.94801525	2.3509525	2.0430705	2.30906225	2.094398375	2.1883275	1.997010625	1.990380875	2.221063	2.198122	2.29260075	2.26612	1.932309125	2.20404725	2.16097025	2.25479875	2.24051325	2.1323785	2.27727425	2.048522625	2.24775375	2.2320935	2.288959	2.1031735	2.33340825	2.2659315	2.24699025	2.2853415	2.17079175	2.0604765	2.28546275	2.1717515	2.066268375	2.27535575	2.4186175	2.3223955	2.14366675	2.41836775	2.095452	2.1440335	2.088065875	2.0436635	2.29258175	1.93773625	2.0791935	2.13889425	1.998692	2.061848875	2.18191775	2.15275875	2.241092	2.2588185	2.39178	2.043	2.146024	2.080867875	2.4275275	2.063473	2.235434	2.00176375	2.067993625	2.26858025	1.875284	1.9014245	2.11453175	2.21202075	2.17460925	2.18833125	1.943417625	2.023828875	1.775259625	1.71188775	2.124333	2.088721375	2.116544	2.1787345	2.04034025	2.17592875	1.968871125	1.752714625	2.18188625	2.07107525	1.972668625	2.0449185	2.28476125	2.022960625	1.84576575	1.960486125	2.13223475	1.862687875	1.983574625	2.00665825	2.090562625	1.892067	1.98053675	2.0506785	2.0369975	2.12139075	2.28091925	1.953127125	2.035948375	2.14023875	2.29424625	2.1022455	1.881233875	2.042418125	2.1257595	2.094370625	1.965557	1.954783875	2.21023025	2.24039075	1.98858725	2.29492025	2.038247625	2.016024375	1.967843375	2.215844	2.002427625	2.122741	2.2519625	1.905930625	2.04801625	2.17745275	2.1489355	2.092017625	2.23676575	1.957369375	2.0882405	2.0407145	2.05256	2.1208175	2.146795	2.124467	2.022248625	2.15710775	2.063906625	2.015864125	2.00671	1.873443	2.23944075	2.0529845	2.030097	2.1009265	1.8155965	1.939304875	2.11225225	1.910255	2.0925905	2.017268375	2.13946775	2.014386	1.940627125	1.90972675	2.255334	2.21117175	2.35029	2.2599935	2.17215925	1.95383775	1.9976275	1.904841625	2.174286	2.036982125	2.10272575	2.01581375	1.98527625	2.1006325	2.022284	2.199745	2.110492	2.057040375	1.798959125	2.11048375	1.87409425	2.051256	2.16099	2.0659965	2.0183495	1.7899915	1.834942	2.249	0.031	8.9E-5	2.0E-5	0.244829093575
77	99	251	9.081015	0.34736553125	0.32094115625	0.07460653125	0.50026534375	0.180932796875	0.19152825	-0.14280921875	0.263233	0.51130978125	0.260502	0.22022571875	-0.213752625	0.157667984375	-0.32672478125	0.33137665625	-0.32228453125	0.27849821875	0.22033675	-0.22607240625	-0.0926686796875	0.279966875	0.17831859375	0.2876909375	-0.12207034375	-0.18317484375	-0.0631208671875	0.36987553125	0.426529125	0.17635971875	-0.39697103125	0.2920614375	0.2286573125	0.338287875	-0.242936796875	0.151303828125	0.16197190625	-0.113842007812	-0.161873046875	0.3828280625	0.33943621875	0.23685578125	0.250125859375	0.174586765625	0.40247946875	0.32742621875	-0.36447315625	0.29439171875	0.26870428125	0.22702625	0.10105684375	0.26857696875	-0.118537859375	0.168963140625	0.253899046875	0.3172301875	-0.33738784375	-0.130176117187	-0.073621078125	0.12994140625	0.308649	-0.291441	0.208852296875	0.24631084375	-0.2372014375	0.158741578125	0.36956334375	0.8198785625	0.253007203125	0.2193055625	0.2924964375	0.0209354414062	0.103164804687	-0.1242995625	0.133882	-0.25234896875	0.2132383125	0.261320734375	0.170420796875	0.3627761875	-0.25227859375	0.123468796875	-0.2193605	-0.179324765625	-0.28023725	-0.1951745	0.30794515625	0.270390125	0.51680553125	-0.15798771875	0.24784409375	-0.2216600625	-0.0631241796875	0.175023296875	0.36822378125	0.5849723125	0.0891296953125	-0.29963990625	0.0512798359375	0.2333664375	0.24862078125	-0.29068828125	0.258646484375	0.367573	-0.256780859375	0.1692285	-0.35468615625	0.27285071875	0.4132870625	0.25899496875	0.28045175	0.141640078125	-0.1623673125	0.14270421875	-0.2799756875	0.3142409375	-0.24430965625	-0.3335605	0.3360213125	0.184791328125	0.15374859375	0.17217425	0.502189625	0.108331765625	-0.0681972578125	0.0850203671875	0.242515796875	0.205364984375	-0.3655520625	0.269000875	0.34795859375	0.1979763125	0.185200421875	0.31777090625	0.0861900390625	-0.18213159375	-0.240622140625	0.13731325	-0.221158296875	-0.15050678125	-0.3500636875	-0.32501753125	0.384899625	0.17355515625	0.1903723125	0.18998478125	0.48224271875	0.205628109375	0.342779875	-0.112691	-0.08801371875	0.56370375	-0.2896415625	0.249687125	0.12212921875	-0.162778296875	0.223258140625	0.45712465625	0.3361358125	0.261718515625	0.254962453125	0.29194934375	0.4913614375	0.416069625	0.4232094375	0.17877275	0.29979953125	0.249170734375	0.377686375	0.31321015625	0.25225171875	0.35669275	0.4404839375	0.36901446875	-0.28659659375	-0.20413859375	-0.119321015625	0.188295421875	0.227018921875	0.33423715625	0.3498645625	-0.4424725	-0.16982184375	0.3678075625	0.3491630625	0.234329453125	-0.3440796875	-0.18008225	-0.1726189375	0.35927659375	0.18262765625	0.26952496875	0.136584703125	0.32682	0.132718703125	0.41584825	0.20369659375	0.423134	0.263812375	0.26192309375	-0.124661625	0.157467421875	0.4370933125	0.26943846875	0.204249203125	0.122078992187	0.14819584375	0.082465765625	-0.23979371875	0.0459974375	0.097696703125	0.210363734375	-0.0687129140625	-0.299107	-0.6060088125	-0.198720984375	0.278393125	0.3294364375	-0.3248030625	0.25840096875	0.195410296875	-0.20286028125	-0.23033821875	0.24023771875	0.5576294375	0.15315284375	0.34694821875	0.17037890625	0.1755650625	-0.194335625	-0.303721875	0.238638171875	0.166499578125	0.23377971875	0.206679484375	0.244725640625	-0.55038275	0.279059875	0.18795428125	0.0919539140625	-0.37705659375	0.222176859375	-0.1650080625	-0.159261859375	0.240374453125	-0.22142490625	0.123501554687	-0.191566640625	0.227207125	0.4155251875	0.40299621875	9.08	0.26	0.196	0.033	0.276339063206
78	153	251	4.9771925	1.845453375	1.675104	1.29996075	1.309029	1.110178	0.8522625625	1.110991125	0.6995421875	0.7235195	0.619371125	0.5527430625	0.66263525	0.687665125	0.44275221875	0.53275525	0.2856245625	0.343633625	0.5534296875	0.240958515625	0.17010603125	0.2721471875	0.25213384375	0.14250871875	0.184633625	0.28710984375	-0.2630055	-0.13306753125	0.42787434375	0.29309521875	0.186334703125	0.0872935	0.187242328125	-0.227554296875	-0.21443659375	0.240273421875	0.103498539062	0.206658578125	-0.28179790625	0.30171146875	0.27169315625	-0.16058290625	-0.192689578125	-0.08644153125	-0.17093759375	-0.2863996875	-0.180813890625	0.146599703125	0.140834609375	-0.218561296875	-0.260292296875	-0.19967275	-0.1864833125	-0.15413634375	-0.18136759375	-0.1533576875	-0.307901	0.0922026796875	0.0920142109375	0.33431021875	-0.114499453125	-0.0757584375	-0.138487515625	-0.035852921875	0.103988578125	0.24506575	-0.23662571875	0.252753796875	-0.31747834375	0.109409328125	-0.14576740625	0.183217015625	0.1491578125	-0.158794859375	0.0988592421875	0.210101953125	-0.25962428125	0.234977296875	0.165303609375	0.166746359375	0.0473706640625	-0.0786448203125	-0.0972018984375	0.27111009375	0.1121859375	-0.213413671875	0.1666555	-0.3504205	0.207242	0.133289	0.12207028125	-0.108764890625	-0.2721250625	-0.221583921875	-0.159714453125	-0.255342640625	0.3358631875	0.0894142890625	0.065998125	-0.1509064375	0.1696425625	-0.37645584375	-0.117336953125	0.155302609375	0.159942984375	-0.1758745625	0.4383170625	0.119903421875	0.131388125	0.32868178125	0.2766245	0.21427425	-0.17235409375	0.35977278125	0.2372483125	0.160625265625	0.196127546875	-0.2210406875	0.119020921875	0.141402671875	-0.260284828125	0.231358390625	0.152962234375	0.13669590625	0.0978095859375	0.27923940625	0.066837421875	-0.214605609375	0.22343009375	0.175543	-0.09394746875	0.21609959375	0.091405125	-0.14098159375	0.20602896875	0.25042828125	-0.218945546875	-0.17466465625	-0.21216103125	0.0981341875	0.2678741875	-0.192578921875	-0.245832546875	0.241928609375	0.164887859375	-0.14284015625	-0.21768290625	0.1935406875	0.114165226562	-0.07427803125	0.099523484375	0.251826546875	0.33254196875	0.108616828125	-0.11024209375	-0.2401595	-0.158947125	0.179841953125	0.120169421875	-0.09390225	-0.13155375	0.17643996875	0.111555929687	0.2461086875	0.235816734375	0.30846675	0.2811413125	-0.28360584375	0.108502765625	-0.124856734375	-0.24208278125	-0.169590578125	0.105568875	-0.1841785	-0.2928608125	0.3189066875	0.16816946875	0.087225796875	-0.04788265625	-0.166455875	-0.38609484375	0.326506125	0.0262851796875	0.31208759375	0.102257164062	-0.19240890625	0.171423078125	0.195012359375	0.181803703125	-0.0343012109375	0.124282007812	-0.149586578125	0.119661765625	0.14063815625	-0.084951	-0.1951111875	-0.245430328125	0.143430734375	-0.2089325625	0.165213984375	-0.201563875	-0.2670691875	-0.1749591875	0.1768478125	-0.20301821875	-0.28610959375	-0.235316625	-0.3320855625	0.120586867187	-0.25918675	0.17206134375	-0.2974331875	-0.1678003125	-0.0801386015625	-0.33392753125	-0.1756004375	0.100498726562	0.0156581132812	-0.191843875	-0.108587242187	-0.17505853125	-0.22280040625	0.0692599609375	0.24488321875	0.214411171875	-0.19991628125	0.143131328125	0.0776985703125	-0.100765476562	-0.22338415625	-0.0666176015625	-0.16372446875	-0.114424421875	-0.369084875	-0.22753553125	-0.17245903125	0.2990756875	-0.214027125	0.101905804687	-0.154321671875	0.0504568515625	0.170157015625	0.227161125	-0.111633109375	0.0418355625	-0.158415265625	-0.182737890625	0.196932171875	-0.265196	0.119641726562	-0.200015859375	4.43	0.21	0.0382	0.002	0.213327365178
79	80	251	8.032029	0.7817834375	0.32386434375	-0.13158228125	0.409994375	0.174721875	-0.29427015625	-0.048267546875	0.142899921875	0.13957428125	-0.251364390625	-0.2955020625	0.0273519335937	-0.201339828125	0.103613085937	-0.0264991640625	-0.1267250625	-0.123735625	-0.0397423867187	-0.1712095	-0.241597875	0.341932375	0.125220445312	-0.109102882812	-0.20395528125	0.09292890625	-0.0886580234375	-0.11334975	-0.125403359375	-0.14458571875	-0.066734390625	-0.0675690859375	-0.207287203125	-0.064008421875	0.233651578125	0.24045515625	0.090832203125	-0.0501726523437	-0.279198625	0.172415703125	0.231435890625	0.122775953125	0.1458225	-0.0330298242187	-0.143091328125	-0.121140109375	-0.0578601015625	0.37831146875	-0.237025953125	-0.0703148359375	-0.117943976562	0.2754679375	-0.180192625	-0.1150735	-0.134696828125	-0.0644367578125	0.23069275	-0.167884796875	0.16899584375	-0.115487640625	0.0739632421875	-0.0961837890625	-0.137380421875	0.13838809375	-0.0522874648437	-0.106346109375	0.18957546875	0.214529171875	-0.06594028125	0.238394953125	0.139107328125	-0.227149453125	0.0568061054687	-0.179473015625	0.102398257812	-0.0603378632812	-0.0263200546875	0.247683046875	0.165582640625	0.256931625	-0.3462625	0.12461546875	-0.0858078046875	0.051329078125	0.0421696289062	-0.134124125	-0.26376703125	-0.27610578125	0.13912303125	0.1973093125	0.28788271875	0.28798240625	-0.126850867187	-0.084601515625	-0.14038990625	-0.3645409375	0.115091375	0.2702825	-0.131557734375	-0.19404540625	-0.141687265625	0.1452765	-0.109326851562	0.122808328125	0.0922479375	0.06679934375	0.203512546875	0.0393105429687	0.119442203125	-0.117251125	-0.132467203125	0.0890932109375	0.2439804375	0.0688300546875	0.149897890625	-0.069438015625	0.16507371875	0.097919515625	-0.087286734375	0.2248618125	0.130954609375	0.106950851562	0.19931521875	0.126103132812	-0.0620828164062	-0.208007046875	-0.0749287109375	0.0736121015625	-0.100282585937	0.0424598632812	0.0660359765625	-0.239462078125	-0.1088490625	-0.212822890625	-0.32724075	-0.0565091171875	-0.190030890625	0.0810836328125	0.062753609375	-0.200814609375	-0.222397	0.135497734375	-0.1845894375	-0.2052190625	0.127911320312	0.147196296875	-0.0989073828125	0.0915731796875	-0.065804078125	0.144195578125	0.0999301875	0.1477539375	-0.0974481953125	0.159907875	-0.0738475703125	0.14881625	0.1248325	0.166149109375	-0.052595140625	-0.28546253125	-0.14392584375	-0.0897211875	-0.219941515625	-0.250810265625	0.00954071875	-0.171042765625	-0.050542046875	0.150327015625	0.06222690625	-0.3278260625	0.16040828125	0.0330929140625	0.102316109375	-0.1413015625	0.210466953125	0.07107828125	-0.27984590625	0.26784284375	0.108878484375	-0.079173421875	-0.0333015976562	0.17998171875	-0.234034765625	0.145849109375	0.146534328125	0.119989382812	-0.2026426875	0.1393348125	-0.0557432734375	0.064869171875	0.28121946875	-0.2513104375	-0.1894923125	0.3414081875	0.219816453125	0.19518025	-0.3001475625	0.124410953125	-0.189498390625	-0.13913096875	-0.12986990625	-0.0449300390625	0.183175828125	0.0687788125	-0.11883303125	0.1369450625	-0.0940445546875	0.217009390625	0.150041125	-0.069507734375	-0.0712463125	-0.216664046875	-0.05859121875	-0.226015734375	-0.18171028125	-0.0765614765625	0.06334071875	0.0839377109375	-0.1525058125	-0.10547075	0.248539921875	0.2784389375	-0.177565296875	-0.134998	-0.3496898125	0.195793125	-0.23018571875	0.115024078125	-0.19409784375	0.140216078125	0.2033318125	0.08369396875	-0.111385273437	0.17060678125	0.0827013671875	0.136559625	0.21447134375	-0.189669765625	0.15633075	0.168986140625	-0.0179917832031	0.168794	0.096889125	0.14671746875	0.111794179687	-0.0449188359375	0.23385628125	0.17147234375	-0.150551453125	-0.0750724375	-0.0703524140625	8.03	0.17	0.159	0.012	0.167821074103
80	41	251	3.641455	1.6344925	1.832884	1.599800875	1.728387125	1.729232625	1.563170125	1.626221625	1.873375875	1.651831625	1.556184375	1.640776375	1.485110375	1.61808475	1.5380815	1.57569225	1.47992225	1.269778625	1.41225775	1.353997625	1.19627325	1.6513435	1.583476875	1.29321225	1.444901875	1.433097625	1.399852875	1.432400625	1.494004125	1.601833125	1.30112575	1.3240345	1.444980125	1.25473675	1.145188875	1.35679025	1.1423105	1.453301	1.410550125	1.4171775	1.295572625	1.265467625	1.288872	1.106092625	1.282207	1.242139625	1.202734	1.413248125	1.06038625	1.16866325	1.349669625	1.24404125	1.0468980625	1.36747125	0.97011125	1.534162875	1.302693625	1.272367125	0.9438651875	1.10975125	1.070244375	1.093034875	1.1509685	1.21610575	1.026578625	1.281470375	0.976787625	1.104414875	1.013152	1.089998125	1.029899125	1.074914625	0.9738995	1.0246510625	1.0252578125	0.969242875	1.165792625	1.091669875	0.9942216875	0.858596125	0.9451086875	0.9360574375	0.975857875	0.933979125	0.818418875	1.06151325	0.9210129375	0.909162375	1.06478925	1.007616125	0.9706910625	0.8150975	0.989202875	1.14599075	0.9627473125	1.0204905625	0.677218625	1.1596955	0.782461	0.5928505	0.911917625	0.9100074375	1.0117175625	0.8397129375	0.9455549375	0.9185841875	0.6712498125	0.84345175	0.8730103125	0.6980048125	0.73440375	0.687429625	0.8449126875	0.88323025	0.597698625	0.629992875	0.6120765	0.7006708125	0.697444875	0.6353004375	0.68456825	0.7269385	0.7243979375	0.8671889375	0.5357068125	0.9632935625	0.7478825	0.86089825	0.941558125	0.6763883125	0.6647593125	0.6800490625	0.6938533125	0.794759	1.07063225	0.65484725	0.594354875	0.794646875	0.6765810625	0.4563346875	0.670240125	0.7540599375	0.7569988125	0.7145176875	0.82237725	0.826627375	0.6064253125	0.5878660625	0.674412625	0.553231875	0.529669375	0.486261125	0.8474074375	0.38038828125	0.6411581875	0.610147375	0.6121653125	0.37248890625	0.52299278125	0.4667203125	0.5252510625	0.5275695	0.56621	0.4323548125	0.54980275	0.49331665625	0.55963025	0.616949375	0.3905595	0.6886448125	0.49160703125	0.59437	0.6355946875	0.488600625	0.4820008125	0.47303084375	0.7559675625	0.6010445625	0.3511169375	0.607687	0.5767685625	0.527206625	0.710001875	0.5673635625	0.498321125	0.28138740625	0.54287925	0.42730425	0.6701833125	0.46108128125	0.3851494375	0.41323875	0.5464321875	0.44253346875	0.5440221875	0.5703364375	0.33383696875	0.34123340625	0.50732234375	0.43201934375	0.41146853125	0.56931825	0.5481671875	0.62492	0.34341615625	0.32103815625	0.47675040625	0.3943698125	0.674073	0.49664878125	0.47484590625	0.520440375	0.38236696875	0.30131003125	0.4394546875	0.68136825	0.5849574375	0.528154625	0.387508	0.647864125	0.422588625	0.51122690625	0.5541971875	0.38241996875	0.51801075	0.4376540625	0.563791	0.45451959375	0.72604725	0.43514178125	0.578828625	0.7030651875	0.74544625	0.42372634375	0.50557996875	0.41359028125	0.3629075	0.7224034375	0.5122	0.2840136875	0.38201775	0.216449703125	0.4552810625	0.460284875	0.46728690625	0.312913875	0.2885055625	0.33450253125	0.3887535	0.259228	0.40795940625	1.749	0.031	0.00132	4.1E-5	0.174458435258
81	136	251	6.041705	1.403570625	1.259575875	1.169321625	1.22815775	1.266186375	1.109512875	1.0211373125	1.07411925	1.0350093125	0.8208195625	0.83521775	0.926298	0.83259575	0.7872679375	0.7710845625	0.47495746875	0.667797125	0.48577503125	0.3875086875	0.3245266875	0.4837346875	0.7159935	0.31694890625	0.47258121875	0.660968375	0.40462075	0.4632121875	0.3612698125	0.42331696875	0.40267871875	0.5483080625	0.380776625	0.38033528125	0.4618651875	0.32271546875	0.30846953125	0.58963625	0.337042875	0.3488155625	0.589884125	0.168887390625	0.2000538125	0.39620446875	0.124240492187	0.198093	0.23264640625	0.21348246875	0.180858421875	0.2645915625	-0.107215992187	0.251418640625	0.3625915	0.24844184375	0.51965571875	0.312532375	0.229828015625	0.134707453125	-0.1497001875	0.13119521875	-0.046141515625	0.28574475	0.12619640625	0.210624296875	0.41037309375	-0.17085465625	0.184844015625	0.147494515625	0.161925921875	0.136063921875	0.25112771875	-0.13916621875	-0.151671921875	0.19300734375	-0.063574625	0.26968990625	-0.15722009375	-0.076649671875	0.16412184375	-0.235961921875	0.21270696875	-0.0843369609375	-0.2373601875	0.144399125	-0.110544609375	0.1120714375	0.305328125	0.229406515625	0.29219971875	-0.1009749375	0.092859515625	0.2863538125	0.189661859375	0.259287265625	0.2678645	0.38783525	0.09187959375	-0.1240040625	-0.170278203125	0.254627625	-0.16865428125	-0.112003679687	0.18918446875	-0.229646671875	0.29830896875	0.2017951875	-0.26844040625	0.113767671875	0.131860484375	0.319133875	0.280907125	-0.176589	-0.15731159375	0.1092740625	0.27529553125	-0.143412671875	-0.0671020625	-0.067676109375	0.107079140625	-0.132114984375	-0.2927515	0.16900059375	-0.213277375	-0.18715725	0.149727484375	-0.205888125	-0.1193485625	0.27219515625	0.12023371875	0.16001646875	-0.0569239960937	0.27601809375	0.143844546875	0.212787328125	-0.123072960937	-0.2871544375	0.042956484375	0.0673697890625	0.1801811875	-0.42598628125	0.185533125	0.29486090625	-0.217737625	0.102220710937	-0.11551840625	0.21061484375	0.2299814375	0.181170953125	-0.1755391875	0.249433015625	-0.288728875	0.314335125	-0.0465755351562	0.0605777734375	-0.119860148437	0.190220578125	-0.29482475	-0.0593328945312	0.1730424375	0.239677515625	-0.225809765625	0.190108640625	0.2273025625	-0.2260824375	-0.1727224375	0.109550695312	-0.176581203125	0.31021940625	0.3241875	0.31454490625	0.07014634375	0.165585515625	0.13837621875	0.16989975	-0.14515709375	-0.232152375	0.28705115625	0.245853390625	0.05013703125	0.195563859375	-0.2670309375	0.174424703125	0.251425234375	-0.0844723359375	0.0265229179687	0.10991540625	-0.180375640625	-0.097345390625	-0.13988528125	0.21001525	-0.088628765625	-0.11007028125	-0.27424215625	-0.190138140625	0.15488346875	-0.2144080625	-0.231509890625	-0.27719946875	0.30136590625	-0.21037871875	-0.145078640625	0.109223492187	0.22068753125	0.0761306796875	-0.277214375	-0.2085599375	-0.22248021875	0.121136890625	-0.154823703125	-0.110540671875	-0.0934229609375	0.236124296875	0.199197125	-0.16509475	0.13669371875	-0.3143648125	-0.37245775	-0.27324440625	0.0623918085937	-0.1997605625	-0.21174103125	-0.15047578125	-0.173419328125	-0.22770653125	0.092723828125	-0.0780122421875	0.309491125	0.133505125	0.089941109375	-0.28685459375	-0.244959046875	-0.138802921875	-0.189964828125	0.21461984375	-0.197597328125	-0.18801290625	-0.27353746875	0.051587578125	-0.28753259375	-0.0645101875	0.0934313515625	-0.183851546875	0.30270928125	-0.20161315625	-0.190952890625	0.19677915625	-0.169837265625	0.33503965625	0.07374721875	-0.178277546875	0.170043734375	4.97	0.26	0.04	0.0026	0.285362567095
82	71	251	5.8198105	3.3938125	3.53511925	3.50327275	3.56699475	3.450378	3.1948095	3.2150805	3.32535	3.47211	3.2448505	3.18942925	3.3650115	3.23547775	3.32162725	3.42739625	3.0959885	3.084793	3.158449	3.07648025	3.16823275	3.13786425	3.20864975	3.34326625	3.12560225	2.97969625	2.6987715	3.11165075	3.071381	2.7527035	2.684066	2.9165695	2.665681	2.622212	2.875409	3.022302	2.86976425	2.742868	2.96194175	2.78666625	2.71523825	2.67981625	2.6349965	2.63266275	2.43274575	2.7960205	2.482355	2.864861	2.45562125	2.523308	2.60438975	2.41286025	2.587012	2.74089125	2.54800925	2.64745125	2.39688625	2.4185615	2.39410475	2.3872195	2.693814	2.29837175	2.26000275	2.4306165	2.10240925	2.18096425	2.2378145	2.396973	2.23448775	2.2707945	2.0272245	2.11809775	2.268667	2.3704355	2.195959	2.11114375	2.35351325	2.21594375	2.27526725	2.09407	1.88309775	2.2741285	1.975281375	2.1529545	2.1594465	1.70893225	2.273882	2.15982075	1.937847875	2.047344875	1.913585875	1.829105375	2.112782	2.10878275	2.03275375	1.90566075	1.80402325	2.03671325	1.80711975	1.913051125	1.7493735	1.92878825	1.909352	1.768866	1.897593875	1.686551625	1.631858875	1.653083	1.83946125	1.567258875	1.7919	1.7781275	1.62441275	1.821870125	1.61147275	1.742474375	1.6127515	1.696204125	1.671765375	1.76584075	1.4593695	1.5287445	1.66990725	1.811475625	1.756662125	1.63535375	1.33091175	1.617240625	1.528596	1.616897125	1.576000875	1.282668125	1.53572	1.35037725	1.336302625	1.711642	1.39583225	1.461338625	1.419903375	1.385320625	1.224421875	1.355084375	1.500909625	1.42470325	1.48169375	1.3563195	1.541315375	1.24233675	1.3579945	1.435887375	1.2853165	1.32976475	1.428196625	1.5290025	1.497981375	1.15191725	1.318486125	1.398290875	1.181296	1.238027875	1.177126125	1.219754	1.133727625	1.38570825	1.304571375	1.0703165	1.386944	1.267209125	1.083759375	1.2365745	1.27031225	1.165265625	1.279391375	1.14636325	1.0217080625	1.081989125	1.1675985	1.144370375	1.187190375	1.190006125	1.0038198125	1.110816625	1.056363375	0.971885875	1.066636625	1.315499875	1.041788	1.238578875	1.1865795	0.9710223125	1.07951275	0.9866519375	0.9374935	1.203066375	1.0146386875	1.197173125	0.9477866875	0.946754125	1.0457734375	1.084788625	1.1878065	1.174499625	1.18285975	0.7652309375	0.746477375	0.87691775	1.310365125	1.081254375	0.76779475	0.9307756875	0.9099049375	0.97077775	0.736649875	0.757769	0.8305185	0.9054060625	1.029148625	0.79959	0.9766963125	0.863470875	0.8456933125	0.939777125	0.809950125	0.7954635625	0.9070791875	0.83481025	0.7278105	1.081004625	0.8766005	0.8797360625	0.805275125	0.8083201875	0.8259121875	0.732701125	0.8309458125	1.017532125	0.651040375	0.844986625	0.797850875	0.7885774375	0.8800143125	0.9129320625	0.5575584375	0.849128	0.7467328125	0.8700269375	0.7113081875	0.702226625	0.8347841875	0.801638125	0.7859819375	3.636	0.034	0.001302	1.9E-5	0.186852937168
83	22	251	4.7885545	2.475361	2.31725925	2.4005765	2.3896595	2.3250755	2.358169	2.52808325	2.425641	2.59861325	2.6005835	2.54362275	2.36816875	2.39823325	2.53153075	2.19655325	2.10507625	2.167173	2.38080975	2.351843	2.49418625	2.253206	2.11130975	2.3844	2.4344265	2.59701475	2.40300775	2.2143315	2.481306	2.412645	2.430728	2.62083175	2.388546	2.48925225	2.62969725	2.21330925	2.47693075	2.6078355	2.687139	2.41771325	2.41950275	2.56538625	2.5843035	2.51275875	2.487397	2.50880025	2.4397565	2.44861	2.5800695	2.55260425	2.644146	2.49994625	2.43458175	2.4233895	2.437677	2.7913725	2.369251	2.487109	2.368069	2.23551275	2.36112625	2.59939875	2.28884525	2.7040495	2.38255025	2.27251325	2.48744475	2.202145	2.278577	2.402752	2.53384225	2.3931605	2.39400525	2.45667575	2.63533775	2.39704275	2.446186	2.66192675	2.514701	2.42128275	2.355721	2.45440875	2.334021	2.4501885	2.7115195	2.426029	2.656803	2.51210175	2.4784725	2.4285365	2.244115	2.23427025	2.5665685	2.62706625	2.4916965	2.49400975	2.5395355	2.606247	2.56369175	2.59233325	2.69421125	2.43090075	2.7366705	2.5536935	2.47029475	2.501397	2.3726365	2.50715025	2.419561	2.57244625	2.39447	2.528979	2.695807	2.619809	2.41115675	2.714473	2.37574	2.485405	2.64699025	2.580357	2.385969	2.62205275	2.686934	2.4312645	2.52508475	2.74280475	2.37082025	2.55557825	2.53957575	2.5376295	2.367193	2.641937	2.6090505	2.5891005	2.5064625	2.42221625	2.53304125	2.71152175	2.6243905	2.842243	2.65707225	2.6250525	2.32779125	2.4648955	2.69488175	2.70852925	2.5136285	2.55347875	2.669828	2.76334375	2.6487205	2.63108275	2.5649025	2.44989075	2.4774045	2.50607125	2.5304395	2.58545375	2.57019725	2.3499835	2.373633	2.51158825	2.726862	2.244093	2.51151175	2.58576725	2.5049715	2.5363365	2.585308	2.82885775	2.31734525	2.58576075	2.5278285	2.5891645	2.69351875	2.51287975	2.2053405	2.561884	2.69922025	2.48384775	2.6110495	2.729234	2.695556	2.6185325	2.64749425	2.46033375	2.64526425	2.6589985	2.5037715	2.568617	2.4509405	2.593623	2.360016	2.542335	2.5409515	2.57316425	2.52429775	2.54922025	2.331784	2.52526325	2.4459995	2.3963595	2.6868705	2.6203485	2.486269	2.60122375	2.5943525	2.4169715	2.64338125	2.90562075	2.66729425	2.43187525	2.311678	2.667862	2.631031	2.29137775	2.6087175	2.4373185	2.5011175	2.498724	2.4381775	2.417998	2.5655445	2.69021275	2.81998275	2.3254235	2.38570375	2.80602725	2.30565825	2.42311275	2.65070525	2.415262	2.76030175	2.89698375	2.3071575	2.581688	2.64377375	2.5815655	2.698087	2.3662695	2.4665	2.499413	2.4523555	2.690022	2.627322	2.32356475	2.53279925	2.545894	2.40809375	2.381194	2.473493	2.474	0.025	-2.7E-5	1.4E-5	0.200838942348
84	88	251	10.326729	2.241312	1.96839925	1.993116625	1.973711625	1.865843	1.485343125	1.744653375	1.723841625	1.738625875	1.603950375	1.212408875	1.439498875	1.59890275	1.567842375	1.33009	1.422678625	1.533159125	1.369689375	1.3874675	1.2852035	1.093416625	1.28494725	0.996686875	1.31669725	1.009088625	1.035609875	1.0016710625	1.18076375	0.8175498125	1.076347375	0.881397125	0.9097275	0.958990375	0.8713013125	0.873674	0.924016875	0.885285875	0.8466505	0.775776	0.6790008125	0.6766396875	0.54316175	0.8805081875	0.62824225	0.7120615625	0.659582125	0.676923	0.6648303125	0.6186295	0.742153125	0.52287921875	0.5568945	0.6165389375	0.4692193125	0.782885625	0.591902	0.4611121875	0.7208191875	0.4654875	0.5832019375	0.6401396875	0.546544125	0.6729968125	0.6060771875	0.47871965625	0.2968279375	0.7367440625	0.37115065625	0.43076259375	0.4350285625	0.32043021875	0.360974875	0.44776215625	0.31463984375	0.44927421875	0.44574396875	0.31129121875	0.28831575	0.229329609375	0.2914954375	0.39391009375	0.25553234375	0.258015734375	0.446350875	0.40149921875	0.40315528125	0.599522875	0.4672763125	0.26472734375	-0.0456900273437	0.388794125	0.424491	0.44268196875	0.42542321875	0.249821171875	0.425072375	0.4106864375	0.44438315625	0.26405478125	0.334182375	0.35060153125	0.2817576875	0.101415242187	0.3409426875	0.22798209375	0.256464234375	0.4214995625	0.27578640625	0.22970715625	0.0939708515625	0.0404003398437	0.21808409375	0.3073721875	-0.0585460195312	0.186345	0.29485690625	0.27110515625	0.42883915625	0.34713259375	0.322410375	0.2221724375	0.35655546875	-0.112862179687	-0.093061171875	0.096756953125	0.186168609375	0.21398496875	0.239251484375	-0.0750729609375	0.37737990625	0.116587640625	0.11721734375	0.176163671875	0.27286065625	0.35105871875	0.3336575625	0.211428828125	0.213319515625	0.3556481875	0.40341365625	0.46241665625	0.26182628125	0.1973178125	-0.105610445312	0.227799453125	0.27024871875	0.1853321875	0.22682890625	0.0931033359375	0.293325875	0.16100353125	0.5452073125	-0.0352539101562	0.341904375	0.21185046875	0.185981078125	0.3764993125	0.2789791875	0.4752486875	0.103556359375	0.2031501875	0.264881875	0.29258140625	0.163187	0.26623390625	0.218908609375	0.152249140625	0.3824760625	-0.0800291953125	0.249106421875	0.131344796875	0.27011290625	-0.1704020625	0.49725940625	0.26339953125	-0.078267296875	0.213151515625	0.250137390625	0.13818515625	-0.127886945312	0.19484446875	0.40021121875	0.122593195312	0.15251359375	0.258809609375	-0.24059271875	0.184403328125	0.165526859375	0.112733273437	0.244561453125	-0.1195743125	-0.09213090625	0.123966210937	-0.181393921875	-0.041454875	-0.173378578125	0.34070596875	-0.0526428046875	-0.1454744375	-0.0750320078125	0.208208984375	-0.205552109375	-0.21190340625	-0.1266598125	0.1311666875	0.131560296875	0.4141561875	0.14315809375	-0.116027179687	0.325822375	0.331572	-0.0803909453125	0.297328875	-0.0241314609375	0.29301590625	0.2587635625	0.239873234375	-0.20870965625	-0.0261178847656	0.123379453125	0.3234424375	0.2697239375	-0.0679205625	0.19420546875	-0.246797578125	0.31662909375	0.15531	0.22699771875	0.2114754375	0.17681565625	0.119461085937	0.1591814375	-0.1402095625	-0.194423625	0.0869560859375	0.3473190625	-0.126507515625	0.22087528125	0.0907755703125	0.166279984375	-0.0580246523437	-0.28534765625	0.26946740625	0.151238765625	0.180521921875	0.079177828125	0.2054835	-0.057361796875	0.16438015625	0.179799546875	8.0	0.5	0.0372	0.0031	0.531631362684
85	64	251	10.326729	2.241312	1.96839925	1.993116625	1.97119875	1.865843	1.485343125	1.744653375	1.723841625	1.738625875	1.595635875	1.212408875	1.439498875	1.59890275	1.588096125	1.33009	1.422678625	1.509240125	1.318781875	1.37505125	1.2852035	1.093416625	1.28494725	1.053890125	1.273114375	1.009088625	0.9386168125	1.0427326875	1.24591975	0.84645325	0.9892715	0.9009964375	0.9107215	0.8267755625	0.9091853125	0.8557053125	0.9276450625	0.8853055625	0.8398969375	0.7476566875	0.7309501875	0.7094631875	0.5342846875	0.865065	0.603050125	0.740747875	0.6867618125	0.55822375	0.641879125	0.6366655625	0.7650699375	0.5307935625	0.5461224375	0.46764853125	0.4340605	0.782885625	0.6361201875	0.49820696875	0.76673575	0.402060625	0.6246425625	0.5945255625	0.537022875	0.6225421875	0.545638	0.48466809375	0.31141846875	0.77654	0.33105259375	0.39405221875	0.44548975	0.3152734375	0.305125375	0.43375128125	0.2222526875	0.38019809375	0.48931765625	0.31352153125	0.31458796875	0.26775371875	0.256201828125	0.43981384375	0.26574775	0.26419140625	0.239178609375	0.3213603125	0.345417375	0.47058746875	0.34761271875	0.15063659375	-0.0456900273437	0.2598300625	0.414459625	0.44268196875	0.47441290625	0.2574711875	0.3376751875	0.3636908125	0.37001434375	0.21039496875	0.37310121875	0.3033309375	0.247575984375	0.127006664062	0.327051625	0.10957753125	0.23284265625	0.4414011875	0.24387565625	0.151809375	0.146041328125	0.079356875	0.1668714375	0.3451004375	-0.09467365625	0.138423859375	0.30910728125	0.178102546875	0.3323401875	0.21143965625	0.34017090625	0.227674640625	0.30720215625	-0.0643567265625	-0.093061171875	0.12448425	0.19686365625	0.202675421875	0.23678865625	-0.0939038359375	0.3167620625	0.1431255	0.088761078125	0.166099859375	0.212519203125	0.3812104375	0.340146375	0.22959278125	0.109551664062	0.3053916875	0.18633375	0.49839353125	0.23927403125	0.199101078125	-0.104050257812	0.121952625	0.27024871875	0.20138528125	0.23540421875	0.118019984375	0.293325875	0.23111340625	0.229787453125	-0.0440628242187	0.2666304375	0.189134640625	0.20607546875	0.3764993125	0.287201	0.2529925625	0.127996421875	0.167705125	0.1297769375	0.22026309375	0.112289210937	0.2642174375	0.17757571875	0.067288296875	0.32770040625	-0.0709426875	0.15447521875	0.175639421875	0.29490084375	-0.194140515625	0.49725940625	0.215029296875	-0.078267296875	0.201568921875	0.10851459375	0.13315203125	-0.152962890625	0.235321234375	0.40779371875	0.127290015625	0.17828209375	0.176543703125	-0.2985675625	0.134413703125	0.21645734375	0.115424851562	0.244561453125	-0.129499765625	-0.0599370390625	0.15773378125	-0.181393921875	-0.043917296875	-0.173378578125	0.2623749375	-0.0900515	-0.17957221875	-0.082875765625	0.1515238125	-0.217897828125	-0.1316783125	-0.0923250859375	0.127379054687	0.102016117187	0.4141561875	0.121494398437	-0.13043484375	0.325822375	0.322516	-0.119607257812	0.16168740625	-0.0241314609375	0.2356700625	0.20672809375	0.25289353125	-0.21287309375	-0.0110532978516	0.123379453125	0.3008765625	0.31569071875	-0.0679205625	0.232626453125	-0.189238109375	0.220345875	0.1315141875	0.14076253125	0.19216584375	0.0999333515625	0.0978942578125	0.14574321875	-0.102675320312	-0.189762640625	0.066779015625	0.185543125	-0.184345015625	0.1754141875	0.109649421875	0.170419484375	-0.0553709375	-0.28534765625	0.33381621875	0.117167085937	0.10497	0.105744546875	0.183179078125	-0.122918148437	0.17103340625	0.19559759375	8.12	0.47	0.038	0.0027	0.520101723169
86	17	251	6.1018165	0.201700375	0.28017009375	0.48298728125	-0.36348190625	-0.253824125	0.4612958125	-0.14511909375	0.22620784375	0.0755144296875	0.17450259375	-0.33803728125	0.112326921875	-0.0592853164062	0.540482875	0.112699742187	-0.31275528125	-0.37753165625	-0.2482710625	-0.134702796875	0.288893375	-0.163645578125	-0.108536421875	-0.1026461875	0.39384840625	-0.171661125	-0.6949705625	0.112461726562	0.33713990625	0.28869678125	-0.239450609375	-0.229375171875	-0.16562778125	-0.14049515625	0.0996142734375	0.13881821875	-0.173327375	0.253859625	-0.38963090625	0.32556996875	0.31593034375	-0.04470809375	-0.184714640625	0.4063863125	0.25419390625	0.25098371875	-0.195264609375	0.15111540625	-0.335198875	-0.1504206875	-0.22959146875	0.14020821875	0.29877659375	0.218935828125	0.41711628125	0.251824671875	-0.35204309375	0.34959384375	-0.054893296875	0.213552015625	0.203001328125	-0.0732928046875	-0.36312059375	-0.142998609375	0.1346325	0.228177296875	-0.398973375	-0.112761171875	0.074679859375	-0.113092882812	-0.3054621875	-0.0838402109375	0.26336475	0.23063903125	-0.22623478125	0.2443974375	0.4146905625	0.166848171875	0.255573890625	0.299277125	-0.26719053125	0.3440850625	0.1809190625	-0.111257953125	-0.0976100546875	0.33966125	-0.44341353125	-0.18743328125	-0.21873903125	0.24618240625	-0.30948525	0.2394444375	-0.545501625	-0.36047721875	-0.2596151875	-0.3538591875	-0.27101728125	-0.23616434375	0.4507499375	0.202273078125	-0.205224828125	0.127945601562	0.234203921875	-0.0502915625	0.253951484375	0.14189025	0.2183170625	-0.27018221875	-0.1591306875	0.31011390625	0.255494921875	0.14898121875	-0.0117725517578	0.248646	0.28175421875	-0.14745621875	-0.14069009375	0.222522640625	-0.0819651171875	-0.120196546875	-0.1966306875	0.15190190625	-0.1837245	-0.170855828125	0.14939275	0.40141846875	0.1670735	-0.4626224375	0.6731820625	-0.34301096875	-0.3092069375	-0.1527769375	0.14118971875	-0.257542640625	-0.38371634375	0.376950875	0.12754934375	0.36193290625	0.0676423515625	0.105961773437	0.29094634375	-0.0935671953125	0.137126734375	0.15026784375	0.14824265625	0.137024515625	-0.4468583125	-0.174563375	-0.163787546875	0.38135190625	-0.162456953125	-0.30382984375	0.47922471875	-0.178301109375	-0.44214196875	-0.214446734375	-0.19556103125	-0.207691484375	-0.224865375	0.200026625	-0.34914884375	0.387436875	-0.137022484375	-0.09881184375	0.153713921875	-0.212086921875	0.177934203125	-0.107549773437	0.13187921875	0.28398528125	0.2600594375	-0.349442875	0.283202375	-0.228765171875	-0.0813045703125	0.24420803125	-0.28975225	0.191740859375	-0.100878265625	-0.171211875	0.165229859375	0.139736078125	0.20708359375	0.22503321875	0.531526	-0.194765046875	-0.156071515625	-0.184831265625	-0.407161375	-0.227821671875	-0.20609871875	-0.126470023437	-0.349369625	0.238882640625	0.3531305625	-0.146288890625	0.2742765	0.207029	-0.5688958125	-0.274678	-0.204601296875	0.35111459375	-0.0309037109375	-0.19591040625	-0.0759516015625	0.26767175	-0.26413709375	-0.34953065625	0.4590781875	-0.114643304687	-0.11454765625	0.24084415625	0.153539078125	-0.096258375	-0.204414609375	0.19556559375	-0.10773603125	-0.2604495	-0.36601953125	0.42055771875	0.33608828125	0.182638703125	-0.1503719375	0.077354953125	0.26645778125	0.32499465625	-0.1889954375	0.120112890625	-0.110580382812	0.21734090625	0.29447603125	-0.171489296875	0.151922390625	0.184403515625	0.172152140625	-0.2710154375	-0.1938639375	-0.246918984375	0.08076621875	-0.108287710937	0.240174515625	0.12696253125	0.33869571875	0.264538625	0.194595265625	0.18524990625	0.081734765625	0.218801921875	0.165449453125	0.080779421875	0.4207265625	6.1	0.26	0.19	0.05	0.258561396151
87	72	251	4.6635065	1.297801125	0.8410850625	0.914663375	0.6724235	0.603666875	0.37328559375	0.26940040625	0.2897358125	0.41602396875	-0.1002071875	-0.127989875	0.4052555625	0.115713617187	0.3174415625	-0.205425	0.27239396875	-0.2146691875	-0.190987828125	-0.31216775	-0.0858576875	0.2885314375	0.2988768125	-0.121405773437	-0.12679634375	0.2617288125	-0.14501178125	0.143282765625	0.25295	0.225524796875	-0.0721575703125	-0.265770125	-0.27049553125	-0.17610125	0.1259214375	-0.108824132812	0.26807590625	0.0945958828125	-0.180628	0.089155875	0.200370671875	0.231888265625	-0.155803375	0.190096984375	-0.2971989375	-0.40076375	0.119402875	-0.1645434375	0.203315125	-0.17037621875	-0.145341046875	0.2756644375	0.33595528125	0.2845901875	0.25870846875	0.22339778125	-0.249481640625	0.181644515625	-0.212220890625	0.128028328125	0.16102615625	-0.21326971875	-0.095322890625	0.4352954375	0.221151078125	0.205542109375	0.28960434375	0.1130566875	0.3183401875	0.0862375	-0.196685578125	-0.131960984375	0.160022359375	0.16224803125	0.210763125	0.2446106875	-0.178012375	-0.0519991171875	-0.166349265625	0.112689554687	0.2876215	-0.207714453125	-0.3154704375	-0.244066453125	-0.3465725	0.119734796875	0.2168801875	-0.11718603125	0.0374775078125	-0.200481125	-0.171302078125	-0.2660035	0.2512725	-0.132957421875	-0.207736859375	-0.41445065625	-0.2686215625	-0.2893459375	-0.19390225	-0.31588415625	-0.217411640625	-0.289367125	-0.168593546875	-0.113531375	-0.33317721875	-0.074474765625	-0.2111120625	0.083967859375	-0.1893116875	0.2737985625	-0.11239859375	-0.103277867187	0.200714765625	0.204363015625	-0.13721071875	-0.065090546875	0.25509209375	-0.0186185351562	0.0996888125	-0.26086715625	-0.23121421875	-0.192899328125	0.2350806875	0.1822255625	0.115925460937	-0.31192709375	-0.10843521875	-0.120608	-0.255500828125	-0.0690286171875	-0.18937078125	-0.0895483125	0.205021421875	0.27147725	-0.171100828125	0.0852094140625	-0.0244172382812	0.1584081875	-0.152551296875	-0.218079921875	0.19270678125	-0.03928765625	0.106056914062	0.110633023437	-0.142563640625	0.2262764375	-0.23760896875	-0.31354371875	0.091709546875	0.26489534375	0.3867393125	-0.266075125	0.1518459375	-0.197493078125	0.2059781875	0.192253046875	-0.3203241875	0.249994421875	-0.236772359375	0.095215859375	-0.0463718359375	-0.1454048125	0.136018890625	-0.312680125	-0.0979666640625	0.12535778125	-0.0609942539062	-0.162594796875	-0.26823634375	0.17733653125	0.238852328125	0.147301859375	-0.102572617187	-0.16379096875	0.15676603125	0.2052263125	-0.21161528125	-0.127757203125	0.157498796875	0.125487304687	-0.15747403125	-0.192427953125	0.1498489375	0.100696289062	0.1711905	0.220828546875	-0.31444959375	0.26368421875	0.31768275	0.0712369765625	0.27110496875	-0.2878993125	0.180994203125	0.27003125	0.109686328125	-0.23443734375	-0.11335865625	0.135034109375	-0.199609265625	0.0848716953125	-0.17328603125	-0.136651953125	-0.264704125	0.0659893359375	0.15529778125	-0.36205609375	-0.197131171875	-0.16437325	-0.15431225	-0.14831846875	-0.213892890625	0.155664640625	-0.0960095625	-0.24437575	-0.239914296875	-0.183243359375	-0.101298351562	-0.179836046875	-0.342469375	0.273577375	-0.208235453125	-0.116612492187	0.30575928125	0.12845846875	-0.228971921875	0.14670790625	-0.133956578125	0.21122096875	-0.0500154335937	-0.081321328125	-0.133780515625	-0.24172415625	0.204024734375	-0.2807924375	0.128973453125	-0.2678983125	0.063115953125	0.15918846875	0.17562346875	0.199630015625	0.248478359375	-0.16275909375	0.19797509375	-0.119812992187	0.2192003125	0.24506084375	-0.3357795	0.23909396875	-0.112042085937	-0.153534296875	0.09603221875	4.58	0.21	0.0712	0.0046	0.206582314894
88	31	251	4.496739	0.2750783125	0.146739671875	0.194143546875	0.21685703125	-0.22238509375	-0.1516649375	-0.0986425	0.22354734375	-0.234670484375	-0.2739195625	0.271567375	0.148210203125	0.116846757812	0.252090609375	-0.27957925	-0.168563953125	0.124064367187	0.185118828125	-0.0789589453125	-0.251660453125	0.29114709375	0.250136859375	-0.18460834375	-0.221489453125	-0.27064115625	0.211648109375	-0.198430765625	0.102217765625	0.16984003125	0.39206678125	-0.16689671875	0.106673375	0.2860014375	-0.209657890625	-0.0654589101562	-0.3066228125	-0.1648054375	-0.26924609375	0.244088703125	0.17915690625	0.101158585937	-0.106864375	0.176852890625	0.162345203125	-0.158340015625	0.192415640625	-0.26349528125	0.238532765625	-0.17906090625	0.238075171875	-0.194474140625	-0.138022140625	-0.134511625	0.197709265625	0.2086554375	0.1392381875	-0.231794640625	0.221946703125	-0.12810409375	0.256471234375	0.15789565625	0.058010328125	0.1350234375	-0.197898828125	0.13587884375	-0.0556690273437	0.26326609375	-0.27182246875	0.1946958125	-0.0754651796875	-0.0972295078125	0.090915328125	0.243049984375	-0.18875884375	-0.0527692109375	0.077599453125	-0.082694328125	0.1630915	-0.216036921875	-0.078064671875	0.163433765625	0.22432221875	-0.28708790625	0.362578625	-0.09578890625	0.3298470625	0.15203575	-0.16027675	0.167797875	0.0926209765625	-0.2885846875	0.0483172890625	0.32016528125	-0.195746390625	0.220815359375	0.193754546875	0.10498846875	0.1777303125	0.2046836875	0.219924328125	0.258511671875	-0.140073875	-0.177569890625	-0.3249378125	0.1027105625	-0.141689953125	-0.0972701875	-0.194529921875	0.2069770625	0.2672113125	0.35479096875	0.178070578125	0.266948125	0.132495546875	-0.1847558125	-0.16676703125	0.1900694375	0.187390125	0.12914225	0.05588534375	-0.228941828125	0.194637109375	-0.252390046875	0.21760653125	0.1420124375	-0.132749046875	-0.202518375	0.2120038125	-0.19072425	0.148409453125	0.3523420625	0.154615640625	0.130245703125	0.2551025	-0.1265369375	-0.128912164062	0.22434271875	-0.1398116875	0.34922571875	0.19771471875	0.35569309375	0.21291434375	0.142886875	-0.260272015625	-0.160040953125	-0.243062625	-0.196041796875	-0.29828615625	-0.0478951289062	-0.15807903125	0.0872921640625	0.230666453125	0.176928890625	0.24293634375	0.235572921875	0.209602015625	-0.077425953125	0.195088171875	-0.4018661875	0.110318484375	0.131498625	0.164872875	0.216761546875	0.082552328125	-0.2209736875	0.120822515625	-0.1726013125	0.218831125	0.16108678125	0.16730396875	-0.32521478125	-0.33203578125	0.186028484375	-0.20183409375	0.236972765625	-0.0820219609375	-0.22313384375	-0.19643978125	0.160986546875	-0.2926410625	0.257463125	-0.163511484375	-0.44317025	-0.157129828125	0.14189140625	0.116808765625	-0.1083558125	-0.29177271875	-0.24577703125	-0.141179140625	-0.25151771875	0.13325696875	-0.0887564609375	0.20269125	0.28424909375	0.120199671875	-0.191010578125	0.17917059375	-0.12680653125	0.2821211875	0.16852365625	0.0584692421875	0.14803365625	-0.114930390625	0.26895453125	-0.119759359375	0.12724065625	0.2494548125	0.254491078125	-0.144889125	-0.17083446875	-0.18314990625	-0.141841828125	-0.17014715625	-0.1704213125	-0.104916015625	-0.140261765625	0.13350875	-0.27649109375	-0.253753890625	-0.102278828125	0.1538795625	0.12582778125	-0.176836671875	-0.116582117187	0.248661171875	0.26503378125	-0.206698765625	0.25652853125	-0.134964875	0.20281528125	0.2631578125	-0.20172184375	0.22951740625	-0.254166765625	0.133035984375	0.124695304687	-0.225355046875	0.0856453046875	-0.0252210566406	-0.175617328125	0.3171663125	-0.16995365625	0.154631359375	-0.174832859375	-0.118536539062	-0.2054739375	0.124508953125	0.20429559375	0.28380584375	4.5	0.22	0.175	0.037	0.200739714795
89	113	251	6.2397425	-0.151569453125	0.18594578125	0.439640375	-0.133829171875	-0.29264290625	0.17996953125	-0.27563590625	0.1758301875	-0.110539640625	-0.15457334375	-0.3574175	-0.5752675	0.105445960937	0.5160379375	0.074801734375	-0.33878046875	-0.17136575	-0.277488375	0.251107390625	0.28057371875	0.2988678125	0.228379984375	0.4083965	0.19319459375	0.2480128125	-0.37231584375	0.15002690625	-0.0850402578125	0.3183696875	0.31981565625	-0.2882878125	0.4538374375	0.19452965625	-0.2398398125	0.27310578125	-0.227619609375	0.17327571875	-0.3291205	0.27081159375	-0.222508546875	-0.174421640625	-0.33516090625	0.42491246875	0.217711890625	0.16136690625	0.26808896875	0.2492659375	0.0351313320312	0.29230340625	-0.115834976562	0.220379859375	0.38845996875	0.127209046875	0.3167983125	-0.212129	-0.444346875	0.31090559375	0.150360046875	0.4224940625	0.368276125	-0.173023171875	0.250051578125	0.220621734375	-0.084866453125	0.18150428125	-0.28265896875	-0.28489965625	-0.38219134375	0.12528209375	-0.37033375	-0.242399625	0.45771196875	0.167895421875	0.1558684375	0.260498140625	0.48997921875	0.330464375	0.40204640625	0.30799940625	-0.17560890625	0.557944625	0.161406984375	-0.072323703125	0.344940375	0.2340633125	-0.46918775	-0.49265575	0.4381000625	0.26025859375	-0.26311015625	-0.0814505859375	-0.27422540625	0.14599553125	0.261727234375	-0.31392396875	0.2622175625	-0.220464359375	0.4085630625	-0.106239	0.4898754375	0.202746546875	-0.287847125	0.209241859375	0.14853234375	0.13221734375	0.1662329375	0.220799890625	-0.33128865625	0.25843590625	-0.174869546875	-0.101393125	0.0645061953125	0.3540000625	0.109871523437	0.26656634375	0.18446146875	0.19993321875	0.27754259375	-0.47503690625	0.142704203125	-0.23685134375	-0.37627815625	0.240854671875	0.16319896875	-0.102123164062	-0.112013484375	-0.423390625	0.40730421875	0.2868715	-0.242562421875	-0.076214828125	0.162854734375	-0.115316453125	0.3002030625	-0.135048375	-0.14247003125	0.28356109375	0.267640125	0.18218515625	-0.36139925	0.216078296875	0.233382	-0.5139916875	-0.353091125	0.1214538125	-0.431964625	0.31658790625	-0.0955560390625	0.19379340625	0.31180275	-0.391413875	0.3754790625	0.27129128125	-0.213974328125	0.243256640625	0.152817765625	-0.244882203125	-0.2406319375	0.253528203125	0.230824125	0.167015546875	0.1932316875	0.28555509375	0.2888263125	-0.08260115625	-0.18388909375	-0.03898853125	0.28370884375	0.318561	0.166720515625	0.41177471875	-0.33329990625	0.13527021875	0.3929393125	0.4113976875	-0.305703625	-0.0987363515625	0.18731078125	0.228011140625	0.25498990625	0.27817140625	0.6552055	-0.206143328125	0.34185996875	0.195435921875	-0.14856328125	0.4008696875	0.130032890625	-0.32482071875	0.143078234375	0.18758246875	0.363613	0.33520725	0.24413534375	0.260227015625	0.4075256875	0.23939721875	0.307975625	-0.209797359375	-0.27944271875	0.284059375	0.26418115625	0.34411803125	-0.083809515625	0.4553511875	0.157048796875	-0.248736453125	0.46345421875	-0.235363203125	-0.303260375	-0.165259921875	-0.17219046875	-0.21309428125	0.35567403125	0.3191901875	0.34404896875	0.554390125	-0.4249043125	-0.1548034375	0.34819803125	-0.250318765625	-0.2792759375	0.2358696875	0.250592953125	0.3788743125	-0.197909046875	-0.199872546875	0.292131375	-0.198345390625	0.2221551875	-0.125180992187	0.40202290625	-0.172245421875	0.252805484375	0.240023765625	-0.3173475	-0.2332016875	-0.23630384375	0.330388625	-0.252489671875	0.143583515625	0.178351109375	0.37663259375	0.18626959375	-0.0742602578125	-0.22907125	0.2628044375	0.14167215625	0.293228625	0.40597303125	6.24	0.2	1.7	15943.5	0.281533448591
90	124	251	5.4492145	3.185275	3.11696425	3.13605775	3.26300725	3.27414475	3.21519875	2.99296475	3.09435575	2.84919625	3.258787	3.10822475	2.98548925	3.30500425	3.2070075	3.18776975	3.012503	3.45188125	3.1170645	3.20493075	3.0732695	3.02260925	3.2554645	3.18920925	3.32115925	3.15168425	3.4021185	3.1751125	3.3029405	3.43533875	3.3357605	3.1772685	3.260558	3.35041575	2.89675725	3.2055195	3.3253315	3.30669525	3.1167415	3.30828	3.150509	3.2582205	3.18577625	3.340809	3.210557	3.13973375	3.25182425	3.189514	3.3694615	3.397449	3.11708825	3.32318425	3.027749	3.00686175	3.22056075	2.98257375	2.76362325	2.92230075	2.9405925	3.1586185	2.8601655	3.3184595	3.218823	3.15297275	3.2424415	3.15995825	3.08362175	2.869109	2.97581725	3.02606525	2.98738975	3.1587635	3.2443405	3.054152	3.0381995	3.0166945	3.09934925	3.07453325	3.0482685	2.78491725	3.0827645	3.21356625	3.1534785	2.98346775	2.863112	3.03016225	2.814099	3.11869875	3.1328	3.0249935	3.11408925	3.02848575	3.08560925	3.01396675	3.115113	3.16135875	3.00756175	2.85147875	2.9199985	3.050219	2.9792575	3.0275025	2.890868	2.9769495	3.2061835	3.121389	2.847399	2.97193775	2.88749725	3.1161165	3.07653375	2.91990825	2.90551	3.0018825	3.24768825	2.99677725	2.89353525	3.11368925	2.9032	2.85289675	3.0055855	2.91392725	2.99359975	2.93194925	2.92377925	3.0763085	2.95789175	2.916129	2.958793	2.88275925	2.994565	2.95281475	3.02051125	2.9209945	3.0359215	2.69658575	2.84835875	2.92529875	2.9959645	2.95856825	2.76295075	2.87263	2.89724325	3.056226	3.279182	3.0961525	2.945223	2.872261	2.965995	2.94215325	3.126182	3.00373875	2.890336	2.73621425	2.738986	2.90275025	2.999993	2.9560335	2.839981	2.715305	2.84529225	2.728588	2.82984975	2.7207745	2.75456275	2.89931225	3.008489	2.86322675	2.82244875	2.5981305	2.91328375	2.750582	2.865026	2.78837775	2.87648925	2.84796675	3.0240645	3.03592325	2.73602725	2.9340905	2.65670775	2.82369775	2.80330325	2.81419625	2.649763	3.07030175	3.1240895	2.52271275	2.599897	2.75558825	2.80879425	2.62555625	2.784925	2.894249	2.723477	2.90038075	2.50919725	2.77219025	2.67190425	2.64093025	2.92414375	2.7146445	2.77323125	2.803998	2.79760025	2.758925	2.641488	2.66240925	2.74843175	2.7096325	2.758491	2.74776325	2.68622525	2.9202805	2.64504175	2.90866425	2.54261025	2.74068325	2.7666215	2.7565625	2.70278625	2.71989125	2.52134425	2.982608	2.86391775	2.739318	2.707439	2.83203875	2.6084915	2.36457	2.72768175	3.07834125	2.56441175	2.604526	2.77814875	2.62134475	2.66441375	2.64032775	2.67503875	2.53720625	2.5610865	2.79256175	2.50793725	2.51681775	2.752039	2.811521	2.683566	2.66274625	2.657406	2.783365	2.53600075	3.305	0.026	1.77E-4	1.1E-5	0.188255872393
91	66	251	3.986778	0.115401914062	0.0882759609375	-0.16379459375	0.0796799375	0.164925078125	-0.33085865625	0.186115046875	0.1869325625	-0.197648234375	-0.1699583125	0.28936603125	0.168890296875	0.267007625	0.117316546875	-0.1524916875	0.131343546875	0.36679934375	-0.138378296875	0.220101484375	0.11677040625	-0.225950015625	-0.34483671875	-0.19620878125	0.278210875	0.206753125	0.260304	-0.0462912617187	0.3058945	0.21162246875	-0.151007015625	0.1933905625	-0.138309078125	0.201209046875	0.191097203125	0.29699340625	-0.14939559375	0.1435635625	0.136269625	0.211230015625	-0.219149390625	0.102285515625	0.215690046875	0.22335659375	-0.1701516875	-0.150591390625	-0.130452625	-0.150613890625	0.251763640625	-0.2449586875	-0.16753565625	0.3437578125	0.195997859375	0.212646734375	-0.0559045703125	-0.114607703125	-0.1447115	0.14868396875	-0.153705875	-0.0840825390625	0.170397578125	0.31747225	0.17433528125	-0.17932884375	-0.18478809375	-0.185494234375	0.226216859375	-0.165455640625	0.134411875	0.201406984375	-0.0913282421875	0.24126878125	0.2110850625	0.160531203125	-0.0546948359375	-0.104500226562	-0.120143109375	-0.18742259375	0.196074671875	0.1859045	0.31911253125	0.109694265625	0.332916875	-0.21489709375	0.128137140625	0.145832765625	-0.157425875	0.29874184375	0.19076434375	0.2151200625	0.069705140625	-0.152522484375	-0.129079445312	-0.264810875	0.101228210937	-0.0291137675781	-0.17408525	-0.0272944492187	0.115733015625	-0.2190813125	0.10660525	0.2819383125	0.3352861875	0.253811859375	0.26554709375	-0.208186671875	0.2547101875	-0.06627578125	0.22416515625	0.1635508125	-0.1635011875	0.381985875	-0.34948265625	0.179904125	0.31598290625	0.127298546875	-0.149008109375	-0.125198273437	0.2449444375	0.098591125	0.095046671875	0.282102375	0.150205515625	0.149430671875	0.34496746875	-0.072334765625	0.26168296875	0.11723534375	0.0905166640625	0.233804703125	0.237782796875	-0.26573140625	-0.189978953125	-0.16837828125	-0.0705277109375	-0.133032671875	0.125228101562	0.28174809375	0.272061	-0.205555640625	0.20505409375	0.252180203125	-0.0537527695312	-0.190961640625	-0.197379625	0.188821671875	-0.128170226562	0.1376038125	0.256062625	0.101211234375	0.0492054296875	-0.213329703125	0.247233609375	-0.034966078125	0.200944078125	-0.255006390625	0.0512211054687	-0.179207875	0.277091375	0.217694015625	-0.25885728125	0.0519246289062	0.3346383125	-0.2215271875	0.0697979453125	0.1905860625	0.21438703125	0.342994125	-0.125131640625	0.27191265625	0.096524640625	0.160715953125	-0.1248804375	-0.123281273437	0.20224915625	-0.122991632812	-0.153206375	-0.14980096875	0.1533965625	0.124900546875	0.159530078125	-0.29499259375	0.26298875	0.32554409375	0.26831203125	-0.45138728125	0.282418625	0.26584153125	0.3492309375	0.21939634375	-0.102093585937	0.2062530625	-0.128217882812	-0.17971346875	-0.0947523984375	-0.244959671875	0.124809398437	-0.14566684375	0.331332	-0.142441359375	0.375148375	0.4834320625	-0.139242796875	0.0795671875	-0.09359109375	-0.23739590625	0.16311840625	0.32285934375	-0.152529828125	-0.139847875	-0.200509359375	0.107387101562	0.206702125	0.109410539062	0.18064528125	-0.0863464921875	-0.21531503125	0.2453555	0.156487828125	0.1468146875	-0.3290785625	0.33184821875	0.090042296875	-0.2995018125	0.2442485625	-0.21590734375	0.31525109375	0.3568095	0.112202492187	0.258869671875	0.131618359375	-0.0791438125	-0.0806445703125	0.163390265625	0.19414521875	0.2771619375	-0.138660984375	0.29019015625	-0.100682898437	0.202878453125	0.264935125	-0.210975265625	0.27822575	0.073928078125	0.252186984375	0.0722319296875	0.3048698125	-0.20889296875	0.185445	-0.114824	-0.199432203125	3.99	0.18	0.2	0.3	0.207318195089
92	158	251	8.926922	0.14866659375	-0.19511696875	0.1835900625	-0.05170225	0.128581578125	0.33028515625	0.3506481875	-0.30818525	0.40301628125	0.32685090625	0.3068783125	0.46747903125	-0.122523085937	0.5465309375	0.17553846875	0.246398265625	-0.34212725	0.47428678125	0.18073634375	0.2260589375	0.34854046875	0.199996375	-0.2142194375	0.2163668125	0.187962390625	-0.06797378125	0.203296609375	0.13733334375	0.253045109375	0.26924890625	0.462291875	-0.3315794375	-0.101359679687	0.455814625	-0.18052103125	0.26579521875	0.110122898437	0.216343671875	-0.112605640625	0.236175546875	0.39321459375	0.241483796875	0.148617703125	-0.142332515625	0.2574230625	0.069940046875	0.21752446875	0.1918111875	0.4638730625	0.188403140625	-0.3422939375	-0.2637394375	-0.242352578125	0.401631	0.18609946875	0.38928228125	-0.191079	0.118162835937	-0.2871055625	-0.064031640625	0.100037945312	0.202198421875	0.473204875	0.2666355	-0.150202953125	0.11884328125	0.31801346875	0.35398375	0.5629104375	-0.20032240625	0.120984890625	0.2747510625	0.41292040625	-0.38430315625	0.177959546875	-0.232868921875	0.41827878125	0.408935625	0.2926391875	0.163661234375	0.18496359375	-0.0637181992187	0.28882284375	0.27690646875	0.193466921875	0.2951576875	0.121338820312	0.3430168125	0.1601614375	0.194860125	0.1808215625	-0.090171765625	-0.34881565625	0.25041684375	0.32785046875	0.1707685	0.27775896875	-0.119672953125	0.2657413125	0.34551321875	-0.217656203125	0.233187140625	0.223512171875	-0.109050664062	0.32750421875	-0.4170626875	-0.38007465625	0.083128015625	-0.299739625	0.173174515625	-0.209621453125	0.136512375	-0.126002046875	-0.115835632812	0.0750968125	-0.15725059375	0.109390960937	-0.23841103125	0.30235390625	-0.24741771875	0.16845009375	0.5324275625	0.17648396875	0.0575302421875	0.2770508125	-0.138973859375	-0.138571609375	0.4647435625	0.233320234375	0.251245453125	0.105620335937	-0.3551306875	-0.17265540625	0.230425296875	0.1666285	-0.159186515625	0.5337518125	0.34860740625	0.105301882812	0.0778319921875	-0.230438296875	-0.12946896875	0.5347985625	0.4377770625	-0.1141281875	0.23290690625	-0.03672825	-0.36654371875	0.1726213125	0.246253421875	0.458890875	0.100264796875	0.254310125	-0.148032203125	-0.148826515625	0.318698	0.4467104375	0.1960466875	-0.1417581875	0.100934	0.412331	-0.147894453125	-0.08671671875	0.365259375	0.2544955625	0.48672821875	-0.180949578125	0.21872240625	-0.20191834375	0.249596796875	0.0985188515625	-0.240059203125	0.10815828125	0.32499840625	0.370857125	-0.1870925	0.374779625	-0.0295701523437	0.2708805625	-0.2525174375	-0.0915203828125	0.719683	0.27950984375	0.413385125	0.151312421875	-0.128801085937	0.36368303125	-0.32239675	0.37494575	0.239726984375	0.067649859375	0.171875765625	0.17685046875	0.15878475	-0.28045915625	0.132579109375	0.587365375	-0.216758140625	-0.132496765625	-0.2361200625	0.15460359375	0.185925546875	0.3442424375	0.15844978125	0.35798940625	0.3481360625	-0.222341078125	0.070434890625	0.5745309375	0.4981275	0.2549339375	-0.072340515625	0.3250813125	0.18151125	-0.158451515625	-0.13774915625	0.56943325	0.07800740625	0.4947611875	0.0692236640625	0.3195608125	0.6670234375	-0.1426339375	-0.210416453125	0.284866	0.21109834375	0.2808840625	-0.263429875	0.3933860625	-0.1428999375	0.5726084375	0.3084221875	0.33634534375	-0.204834453125	0.24880303125	0.384784125	0.231199453125	0.191109609375	0.141121421875	0.0886533671875	-0.114866546875	0.22638259375	0.3147559375	0.27205315625	0.2014918125	0.292731375	-0.32878615625	-0.181927125	0.3401074375	0.51673759375	8.93	0.29	0.3	0.3	0.280794748691
93	70	251	4.6679665	0.630246125	0.29039584375	0.51001503125	0.32852575	0.47726503125	0.445377875	0.45446015625	0.5793213125	0.48303225	-0.13521490625	0.52259403125	0.34609496875	0.41665196875	-0.28162309375	0.30978590625	0.42115596875	0.4341425	0.6531998125	0.3955064375	0.5332924375	0.43256903125	-0.15312784375	0.507474375	0.591988125	0.46934565625	0.42679721875	0.3212221875	0.7195578125	-0.12543028125	0.30128196875	0.51616221875	0.531268125	0.451062625	0.41605040625	0.6643850625	0.44560546875	0.648054375	0.47630284375	0.561751375	0.3363973125	0.36005403125	0.5701373125	0.5512945625	0.3721195625	0.32982765625	0.454552	0.408290625	0.3581513125	0.5971804375	0.5285003125	0.2921795625	0.4193764375	-0.127442445312	0.38669340625	-0.199124953125	0.3544575625	0.38911353125	0.248859734375	-0.239305125	0.3452049375	0.6123959375	0.4012000625	0.48512778125	0.61566825	0.5637288125	0.5889675625	0.235356390625	-0.239128203125	0.32748625	0.51934934375	0.37990259375	0.3867169375	0.29671690625	0.34707034375	0.45735271875	-0.193056203125	0.5474894375	0.5745180625	0.47328596875	-0.14469075	0.562448625	0.4981763125	0.679514125	0.571375875	0.2548435625	0.41958228125	-0.15266996875	0.4664299375	0.6015620625	0.3695475625	0.531683875	0.219359234375	0.4108418125	0.51635428125	0.449582625	0.32898334375	0.5827175625	-0.05849196875	0.4074614375	0.6691346875	0.4680626875	0.39148953125	0.43363109375	-0.205273234375	0.5597499375	0.422215	0.373425875	0.31334540625	0.38159734375	0.24022240625	0.30384825	0.54464775	0.3940778125	0.33902328125	0.28355803125	0.35583265625	0.43996959375	0.194833546875	0.3007145	0.65515975	0.7094658125	0.3269005625	0.6099736875	0.538047125	0.3307455	0.406280625	0.42174896875	0.6659250625	0.5576726875	0.40882284375	0.5889116875	0.47565328125	0.5343395625	0.28210028125	0.28989575	0.36024334375	0.287621875	0.184121203125	0.234341328125	0.560316875	0.56127975	0.5475261875	0.47553325	0.6267634375	0.4552501875	0.30711396875	0.41127340625	0.43103415625	0.1469436875	-0.120796796875	0.35139078125	0.5510121875	0.27409109375	0.34715965625	0.26235853125	0.35386053125	0.27685290625	0.479778125	0.3692825625	0.44290184375	-0.156874453125	0.5385554375	0.2689405	0.338097125	-0.23407	0.45375784375	0.433539125	0.7407620625	-0.1990235	0.46540159375	0.47752446875	0.237475921875	0.23999946875	0.43442109375	0.421897375	0.3865710625	0.34312825	0.180875390625	0.32707128125	-0.11655328125	0.3097526875	0.63654575	0.2813384375	0.5549034375	0.5945821875	0.43682675	0.40665721875	0.5590906875	0.49487865625	0.4127989375	0.581530125	0.51888928125	-0.17065103125	0.55973875	0.42360809375	0.330615	0.2459474375	0.42354434375	0.47171575	-0.14391434375	-0.1709724375	0.4288295625	0.25602534375	-0.19610571875	0.20250296875	0.319176125	0.39101928125	0.40006509375	0.44419271875	0.6623523125	0.47306825	0.3703169375	0.30555834375	0.35179165625	0.27028	-0.111467421875	0.5202013125	0.550865375	0.56657775	0.35183909375	-0.0792633046875	0.5039014375	0.5369670625	0.294608125	0.41208809375	0.405661875	0.374547	0.38518290625	0.47525375	0.49594471875	0.4812103125	0.111106054687	0.217735296875	0.383413	0.34164425	0.467121875	0.533915125	0.38444634375	0.31912790625	-0.0940600234375	0.4360940625	0.244765875	0.25258790625	0.4559839375	0.32007809375	0.3236349375	-0.2871688125	0.33789728125	0.531628625	0.49395140625	0.489	0.046	4.0E-4	1.5E-4	0.342345236379
94	86	251	4.847883	1.88305825	1.57673275	1.939144125	1.79832825	1.720498375	1.726843875	1.670852375	1.51627025	1.554506625	1.352902125	1.38859275	1.334809125	1.3687775	1.411799375	1.185213875	0.9634096875	1.42773325	1.09418925	1.0876505	0.812277375	1.0347636875	0.7987083125	0.7134066875	0.912587875	1.0457619375	0.8900129375	0.9831266875	0.786246	0.706107375	0.85247675	0.6235470625	0.6528410625	0.8357364375	0.3506635625	0.5903341875	0.688651375	0.669054875	0.6233571875	0.6216915625	-0.076890015625	0.579541375	0.40683346875	0.42518375	0.669421375	0.4171475625	0.398201625	0.33972603125	0.4253904375	0.46343340625	0.39809728125	0.44348509375	0.113230054687	0.51138490625	0.28383665625	0.199544296875	0.41325153125	0.35402978125	0.3833475	0.36784828125	0.40336725	0.31121484375	0.2870558125	0.20219340625	0.37472646875	0.120764703125	0.282283125	0.44181721875	0.184454421875	-0.1876281875	0.1925596875	0.35541528125	0.27396590625	0.32721765625	0.2163105625	0.130936609375	0.234279109375	0.28500071875	-0.130519507812	0.1269208125	0.40102334375	0.300466625	0.3572421875	0.241763015625	0.219302265625	0.2393704375	-0.159493109375	0.20667709375	0.336846125	0.1923979375	0.141198640625	0.154245453125	0.169335703125	0.0928885234375	-0.12971190625	0.121829648437	0.161144828125	0.2344935625	-0.0881460078125	0.198333671875	0.252205375	0.2048549375	-0.203675234375	0.184923609375	-0.14239828125	0.29833503125	0.3090916875	0.07329978125	0.149688515625	-0.0925324453125	0.213715921875	0.102414867187	-0.24204921875	-0.0577373671875	0.1315935625	0.3173296875	0.208727375	-0.18774334375	0.168970125	-0.219462	0.0785203515625	-0.065799015625	-0.220167796875	0.36867015625	-0.128420117187	-0.1359806875	0.0344816523437	-0.193877625	-0.155884140625	0.151315328125	0.237681390625	-0.148607703125	-0.2371684375	0.124823492187	0.22337734375	0.116479101562	0.177888734375	-0.14375753125	0.2808263125	0.168253984375	-0.178959109375	-0.0973830546875	0.232048921875	-0.32007040625	0.244284828125	-0.12698059375	0.25862234375	0.20690828125	0.18698503125	0.21420040625	0.28795721875	-0.21554465625	0.098486328125	-0.15202634375	-0.14906275	0.1182116875	0.2656453125	0.32541728125	0.2510203125	-0.178491640625	0.15933934375	0.25698315625	-0.29741165625	0.254333	0.25969565625	0.31326059375	-0.137984984375	-0.230659953125	-0.16104721875	0.26815015625	-0.119333109375	-0.109645828125	-0.232024453125	-0.0640238398437	0.21000803125	-0.4249265625	-0.215858125	0.304826	0.19314215625	0.1838219375	0.103804132812	0.0741306015625	-0.147864375	-0.237819734375	0.35722140625	-0.15102059375	0.120256796875	0.239154390625	0.14772215625	0.261979765625	-0.175086078125	-0.171127828125	0.14952065625	-0.27719534375	-0.36870046875	0.14435096875	-0.196056828125	-0.18623590625	-0.1503186875	0.0987547421875	-0.2137026875	-0.26302803125	0.30459446875	0.29038953125	-0.3418540625	0.209193546875	0.164935078125	0.200933265625	-0.13803315625	0.31606609375	0.16588715625	0.150801390625	0.1809430625	-0.3015319375	0.26988578125	0.29488353125	0.116785507812	-0.18580084375	0.068365828125	0.15689415625	-0.113357171875	0.333554625	-0.30807921875	0.268724875	0.200593921875	0.186471953125	-0.228525953125	-0.354296125	0.202466515625	0.16912184375	0.242723796875	0.106850554687	-0.133606859375	0.140591375	0.156410734375	0.244322359375	-0.220365734375	-0.0981194375	-0.18457484375	-0.122817898437	-0.171135296875	0.205432953125	-0.18977253125	0.169515984375	-0.079023875	0.2693654375	0.1478419375	-0.28525984375	0.062262859375	0.241570859375	0.2318723125	2.61	0.11	0.0081	5.0E-4	0.244180421788
95	114	251	12.498131	0.208229625	0.35253290625	-0.3710405625	-0.119318390625	0.283284625	-0.052600921875	0.41825959375	0.143376828125	0.245980640625	0.214395296875	0.30167321875	0.33349596875	-0.355718625	-0.04760515625	-0.185120703125	0.27309275	0.41984909375	0.18369834375	0.275985	-0.187092125	0.4573965625	0.0751568125	-0.226711921875	0.17817034375	0.1963214375	0.09323046875	0.15442759375	-0.13240040625	-0.0685866796875	0.31312390625	0.36408665625	0.29782359375	0.31496921875	0.36862609375	0.35052315625	-0.14916025	0.1616721875	0.263099125	0.2895305	-0.15899265625	0.22548646875	-0.1140679375	0.200634359375	-0.2469704375	0.36959003125	0.46694896875	-0.133514125	-0.154236078125	0.30049740625	-0.2103910625	0.16899996875	0.127933625	0.27274478125	0.2381470625	0.26228646875	0.3836895	-0.149544703125	-0.128947703125	-0.3905354375	-0.150354953125	0.27485559375	-0.236030890625	0.1634011875	0.3271210625	0.343504125	0.235606328125	0.15860384375	-0.153716296875	-0.13594678125	0.32688771875	0.13644584375	0.108087328125	-0.145272625	-0.22755221875	0.289013625	0.3621661875	0.1597574375	-0.0511734492187	0.21887234375	0.230590921875	-0.128964375	-0.18797334375	0.2756856875	0.2710924375	0.27677771875	0.2245119375	0.02980396875	0.2744764375	0.241119015625	0.4222734375	0.3271081875	0.232734421875	-0.11887021875	-0.129334695312	-0.196121234375	-0.17897475	0.15969709375	0.21622184375	0.3397605625	0.0844646015625	0.188265640625	0.2342594375	-0.16745125	-0.0987616171875	0.2065433125	0.1310553125	0.40570134375	0.181032875	0.172574390625	0.3003423125	-0.0990271640625	0.128329476562	-0.189621953125	-0.30311896875	0.29051028125	0.3443325	0.316170125	-0.0971438671875	0.42751071875	0.222198546875	0.36074175	-0.175903703125	0.2642253125	0.23215575	-0.206140578125	0.214313890625	0.10400053125	-0.0862976484375	0.1835188125	0.246503734375	0.13481153125	0.13575484375	0.543088	0.22324571875	0.29944946875	0.0970330546875	0.23680759375	0.31150953125	0.13211959375	-0.0916464609375	0.26875659375	0.4763925	0.103473898437	-0.219565734375	0.131421703125	0.28670540625	0.2438035	0.32611540625	-0.251567796875	0.220382046875	0.33190528125	0.2366169375	0.32735803125	0.183121796875	0.42921934375	0.23718975	0.3115996875	-0.188839953125	-0.134157375	-0.122189296875	0.326725625	-0.247504890625	0.2522215	0.38139346875	0.32572859375	-0.201939109375	0.27031653125	0.29354671875	0.0892237421875	-0.095732609375	0.3259065625	0.34144675	0.210735	0.241604796875	-0.252632	0.35105465625	-0.105844429687	0.36292446875	0.32230878125	0.256918734375	-0.29068990625	-0.244291078125	-0.249078125	0.27980265625	0.21902365625	0.34591409375	0.184894046875	-0.19546296875	-0.142693046875	0.37847490625	0.17627128125	0.47869615625	0.28790278125	0.319809375	0.36435321875	-0.0751577109375	0.2473995625	0.32086059375	0.51758959375	-0.15404603125	0.1624338125	-0.168995609375	0.30907790625	-0.2815790625	0.305402125	-0.40250325	0.3213606875	0.182877203125	0.343425	0.198174875	0.18001459375	0.2749859375	-0.20838725	0.111507710937	-0.33082875	0.1686935	-0.123818898437	0.106603375	0.0586731992187	0.218132609375	0.4299316875	0.241042046875	0.3149720625	0.333406625	0.188159109375	-0.123897820312	-0.063557453125	-0.14788315625	0.19990996875	0.246775453125	-0.14469784375	0.308636375	0.29543303125	0.357637625	0.38861265625	-0.179289734375	0.45167853125	0.249182734375	0.09712559375	0.084667453125	0.318476	0.3352749375	0.35437928125	-0.0681223125	-0.190800796875	-0.247217828125	0.22152790625	0.39061703125	0.27810740625	0.247811375	12.5	0.24	0.26	0.07	0.256936639901
96	7	251	7.331628	0.6085065625	-0.1942718125	0.20522771875	0.245118125	0.49813078125	0.5355795625	0.28893215625	0.28851309375	0.177605515625	0.26885146875	0.29074228125	0.12420853125	0.36201965625	0.45469240625	0.30677575	0.22989034375	0.34485590625	0.200111984375	0.4212800625	0.246039078125	0.2567076875	0.151276265625	0.26186615625	0.35118334375	-0.171070640625	0.473715875	0.277708	0.16726190625	0.36682009375	0.32984746875	0.5397085625	0.255059046875	0.5428874375	0.3703018125	0.293867625	0.460799125	0.45836278125	0.267395375	0.339014125	0.4108379375	0.30042278125	0.1665759375	0.5341683125	0.46353746875	0.26080434375	0.159508203125	0.235261984375	0.33827946875	0.30593965625	0.53983075	0.2294655625	0.286384	0.159114796875	0.2862334375	0.2925974375	0.228273203125	0.4269480625	0.50985778125	0.258804984375	0.52087434375	0.3874681875	0.36199103125	0.190858765625	0.23202746875	0.34410534375	0.4484794375	0.2438649375	0.26945746875	0.354641375	0.4085475625	-0.171532171875	0.32349975	0.337522875	0.31128025	0.3304468125	0.413844	0.2623190625	0.34314528125	0.21462690625	0.196274171875	0.0921138359375	0.29770840625	0.344931375	-0.0941116328125	0.312004625	0.404087	-0.100045820312	0.237176875	0.263104375	0.231396671875	0.241734171875	-0.21877928125	0.30957871875	0.60606275	0.19877084375	0.4602375	0.25640753125	0.182815609375	0.270436	0.33113146875	0.16580465625	0.230360796875	0.30620278125	0.17744996875	0.35708990625	0.3637305625	0.2946425625	0.145931265625	0.122956953125	0.42183871875	0.179554359375	0.16993340625	-0.204347703125	0.3827065	0.4899786875	0.42886209375	0.1786433125	0.327786625	0.18604725	0.33813178125	0.2762159375	0.162676125	0.104860796875	0.32356265625	0.34709184375	0.227251453125	0.4070980625	0.361797875	0.252100234375	0.13855559375	0.16906340625	0.487692875	-0.14476353125	0.4740346875	0.2649411875	0.1739381875	0.2189495	0.298142	0.27761709375	-0.23180540625	0.30796575	-0.186344890625	0.4973481875	0.32297790625	0.4884546875	0.245123890625	0.3823170625	-0.2761631875	0.2244589375	0.2881564375	0.1951165	0.0955227890625	-0.194628546875	0.4310765	0.18203934375	-0.105920734375	0.222047796875	0.2827276875	0.2784901875	0.321160375	0.130065992187	0.28570175	0.215165125	0.191924921875	-0.126690890625	0.16409675	0.245336921875	0.2862193125	0.39100728125	0.190450828125	0.36982515625	0.26902984375	0.24786653125	0.259592140625	0.145993140625	0.198505171875	0.33229178125	-0.091152953125	0.237510484375	-0.117262507812	0.23865859375	0.371779125	-0.21593121875	0.149512875	0.2559863125	-0.10432084375	0.3076584375	-0.14249221875	0.3037525	0.30688134375	0.42233571875	0.215616453125	0.101159140625	0.15261359375	0.33845665625	-0.171079015625	-0.0809502109375	0.25580525	-0.35205196875	0.31642765625	0.31000365625	0.355587875	0.33958009375	0.245167359375	-0.2389384375	0.171906140625	0.123375117187	0.191793375	0.182187875	-0.086452	0.39735515625	0.33573053125	0.1847958125	0.14166828125	0.2146688125	0.34026921875	0.30184003125	0.165929484375	0.30629275	0.15589709375	0.327446375	0.229431625	0.157610046875	-0.31140978125	0.3399501875	0.535275375	0.217026703125	0.12118878125	-0.0986939375	0.28981315625	0.21282225	0.157171546875	0.3648226875	0.22609440625	0.128844820312	0.190946984375	-0.197737390625	0.228707390625	0.196132609375	0.3288719375	-0.0431647617187	-0.118338195312	-0.115684453125	0.24763875	0.3308780625	-0.183128796875	0.37524553125	0.4591200625	-0.0736886875	0.34092390625	7.33	0.29	0.178	0.036	0.294449817453
97	61	251	3.24216125	0.49549078125	0.41106428125	0.243080578125	0.097487046875	0.100753039062	-0.1047155625	0.20752678125	-0.126166820312	0.116077796875	-0.22427734375	0.188252765625	0.119576039062	-0.195729015625	-0.28408175	0.19606596875	0.38771546875	0.23371203125	0.240950875	0.160024921875	-0.34037384375	0.20290134375	-0.1867970625	-0.217964046875	0.177804015625	0.3329103125	-0.206593421875	-0.126168382812	-0.082364125	-0.5391186875	-0.149585765625	0.4227953125	-0.110278117187	0.142771296875	0.254939703125	-0.3103648125	0.31506053125	0.0989324453125	-0.128018414062	0.2311159375	0.111963859375	-0.108964492187	0.235760390625	-0.0958314375	0.37312328125	0.26975390625	-0.168491328125	0.299233625	0.119013140625	-0.26577665625	-0.241276109375	0.31290790625	0.1963899375	0.102715226562	0.06456959375	-0.24376696875	-0.29706859375	0.224297203125	0.1797949375	0.207834328125	0.258713015625	-0.10007321875	-0.15046425	0.133852375	-0.182582984375	-0.1859328125	0.146801265625	-0.222796796875	-0.189356953125	-0.165297625	-0.29226490625	0.1476431875	-0.203492828125	-0.105516320312	0.0924063984375	0.1385418125	0.04035478125	-0.181324828125	0.203536546875	-0.0535395	-0.075402375	-0.15472334375	-0.1386636875	-0.0444195195312	0.2941164375	0.14885440625	-0.08133671875	0.18143034375	0.230258265625	-0.12472759375	0.07978790625	-0.20290134375	-0.166397421875	-0.28102909375	0.091493859375	0.21124484375	0.1516323125	0.205296203125	0.103978476562	-0.166876359375	-0.27244503125	-0.22471346875	0.203785	-0.200336203125	-0.221474234375	0.248994421875	0.1741616875	-0.15224165625	0.10703425	0.3026921875	-0.2896710625	0.245800578125	-0.180950015625	-0.07721696875	-0.1900561875	0.21872203125	0.1215143125	-0.08266415625	0.19080765625	0.171120453125	0.40869846875	-0.198938890625	-0.1543315	-0.118446570312	-0.2868276875	0.13356728125	0.155548921875	0.0747273828125	0.318337375	0.127059632812	-0.21102003125	0.187985734375	-0.116116953125	0.106293265625	0.2914028125	0.1829184375	-0.150488875	-0.1838943125	0.210020390625	0.0541773242187	0.12152696875	-0.3004258125	0.199814390625	0.28084240625	-0.40209675	-0.0694379375	-0.0423367578125	0.151760953125	0.2066375625	0.1686138125	0.126749234375	-0.139624796875	0.144476875	-0.1357759375	0.15731215625	0.14239303125	-0.105320953125	0.16038403125	-0.2125864375	0.2328698125	-0.157507921875	-0.31978434375	0.21730409375	-0.084976484375	0.15488384375	-0.37619840625	-0.34588228125	-0.1898593125	-0.33276525	-0.24399934375	0.202909125	-0.29359434375	-0.170465703125	-0.24974090625	-0.109895257812	-0.27921271875	-0.214106921875	-0.16509928125	-0.2205495625	-0.128544757812	0.102649445312	0.179781640625	0.179924921875	0.136112921875	0.24393684375	0.2835303125	-0.20354628125	-0.10519565625	-0.20881728125	-0.106702109375	-0.2391795625	0.1377771875	0.139639015625	-0.30469328125	-0.3283975	0.14953034375	0.0977299140625	-0.03587953125	-0.2241363125	0.1631269375	0.136479296875	0.104633304687	0.3556083125	-0.209574828125	-0.26234809375	0.130514789062	0.10509825	-0.155573	0.175799234375	0.230728171875	0.155095859375	0.34335015625	-0.25818628125	0.30554034375	-0.24983946875	-0.25960846875	0.1449903125	0.0593779570312	-0.158288609375	-0.162078859375	-0.35287475	0.067577859375	0.158452375	0.112017375	0.14852	0.25074	0.1754173125	0.193022875	-0.133917515625	0.0628968085937	-0.123925859375	-0.2169461875	-0.18672353125	-0.2550588125	-0.255672109375	-0.158151765625	-0.14101271875	-0.22690703125	0.149120859375	0.0416071796875	-0.236289359375	0.113048882812	-0.141194875	0.0343569921875	-0.146034375	0.10721571875	0.111108609375	0.13228340625	0.27800084375	0.081929921875	-0.2287371875	3.24	0.2	0.114	0.018	0.202208717761
98	60	251	11.817326	1.4866185	1.3697975	1.76902175	1.796420125	1.84797725	1.3648	1.47224475	1.0614065	1.82461225	1.496623	1.17037	1.509762375	1.111281625	1.17027725	1.005331875	1.22976775	1.66439275	1.0157005	0.8108240625	1.15928375	1.240657	0.925072	0.869520875	0.8570666875	1.086376375	1.103954125	0.7832721875	0.6799595	0.964309625	1.3451535	0.746344875	0.6529565625	0.7220301875	0.7064425625	0.619085	0.6985138125	0.6951294375	-0.319367125	0.5335988125	0.4039855	0.41345790625	0.5273004375	0.686236375	-0.162657859375	0.61019425	0.51657475	0.5364225625	0.548003375	0.557985875	0.4165063125	0.6189808125	0.287298625	0.4881935625	0.549397875	0.49226071875	0.473068375	0.252639125	0.38551128125	0.41364690625	0.4972815625	0.22265471875	0.28065421875	0.38038603125	0.228965671875	0.33001653125	-0.19983428125	0.38719234375	0.233676390625	0.3692476875	0.28764765625	-0.200076046875	0.41223221875	0.605511875	0.43973034375	0.279119125	0.20912365625	0.249318125	0.38207971875	0.4037073125	0.462953875	-0.107989507812	0.185471640625	0.37370925	0.26361875	0.13760709375	-0.2926689375	0.3752085	0.224756984375	0.283304375	0.181560171875	0.264544625	-0.455647125	0.55449875	0.237438078125	-0.15370003125	0.13792615625	0.6218190625	-0.3556521875	0.33794425	0.39088275	-0.3830604375	0.294148125	-0.25621978125	-0.220986046875	0.204024515625	0.158816921875	0.3004308125	0.2992511875	0.48244771875	0.2611344375	-0.256016875	0.289431	0.30589171875	-0.15406734375	0.225781234375	0.30073446875	-0.26674259375	0.16605584375	0.5095504375	0.182100375	-0.195883875	0.49540675	0.355193	0.3739961875	0.25204753125	-0.240694984375	0.247102265625	0.2924519375	-0.2052603125	-0.169838828125	-0.3085381875	-0.20952846875	0.32540971875	-0.193045046875	-0.108740507812	-0.105427273437	-0.12847503125	-0.210088953125	-0.100312929687	-0.223982546875	0.2823405	0.213375390625	0.46181459375	-0.206338265625	-0.266579625	0.36781909375	0.46885178125	0.18204996875	0.29663971875	-0.16174734375	0.200073953125	-0.08198375	0.37693678125	0.220218875	-0.0723401796875	0.20763684375	0.203942328125	-0.25637375	0.20089484375	0.2133236875	0.30983309375	0.30566459375	0.3155500625	-0.4000495	-0.078316375	0.1561971875	0.38453103125	0.35044303125	0.192721171875	-0.290176875	0.31653575	0.26083490625	0.2680463125	0.261225828125	0.212489171875	-0.30736025	0.4768333125	0.2354781875	-0.183314703125	-0.2627796875	0.13252446875	-0.178507	0.238554765625	-0.06761675	0.35484153125	0.215257015625	0.26310153125	-0.26914875	-0.162702671875	-0.30916553125	-0.260438546875	-0.108161179687	0.28985925	-0.1538158125	0.3295483125	0.196947375	0.13874740625	0.397071	0.2133345625	-0.114937039062	0.2041398125	0.469879	0.27980009375	-0.09139471875	0.5012280625	0.2971070625	0.30779553125	0.30139821875	0.34354471875	0.41813003125	-0.0740407890625	0.6288348125	0.449084625	0.185111796875	-0.153866890625	-0.258352015625	-0.103623382812	-0.49871453125	0.32361759375	0.48037021875	0.26290434375	0.35757840625	0.4719364375	0.2370885	0.29612190625	-0.2813018125	0.169615546875	-0.138314546875	-0.250167375	0.365536125	0.2878050625	0.11867228125	0.2552763125	0.1870239375	-0.098294140625	0.22083	-0.1404985	0.3959151875	-0.2478903125	0.159726828125	-0.234550171875	-0.1638519375	-0.155128453125	0.254728578125	0.172572765625	-0.150529765625	-0.226444234375	0.2621545625	0.3239795	0.214008421875	11.37	0.45	0.08	0.006	0.503099709044
99	3	251	4.94181	1.6268545	1.64894075	1.414098375	1.400230625	1.6818555	1.665348375	1.454687625	1.51326575	1.586432	1.996699375	1.399769375	1.40366175	1.697630875	1.64772725	1.6207895	1.585677625	1.336894	1.516112875	1.4088075	1.708328	1.589849875	1.376264625	1.525600875	1.325236125	1.436370875	1.30374525	1.588401	1.385112625	1.50083675	1.520645375	1.340629375	1.3932775	1.1941835	1.457237125	1.445550875	1.450744125	1.510067	1.558810625	1.556934875	1.611365875	1.243546375	1.408513125	1.3998285	1.170760625	1.558209	1.400970125	1.364719125	1.2870395	1.429045	1.477156375	1.230344375	1.2504245	1.56381625	1.253024625	1.3540415	1.23825225	1.282644375	1.548482375	1.387977125	1.1399285	1.599564375	1.278524	1.41016525	1.370515125	1.23122325	1.507052625	1.329355875	1.384858125	1.400567875	1.194683875	1.408824375	1.087186875	1.102186	1.195687625	1.18853475	0.9533590625	1.054658125	1.3048865	1.30366525	1.267996	1.181610125	1.239837	1.31264525	1.165812375	1.438508375	1.155734	1.2802425	1.337485	1.234965	1.26467475	1.35820925	1.142256	1.2921315	1.257810125	1.220178375	1.087899	1.203051125	1.1057195	0.9813271875	1.242523125	1.096727125	1.131760625	1.207975375	1.290244	0.9853155	1.238945875	1.0382625	1.152782	1.23348075	1.16891075	1.25563125	1.067943	1.14357825	1.116931	1.281203125	1.230641625	1.112025625	1.0313386875	1.083641875	0.9068194375	0.8555455	0.9396759375	0.966922375	1.02441325	0.734486	1.0232239375	0.98008575	1.330872	0.841469	0.8745220625	1.0007041875	0.9311691875	1.07816575	1.21201275	0.800624625	1.065473125	0.8831375	1.149651375	0.9589368125	1.24291425	0.7133591875	1.20918	0.8977853125	0.9578795	0.6745016875	1.1577485	0.8555005625	1.11992425	0.8707679375	1.0265673125	0.9987563125	1.0215800625	0.96604025	0.9296584375	0.7165865	1.0250416875	1.065869125	0.9337528125	1.21667325	1.10415975	0.9939365625	0.9248645625	0.9277920625	0.8627375625	1.069012	1.0474691875	0.7884121875	1.0084463125	1.127001125	0.8846030625	0.7600628125	0.8893956875	0.8577145	1.143389	0.931899875	0.9232271875	0.9309021875	0.830949125	0.9488455625	0.88701225	0.6265359375	0.882869875	1.153476	0.8002025625	0.9888013125	0.7134431875	0.8903850625	0.969726375	0.794849875	1.217569125	0.8353691875	0.785606125	0.7475184375	0.7790540625	0.909086125	0.9751304375	0.957688125	0.820314375	0.7069741875	0.6620248125	0.6517479375	0.83732925	0.725828	0.8916281875	0.765237625	0.5578180625	0.577962875	0.8787225	0.54803875	0.690611	0.8109865625	0.7199144375	0.8028089375	1.0279840625	0.6000565	0.7738535625	0.6597346875	0.6607341875	0.762617125	0.6566780625	0.7085266875	1.034856	0.8859271875	0.770806375	1.07227	0.7460855625	0.8522179375	0.867269375	0.781772125	0.785641625	0.861501625	0.8452970625	0.6148519375	0.44472075	0.662529	0.6407851875	0.862161875	0.724423375	0.8510556875	0.821741	0.608706125	0.6340364375	0.8259398125	0.633817625	0.5532615625	0.5810634375	0.5461669375	0.8360564375	0.647376875	0.992760125	1.71	0.039	7.43E-4	4.0E-5	0.246348935707
100	45	251	4.487355	1.128867625	0.9999655	1.294306125	0.9598401875	1.03468925	1.016911875	0.9573620625	1.05601825	1.113197375	0.945691	1.061566625	1.0316994375	1.101497	1.126572	1.083827	1.332167875	1.057255125	1.053330875	1.21707025	1.25697	1.223275125	1.317516625	1.126905125	1.07961875	0.97659425	1.207522625	1.0114840625	1.170699625	0.838540875	1.22782275	1.18314625	0.9422699375	1.224578875	1.14082025	1.053709375	0.9943291875	1.273243875	1.272203625	1.432318	1.05884225	1.130944	1.1205485	1.180681125	1.0476164375	1.0952605	1.183894875	1.04381525	1.112193	1.354948125	1.185082	1.346882375	1.130588	1.245287	1.119341125	0.9770040625	1.104820125	1.305365125	0.99820425	1.356673	1.211499	1.283128625	1.1317695	1.172771625	1.078281375	1.22096275	1.093883125	1.091034	1.17881225	0.8272856875	1.06462025	1.23952375	1.10547325	1.044939625	0.9243906875	1.051048375	1.142379375	1.19643625	1.023578375	0.90656425	1.173011875	1.0421261875	1.24501025	0.9713171875	1.161041875	1.17414	0.9518195625	1.07417425	1.0491915	1.21120825	1.122085625	1.115827875	1.38510625	0.9394234375	1.001606	1.01548975	1.15678675	1.123453625	1.3727765	1.328107625	1.062071875	1.106514875	1.281120375	1.194244875	1.154037625	1.21788675	1.169364375	1.0428443125	1.02798175	0.8890659375	1.135604	1.041090625	0.96584875	0.959853125	1.050490125	0.9377094375	0.983543125	0.9776961875	0.95217625	1.143327875	1.34400975	1.291498625	1.225490375	1.082394	1.194207875	0.914947375	1.164615	1.199471125	1.161695375	1.060857875	1.266538	1.305870125	0.8741415	1.0418896875	1.4324815	1.164427875	1.124167375	1.02730875	1.226216375	1.1359845	1.0434875	1.5364615	1.0044938125	1.168756625	1.4167925	1.300161125	1.116139125	1.31376225	1.090674625	1.095730875	1.062753375	1.027883625	0.968679375	0.55723375	0.9620485	1.0055211875	1.276888875	0.9868393125	1.225157875	1.190855125	1.024823375	1.11583325	1.253013875	1.373245	1.308268	0.988263375	0.986631625	0.93995025	1.16390575	1.23842875	0.9411876875	1.117604875	1.2669915	1.054174375	1.142959	1.15677025	0.984433	1.1444005	1.349299625	1.26480375	1.073015125	1.0592705	1.222886	0.9638215625	1.223583375	0.8479215	1.090735375	0.98706825	1.240846125	0.9501938125	1.0033271875	1.0927135	1.46300425	1.172656625	1.0157265	0.978819875	1.085619625	1.2483695	1.0412213125	1.0148423125	1.18170425	1.1312355	1.286616875	1.108084375	0.915226625	1.211599125	1.107078375	1.05382725	1.180763875	1.232176	1.0124839375	0.9385038125	0.94326975	0.9921039375	1.216574875	0.974205625	1.002347875	1.100824	1.091154375	1.187702625	1.148853375	1.304529875	1.07814125	1.07955175	1.16751475	1.245479125	1.249154625	1.1094905	1.121198375	1.211875	1.22213025	1.0954365	1.258554	1.0600335	1.087323625	0.9284596875	1.2914155	1.108842	0.8641670625	1.037168	1.184778125	1.026676125	1.158876	1.186792625	1.2514455	0.9859249375	1.3041985	0.9309731875	1.21798325	1.08403925	1.04798025	1.178	0.031	6.4E-5	3.7E-5	0.248626040971
101	74	251	4.3800665	2.0291125	2.25502675	2.2397095	2.37921125	2.15865725	1.866832125	2.056959125	2.3839895	2.24552175	2.030326375	2.12291075	2.212569	2.002192	2.059438375	2.10529675	2.104069	2.05714175	1.977956625	2.10124025	2.032009375	2.019586875	2.057187875	2.1715905	1.92959725	1.84608725	2.089149625	1.975394625	2.057726125	1.999669625	1.84193	2.0106965	1.915295375	2.1815665	1.966553125	1.8722465	2.062425875	2.27398	1.937885125	1.91477825	1.61415975	1.787195625	2.0989455	2.00496575	1.823667375	1.85804425	1.965324375	1.679646	1.699539875	1.790764625	2.02997525	1.7937725	1.633808	1.723067375	1.638914375	1.850053	1.856704875	1.883315375	1.8105945	1.865553	1.903431375	1.68928775	1.51523425	1.61941725	1.751113625	1.751903625	1.7253965	1.478439625	1.70891225	1.567838375	1.680419625	1.845710375	1.616144375	1.730594375	1.732578625	1.53982975	1.68431375	1.417549125	1.797260625	1.743307	1.606138125	1.839727	1.4449775	1.681103625	1.48792525	1.392497125	1.713037125	1.624826875	1.62577875	1.349959875	1.57301625	1.5412725	1.51280575	1.31989975	1.216288	1.3409135	1.68049375	1.259500875	1.435474625	1.190423375	1.69517925	1.3646145	1.474931	1.32958775	1.2831875	1.37535775	1.578861625	1.579237125	1.44017775	1.5043815	1.35122425	1.35948575	1.4006045	1.511487	1.479404125	1.24485975	1.407135625	1.33259875	1.352008125	1.4324055	1.34737675	1.399237625	1.199301125	1.645788875	1.410209625	1.363508875	1.3958985	1.40309125	1.2932035	1.51357	1.49336925	1.24405475	1.296145375	1.11983825	1.23590375	1.380454125	1.1766595	1.283023	1.3987295	1.701370875	1.3378855	1.41937125	1.4392925	1.356066875	1.281166875	1.486803	1.43933	1.305997875	1.06421425	1.28656075	1.3569355	1.271944875	1.4102775	1.18093125	1.466189625	1.115168875	1.32332	1.373642125	1.23582375	1.22548225	1.265142375	1.14045675	1.11572525	1.111222125	0.9139265625	1.20349025	1.2560285	1.214849625	1.059956125	1.1746545	1.08047675	1.27027675	1.36953825	1.09879225	1.172328625	0.9311766875	1.12887625	1.05129025	1.083872375	1.0360219375	1.2779245	1.184415625	1.09865125	0.9603760625	0.899492	1.01575875	1.1527735	0.9662765	1.049308875	1.07930825	1.058184125	0.9403503125	1.28094775	0.8793063125	1.01089125	0.922415875	0.759362625	1.252542125	1.061803625	0.9781145	1.090091875	1.2000975	0.9343260625	0.7344584375	0.819452375	0.9014465	0.7777609375	0.871964625	0.887301125	1.200535	1.18252975	1.112438375	0.962883625	0.8716414375	1.12316825	1.0373621875	1.042349	0.836698	1.146654125	0.951062875	1.0128576875	0.8586139375	1.0663945	0.8335443125	0.9293945	0.7700281875	0.9864326875	0.823929125	0.9363221875	1.118841125	0.713008625	0.7932608125	0.776534875	0.777744375	0.9425083125	0.78662275	1.070328	0.82808775	0.759689125	0.951461875	0.8731455	0.94693975	1.0236703125	1.009702875	0.9249090625	1.201192375	0.63312225	1.034514625	0.962727375	0.781457375	0.6803341875	2.279	0.03	8.06E-4	2.5E-5	0.188795627349
102	139	251	10.308628	-0.17861090625	-0.144733640625	-0.2797529375	0.127172914062	-0.39172509375	0.16103165625	0.24537596875	-0.122986390625	-0.15162265625	-0.45784509375	0.2066541875	0.211536671875	0.31064721875	-0.183659078125	0.116823953125	-0.2814105625	0.3079695625	-0.22302840625	-0.16174125	-0.11807234375	0.250505875	-0.225518625	-0.125009882812	0.154059625	0.136684078125	0.3719984375	-0.2515348125	-0.1706696875	-0.066666078125	0.2064564375	-0.171279109375	-0.180180859375	0.23411984375	0.17177421875	0.2623096875	-0.25401671875	-0.19593734375	0.151534171875	-0.140182140625	-0.176532984375	0.195397484375	-0.246898640625	0.29602178125	-0.20373384375	-0.215192671875	0.29470515625	-0.129964945312	-0.0407831171875	0.0807934375	-0.45940396875	-0.222796765625	0.184200203125	0.254522265625	-0.16001359375	-0.17826303125	0.2273589375	-0.154355953125	-0.16783196875	0.134926734375	0.29226359375	0.198084234375	-0.110613585937	-0.264899625	-0.13415096875	-0.122845125	-0.186040765625	0.19870034375	-0.19682759375	0.31745253125	-0.2939879375	0.3161953125	0.1925494375	0.19398196875	0.40761146875	-0.104140804687	-0.1680125625	0.173270125	-0.32466796875	0.1880556875	0.32121459375	0.29107471875	-0.158901796875	-0.10479203125	0.442410375	-0.261995234375	-0.1695540625	0.11218928125	0.16532528125	0.36314265625	0.110935421875	0.15938684375	-0.139342359375	-0.2498008125	0.288152875	-0.28782428125	0.4361523125	0.15856784375	0.2306659375	0.152833828125	0.21352896875	0.5218470625	0.0681187890625	-0.2787206875	-0.34118025	-0.113276445312	-0.2258635625	-0.41398565625	0.27696359375	0.25066825	-0.125340601562	-0.2826214375	0.26563775	0.188348421875	0.237644796875	-0.16149415625	-0.0954490625	-0.157209203125	0.130541703125	0.211227140625	-0.0979093984375	0.3110299375	-0.37847721875	0.133361453125	-0.237429984375	-0.10259171875	-0.24334609375	-0.172282375	0.177907515625	-0.203863890625	0.230679890625	0.174295859375	0.2658529375	0.35378925	0.213101265625	-0.10361084375	0.229601234375	-0.1686109375	-0.201859453125	0.16977225	-0.203031828125	0.33291434375	0.29747503125	0.2828533125	0.25776275	0.23408	0.39869225	0.08290790625	0.2092435625	-0.211306375	-0.124589179687	0.32527965625	0.2222413125	-0.27421565625	0.16563059375	0.3255225625	0.2603259375	0.222298703125	0.3158898125	-0.161883890625	-0.095376859375	0.1478826875	0.193999796875	-0.22774653125	-0.199072359375	0.2844816875	0.17101346875	0.327688625	0.22309946875	-0.17763153125	0.136357359375	0.3383288125	0.20066025	0.2640565625	0.3908554375	0.27012515625	0.23041384375	0.294972375	0.235042328125	0.212882421875	-0.27686734375	0.38876278125	-0.35315690625	-0.0435333476562	0.174751859375	-0.3317435625	0.33401871875	0.29546790625	-0.138607859375	-0.19718821875	-0.1356455	-0.130690257812	0.21599103125	0.2859003125	0.139908296875	0.3452709375	-0.186347078125	0.3991501875	-0.22108528125	0.392576875	-0.21883990625	0.31389003125	-0.152915765625	0.1579395625	-0.09944465625	-0.171809765625	-0.169460046875	0.37181065625	0.35244984375	0.2983785625	-0.2247844375	-0.121475789062	0.17330784375	-0.2664174375	0.1933903125	0.126412492187	-0.25348284375	0.38074025	-0.0871290078125	-0.130578953125	0.122684804687	0.38845740625	-0.099035359375	0.263040375	-0.236217640625	-0.1588305	0.4006106875	0.38207353125	-0.061196390625	-0.137226671875	0.10609459375	0.149560640625	-0.25495178125	-0.0310501777344	0.125990695312	-0.20066334375	-0.31307365625	0.34260603125	0.33510040625	0.290153	-0.085102609375	-0.16445375	-0.369636375	0.14418178125	0.164221859375	0.125922046875	0.421054125	0.19538409375	-0.233916125	0.333598625	0.121164960937	10.31	0.17	1.7	14133.4	0.239246842235
103	123	251	2.23334025	0.86740225	1.15059675	1.107973375	0.989218375	1.11546025	1.0261200625	1.189772875	0.83928625	0.9622188125	0.9128275	0.9504159375	0.963714125	0.7850294375	0.691499	1.058431125	1.217496125	0.990481375	0.968276625	1.164661125	0.90912275	1.0195296875	0.669551625	0.73326125	1.10415725	0.848545	0.6723509375	0.76676875	1.050291625	1.029660625	1.03603575	0.927105125	0.8930881875	0.9246314375	0.9816999375	0.8207239375	0.6316760625	1.0288425	1.06688675	0.8105973125	0.8893519375	0.9392218125	0.974983875	0.633045125	0.656383875	0.7338259375	0.83714375	0.8893949375	0.7499446875	0.85534725	0.8228715	0.7274950625	0.973314625	0.7716996875	0.792634125	0.8320945	0.8176359375	0.8250243125	0.7317550625	0.8159955625	0.9590778125	0.6762245625	0.7479890625	0.6761586875	0.773198875	0.7488495	0.67416425	0.8010583125	0.5302564375	0.7091294375	0.77569975	0.5693111875	0.686835125	0.758494875	0.83523725	0.7968588125	0.6247760625	0.6657578125	0.86516325	0.709556375	0.6966100625	0.7428178125	0.763787375	0.7002933125	0.7026758125	0.750133375	0.853737625	0.706965875	0.847391125	0.7887496875	0.720587875	0.619322625	0.6808146875	0.7188610625	0.7519953125	0.690970125	0.753354625	0.7873205625	0.632383375	0.49162778125	0.7316245625	0.6563385	0.5882133125	0.46970346875	0.63507975	0.48878584375	0.73731125	0.7735304375	1.0009886875	0.5710546875	0.6121845625	0.886286125	0.550168375	0.7367384375	0.4207308125	0.51245678125	0.6652941875	0.4979505625	0.5614578125	0.655032375	0.44342903125	0.830971875	0.723705125	0.656815375	0.408992625	0.4808635625	0.748737125	0.6388933125	0.7150785625	0.5850169375	0.551893625	0.5778510625	0.53922825	0.42855175	0.5456260625	0.7348995	0.677568875	0.6068991875	0.510954125	0.532321375	0.69150075	0.7718334375	0.7217336875	0.7549794375	0.763286125	0.49590065625	0.545088875	0.3322816875	0.748850875	0.50537871875	0.7957615	0.6466508125	0.727470125	0.741508375	0.7742899375	0.409446625	0.8577255625	0.49785609375	0.78110675	0.6662986875	0.7305206875	0.7412471875	0.49165403125	0.49457090625	0.8874861875	0.36370428125	0.8307685	0.47705278125	0.43762453125	0.4429639375	0.515717625	0.6373855	0.7177405625	0.635977625	0.79607725	0.79818475	0.4530219375	0.42052903125	0.48584084375	0.61153225	0.676224875	0.5405799375	0.43735565625	0.6472375	0.48401171875	0.4312946875	0.550337375	0.7523093125	0.6126951875	0.28279925	0.3473571875	0.371192	0.6447160625	0.3708346875	0.5884336875	0.2703095625	0.4574391875	0.5529763125	0.711176375	0.33773534375	0.5272088125	0.465483375	0.530345125	0.5416583125	0.4139813125	0.37704353125	0.3842281875	0.5003059375	0.5183759375	0.40747234375	0.36749371875	0.37246465625	0.685135625	0.129284390625	0.424319625	0.581676	0.4229004375	0.6371065625	0.36398521875	0.42743259375	0.48285059375	0.3657578125	0.504975	0.38303134375	0.51153521875	0.6525090625	0.30353475	0.5826599375	0.41204525	0.4862599375	0.41526696875	0.5183985625	0.642749625	0.6740933125	0.49161909375	0.5978580625	0.598763625	0.5568420625	0.560609375	0.5506576875	0.32190765625	0.31751415625	0.3803199375	0.19938034375	0.226097640625	0.73098175	0.28063671875	0.43332378125	0.229249375	0.3579700625	0.6681031875	1.019	0.026	7.18E-4	4.1E-5	0.153130462489
104	117	251	5.238408	-0.200311328125	0.42148184375	0.30369221875	-0.13902084375	0.59033075	0.339617125	0.3670229375	0.3070376875	-0.32780721875	0.40327603125	0.34671	0.471828625	0.225715703125	-0.2402488125	-0.237549046875	0.40176015625	0.40345296875	0.39212078125	0.44187353125	0.325844375	-0.183045359375	0.5560990625	-0.222797	-0.13597125	-0.146103375	0.68069475	0.2797465	0.35590984375	0.518111375	-0.39285528125	0.431395375	0.390801	-0.2940154375	0.46322315625	0.36237534375	0.315357	-0.109318679687	0.41065859375	0.429396	0.256309234375	0.279113625	0.45870575	0.31494428125	0.29693	-0.14501190625	-0.0937557734375	-0.21637521875	0.406790125	-0.085518375	-0.30733409375	-0.224476375	0.249667875	0.249998265625	0.3553685	0.60817725	-0.148184390625	-0.351221625	0.223738453125	0.5023444375	-0.167676421875	-0.20336096875	0.2271685	-0.2786565625	0.3768455625	-0.2878028125	-0.151610421875	0.117388507812	-0.16448046875	0.28789878125	0.4171560625	-0.16723803125	0.38896259375	-0.0965705	0.46211821875	0.40990096875	0.2034154375	-0.1943651875	0.51413809375	-0.0950289296875	-0.27050625	0.48285884375	0.1802786875	0.40989275	0.185077125	0.15864753125	-0.294231625	-0.173457765625	-0.233739625	-0.186500015625	-0.112629046875	0.36118325	0.37705675	0.35401078125	-0.338406	-0.202623484375	-0.13501496875	-0.11025790625	0.38019409375	-0.106361445312	0.168729984375	-0.161717796875	-0.43002340625	0.19412615625	0.188410453125	0.39212846875	0.6429859375	0.3270681875	0.4301210625	0.157014125	0.29615940625	0.42864459375	0.1522435	0.3463324375	0.3917245625	0.432969125	-0.33698834375	-0.1441340625	-0.2551840625	-0.24909084375	0.33496884375	0.19001440625	-0.1917889375	0.36557640625	0.32691728125	0.3140346875	0.17517515625	0.163803796875	0.29782721875	-0.223997453125	-0.178640359375	-0.1299953125	0.39697525	0.253763796875	0.26424003125	-0.140803625	0.3216311875	-0.1973826875	0.42952928125	0.339966875	-0.1820004375	0.2424635625	0.33801853125	0.33968484375	0.33099321875	0.27795021875	-0.164891890625	-0.132564640625	-0.126639523437	0.242301890625	0.28549	-0.127430890625	-0.0595086484375	0.179796484375	-0.124124039062	0.42404834375	0.5386968125	0.44787009375	-0.133416578125	-0.077944359375	-0.29761490625	-0.107484164062	0.3588985	-0.2958526875	-0.28489865625	-0.2831565625	-0.234244234375	0.42289409375	-0.17908584375	-0.19867740625	0.212945140625	0.38375653125	0.39269953125	0.32027159375	0.2769525625	0.161753921875	-0.14230678125	0.297770125	0.29713359375	-0.26313625	0.290451875	0.250692984375	0.229647015625	0.148574609375	-0.3353835	0.19452353125	-0.186600609375	0.24636284375	-0.162862375	0.22642784375	-0.30424203125	0.2206266875	0.26158515625	-0.20560390625	-0.3312063125	-0.0524903398437	-0.166533140625	0.17491321875	0.39437246875	-0.35422775	0.3115390625	0.105313523437	0.287808	-0.28088021875	0.21672440625	0.14911771875	0.13254784375	0.4039421875	0.259777078125	0.47301065625	0.3059451875	0.3327706875	-0.132251484375	0.142274328125	-0.13727675	-0.247398984375	0.33246634375	-0.16910221875	0.40749334375	-0.2762835625	0.3586469375	0.0543637109375	-0.195548328125	-0.254458375	0.18023021875	0.149268	0.1863564375	-0.16015659375	0.19076146875	0.4880561875	-0.1738981875	0.245593296875	0.146159453125	0.17772390625	-0.18564725	-0.126869125	0.182287765625	-0.36753725	-0.201749203125	-0.166644609375	-0.112300164062	0.0934263984375	0.192796109375	-0.1458215625	0.2909400625	-0.32040728125	0.242459578125	0.18352571875	0.497352	-0.241977953125	0.23804634375	5.24	0.16	1.8	0.0	0.295288948922
105	159	251	11.765189	-0.17020434375	0.1510255	-0.16881896875	0.152683578125	0.225147890625	0.19766509375	0.38449634375	-0.0587331796875	-0.189172484375	0.0988557109375	-0.11638184375	0.210056078125	-0.26270096875	0.140338828125	-0.1049876875	-0.33555409375	-0.2015055	-0.235432859375	0.2272948125	-0.216116	0.30053059375	0.0821805546875	0.19970615625	0.132737921875	0.135876328125	0.31684396875	0.20745440625	0.187046125	0.210051671875	0.146481484375	0.34037353125	0.2930301875	-0.18090184375	0.246498359375	0.345116375	0.2653576875	0.1604296875	0.318377125	-0.1991258125	0.25609196875	0.217907328125	-0.2706626875	-0.27226915625	0.3040321875	-0.144769640625	0.242740234375	0.3569054375	0.20153478125	-0.06625315625	0.149928015625	0.18486784375	0.157402515625	-0.104984757812	0.236170515625	0.13446928125	0.0544679804687	-0.1346998125	0.2519776875	-0.1963815	0.291643625	0.24747859375	0.104773625	-0.261611859375	0.19460334375	0.177292546875	-0.101635148437	0.118144960937	0.29535659375	-0.2438921875	-0.0756706875	-0.061462046875	0.24232703125	0.238273328125	-0.259504828125	0.219623015625	0.3238561875	0.086316609375	-0.42363071875	0.2916915625	0.25304665625	0.248225234375	0.1774978125	0.228558921875	0.161401796875	0.21209090625	0.3788096875	0.365794125	0.20439284375	0.154433375	0.210390015625	0.250710265625	-0.2622498125	0.213698875	0.159236234375	0.243128921875	-0.09825559375	0.167010453125	-0.13763303125	0.39723103125	-0.33862096875	0.0950908671875	-0.142470140625	0.384269	0.2643740625	0.1377050625	-0.13072984375	0.204532453125	0.228558671875	0.142259609375	0.200775609375	0.3239906875	0.3490225625	0.124540109375	-0.08263428125	-0.125853359375	0.0646725625	0.38168925	0.3733006875	0.162481015625	0.43865615625	0.099582015625	-0.2019800625	0.3734174375	0.3125375	-0.21656896875	0.4372906875	-0.289542	0.3955679375	0.091005703125	0.145566796875	-0.194183953125	-0.130476789062	-0.24523025	0.5947666875	0.138290875	0.31354209375	0.361514625	0.34823671875	0.152603578125	0.292744875	0.118708273437	0.28295771875	0.163769015625	-0.17910984375	0.2572284375	-0.106965960937	0.219815609375	0.2807738125	0.1391773125	0.09865	0.3295359375	0.196916171875	0.2988371875	0.1671763125	0.32313059375	0.18952515625	0.1476200625	-0.219391234375	0.112372710937	0.100148617187	-0.216693359375	0.17157353125	0.158358015625	0.27170371875	0.27724353125	0.4219665625	0.3006828125	0.149214484375	0.232582890625	0.26664375	0.195162765625	0.255360765625	0.116279679687	0.125675820312	0.2903205625	0.2854225	-0.35085159375	0.134716265625	0.42801690625	-0.1855325625	-0.149681859375	0.245970796875	0.40053834375	0.262601625	0.165518171875	0.193645578125	0.22573309375	-0.309695	-0.153119859375	0.25794053125	-0.191317171875	-0.10884725	0.18263253125	0.129871203125	0.28640975	0.169744203125	0.3598525625	0.176732671875	0.27601475	0.2106639375	0.166091359375	0.089572625	0.218717953125	0.13112334375	-0.237432671875	0.175834125	0.47257546875	0.15068525	0.433986125	0.26036265625	0.3331328125	0.21607265625	0.196523328125	-0.169674765625	0.10775834375	0.1584225625	0.31176834375	0.217425359375	0.30048075	0.138355515625	0.333025125	0.34274125	0.24992415625	0.239934875	-0.18364065625	0.189408140625	-0.2803425	0.1981933125	0.3031439375	-0.219423984375	0.221156609375	0.09685934375	0.3142424375	0.200326796875	0.0859124765625	0.19377415625	0.28496496875	0.175314609375	0.0586372578125	0.20597996875	-0.15545771875	0.158083859375	0.44782996875	0.171503328125	0.0881552421875	0.224288625	0.0998095078125	0.215250984375	-0.26533853125	0.235743078125	11.77	0.18	1.7	9573.7	0.238091524573
106	152	251	10.512417	2.35044175	2.49669325	2.30885875	2.018090375	1.6063975	1.80295475	1.587204625	1.285195875	1.225647875	1.109598875	0.984485875	0.8217258125	0.972294	1.170965875	0.6923860625	0.7685549375	0.63118525	0.699784	0.672057625	0.42914265625	0.5295348125	0.581819625	0.5405279375	-0.33728765625	0.48634934375	0.49007359375	0.533116625	0.49828725	0.142003875	0.305091125	0.28676559375	0.38520159375	-0.0820856640625	0.439365125	0.28692284375	0.41445828125	-0.121209460937	0.34507175	0.3593219375	0.4294634375	0.4895453125	0.474460125	0.30403646875	-0.17934796875	0.54203575	0.35212409375	0.3812986875	-0.0497414804687	0.3047436875	0.45509403125	0.43421575	0.3605785	0.29186625	-0.111918890625	0.30483384375	0.20517409375	-0.13203371875	0.344425875	-0.154801875	-0.20141121875	-0.218164921875	-0.109178289062	-0.144653765625	0.38898125	0.3038296875	0.28641284375	0.204390859375	0.34703896875	0.30409953125	-0.1088638125	-0.1202965	-0.0614260742187	-0.222887046875	0.1041875	0.48233025	-0.095072453125	0.287069375	-0.0884939921875	0.2598605625	0.215686234375	-0.232700375	0.16996046875	0.32625115625	0.28644946875	0.41352415625	0.34928553125	0.252677234375	0.226404890625	0.5046285	0.3823130625	0.277752625	0.30363046875	0.2647101875	0.26748959375	0.2315616875	0.2100784375	0.177130546875	0.2467851875	0.30103715625	-0.11489084375	0.2241050625	0.24031821875	0.202951109375	0.41844521875	0.43503840625	0.41630975	-0.116897398437	-0.22344915625	-0.0755535078125	0.269605625	0.079661	0.26355796875	0.1832430625	0.236209765625	0.447541875	0.259515109375	0.22549034375	0.24143365625	-0.111626304687	-0.125860773437	0.162112625	0.4525378125	-0.26482675	-0.2594435625	-0.13357921875	0.341946125	-0.086711421875	0.44197890625	0.2580686875	0.2368821875	0.26137875	0.31022421875	-0.144710140625	0.49508240625	0.295941875	0.43571065625	-0.163106953125	-0.1436855	0.345850125	-0.114448601562	0.247873875	0.232880734375	0.35061078125	0.5470675625	0.251610875	0.399831375	-0.18544265625	0.245132265625	-0.124808445312	0.218645578125	-0.0426368984375	0.47037771875	-0.08877446875	-0.174241734375	0.4321661875	0.2927440625	-0.254821296875	0.3186000625	-0.143933828125	0.221035703125	-0.217921421875	-0.138702234375	0.257909953125	-0.075927984375	0.3704680625	0.255025921875	0.3018273125	0.277158	0.3235215625	0.316929875	0.2215838125	0.125528585937	0.152849265625	0.32359728125	0.2358384375	0.17842878125	0.5851654375	0.2785610625	-0.085266671875	0.2660905	0.41577946875	-0.20311575	0.264282375	0.156940703125	-0.226104203125	0.22769128125	-0.25704775	0.337442125	-0.1717633125	0.0905807578125	-0.156633046875	0.540559125	-0.2342093125	0.37171865625	-0.224367234375	-0.19904875	0.2054428125	0.37187228125	0.230927375	0.4528625	0.257841859375	0.32306415625	0.297296375	0.26610184375	-0.0839675703125	0.38206571875	-0.16893078125	0.232442953125	0.209745625	0.4651021875	0.3063374375	0.2460735	0.24610959375	0.23115134375	0.40169746875	0.42591540625	0.128647585937	0.45966103125	0.23823128125	0.35561434375	0.2279885	0.239983515625	0.2879595625	-0.25431771875	0.20656065625	-0.0966020234375	-0.17743390625	-0.3320594375	0.34888878125	0.441651375	-0.17926334375	-0.162765671875	-0.2700916875	0.4959786875	0.47615078125	0.22329753125	0.38589140625	0.217532609375	-0.247822890625	0.48247175	0.176558734375	0.328643	-0.0838530078125	-0.147548609375	-0.23413778125	0.27381446875	0.336881875	0.33011396875	0.3782839375	-0.204301921875	9.67	0.35	0.0537	0.0028	0.363507098409
107	87	251	7.1519165	1.664085125	1.7943015	1.788065125	1.622281375	1.64008675	1.641273875	1.74247225	1.71375025	1.614615125	1.66737025	1.75831225	1.572153	1.486458875	1.788028375	1.586503	1.767574375	1.723398625	1.639153625	1.45777075	1.74419875	1.627393125	1.63273225	1.792944375	1.629880625	1.508740625	1.515246	1.647725375	1.584820375	1.635642	1.48875	1.804285625	1.739935	1.57120775	1.985831	1.739771	1.584838	1.5997085	1.807576625	1.519206375	1.806015875	1.89793525	1.573541375	1.4723475	1.621411125	1.610165	1.54216325	1.529810875	1.910651875	1.542864625	1.79529325	1.698750125	1.645862125	1.56147825	1.880038375	1.759658625	1.70231725	1.672219125	1.662672375	1.548664875	1.782814	1.80858825	1.389734375	1.72697075	1.1968135	1.642807625	1.619509	1.63316975	1.707699625	1.783752875	1.796394625	1.5141945	1.6273445	1.709247125	1.621676375	1.659079625	1.829177625	1.674339875	1.577349875	1.71023475	1.9716645	1.796175375	1.6055165	1.782723375	1.75871825	1.65991475	1.793112375	1.592155	1.8025575	1.830911125	1.718825875	1.420489875	1.605307375	1.556253125	1.898841875	1.67999075	1.92041525	1.68724575	1.712318625	1.643275	1.7560405	1.394264	1.868392125	1.830127625	1.56473925	1.6773365	1.653353875	1.5886335	1.613583375	1.7570895	1.635392625	1.688575875	1.787014	1.70276025	1.618663625	1.715365625	1.5867065	1.6000035	1.75988575	1.596035	1.68111325	1.43766525	1.771117875	1.6492905	1.34641925	1.86834225	1.598082875	1.7498145	1.707630875	1.508576625	1.62523175	1.781791875	1.814718625	1.47417525	1.6042635	1.546993125	1.73923475	1.75041475	1.59017625	1.763612625	1.6157005	1.69088525	1.773816	1.63217975	1.593371625	1.976718	1.7809945	1.691366375	1.702692875	1.674128125	1.72223375	1.7336675	1.8015535	1.6959845	1.752805125	1.524079875	1.6724915	1.659409375	1.777243125	1.6911245	1.605790125	1.812536875	1.740919875	1.676106625	1.524334125	1.454531375	1.549870625	1.702917375	1.78843075	1.676234375	1.70658375	1.6702365	1.8930075	1.631602125	1.637617875	1.776236625	1.60466125	1.705886	1.52598	1.514355125	1.811503875	1.649591875	1.663456125	1.4570505	1.522971625	1.744690625	1.852895875	1.867075875	1.7957815	1.686423625	1.6486935	1.495589	1.794005	1.49987775	1.841257125	1.629841375	1.518430125	1.309952375	1.57764025	1.811818875	1.7575795	1.763852125	1.66502275	1.765276	1.95089825	1.841668	1.744817625	1.59639225	1.738210875	1.66225025	1.926724	1.623806625	1.69446275	1.520367375	1.3637605	1.452194875	1.540836625	1.63054225	1.487185125	1.721232625	1.626993125	1.620374375	1.6106315	1.823200625	1.43842	1.678766625	1.669798875	1.81566125	1.57668475	1.552808375	1.894446	1.391125875	1.653141375	1.700026125	1.838529375	1.823594	1.671046375	1.768724375	1.579770625	1.63552825	1.801694375	1.599840125	1.722030625	1.731048125	1.537654625	1.93257325	1.6542175	1.758668875	1.745619875	1.6965845	1.76512725	1.76	0.05	5.8E-5	3.6E-5	0.366008021527
108	73	251	6.8530525	-0.2714905	0.15221615625	0.194202890625	0.27953275	-0.08112803125	0.207053875	-0.17683734375	-0.126381476562	-0.2754571875	0.3796345	0.117226429687	0.4133725	-0.173390203125	0.1947266875	-0.121314367187	0.0613302773437	0.128309101562	0.14737303125	-0.113839328125	0.4213175625	-0.1775581875	0.119408132812	0.198496140625	0.3016516875	-0.127339148437	0.3081376875	0.158706109375	0.30595246875	0.31417765625	-0.0962273671875	-0.136053890625	-0.30858178125	0.117487679687	-0.0846727421875	0.25849103125	0.24463778125	-0.250875625	-0.36427003125	0.2925058125	0.17136609375	-0.183460359375	0.4608541875	-0.317864125	-0.198897140625	-0.33093459375	0.256243984375	0.2004075625	0.22583478125	0.204547375	-0.15981834375	0.42565771875	0.36416465625	-0.111439382812	-0.230366765625	0.277724375	0.179073203125	-0.17377378125	0.23720453125	0.28257159375	0.3970811875	-0.082762171875	0.118177773437	-0.167535359375	0.19821215625	0.270697375	-0.281388	0.40345534375	-0.0641935	0.0803426640625	0.194133609375	0.22834628125	-0.0729706015625	0.346721625	0.29745478125	0.0945220703125	0.114199765625	0.120359609375	0.47585825	0.22657559375	0.216080546875	0.220521609375	0.20001578125	0.39799359375	-0.27342959375	0.18381575	0.25950634375	-0.3781545625	0.28059059375	0.21628759375	0.21673503125	-0.183736859375	0.2671094375	0.082291296875	0.35990365625	0.211243203125	-0.1713755	0.37618328125	-0.143250703125	0.3492203125	0.10423365625	0.193664296875	-0.24236953125	0.116793140625	0.3369368125	0.35884965625	0.256233921875	-0.32500796875	0.168324234375	0.208357890625	0.214393890625	0.1331488125	-0.173279015625	0.3108691875	0.25548359375	0.161461921875	0.22682925	0.1310835625	0.0656176875	-0.321325875	0.3381445625	0.199024578125	0.36413490625	0.223939609375	-0.108449226562	0.23003275	0.24115190625	0.3039669375	0.165175953125	0.204836234375	-0.163725640625	-0.221065484375	-0.23802234375	0.126002335937	-0.28974621875	-0.068561234375	0.427834	-0.3356345	0.195515984375	0.17588	0.198859578125	0.24364578125	-0.26827525	0.190532765625	-0.2930625625	0.23223265625	-0.184414015625	0.240463453125	0.25209221875	-0.149588234375	0.4299203125	-0.031615453125	0.24166125	0.30646234375	-0.113798265625	-0.258187921875	-0.201991078125	0.326458625	-0.39102946875	0.204297890625	0.27745884375	-0.07818303125	-0.2556100625	0.26848928125	0.121415804687	-0.182633640625	-0.102581460937	0.3026678125	0.253060765625	0.3992035625	0.165370765625	0.24016984375	-0.13074340625	0.207221890625	-0.145353078125	0.357498	0.142539484375	-0.0776501484375	0.108485	-0.147449515625	-0.125572203125	0.128187015625	0.115015640625	0.27953459375	0.2859465	0.220275875	-0.19617584375	0.3625140625	-0.3390444375	0.19956578125	0.35848771875	0.151792234375	0.29383115625	-0.255025484375	0.20490165625	-0.3092828125	0.2087963125	-0.14224009375	0.22244990625	0.185614734375	-0.179207625	-0.191237421875	0.254706375	-0.105423953125	0.19661634375	0.2094991875	0.104504554687	-0.4900651875	0.3525505625	-0.129513257812	0.40934771875	0.35373125	0.042933515625	0.175757328125	0.168470375	0.082139078125	0.2897203125	-0.220713984375	0.108189226562	-0.204776578125	0.235815078125	0.33781159375	0.193228484375	0.075599828125	0.33952578125	0.35555415625	0.2141454375	-0.22291265625	-0.0939610078125	-0.0683387421875	-0.206886578125	0.22889465625	0.2661879375	0.101384929687	-0.110640234375	-0.0528309960937	0.257710734375	0.139077453125	-0.0769981875	-0.130644414062	0.186584859375	0.192629140625	-0.111169648437	-0.104945015625	0.255620265625	0.29596121875	0.2614295625	0.49511096875	0.178800953125	-0.09101115625	0.21328746875	6.85	0.16	1.8	0.0	0.239755590522
109	97	251	5.406211	-0.148891515625	-0.1278805625	0.158315484375	0.316410375	-0.161468109375	0.206759265625	0.19955534375	0.07067140625	0.207433078125	-0.110066484375	0.352673375	-0.13436428125	-0.0827952421875	-0.238051	-0.1623744375	-0.20117809375	-0.206782625	0.193523359375	0.151680984375	0.167844015625	0.2647485625	0.116973304687	-0.29175475	-0.113154679687	0.103755351562	-0.180483453125	0.413886875	0.2049334375	-0.2765279375	0.250262234375	-0.242471640625	0.159640078125	-0.0601960234375	0.180533140625	-0.242442453125	-0.26489578125	-0.123135484375	0.0585989492187	0.242003703125	0.29705334375	-0.16790765625	0.137266828125	0.17633140625	-0.18238140625	0.35122440625	0.191469296875	-0.0185260507812	0.27637334375	0.24350025	-0.0528536171875	-0.2813353125	0.273244375	-0.40033965625	0.08373059375	0.17220728125	-0.3630760625	-0.30871621875	0.0996821796875	0.278695375	-0.0889174765625	0.44882678125	0.210148828125	0.188694953125	0.46451646875	0.225687453125	-0.095650234375	-0.196917171875	0.0959358515625	0.26371815625	0.26882196875	0.30555846875	0.148035375	-0.0828162890625	0.1825593125	0.0941630234375	0.18500759375	0.1399496875	0.23464925	-0.149041734375	0.22384109375	0.135281	-0.113624671875	-0.26125040625	-0.1397363125	0.3852868125	0.33097503125	0.19037734375	0.25279965625	-0.14626709375	-0.2618601875	0.15150471875	-0.16329409375	0.281624	-0.192998453125	-0.17117034375	-0.134195875	-0.137026109375	-0.0882693828125	-0.33554909375	-0.173356515625	0.0862059765625	-0.0584764492187	0.372198375	0.150893203125	-0.27606703125	-0.2560578125	0.125560578125	0.32076375	0.26812153125	0.550229875	-0.2645454375	-0.156063546875	-0.244468015625	0.0898333671875	-0.17547628125	0.139457375	0.25433071875	0.122174679687	-0.184381109375	0.1965360625	0.20694053125	-0.129690140625	0.30804084375	0.2940798125	0.269543125	-0.29416509375	0.140718609375	0.099994109375	0.16250909375	-0.1699494375	-0.0984747734375	0.3653989375	-0.36755615625	0.218261765625	0.27229084375	0.3248050625	0.184040890625	0.42146903125	0.41597709375	-0.12354396875	-0.191903921875	0.238223265625	0.113052953125	-0.204411234375	-0.252317828125	-0.201377203125	0.122512351562	-0.25732290625	0.17216953125	0.126598679687	-0.0893833046875	-0.161245203125	0.144743671875	0.17876578125	0.106182585937	-0.268114125	0.165917546875	0.17135434375	0.210089671875	0.077907078125	-0.15241915625	0.2353111875	0.175950546875	-0.234061671875	0.434239625	0.144067625	0.45597153125	0.196736890625	-0.230062875	-0.16423409375	0.2195818125	0.23499609375	-0.121875078125	0.2570120625	0.385506125	-0.231418328125	0.22665040625	-0.069944546875	-0.0502128398437	-0.200937515625	0.28457509375	0.115325257812	0.14708159375	0.181002	-0.180664109375	-0.273619375	-0.251255421875	-0.114028390625	0.3846053125	0.159169	-0.195543953125	-0.08210990625	0.166835921875	0.121757101562	0.4414205	-0.173644703125	0.0938169140625	-0.2371363125	0.19419846875	-0.1043611875	-0.0729864140625	-0.22397509375	-0.16717659375	-0.180721578125	-0.207526203125	-0.1370391875	-0.0839818515625	-0.151780234375	0.198580921875	-0.144355984375	0.31605690625	-0.2310773125	-0.13870884375	0.100009984375	0.39107746875	-0.35251575	0.0850280625	0.0571325703125	0.118029671875	-0.3711739375	0.22881546875	-0.22469084375	0.22579546875	-0.144526234375	0.162537140625	-0.253750703125	0.31319721875	-0.0519952578125	-0.2060325625	0.126429757812	-0.141580453125	0.1794570625	-0.123685648437	0.122435648437	0.29784234375	-0.0834652578125	-0.18448115625	0.39977290625	-0.23894440625	-0.196097015625	0.217116375	0.29369571875	-0.208042453125	0.30538234375	0.31627734375	0.173635390625	0.0633477265625	-0.31267925	0.105141601562	-0.182319453125	5.41	0.15	1.7	15065.1	0.223341589964
110	69	251	5.4647065	-0.204178984375	0.25583271875	-0.15289153125	0.4026939375	-0.1273448125	-0.10987228125	-0.2492953125	0.3251205625	0.37126484375	0.21493990625	0.22774515625	-0.121852257812	0.3044438125	0.274936375	0.186668265625	-0.177081953125	0.198500859375	0.133751359375	0.114457851562	-0.0839911015625	0.0736991484375	-0.0902426484375	0.2525961875	0.154382609375	-0.27923109375	-0.2712405	0.0651983828125	-0.2899838125	-0.244450671875	0.114364109375	-0.141166625	-0.31120834375	-0.14529778125	-0.0757736015625	-0.221921484375	0.16547675	0.227799296875	-0.29439115625	0.175246484375	0.184115390625	0.126300554687	-0.28060296875	0.11330525	0.143159328125	-0.142234171875	-0.170735609375	0.0922833125	-0.0735103984375	0.173876609375	0.37820315625	0.24105734375	0.25774553125	-0.213629375	0.206120734375	-0.150896421875	0.0993161171875	-0.0845105625	-0.154202796875	-0.2710009375	-0.110061539062	-0.2548903125	-0.1138754375	0.177988453125	0.27188465625	0.162272	0.0960754375	-0.176240421875	0.1727995	0.161644453125	0.162556625	0.23002240625	0.3289376875	0.2744478125	-0.2853325625	-0.1527648125	-0.043675796875	0.248637265625	0.257980984375	0.24636334375	0.113158796875	0.340664375	-0.0861668046875	0.182641203125	-0.2179608125	-0.117632960937	0.3547384375	-0.19349990625	0.143102421875	-0.361206125	0.21189453125	-0.3071264375	-0.141009734375	-0.2184656875	0.168950390625	-0.183300859375	0.27497196875	-0.21400221875	-0.15632490625	0.213988765625	0.34730853125	0.0760938125	-0.2288706875	-0.0569715976562	0.1930830625	-0.168779359375	0.0202460761719	-0.163130484375	0.38316240625	-0.21904865625	0.23830590625	0.17035971875	0.109609257812	-0.241104875	0.32001528125	-0.153874265625	0.27373415625	0.1333743125	0.109788242187	-0.121442640625	-0.32012378125	0.12809575	0.216298390625	0.0644266210937	-0.148021734375	0.102519546875	-0.256409015625	-0.223884609375	-0.256926203125	0.284442125	0.253630078125	0.29382203125	-0.156211359375	-0.3863743125	-0.116285875	0.1185121875	0.190038140625	0.16947075	-0.26746459375	-0.132878765625	-0.31493675	0.0909421875	-0.169231296875	0.23098465625	0.167447375	0.350234625	-0.1263955625	-0.178837796875	0.10748796875	0.13000784375	-0.131406265625	0.225479515625	-0.10973621875	-0.0806273671875	-0.18195759375	-0.40962128125	-0.12916440625	-0.16031559375	-0.30143984375	0.305031625	-0.130022710937	0.12832575	0.194483140625	0.328780375	0.179624921875	-0.257653171875	-0.166045171875	-0.28173215625	0.184243546875	0.123217734375	0.13630709375	0.28223234375	0.26795428125	-0.17749825	-0.181102953125	0.31807415625	0.189429125	0.205144921875	0.114171117187	-0.113218117187	-0.2591330625	-0.238840296875	0.069649640625	-0.17607546875	0.2754163125	-0.142905984375	0.2055818125	0.0837296796875	0.3113819375	-0.157821046875	0.1997011875	-0.2214795625	-0.22085465625	0.257025765625	0.0968255625	-0.220192625	0.112160671875	0.0884380625	-0.19185478125	0.15968034375	-0.123928484375	0.125648867187	0.143572546875	-0.1354104375	0.1564034375	0.21045475	-0.1528699375	-0.2893936875	0.237084453125	0.108333867187	0.10840825	-0.134528484375	-0.304497125	0.4003196875	0.074905890625	-0.181187078125	-0.20695134375	-0.1907235625	0.112890039062	0.35865053125	-0.195156640625	-0.0958125	-0.4297974375	0.171528453125	-0.158363046875	0.165752078125	-0.37526615625	0.15598575	0.229986078125	-0.247392140625	-0.280433875	0.0973335625	0.23389028125	-0.138687171875	0.18959034375	0.26321459375	-0.229571203125	0.20728596875	0.21650971875	-0.20986728125	-0.2822715625	-0.15988165625	-0.1845403125	0.18748709375	0.192332734375	0.212367203125	0.0925797109375	-0.33453003125	-0.23282771875	0.37906621875	0.130089601562	5.46	0.1	1.9	0.0	0.213099053378
111	15	251	4.2991005	0.3800121875	0.3980548125	0.57004175	0.5528039375	0.39949271875	0.60347875	0.46784915625	0.32674878125	0.37120540625	0.5267979375	0.44643415625	0.4244735	0.38035053125	0.555281125	0.3832	0.494352625	0.5267020625	0.5691361875	0.47617253125	0.5196640625	0.56349525	0.6084301875	0.785071625	0.6097803125	0.43778646875	0.51675615625	0.48643984375	0.5986379375	0.6027010625	0.58054825	0.61048475	0.612369875	0.5786354375	0.5381038125	0.573007375	0.34178146875	0.7021995625	0.51568965625	0.42902646875	0.9109299375	0.6327256875	0.688504125	0.5343125	0.576177	0.5664075	0.325028125	0.6371931875	0.5772896875	0.647586625	0.5880933125	0.4864985	0.620577125	0.3049199375	0.574321875	0.6781493125	0.62143575	0.8081098125	0.43215346875	0.5926721875	0.4376728125	0.50076953125	0.674660875	0.649639875	0.553221375	0.6014463125	0.377745875	0.594278875	0.2897619375	0.5522484375	0.53769025	0.9284874375	0.49551865625	0.731896625	0.438287625	0.4771925625	0.4539959375	0.823865125	0.5771374375	0.63661025	0.43621746875	0.774439125	0.56736175	0.6592480625	0.41682075	0.7362309375	0.6016081875	0.41260575	0.5623475	0.53139875	0.6494548125	0.3786395	0.73432575	0.6526581875	0.635766	0.51761059375	0.42421590625	0.45773971875	0.400044875	0.30121546875	0.5684070625	0.51079721875	0.3851755625	0.568278875	0.4872875625	0.379378125	0.37914621875	0.69985975	0.4360879375	0.247837875	0.370423375	0.5444659375	-0.2670775625	0.5330536875	0.44965421875	0.6139895625	-0.216102984375	0.33491196875	0.31136115625	0.6044644375	0.4757953125	0.26666621875	0.47568425	0.373612875	0.36586934375	0.21925490625	0.370411875	0.3218214375	0.36459121875	0.36493040625	0.31795084375	0.4653636875	0.412202875	0.3413986875	0.110286171875	0.43877521875	0.41362440625	0.35751934375	0.242200875	-0.27359178125	0.32585853125	0.263721875	0.33988971875	0.27650959375	0.497092625	0.4956719375	0.40134459375	-0.32704871875	-0.36409778125	0.37794215625	0.6345889375	0.401724875	-0.0984326171875	-0.123761265625	0.27222315625	0.35589353125	-0.16971628125	0.282369875	0.196905921875	0.347311125	0.4578046875	0.3600223125	-0.064349296875	-0.198402484375	0.25285215625	0.249984734375	0.1412399375	0.31930046875	0.2704146875	0.12433546875	0.33608775	0.308959875	0.50340490625	0.34388875	-0.137395125	-0.140964203125	0.43152009375	0.35976884375	0.2715581875	0.154879953125	0.48118528125	0.3389713125	0.32313803125	-0.23226659375	-0.212049109375	0.132622796875	-0.249858921875	0.2489968125	0.22541996875	0.42693840625	0.4397591875	-0.238078609375	0.3602286875	0.2681123125	0.3022205625	0.2728766875	0.38988984375	-0.221785359375	0.252968875	0.3198493125	0.2172083125	0.255091171875	-0.131001585937	0.1600734375	0.2338723125	-0.193922109375	-0.0684927109375	0.228141953125	-0.152271765625	0.2763725625	0.252968	0.29015396875	0.15593678125	0.41750696875	-0.11798640625	0.2655548125	0.17377675	-0.164998859375	-0.175084921875	0.1691565	-0.159102421875	0.242020546875	0.1503168125	0.128374179687	0.16544640625	0.1592673125	0.13974175	0.143686453125	0.31011490625	0.207136890625	0.208972359375	0.0938183515625	-0.10273153125	0.2620763125	-0.141518921875	0.2382605625	-0.155098765625	-0.10619215625	0.177580203125	-0.191793890625	-0.106214367187	0.145205546875	0.42451471875	0.137095640625	0.3714034375	0.38716790625	0.324541875	0.2754055	-0.132850609375	-0.0672667421875	0.4077724375	0.8	0.06	0.00143	1.9E-4	0.30190601642
112	160	251	13.887447	0.5600166875	0.255056484375	0.4987378125	-0.2422410625	0.26157996875	-0.1321121875	0.28719628125	0.4052959375	-0.212447765625	-0.40310675	-0.362911875	-0.4362413125	-0.152701	-0.335591375	0.38513065625	0.44184521875	0.5793348125	0.2620695	-0.2140080625	0.3236476875	0.198792359375	0.174313875	0.435993625	0.237955796875	0.38388028125	0.1892543125	0.27293290625	0.232463046875	-0.198669265625	-0.214136609375	-0.398558	-0.47490071875	0.37613184375	-0.3809226875	0.396451	0.325076	0.1376190625	0.1616691875	-0.19266340625	0.252720703125	-0.2105341875	-0.46607303125	-0.28412440625	0.5058526875	0.129316359375	0.124776273437	0.150208859375	-0.28792109375	-0.14063353125	-0.221940765625	0.49783659375	0.31895409375	0.273923875	0.50859990625	0.197566453125	-0.3884459375	0.20089309375	-0.4394424375	0.40118253125	0.3284513125	0.251283015625	0.3205760625	0.3712111875	0.37025840625	0.128888789062	0.35267928125	0.102464546875	0.160934609375	0.3813338125	0.47660465625	-0.45640109375	0.39313690625	0.44912484375	0.241046078125	-0.2279895625	0.41977096875	0.35150146875	0.59019525	0.3915895625	0.257214078125	0.230803328125	-0.38554728125	-0.37138590625	-0.393817	0.236472015625	0.3381419375	0.238736484375	0.5269640625	0.35179728125	0.514941625	0.3857309375	0.41973796875	0.193540703125	0.3856046875	0.548932625	0.32401528125	0.223256046875	0.235901078125	0.256242890625	0.27187609375	0.25706990625	0.37918521875	0.4539664375	-0.146175625	0.32729271875	0.106215984375	0.30361778125	-0.21001028125	0.5878895	0.3255526875	0.43336859375	0.3196604375	0.199375671875	0.234211546875	0.254561140625	0.22303590625	0.258626109375	0.30527225	0.164270875	0.28957925	0.5149908125	0.34235425	0.35918040625	0.35498734375	-0.24931115625	-0.3399298125	0.27426978125	-0.324825125	0.359055125	0.48630575	-0.6351396875	-0.0725244375	-0.21844478125	0.258107890625	0.186049734375	-0.242041625	0.192634359375	0.19154603125	0.18041965625	-0.31884059375	0.1723676875	0.3826534375	-0.47913575	-0.38932028125	0.3049398125	0.355639	-0.249492875	0.5542075625	0.25800759375	0.150831640625	0.144048765625	-0.26229575	0.229435609375	-0.2171675625	0.41562478125	0.3356436875	-0.25162496875	0.276061625	0.29505059375	0.16632215625	0.3214475625	0.23743234375	0.14740290625	0.2819688125	0.26065853125	-0.27599815625	0.26495434375	0.237493109375	0.3558436875	0.573239625	0.43600928125	0.389372125	0.30122621875	0.2826275	0.37213	-0.038605125	0.24755659375	0.5747619375	0.30710809375	0.27768334375	-0.36046871875	0.227185359375	-0.3012944375	0.077552421875	0.193394265625	-0.4456174375	-0.29162021875	0.186314109375	0.154542796875	0.14872103125	-0.34947790625	0.419977375	0.42532859375	0.247394015625	-0.104454882812	0.113101296875	0.3734921875	0.1740390625	0.39330296875	0.34583515625	-0.277515875	0.3513203125	-0.245818859375	0.243728609375	-0.13517790625	0.39742259375	-0.27402415625	0.399345125	0.100975132812	0.33632784375	-0.21047028125	0.220515859375	0.45096053125	-0.123606101562	0.5211648125	0.3185744375	-0.3047095	-0.46307803125	0.31734371875	0.19710965625	-0.34708853125	-0.26490928125	0.192164375	0.216064140625	-0.245635015625	-0.3526743125	0.4983703125	0.2403304375	-0.14559009375	-0.2982023125	-0.156222578125	0.19256159375	-0.393243	0.29238584375	0.32109621875	-0.51517359375	-0.228091390625	0.233473390625	0.38832246875	-0.44451221875	0.27992678125	0.255690390625	0.28276471875	-0.2746765	0.5054750625	-0.211648140625	-0.219427828125	0.247538015625	-0.0915138828125	0.3113325	13.89	0.34	0.205	0.028	0.321590051582
113	65	251	3.38765425	0.196678171875	-0.261117484375	-0.151173125	0.199407625	0.129247257812	0.0339950351562	0.120583164062	-0.270545625	0.28999609375	0.13148475	-0.26261975	-0.27226259375	0.074354515625	0.16783734375	0.0994638671875	0.127233445312	-0.3560893125	0.14143009375	0.06969034375	-0.169490671875	-0.127670882812	-0.207611734375	0.0842630703125	0.105824140625	-0.170831390625	-0.17733446875	0.146086828125	-0.185405421875	0.1858021875	0.2685714375	-0.158591359375	0.125170851562	-0.235159609375	0.108031554687	0.127311210937	0.126966820312	0.303387125	0.175550375	-0.265953	-0.141862640625	-0.200478234375	0.0944296796875	0.31151825	-0.1769806875	-0.2827068125	-0.1288033125	-0.18194921875	0.23810215625	0.173356296875	0.1925179375	-0.150966015625	-0.233407859375	-0.102061078125	0.214829484375	0.116374164062	0.139001859375	0.144606453125	-0.16862921875	-0.17613475	-0.252461703125	0.19250846875	0.162831578125	0.201622734375	-0.0936668984375	0.15069778125	0.170040609375	0.205839109375	0.0721264765625	0.181373671875	-0.123046765625	-0.237060234375	0.14493771875	-0.1960015625	0.16589565625	-0.2184581875	0.227949984375	-0.15681340625	-0.125207484375	0.17891334375	-0.125487132812	-0.18835153125	0.086018796875	-0.223872875	0.253857015625	-0.26230915625	0.1493541875	0.049308375	-0.226538046875	-0.254159109375	0.0854522265625	-0.105641570312	0.21875996875	-0.144799359375	-0.251460859375	-0.127184335937	0.126686	-0.20832928125	-0.240497046875	0.41110803125	-0.26304725	-0.239865234375	-0.26105371875	-0.28055078125	0.0806965859375	-0.24205278125	-0.19527046875	-0.177111109375	-0.222938078125	0.193411125	0.0521077421875	-0.16904665625	-0.3043590625	-0.110219984375	-0.145753421875	-0.1849279375	-0.176297890625	0.1457086875	-0.0803935078125	-0.249326703125	-0.1109726875	-0.181562984375	-0.07645490625	0.192646453125	-0.084433421875	-0.120996671875	-0.25002146875	0.16758046875	-0.21549315625	0.157330484375	-0.30248815625	0.104360226562	-0.137692984375	0.38582634375	0.19868871875	0.0880524765625	0.0870175625	-0.15326196875	-0.0403327890625	0.29471278125	-0.25024784375	-0.21264459375	0.164839578125	-0.26544121875	0.2295121875	-0.204392921875	0.2703013125	-0.0737450546875	-0.13608559375	0.17703496875	0.236058234375	-0.1561799375	0.0555310703125	0.245907	-0.3463935	0.12956315625	-0.146770453125	-0.1504756875	0.0531569453125	-0.16388153125	0.20875696875	0.165692390625	0.153415328125	-0.0676146640625	0.181908359375	-0.141085015625	0.0991009375	0.160001796875	0.134934125	-0.0936082578125	-0.14176409375	0.08187215625	0.19953234375	0.126760710937	-0.109550492187	0.206214453125	0.36771365625	-0.227477078125	-0.0733106328125	-0.138621140625	0.36578475	-0.15571503125	0.34091771875	0.163358671875	-0.37885784375	-0.3606231875	-0.16857784375	-0.263262	-0.3825174375	0.135256375	-0.186815109375	-0.13903065625	-0.18744509375	0.107513242187	0.191700109375	0.28278009375	-0.315492875	0.0793443203125	0.15574	0.288808625	-0.34051259375	0.3248975625	-0.211712734375	0.185464984375	-0.3339204375	-0.1007644375	-0.199450515625	-0.259991921875	-0.255754375	-0.139660625	-0.192699390625	-0.184113265625	0.163786640625	-0.39803896875	0.10237515625	0.17382653125	-0.0793393203125	-0.188260109375	-0.116478242187	-0.0812670703125	-0.175424453125	-0.25450865625	-0.066815953125	-0.21639278125	-0.22764953125	-0.139465234375	0.210327375	0.198265359375	0.17707071875	0.12803440625	0.127871	-0.220588265625	0.198108296875	0.167664421875	-0.15970184375	0.37944521875	0.0646744726562	0.1259574375	0.151221859375	0.087521265625	0.140248640625	0.060863109375	0.35962065625	0.26795903125	-0.110442140625	0.1998535	-0.119533664062	-0.261964953125	-0.14849809375	0.0851528359375	-0.1254131875	3.39	0.19	0.3	0.3	0.197251403977
114	8	251	5.852711	0.07109675	-0.27074371875	-0.158328734375	-0.45103475	-0.101701515625	0.218954328125	0.11284996875	0.333649125	-0.435609875	-0.034751484375	-0.245186953125	0.071138	-0.192829296875	0.15322171875	0.241506046875	0.2846940625	0.114396882812	0.157490578125	-0.3020575625	0.2646151875	-0.216515625	-0.20309184375	0.1898244375	0.213816796875	-0.11614440625	-0.145706015625	-0.29262571875	0.117996109375	-0.14467671875	-0.111691648437	0.17350853125	-0.113330765625	0.383710625	-0.18846509375	-0.122327828125	-0.14909178125	-0.183924171875	0.30057175	-0.087202953125	0.181052109375	0.20388925	0.218558984375	0.21552634375	-0.079333125	0.17146978125	-0.1376381875	0.3260725	-0.102510554687	-0.1592326875	0.1945300625	0.344872375	0.16821196875	-0.164643296875	0.4159961875	-0.173122125	-0.27647478125	0.136770171875	-0.122441015625	0.203000703125	-0.19263384375	0.20081965625	0.09411896875	0.210108328125	-0.0665665234375	0.131797671875	-0.34357165625	-0.11794865625	0.207128578125	-0.1843604375	-0.12124278125	0.2067816875	0.095864109375	0.24079153125	0.3519833125	-0.413724	0.0697500859375	0.248855453125	0.244840640625	0.21215965625	0.35071246875	0.122377773437	0.17012721875	-0.06769378125	0.2911625	-0.148471109375	0.197764171875	0.146867765625	-0.11869921875	0.29175828125	0.26331815625	0.155379421875	0.3048169375	-0.187263125	-0.25183275	0.1305880625	0.115197507812	-0.158647671875	-0.18014371875	-0.120148453125	0.387191125	0.21722984375	-0.33029253125	0.15450459375	-0.126459804687	0.0933938125	0.144666203125	0.26607	0.179957703125	-0.1539274375	0.274721875	-0.057577453125	-0.3489381875	0.114241578125	0.04405225	0.21100396875	0.30605190625	0.16973778125	0.31438728125	0.214782421875	-0.16391365625	0.27709128125	-0.13573403125	0.0807696796875	-0.108272554687	-0.131790484375	0.15361478125	-0.145895640625	0.0668463125	-0.111809335937	0.1999323125	0.252976984375	-0.10710678125	0.131859796875	-0.182479140625	-0.04240878125	0.140600546875	-0.109951140625	0.264074875	-0.103255046875	-0.3693108125	0.158079015625	-0.28921625	0.24594653125	-0.16029834375	0.236639390625	0.196919203125	0.16305828125	0.081296546875	-0.236290421875	0.1231606875	0.432333875	-0.139358859375	0.176403125	-0.182951046875	0.0811866484375	-0.087537984375	0.2659244375	-0.2957225	-0.15000028125	0.24231115625	-0.0516609804687	0.084127140625	-0.106054984375	0.47964078125	-0.19487565625	-0.104327375	0.27488784375	0.202163765625	0.2899445	-0.098828734375	-0.2721635	0.105529921875	0.229221953125	0.1885545625	0.244596390625	-0.22422109375	0.32355596875	0.192988265625	0.160899453125	-0.0817834921875	0.36007509375	0.117908898437	-0.207765078125	0.34604615625	0.2680443125	-0.24189065625	0.195525375	0.14173890625	-0.142061625	0.116491273437	0.317711625	-0.32320809375	0.37327165625	0.28701625	0.192828265625	-0.101878203125	-0.213526390625	-0.134928671875	-0.22127590625	0.11367146875	0.2528563125	-0.178857640625	0.315895125	0.4405641875	-0.2826071875	-0.111913703125	-0.257873453125	-0.134749375	0.30913221875	-0.15083053125	0.13426421875	-0.250503921875	0.19180996875	0.18788859375	0.20877190625	0.09223225	0.30152459375	-0.2708769375	0.18020565625	-0.211453484375	-0.235177234375	0.27012446875	0.21977559375	0.2877715625	-0.153751921875	-0.28621753125	0.260932546875	-0.1363050625	-0.201824453125	0.30489965625	0.15643834375	0.074739046875	-0.122447546875	-0.300576875	-0.116654820312	0.104737101562	-0.111451773437	0.1046435625	-0.086753078125	0.37328715625	0.1377165	0.2022188125	0.126139054687	0.131665359375	-0.142460625	0.241380765625	-0.205963078125	-0.204891171875	-0.18433675	0.28198909375	5.85	0.22	0.4	0.8	0.215760096339
115	116	251	7.602309	0.172003140625	0.179265625	0.187283390625	0.227463203125	-0.48465396875	0.297560375	0.374140875	-0.0856795703125	0.1927298125	0.27409140625	0.327256	-0.03362240625	0.213922765625	-0.10603678125	0.459852375	0.1159390625	0.077151078125	-0.11953321875	-0.2459013125	0.125580070312	0.245837109375	0.212031578125	0.169205703125	0.084214859375	0.14914625	0.184739265625	-0.186069453125	0.059586140625	0.127304742187	0.220236265625	0.20713578125	0.230853765625	-0.25942959375	-0.304384375	-0.04153925	0.42055071875	0.2054824375	0.27141028125	0.180665515625	0.24637846875	-0.21567684375	0.18582771875	-0.09680734375	0.143998046875	-0.0571587578125	-0.199740046875	0.21252590625	0.2650151875	0.1758556875	0.260185171875	0.0781320078125	0.312827875	-0.2837688125	-0.105825289062	-0.13367621875	-0.150981234375	0.0860865859375	-0.146251671875	-0.240907203125	-0.301530875	0.19160346875	0.089178921875	-0.13678834375	0.163201515625	0.19329046875	0.1979630625	-0.0839236640625	-0.27061184375	0.2900924375	0.51358103125	-0.1927864375	0.159937328125	0.37485021875	0.261260625	-0.07045659375	0.138750234375	-0.17951940625	-0.103132125	0.1844628125	0.2939240625	0.135318234375	0.20243196875	0.301930375	0.17590303125	-0.3261238125	0.34693128125	0.122726679687	-0.111450664062	0.21232671875	-0.1528871875	0.130836273437	0.43167184375	0.2705816875	0.187841390625	0.0921082109375	-0.26814134375	0.16085678125	-0.16818671875	-0.104292484375	0.22377334375	0.117272867187	0.22726478125	-0.0840355390625	-0.16459246875	-0.0567139765625	0.137309953125	0.37544478125	0.208343109375	-0.146825546875	0.1726775625	-0.147102484375	0.1676425	0.181905671875	-0.084324984375	0.217523390625	0.24909146875	0.14925909375	0.27735615625	0.101351539062	0.0816166640625	-0.09201278125	-0.4427434375	0.0754718203125	-0.201004546875	-0.102882796875	0.18186321875	0.32953840625	0.3215713125	-0.13534775	0.2984395	0.114223484375	0.16319753125	0.150964734375	0.176120796875	0.249608640625	0.25385965625	0.082811328125	0.0769146015625	0.19065703125	0.09579965625	-0.087628359375	0.21527078125	0.35196659375	0.296282125	0.21326040625	0.0785833359375	-0.14865359375	0.109764296875	0.211510125	0.218290234375	-0.168870125	-0.103802226562	-0.16854859375	0.131349671875	0.208099390625	0.119527867187	-0.0801701328125	-0.256399703125	0.17932628125	0.210506875	0.118505265625	0.2899026875	0.145027984375	-0.22463659375	0.101524554687	0.10145878125	-0.1917496875	-0.17503396875	0.209470078125	-0.250650296875	0.43176028125	-0.10078353125	0.11554890625	0.249534015625	0.08244909375	0.2644815	0.4353964375	0.34862409375	0.14567146875	-0.243155609375	-0.12574659375	0.29350878125	-0.181352046875	0.330793375	-0.0562711015625	-0.123054945312	-0.139000546875	0.1258174375	0.09191915625	-0.218414765625	-0.234727609375	0.25073575	-0.18134284375	-0.197838546875	-0.201311640625	0.242446875	0.1672239375	0.107008695312	0.26211496875	0.14460003125	0.232587921875	0.108969328125	0.109991929687	-0.13654303125	-0.155472234375	0.269903625	-0.20823434375	0.3433124375	-0.125356523437	0.0999980625	0.157816	0.202586203125	0.161942515625	0.175607609375	-0.110639867187	0.074745828125	0.218154046875	-0.030995375	0.226135125	0.1050105625	-0.41537853125	-0.2036714375	0.25187940625	0.1461673125	-0.206647578125	0.151374375	0.2924323125	0.2525004375	0.4993179375	-0.19466990625	0.3668955	-0.140133015625	0.174249921875	-0.10647325	0.25549971875	0.07957896875	-0.254662046875	-0.3502094375	-0.125686015625	-0.0797081640625	-0.12746359375	-0.10272453125	0.27235346875	0.091159765625	-0.221832015625	0.247200546875	0.102119070312	-0.172581671875	-0.36900821875	-0.055398109375	7.6	0.2	0.23	0.06	0.21348965165
116	51	251	3.77446075	0.182002453125	0.2884146875	0.21392375	-0.239101265625	-0.0909284453125	-0.1799479375	0.3759399375	-0.139939296875	-0.050810453125	0.2898855625	-0.232789125	-0.0339002304687	0.198592078125	0.29036915625	0.12580503125	0.209861484375	0.148974390625	0.23186896875	0.2393505	-0.10825546875	-0.149169125	-0.095235984375	-0.2034983125	-0.113490867187	0.3661413125	0.38195925	-0.17670840625	0.171344796875	-0.095009859375	-0.23158153125	0.1446543125	0.187519578125	-0.0723811875	-0.1817723125	-0.20531403125	0.0564460703125	-0.133437609375	0.03661140625	0.1232713125	0.24682828125	-0.186500265625	-0.175748421875	0.0851701875	0.21990215625	0.121231742187	0.13986934375	-0.0532146914062	0.0907868671875	-0.1754895625	-0.1676135625	0.29476621875	0.188687921875	-0.1806933125	-0.2880528125	-0.26788465625	0.14312990625	0.10568990625	0.3448474375	-0.159590984375	-0.161509234375	0.0462695390625	0.12690584375	-0.164040859375	0.09789875	0.0847949921875	-0.20308659375	0.144529171875	-0.111540445312	-0.0485556601562	0.32705071875	0.18159278125	-0.195955453125	-0.126764023437	0.187111546875	0.212136828125	-0.24341525	0.13553103125	0.0329985703125	0.25387009375	0.099268	0.162210640625	-0.129259539062	0.128944289062	0.211867375	0.1796398125	0.229654140625	0.247049109375	-0.156043015625	0.0539956445312	0.230448640625	0.15521959375	0.15188175	-0.0270021113281	0.208643234375	0.162396328125	0.2826934375	0.19247634375	0.24263671875	-0.224068203125	0.274334625	-0.125426507812	0.27694709375	-0.0698345234375	0.24554003125	0.259024625	0.30288565625	-0.177806265625	0.0630439179687	0.1372056875	-0.105337640625	0.51498	0.13598565625	0.102693664062	0.201401625	-0.208089671875	-0.201628015625	0.27473903125	0.0580151289062	0.178604375	0.252861359375	0.140051015625	0.27891271875	-0.133615125	-0.32456196875	0.28885340625	0.2578695625	0.31209478125	0.21940309375	-0.260054828125	-0.190147171875	-0.0769391640625	-0.245992203125	0.33650425	0.171526234375	0.26792184375	-0.0630997734375	-0.11275253125	0.155246	0.166827859375	0.0797036015625	-0.113714773437	-0.0964055546875	0.198411078125	-0.082557265625	0.147408953125	0.101441382812	-0.166631359375	0.156297578125	0.156218796875	-0.37219225	0.0470095117187	0.19322240625	0.206579375	-0.117863921875	-0.18655746875	0.16561559375	-0.43245278125	0.151464453125	0.23461390625	0.197906109375	0.177444453125	0.093230421875	-0.161950453125	0.1655559375	0.232239640625	0.245625828125	-0.0998100390625	0.133768328125	0.42798859375	-0.178777765625	0.0507016054687	-0.125407078125	-0.157363578125	-0.0985376953125	0.224440359375	0.19216603125	0.2965638125	-0.187043953125	0.176568578125	-0.10821271875	0.167379953125	0.21682671875	-0.2124119375	0.124098601562	0.216062140625	0.13210159375	-0.249809296875	0.196382375	-0.184541703125	0.1786171875	0.16694121875	0.100461921875	0.15225765625	-0.3117195	0.0855286640625	-0.31040503125	0.1973783125	0.103799765625	0.185899	-0.0498750429687	-0.228384359375	-0.232998828125	-0.343027625	-0.2674518125	-0.10155075	-0.0885198984375	0.18060978125	0.2357266875	0.130301234375	0.2861180625	0.0771791875	-0.2124999375	0.3207446875	-0.170682734375	-0.124116757812	-0.26477425	-0.35681634375	-0.094308296875	-0.10505240625	0.166560953125	-0.175168859375	0.13772328125	-0.05656228125	0.1863334375	0.1263691875	0.26850628125	0.29464984375	0.26294746875	0.0979507109375	0.0853479453125	-0.224689109375	-0.117332546875	0.218272203125	-0.0850129453125	0.2998160625	-0.153894046875	-0.1463183125	0.095880046875	0.0243418632812	0.0433471015625	-0.240105546875	-0.20120384375	0.230050578125	0.185794890625	-0.1627340625	0.149942890625	-0.24356803125	-0.1348175	0.215286578125	0.150017828125	3.77	0.19	0.174	0.042	0.1968495193
117	40	251	5.261972	0.153328984375	-0.28730540625	0.117706179687	0.27790490625	-0.2036523125	0.2678813125	0.138981015625	-0.232634953125	0.0280728613281	-0.110704015625	0.2488855	0.17571484375	0.248156515625	0.17962728125	-0.16615665625	-0.20067159375	0.110014695312	0.181888859375	-0.225123546875	-0.173456875	0.160199859375	0.282435125	-0.338401625	-0.073742234375	0.15326496875	0.207458875	0.210628625	-0.1917385625	0.297377	0.3967375625	0.0788998984375	0.2180110625	0.08971421875	0.20922378125	-0.199005265625	0.173892453125	0.17746703125	-0.1544583125	-0.115668054687	0.17589784375	0.250516078125	-0.0574176640625	0.127266171875	-0.17306703125	0.1107489375	-0.28835190625	0.233308765625	0.1946466875	-0.204423375	-0.174733375	-0.086894890625	-0.258932375	0.2464599375	0.20951634375	0.20054909375	-0.17902896875	0.24051796875	0.148121515625	0.1753380625	-0.15009896875	0.157112	-0.31653025	0.249558171875	0.19119203125	-0.1899456875	-0.188552578125	0.211759	0.16068246875	-0.33615175	0.189314890625	0.362481	0.45809546875	0.33841471875	-0.16307615625	0.4227919375	-0.216560640625	0.35138790625	-0.0991635546875	-0.17274440625	0.220361703125	0.251453015625	0.13721615625	0.14202809375	-0.28285696875	-0.190319234375	-0.2819249375	0.3330933125	-0.25493471875	-0.31692246875	0.16780090625	0.244626375	0.40553503125	0.260257734375	0.0954201796875	0.2681513125	0.25621453125	0.277528125	0.184160640625	-0.0955990234375	0.0838136484375	-0.152133234375	-0.206844	0.202793484375	0.099607234375	0.29137628125	0.226480125	-0.3752338125	0.25297009375	-0.34881540625	-0.130391539062	-0.074163171875	0.172192984375	-0.151837734375	-0.33101196875	0.35075203125	0.186131171875	0.16935909375	0.205548234375	-0.27626434375	-0.08279890625	-0.1257274375	0.13442915625	0.159373609375	-0.056392765625	-0.20579059375	-0.122577648437	-0.115403453125	-0.0738893671875	0.171700828125	-0.135246328125	-0.166372984375	-0.53433725	0.32399715625	-0.0686357109375	0.1617551875	0.3937181875	-0.111836023437	0.3839533125	-0.2943956875	-0.0579220976562	-0.100708523437	-0.1734175	-0.085769875	0.2954863125	-0.15560190625	0.29883853125	-0.0858460859375	0.250641015625	0.171481765625	0.20372834375	0.127697046875	0.156472703125	0.16496934375	-0.17031565625	-0.30492609375	0.112812023437	0.27295525	-0.16327440625	-0.16404946875	0.1619950625	-0.1801414375	0.12878240625	0.217027875	0.3460036875	-0.112207671875	0.15506584375	-0.144862265625	-0.0154879785156	-0.177942015625	-0.36019059375	-0.1553706875	0.17029684375	0.091363	0.17530253125	-0.0924628515625	-0.166766515625	0.199855125	-0.22507975	-0.1620004375	0.183548390625	0.249556828125	-0.173716265625	-0.146596234375	0.27641065625	-0.123059351562	0.38656275	0.127115984375	0.147017265625	0.176125859375	0.3050523125	0.46627165625	-0.131002007812	-0.103321875	0.258369078125	-0.10562459375	-0.341540125	0.0867155703125	-0.1311890625	-0.19906265625	0.189884421875	-0.115222609375	0.15657425	-0.45189746875	-0.228731359375	-0.33807015625	-0.156527125	-0.0699756953125	0.167118203125	0.258279546875	-0.119453976562	0.196839984375	-0.200771015625	-0.0610937539062	0.2336661875	-0.26725665625	0.163861828125	0.19981646875	0.2130676875	-0.22718384375	-0.0524464882812	-0.11232025	0.253443328125	0.174581578125	0.33635153125	0.093504625	0.110712273437	-0.197029640625	-0.27662575	0.20970509375	0.24288003125	0.25973175	-0.27246253125	0.13256890625	0.188111578125	-0.0946885	0.27680509375	0.244394828125	0.182367734375	0.25876378125	0.16316246875	-0.0235351933594	-0.16357159375	-0.099221796875	-0.162829859375	0.20480553125	0.349126875	-0.12131384375	-0.20118775	-0.117699328125	0.2632778125	5.26	0.2	0.3	0.4	0.217482029839
118	79	251	5.613356	0.147879625	-0.165972640625	-0.202532078125	-0.40059096875	0.239520390625	-0.1826414375	0.145301546875	-0.3111036875	0.0949124921875	0.0677222265625	-0.192958453125	-0.1795520625	0.044644125	0.07526975	0.171118859375	-0.1456410625	-0.102556109375	-0.26778275	-0.3098036875	-0.110348046875	-0.211251390625	0.03812334375	-0.2387259375	-0.24423565625	-0.13144334375	-0.2027910625	-0.29169615625	0.105618234375	0.225359875	0.117889203125	0.202072796875	0.10783378125	0.226028046875	-0.206681359375	0.104681328125	-0.2999395	-0.3068760625	0.123233	-0.150529109375	-0.41327525	-0.256244265625	-0.1160460625	0.235467	-0.194084078125	0.239554796875	-0.20308425	0.18827959375	0.15696934375	0.127290101562	0.104203695312	-0.26998434375	0.22740825	-0.29412525	-0.183054625	-0.113238265625	0.24996675	-0.2573894375	0.161114046875	0.194588921875	0.14904171875	0.172330078125	0.10439659375	-0.29502553125	-0.150159296875	-0.23405953125	0.165504078125	0.111183414062	-0.28265140625	0.1497948125	0.164996125	0.107570609375	-0.22949728125	-0.124562671875	-0.092648546875	0.216971890625	-0.132426171875	-0.1646753125	-0.203103109375	0.17018359375	0.256857203125	-0.175417609375	0.0410185703125	0.1713048125	-0.163013	0.3609435625	-0.23634690625	0.19310125	-0.2170046875	0.0822952734375	-0.15970353125	0.119418617187	0.170944390625	-0.142378859375	-0.155092796875	0.19587475	0.191848765625	-0.1311788125	-0.199035203125	-0.328438	0.191698296875	0.2966925	-0.27076934375	0.0515427773437	0.163135078125	-0.270888625	-0.098211109375	0.151672046875	-0.224909859375	-0.17769815625	0.183131203125	-0.200068734375	-0.41945065625	-0.2269508125	0.115666875	-0.337828375	-0.118928914062	-0.217180484375	0.094821609375	-0.23747884375	0.100907515625	0.108181453125	-0.123103273437	0.1168661875	0.181357171875	0.152956890625	-0.2078750625	0.1830643125	-0.15985790625	-0.221200671875	0.22545834375	0.124156140625	-0.232371328125	-0.2162001875	-0.29908521875	-0.094761828125	0.1932645625	-0.13353465625	-0.221467171875	-0.37878140625	0.129996929687	0.0806590625	-0.3085045	-0.276421875	-0.099288921875	-0.22519915625	-0.27861290625	-0.228791125	-0.3293559375	-0.24271196875	-0.2145823125	-0.2825948125	-0.205491203125	-0.28198171875	-0.0245986308594	-0.147988203125	0.41603615625	-0.23413053125	-0.19363328125	-0.2874263125	-0.10132478125	-0.141823328125	-0.112770460937	-0.17942503125	-0.166228265625	-0.1776125	-0.14135546875	-0.17607659375	0.064952421875	0.03685184375	-0.1388614375	0.115997609375	0.1473923125	-0.3264590625	0.173796828125	-0.30120859375	-0.180727171875	0.0771379140625	0.35958809375	-0.20474165625	-0.1755714375	0.091589296875	-0.0730961328125	-0.2918973125	-0.2618340625	0.137610015625	-0.27471146875	-0.14534228125	-0.13450553125	0.1125509375	-0.3736915625	0.217132578125	0.177924015625	0.116707265625	-0.45371403125	0.04051725	-0.122459523437	-0.3722930625	0.085481078125	-0.275570625	-0.162027796875	0.0880346640625	-0.1770165	-0.2118394375	-0.131673046875	-0.37673078125	0.264682875	0.108363820312	-0.2749523125	-0.38869821875	0.102814179687	-0.18586078125	-0.160442625	-0.15608528125	0.208614671875	-0.0995063203125	-0.34228428125	0.15433484375	0.09981340625	-0.21739990625	-0.195562328125	-0.181773921875	-0.2697083125	-0.165400078125	-0.200062390625	-0.314515875	0.16782871875	-0.251002296875	-0.38814290625	0.32714875	-0.122351148437	0.187546953125	-0.3226236875	-0.30391034375	-0.14498465625	-0.191943484375	-0.220822265625	-0.22351296875	-0.197707015625	-0.2376413125	-0.112418507812	-0.169191453125	-0.132301984375	0.109901132812	-0.378275375	0.0694000234375	0.0606321523437	-0.237098515625	-0.242044515625	0.1403660625	0.18880446875	5.61	0.21	0.3	0.4	0.209791321087
119	16	251	3.151537	-0.2498091875	0.0722724921875	0.115767601562	-0.246139484375	-0.140202203125	-0.230529921875	-0.3368281875	-0.28309353125	-0.173010734375	0.2239545	-0.154644921875	-0.136542578125	-0.137262203125	-0.2759926875	-0.11389309375	0.235711359375	0.13376465625	0.1360871875	0.173497484375	-0.230190890625	0.140980828125	0.21395365625	0.117916492187	0.0450157265625	-0.125767945312	-0.252414859375	0.0998508359375	-0.163890015625	-0.26481775	0.32913396875	-0.133076046875	-0.326813375	0.35971146875	-0.0681280859375	0.16932303125	-0.0867463828125	-0.30956215625	0.0551130507812	0.260674703125	-0.20727990625	-0.0698316875	0.193240328125	-0.20266021875	0.070929125	0.158197546875	0.261080359375	0.122764414062	-0.196601046875	-0.3328086875	0.19995390625	-0.092516546875	-0.159325484375	-0.0652491132812	0.2373776875	-0.16589303125	-0.06733721875	0.165817921875	0.1552185	0.0626993828125	-0.140871140625	0.18319003125	-0.22762475	-0.0311799316406	0.1671861875	-0.26024503125	0.04895134375	-0.32991559375	0.146211359375	0.090631609375	0.14118828125	-0.18225153125	-0.161849625	0.102710507812	-0.112287460937	-0.2772841875	-0.2220018125	-0.0249589863281	-0.18957759375	0.0364251875	0.13468471875	0.185773578125	-0.0895011640625	0.132187109375	-0.128195265625	-0.07704146875	0.0631054609375	-0.086649875	0.196640921875	-0.29734603125	-0.11922640625	-0.211520828125	-0.0941911484375	0.143509640625	-0.14373875	-0.2077404375	-0.0995105703125	-0.1362288125	0.156997484375	-0.198198171875	0.125339359375	-0.1728876875	-0.108348226562	0.13727059375	0.4107795	0.1587556875	0.109195828125	-0.125458226562	-0.1680645	-0.180196859375	0.371268125	0.1811974375	-0.22013978125	0.214118421875	0.5013258125	-0.14574309375	0.234266109375	0.197242171875	-0.247914734375	-0.160095625	0.29301025	0.192702421875	-0.0750976484375	-0.224827171875	0.0942448671875	-0.137813453125	-0.16563340625	0.1104275625	0.143517046875	-0.40372890625	-0.17461459375	0.134516703125	-0.11254646875	0.17294865625	0.0780725546875	0.057756421875	0.0480618554687	0.1474340625	0.168702171875	-0.1691321875	0.260082671875	-0.166364875	-0.2372910625	0.134600296875	-0.454194875	-0.1165594375	0.12616978125	0.192695546875	-0.205049203125	0.30049296875	-0.210019953125	-0.1845930625	0.0378943085937	0.23084909375	-0.390495	-0.093083640625	-0.1852806875	0.085006453125	-0.191290984375	-0.227472984375	-0.295087625	-0.105588953125	-0.40500590625	-0.14981003125	-0.115596046875	0.23118621875	0.104777953125	0.181181796875	-0.24320265625	0.22208421875	0.0607842890625	-0.141986875	0.122177414062	-0.224517359375	0.0554994140625	-0.23398196875	-0.175532125	-0.0819370546875	0.114380914062	-0.239561328125	-0.152893609375	-0.23997271875	-0.101658492187	-0.27414471875	0.105895789062	-0.27141340625	-0.29554278125	-0.0816325703125	-0.164628375	-0.165757421875	0.0918019765625	-0.1673044375	0.176902015625	0.114368390625	-0.1465679375	-0.51325153125	0.2672398125	-0.318709	-0.26980478125	0.133178	-0.2331796875	-0.306774625	-0.31404734375	-0.17798959375	-0.18550790625	0.194223390625	0.164399171875	-0.137461734375	-0.19353990625	-0.118052851562	-0.21366575	0.1782269375	0.23618296875	-0.3246766875	0.19900390625	-0.2960508125	-0.165541375	0.090460046875	0.16536403125	-0.0638503828125	-0.203207484375	0.118272984375	-0.2069453125	-0.186445375	-0.171337390625	-0.0907503125	0.08580796875	-0.243858828125	0.28296515625	0.161702609375	-0.257224734375	0.105540203125	0.15285815625	0.235321890625	0.2970255625	0.20308965625	-0.189369265625	-0.133039578125	-0.23001453125	0.1589015625	0.32905703125	-0.27093253125	0.047221859375	-0.296806125	-0.18142365625	0.096983390625	0.0374214609375	-0.190733671875	0.26995315625	0.147297625	-0.126048851562	3.15	0.15	1.7	15427.5	0.198960969872
120	127	251	4.1590315	2.36030375	2.3618505	2.3189415	2.6719615	2.50901675	2.592588	2.70518075	2.4131515	2.4216865	2.4442575	2.42825675	2.57256275	2.4349465	2.727802	2.3876925	2.53850775	2.475151	2.518015	2.54576925	2.71132975	2.5389745	2.56493775	2.537927	2.59446625	2.5168935	2.5399405	2.6026925	2.47081125	2.4857655	2.80197175	2.734824	2.79064425	2.589584	2.43190975	2.47549025	2.57808125	2.55935625	2.49441675	2.736653	2.6462385	2.55096625	2.68726975	2.5097975	2.427257	2.3621	2.46516525	2.57022075	2.3411215	2.6944725	2.62759725	2.5164525	2.5236505	2.77445725	2.47614425	2.5894265	2.739609	2.54154825	2.33163325	2.42363	2.39184925	2.54312025	2.6762455	2.54560175	2.572359	2.455531	2.42129275	2.689977	2.4881795	2.65714775	2.78698775	2.59504175	2.367733	2.35529725	2.58469425	2.3989585	2.680267	2.58506975	2.4972555	2.53074425	2.58632175	2.69957525	2.61522925	2.53576375	2.4667055	2.64308675	2.6173455	2.775803	2.71295675	2.63567175	2.699783	2.58768325	2.35244375	2.388906	2.4731995	2.659448	2.722518	2.51439425	2.62820925	2.62676525	2.4796875	2.66812525	2.68382675	2.5451725	2.4886935	2.84726725	2.42554525	2.6584225	2.821698	2.536102	2.604095	2.6602945	2.74707725	2.71982625	2.659489	2.75418125	2.5308725	2.57955225	2.6173945	2.57968975	2.4909775	2.54866625	2.563897	2.73184675	2.73723575	2.433303	2.49336025	2.63559825	2.721653	2.808131	2.4267305	2.5227415	2.52807325	2.6240225	2.5783535	2.60802325	2.771396	2.3969215	2.72512175	2.33474125	2.59868925	2.52898025	2.5135005	2.53757425	2.80029125	2.6187975	2.6525015	2.483432	2.56050125	2.703825	2.5266745	2.59942575	2.24122525	2.59715375	2.5365565	2.47396125	2.5720305	2.491981	2.5190935	2.758461	2.6438595	2.66751325	2.438745	2.48883425	2.603726	2.64695075	2.6613395	2.6364265	2.5934065	2.59756275	2.46233125	2.58143425	2.62744675	2.4342895	2.568635	2.57978	2.51800025	2.687505	2.471985	2.71185125	2.898373	2.6506235	2.67298375	2.6606685	2.55552475	2.48224475	2.61550525	2.8225845	2.604001	2.57317375	2.7140385	2.59429425	2.65287175	2.3771145	2.726707	2.70234775	2.60873775	2.435457	2.63007925	2.6923855	2.6288415	2.63920375	2.577105	2.466689	2.76595775	2.794537	2.66574725	2.538893	2.8625095	2.668475	2.403924	2.66269675	2.53659225	2.4305565	2.55457825	2.6832835	2.46862125	2.561928	2.55449775	2.71920975	2.520053	2.451686	2.5953535	2.6579735	2.6280205	2.66138175	2.780025	2.6378645	2.45498825	2.692376	2.58806925	2.74900775	2.607551	2.71067575	2.36640275	2.663664	2.5097735	2.72990925	2.53980925	2.57535875	2.777372	2.56581025	2.6161015	2.612938	2.962628	2.690806	2.67083825	2.56172925	2.702307	2.6224545	2.63105925	2.56	0.018	-1.9E-5	1.0E-5	0.154968148028
121	5	251	7.1519165	1.917339375	2.09090125	1.92104	1.977913875	1.94494275	1.87827775	1.940140375	1.977264875	1.98064375	1.92951925	2.08599025	1.87475525	1.843892625	2.021445625	1.801712625	1.879608375	1.970299625	1.8709905	1.77534775	1.95292125	1.908815125	1.939574875	2.0282	1.889277875	1.660871375	1.76509825	1.981815	1.947357625	1.93535225	1.879165125	2.131895	2.12774775	1.850037625	2.23399075	1.99470425	1.79032125	1.902142875	2.113946	1.86710675	2.029804625	2.136554	1.76605525	1.870057625	1.750607875	1.967595125	1.820253625	1.75146275	2.20976425	1.671265	1.984510125	1.999515125	1.921303	1.783940125	2.19683775	1.9775305	1.9231075	1.926277625	1.983733375	1.707991	1.98499925	2.088005625	1.477987375	2.00803475	1.445424	1.951381875	1.9932	1.952999125	1.910454625	1.976480875	2.027559625	1.86313	1.83097725	1.898231875	1.927660875	1.963714	2.074699	1.9629515	1.786522875	1.94471125	2.212203	2.121029	1.865577875	2.023489625	2.023755	1.894674625	1.99466925	1.906214375	2.071896375	2.038304875	1.9643915	1.677216625	1.939163	1.857252125	1.959670375	1.94417825	2.1378115	2.014208375	1.9448445	1.797656	2.00703325	1.6713055	2.20416875	2.1362945	1.895412625	1.831878125	1.9655415	1.892091625	1.94437525	2.042880625	1.982061125	1.893882875	2.09243175	1.950393	1.943343125	2.001068125	1.78846275	1.8489545	2.002656625	1.76756925	1.981709375	1.807392	2.047526125	1.8452705	1.714684125	2.128837	1.754517875	1.979057125	1.9389485	1.877835625	1.876129625	2.0138295	2.03560275	1.749639625	1.873522625	1.824703125	2.066029875	1.9403055	1.87298025	2.10087025	1.906607375	2.065829375	1.903833375	1.942862	1.8433665	2.31653825	1.989244625	1.995489875	2.001546	1.978352	1.997461875	2.037524125	1.9863465	1.90132075	2.03489925	1.895716375	1.999394125	1.951933625	2.0270485	1.969008875	1.87309425	1.94134525	1.9071225	2.017053125	1.7730045	1.77373825	1.778580375	1.9323355	1.949677875	1.964638875	1.9828655	1.896023875	2.25803725	1.9368855	1.894571125	2.009758875	1.855312625	2.002731125	1.805211375	1.776842625	2.177656	1.972838375	1.89383	1.834456	1.81126725	1.921415875	2.1518415	2.15852425	2.07648625	2.010896625	1.953038	1.689958125	1.936743	1.7316985	2.08919125	1.927536	1.9247795	1.540510125	1.825634875	2.0769925	2.08585425	1.970530125	1.927994375	2.073949375	2.33366075	2.012543125	2.083696625	1.731224875	2.020946625	1.890279	2.14477725	1.94176775	1.94773025	1.709356125	1.55421275	1.722134375	1.8192255	1.83039075	1.786444625	1.98097325	1.799073375	1.889445375	1.694853	2.099675	1.775111625	1.850955375	1.910758375	2.007178625	1.80526775	1.807121125	2.09344575	1.644690625	1.72932225	1.912644375	1.981487875	2.04615925	1.88718475	1.86717575	1.925301875	1.722042375	2.097731	1.920329375	1.9406655	1.9888295	1.894270375	2.18069	1.947802375	2.077001	1.948043375	1.958550875	2.080894	2.025	0.048	5.6E-5	3.3E-5	0.353088072469
122	126	251	2.98160325	1.050049875	1.554995375	1.29065425	1.0398244375	1.308907875	1.295828875	1.29374275	1.463196125	1.63246625	1.238075125	1.323990625	1.379984125	1.256974625	1.430817	0.928580875	1.34524425	1.301516875	1.109936	1.321481125	1.371979875	1.2466925	1.446973	1.3118205	1.387284125	1.16465675	1.405257625	1.49752975	1.292831875	1.364535625	1.298769125	1.418996375	1.452007125	1.4013315	1.12087075	1.359046375	1.18762925	1.31876575	1.352076125	1.387385875	1.367235375	1.521186875	1.174199375	1.2950605	1.26648375	1.405982	1.2602805	1.150769125	1.263465375	1.23290675	1.570648375	1.108860125	1.26027025	1.2781005	1.496804375	1.22796675	1.4328825	1.1453045	1.310985125	1.29682375	1.153156	1.3177765	1.197858375	1.248224	1.388834375	1.267478875	1.251166125	1.589624625	1.370532375	1.37520525	1.328363125	1.304323875	1.133546125	1.298714	1.276236375	1.502746125	1.160262375	1.549150375	1.440155625	1.3028995	1.095328625	1.152226375	1.339884625	1.204226875	1.2544605	1.417432375	1.44272175	1.343898875	1.5567455	1.11981125	1.443956	1.1564155	1.29093975	1.125898	1.212642375	1.26963875	1.280716875	1.315329125	1.163826625	1.323436625	1.18483075	0.903215375	0.970521	1.281219875	1.18461025	1.491520625	1.3142125	1.49455625	1.352656375	1.18718625	1.05675775	1.08427475	1.28119475	1.49815325	1.2589215	1.430521125	1.23685825	1.27890075	1.39424725	1.17826575	1.0425830625	1.183761125	1.339441625	1.048790125	1.46815875	1.50327375	1.30261375	1.220664	1.51138425	1.142602	1.36350375	1.299778375	1.2207165	1.253192875	1.386015875	1.271261125	1.258669125	1.0453125	1.178332875	1.31819725	1.292361125	1.2840045	1.261054375	1.082311625	1.24299375	1.2985565	1.328174375	1.448817125	1.293396375	1.165606125	1.0113018125	1.088749375	1.315168375	1.21656275	1.146074625	1.300592625	1.224086875	1.22080475	1.410399375	1.26132475	1.20981975	1.2163635	1.222279625	1.33328475	1.411514625	1.06646575	1.033691875	1.19224075	1.245043125	1.399958	1.3095625	1.307961	1.4157695	1.068676625	1.591299375	1.37434725	1.285430375	1.020056125	1.427917125	1.385984125	1.144179625	1.291501375	1.21511425	1.18323375	1.37439	1.3106685	1.245219	1.339655375	1.298299	1.272024	1.154373	1.233540625	1.479245875	1.193796125	1.179331375	1.138831125	1.387493875	1.26305825	1.225438875	1.529204375	1.185555	1.2964385	1.18505525	1.206185	1.1612735	1.328627625	1.320108	1.40557925	1.228860375	1.2876775	1.32824875	1.420922875	1.18835625	1.25410925	1.24730875	1.258828125	1.42896025	1.358519125	1.125810625	1.351083375	1.267390125	1.419476125	1.092879375	1.33277175	1.658523875	1.210998625	1.32093325	1.5182275	1.128713125	1.236133	1.309778125	1.335596625	1.3572915	1.23814125	1.4302215	1.3148005	1.3278495	1.378867	1.196008125	1.2643905	1.0234803125	1.05717925	1.48375575	1.1685795	1.312290625	1.07581525	1.248485	1.431056625	1.276423	1.49790175	1.061274875	1.333	0.021	5.1E-5	2.3E-5	0.16840107749
123	134	251	3.9983565	1.75954675	1.62385875	1.602889	1.637272125	1.430441875	1.057288625	1.5296845	1.5480905	1.353446375	1.443044	1.3884105	1.1098565	1.527918625	1.327202625	1.1889395	1.276848875	1.1749715	0.812547625	1.00541975	0.9477715625	1.12044775	1.130709	1.23433525	1.14735775	1.34151525	1.208243	0.8911400625	1.207632125	1.065775375	1.218967375	1.1125755	0.854989125	1.295429375	0.9027808125	1.02244725	1.060737125	1.043478625	1.212770125	0.934015625	1.146399625	1.062530125	0.7605283125	0.9579318125	1.114014875	1.197213125	1.087495125	1.01981475	1.015433625	1.052448375	1.07899975	1.0613705	1.1384305	1.267357375	1.1695925	1.0694975	0.8817060625	1.126309875	1.215827875	1.149596625	1.251257625	1.126432625	1.200862375	1.30998775	0.9830335	0.98848375	1.228870375	1.359536375	1.049294625	1.19795675	1.030462	1.274132125	1.19655825	1.065918125	0.9433305625	1.0780385	1.1329515	1.128402875	1.0230404375	1.0256594375	1.335120625	1.181731375	1.300612625	0.866739	1.138876875	1.3554365	1.176613875	1.097789625	0.995371625	1.247672625	1.262820875	1.195804	1.20783075	1.075775375	1.15487225	0.9574086875	1.239184	1.07917375	1.289056375	1.218309375	1.36630425	1.05855725	0.80396825	1.16614175	1.113427375	1.0893055	1.0752615	1.057219625	1.39600425	0.86601725	1.1988375	1.2951185	1.08096975	0.9418334375	1.330509625	1.188969	1.2169235	1.223822625	1.365931875	1.12704825	0.9984265	0.83382075	0.9403954375	1.090111	1.0700695	1.207770875	1.152834125	1.127497125	1.13524875	1.24475925	1.139012	1.230147375	0.9074158125	1.24203425	1.15447825	1.0146790625	1.201410875	1.147695125	1.174183375	1.1487105	1.180462875	1.127403875	1.095775125	1.216256	1.04270425	1.138172	1.15712225	1.29570025	1.09927275	1.09130375	1.16955625	1.174216	1.17447425	1.101265	1.2761315	1.14605075	1.0914495	0.8094821875	1.129997875	1.182346125	1.163914	1.0443696875	1.229606625	1.216443	1.27440475	1.284678375	1.119183375	1.235386625	1.160670375	1.08538175	1.184079625	1.047472625	1.55892175	0.9649024375	1.274176125	1.0160501875	1.185586125	1.130064375	1.085730875	1.24716325	1.324470875	1.33430125	0.9218311875	0.988563875	1.2480525	1.395466625	1.00251275	1.197471875	1.15612875	1.0486635	1.347534375	1.06138375	0.9329981875	1.137837125	1.195057	1.15669575	1.253663625	0.9360554375	1.1491605	1.320465625	1.112369625	1.149084125	1.206590875	1.129317125	0.934266	0.9738854375	1.22508725	1.21475625	1.0423485625	1.410350625	0.987417875	1.370324875	1.07256625	1.174630375	1.122231	1.12555925	1.033771875	0.984906625	0.7814935	0.799711	1.262261625	1.3398045	1.117866625	1.141335375	1.31412225	1.14809725	1.398901375	1.069414125	1.13863175	1.0299851875	1.120605125	1.011097	1.103535	1.321283125	1.1719605	0.9662903125	1.0605785	1.27582425	1.159220125	1.28039425	1.202919625	0.915498875	1.170365	1.19273325	1.090411	1.090758625	1.13619	1.066262625	1.34063275	1.143121625	1.487894375	1.228	0.027	8.7E-5	3.3E-5	0.235042157769
124	13	251	3.69695775	1.475569875	1.586649875	1.629097875	1.693036375	1.6259805	1.439288	1.356974	1.4530835	1.213766	1.26221975	1.64502325	1.420648125	1.18803775	1.26588875	1.36746625	1.30786425	1.035268875	1.09532575	1.137161	1.126300125	1.0378564375	1.108246875	1.14748475	1.1845755	1.0826695	1.009960875	1.110893375	0.70638575	0.934803125	1.050178125	1.122039625	0.9636993125	0.9392635625	0.854220625	0.7029810625	0.821908875	0.8990040625	0.8601788125	0.692823375	0.8317289375	0.8489813125	0.907109625	0.8696711875	0.8198935625	1.022615375	0.6119264375	0.771692125	0.6692983125	0.624553	0.62842525	0.7941234375	0.7438051875	0.853032875	0.755114625	0.633252625	0.758510875	0.8283820625	0.6231711875	0.7962303125	0.816671375	0.7137665	0.7093740625	0.718517125	0.5416481875	0.675919625	0.6015474375	0.770655875	0.30627390625	0.7259884375	0.42868553125	0.45343875	0.637776875	0.330988125	0.6479141875	0.4386376875	0.8094805	0.622784	0.51734075	0.261830546875	0.47830925	0.5902778125	0.65712525	0.54458075	0.46103575	0.49082390625	0.47566975	0.4392790625	0.30528925	0.334800375	0.44643471875	0.385229375	0.47798421875	0.339954	0.34277690625	0.36822778125	0.4862818125	0.64998475	0.37369009375	0.42954884375	0.627259375	0.215797875	0.30845803125	0.09615253125	0.30302575	-0.0648232382812	0.40013325	0.397384	0.5674845625	0.201337109375	0.3015441875	0.4244004375	0.538626125	0.43729759375	0.5936618125	0.193333625	0.4232126875	0.203102546875	0.44538809375	0.4211631875	0.5967255	0.33633915625	0.417146625	0.2706718125	0.34727321875	0.393663125	0.2822679375	0.24004115625	0.230741125	0.3088499375	0.123451882812	0.238702484375	0.248748109375	0.22766053125	0.29686934375	0.24270859375	-0.0117859052734	0.4825191875	0.2026734375	0.2587045	0.211458453125	0.254737875	0.5123328125	0.3496938125	0.2890215	-0.3019985625	0.27198828125	0.322481	0.26688165625	0.240703171875	0.29277634375	0.2764168125	0.1581320625	0.142647640625	0.15761290625	0.23527025	0.205417765625	0.44526021875	-0.219050421875	-0.0807433828125	0.313259875	0.30429984375	0.23171775	0.141814	0.4088963125	0.109462507812	0.23103915625	0.18757834375	0.235485484375	0.204208390625	0.214199375	-0.165662453125	-0.293001375	0.117444375	-0.175290203125	-0.074929609375	-0.103961	0.293435125	0.197820859375	0.152010171875	0.34652990625	0.266309125	0.223658	0.26422246875	0.16483975	-0.0772777734375	0.22893409375	-0.183424390625	0.224003203125	0.2696154375	0.3236911875	0.4271946875	-0.1946381875	0.218632375	0.173210953125	0.44627753125	0.0979759453125	0.174601671875	0.19367859375	0.198864453125	0.1626485	0.233158140625	0.37088665625	-0.118678617187	0.30636615625	0.20671840625	-0.12285309375	0.209133890625	-0.180544328125	0.077690984375	-0.195214453125	-0.105363671875	0.1398933125	0.1529149375	0.100389304687	0.2962459375	0.16040109375	0.0867053515625	0.30501653125	-0.0747006171875	0.3537445	0.0554418007812	0.190235375	0.171206453125	0.112510484375	0.149823859375	0.190650796875	0.050715734375	-0.125054265625	0.068209484375	0.234089703125	0.30356628125	0.15600009375	-0.188551421875	0.146968375	-0.189484421875	-0.0986889296875	0.211051046875	0.138071640625	0.21196890625	-0.205739359375	0.169901578125	0.104193265625	0.23305028125	-0.0362128164062	-0.132721015625	0.132531328125	0.22799728125	-0.14529596875	-0.13482078125	0.166223015625	1.71	0.05	0.00297	1.1E-4	0.199532319665
125	120	251	3.065173	2.72455775	2.40940775	2.81858575	2.77784325	2.76221975	3.01964325	2.7704625	2.70885975	2.91777075	2.7127665	2.5933035	3.11002825	2.59261575	2.4795195	2.616901	2.72939675	2.4906435	2.51226875	2.52229325	2.6464625	2.36177325	2.3695745	2.36727275	2.4810185	2.42823475	2.38420275	2.46892175	2.131113	2.175813	2.27466025	2.24446225	2.300439	2.22953475	2.2425215	2.15784775	2.042859625	2.027121	2.0387565	2.006376125	1.804969	1.766779875	1.86281625	2.12201025	1.786354375	1.92622	1.9426955	1.752475125	2.10340475	1.790021125	1.68044175	2.085623625	1.680775875	1.58535725	1.75874325	1.477567625	1.74215625	1.690948	1.67938375	1.727344125	1.822963125	1.80709825	1.550870875	1.51959825	1.420330375	1.599028875	1.614012125	1.417366	1.37555075	1.710771875	1.44074	1.470249125	1.551870625	1.58118275	1.5443385	1.317599625	1.435788875	1.371664625	1.229515125	1.49128775	1.2923625	1.234836375	1.15892775	1.33656225	1.145120625	1.216555125	1.18904325	1.241853125	0.9004679375	1.150200875	1.458924	1.160340875	1.116595	1.1573655	1.044827625	1.1370965	1.185434375	1.184406125	1.305657125	1.13205625	1.12564275	1.331438125	1.20024075	0.941414625	0.879679875	1.004742125	1.197632625	1.053781375	1.346319	1.0374420625	0.9689863125	0.659921125	0.918709625	0.7722471875	1.0103273125	0.88714275	0.921802375	0.9066075	0.8662414375	1.13614	1.25736025	0.9030700625	0.798881125	0.9623920625	0.911199875	0.870778375	0.9013459375	0.61356375	0.8545198125	0.6395038125	1.17277675	0.547543375	0.7122720625	0.959719875	0.8856410625	0.689818375	0.8380798125	0.743521875	0.6078123125	0.71327825	0.729557	0.7879931875	0.7236734375	0.880112	0.54869025	0.6777111875	0.6041006875	0.66115025	0.787129125	0.5410750625	0.8848209375	0.7251268125	0.64424475	0.5509884375	0.68438	0.7868281875	0.703257625	0.6297066875	0.5645520625	0.7068475625	0.4932653125	0.769885375	0.4416639375	0.534995125	-0.083793234375	-0.2704770625	0.5784488125	0.784637125	0.757167625	0.40251603125	0.549738375	0.39649734375	0.49402715625	0.55620275	0.43429578125	0.415579875	0.6439850625	0.5265955	0.545852625	0.45443553125	0.610789875	0.578618	0.4522401875	0.250145875	0.56244275	0.5152603125	0.455102375	0.674642625	0.49357165625	0.39903934375	-0.0615549257812	0.5828181875	-0.09078878125	0.618057875	0.5280068125	0.33188696875	0.36200775	0.40239928125	0.4827730625	0.41231728125	0.529794875	0.528051125	0.5876449375	0.39174846875	0.51219746875	0.540738	0.435734625	0.3527369375	0.388487375	0.257713625	0.37417053125	0.597750125	0.5919408125	0.542385125	-0.0807653671875	0.48291403125	0.38598953125	0.36299525	0.5019226875	0.572023875	-0.2588979375	-0.21489403125	0.645251375	-0.124608578125	0.5950929375	0.38464525	-0.33765175	0.29978715625	0.31078771875	0.353898625	0.42571903125	0.1533231875	0.368163125	0.26786134375	0.34818125	-0.14345615625	0.30751221875	0.36913571875	0.406669875	0.310011375	0.3378600625	0.25950990625	0.3055546875	-0.2246486875	0.28362815625	0.22086709375	0.100458648437	0.42180575	0.27041321875	0.253091640625	0.211421734375	3.061	0.038	0.002024	3.5E-5	0.176131844802
126	46	251	6.0459985	1.415282625	1.29901675	1.203533875	1.28303	1.004101125	1.095230125	1.196598125	1.20467225	1.124414125	1.290792	1.265053875	1.0421315	1.245431125	1.23295875	1.061191625	1.347445625	1.343504	1.113836125	1.200889	1.194087125	0.9891169375	1.394737625	1.201262875	1.31119825	1.24534775	1.197130625	1.0915775	1.117305625	1.41213975	1.265315125	0.9530240625	1.349283875	1.100175	1.3143775	1.27996125	1.2732305	1.08742075	1.075119625	1.177945875	1.1824605	1.056776625	0.9918856875	0.9412465	1.137668875	1.00348225	1.291879625	1.2165585	0.91535175	1.109422875	0.9858661875	0.8705740625	0.997805625	1.10563125	1.145783375	1.049694875	1.052400625	0.9748849375	0.9025565625	1.2887335	1.1938235	1.076375875	0.76685125	1.09893775	0.8760945	1.01892475	1.1584895	0.9049975	0.9421243125	1.143629875	0.958407375	1.1662115	1.189748125	1.152032125	0.9798310625	0.8948954375	1.189746875	1.02420075	1.2163205	1.141508375	1.311501	1.155014625	0.8209199375	1.0346316875	0.917903625	1.131717875	1.109041625	0.973672375	0.9458568125	1.107385375	1.0364075	0.8597833125	1.0030981875	0.9887219375	1.084837625	1.04511075	0.9825388125	0.8616315	0.7982958125	0.7442350625	0.9098373125	1.253217	1.0216496875	1.30234675	0.8797235	1.029021625	0.828228625	1.209823	1.08511575	1.146653875	0.97440375	0.919512125	1.0429379375	0.919266125	1.061346	1.0032969375	0.9081915	0.6382990625	0.98410775	0.87288775	0.7335933125	1.0346781875	0.994891375	0.9045484375	0.94779875	1.058609125	0.85036525	0.59442875	0.7729425625	0.8092720625	0.760562125	0.854672	0.9218923125	0.83772575	0.8926386875	1.0384149375	0.68634475	0.9695764375	1.095135	0.892496	0.8160515625	0.7777291875	0.867533875	0.960765875	0.72963625	1.047052625	0.7821898125	0.860455	0.70234675	0.808478625	0.7653645625	0.799336625	1.0101353125	0.8280709375	0.6473700625	0.9593955625	0.5705509375	0.9029564375	0.6432074375	0.829531375	0.93630425	0.9460325625	0.9922615	0.705271	0.64585525	0.757753	0.5587534375	0.6144846875	0.7816336875	0.68535575	0.82694725	0.9844500625	0.8713226875	0.946055875	0.7477159375	0.7642894375	0.84291725	0.68921275	0.7157215625	0.7492499375	0.848925625	0.915880875	0.953452	0.639713	0.943188625	0.7361293125	0.714707875	0.596772875	0.915843	0.8377709375	0.695547125	0.9311746875	0.8969733125	0.7414408125	0.7588675625	0.931513875	0.77131525	0.5852606875	0.794730875	0.7378269375	0.6407481875	0.5997843125	0.6992325625	0.9855796875	0.7019099375	0.545984125	0.6813684375	0.977080875	0.59902475	0.785312	0.873714375	0.6031725625	0.602854125	0.78183225	0.6882225625	0.787412125	0.7101059375	0.6567559375	0.667866	0.504038125	0.7962996875	0.6250956875	0.46340853125	0.94658625	0.50259409375	0.7195405625	0.8020979375	0.5353474375	0.730046875	0.7376191875	0.62260475	0.60278075	0.760278875	0.7206923125	0.7154818125	0.5553753125	0.7286966875	0.8333271875	0.6572848125	0.7576139375	0.707977875	0.7320659375	0.74611575	0.6103485	0.6990886875	0.6657269375	0.6496558125	0.686751625	0.836805375	0.871802375	0.8357129375	1.371	0.049	6.3E-4	6.0E-5	0.324243680379
127	90	251	5.1364895	1.280997	1.10770025	0.98435475	1.0438669375	1.2062595	0.9550801875	1.316854375	1.071635	0.792304625	1.08006275	1.08273025	0.8702935	1.053861875	1.059217375	1.1777765	1.0418115625	0.987207375	0.922198375	1.2865035	0.8599401875	1.0203424375	0.9962923125	0.91079875	0.84982225	0.982525125	1.05829225	1.04974	0.9830890625	0.6723965	0.7137443125	1.053263	0.8744891875	0.960147375	1.059881625	0.7031875625	0.965514125	0.9490075625	0.8362160625	0.6929345625	0.7673045	0.7686539375	0.75447625	1.1059185	0.8328714375	0.7108511875	0.761358625	0.761053125	0.769892125	0.8327121875	0.868533	0.580270125	0.5766956875	0.671119875	0.7913570625	0.68106525	0.6958636875	0.6179024375	0.8745434375	0.38427871875	0.7489424375	0.57926725	0.9582699375	0.637043125	0.816390125	0.770467375	0.495652375	0.536915375	0.5432951875	0.62566725	0.6230984375	0.769099875	0.7157175625	0.7540175	0.54297225	0.62884375	0.5897708125	0.5740426875	0.49389071875	0.7227349375	0.607796875	0.6664	0.6135574375	0.5328426875	0.44677046875	0.7377160625	0.5900715625	0.6731606875	0.575643	0.344784125	0.5654748125	0.41736346875	0.379686375	0.34078934375	0.51862403125	0.47263484375	0.5810130625	0.6880110625	0.48829046875	0.6294905625	0.32505909375	-0.078191875	0.38591609375	0.5310479375	0.42146053125	0.3144280625	0.43702721875	0.48746003125	0.34292740625	0.609430625	0.49883028125	0.6161029375	0.49622640625	0.51214528125	0.5552348125	0.30449596875	0.200273953125	0.540925625	0.46210853125	0.39621025	0.35336440625	0.643592125	0.48065909375	0.40766675	0.353398875	0.44431746875	0.572553875	0.28461215625	0.5363298125	0.3676644375	0.6442745625	0.27795403125	0.46839321875	0.230272015625	0.6051800625	0.34503109375	0.4357166875	0.3578959375	-0.19506609375	0.28468796875	0.3146525	0.28708928125	0.3559321875	0.2141646875	0.184700640625	0.3056089375	0.38214753125	0.60714875	0.394072875	0.34643928125	0.51009775	0.40188859375	-0.0684028046875	0.2432301875	0.244510828125	0.28039034375	0.26446075	0.45683275	0.5076659375	0.40318396875	0.2831315625	0.35683425	0.405571125	0.32251225	0.25372746875	0.451168125	0.31913309375	0.15936325	-0.16324746875	0.108090984375	0.31732090625	-0.0811332578125	0.147154796875	0.152749625	0.225379546875	0.16869171875	0.42028775	0.4029413125	0.166691328125	0.28050096875	0.4934205	0.231159671875	0.198435921875	0.254146984375	0.191194875	0.28765603125	0.19312334375	0.23660765625	0.43103884375	0.3393701875	0.36210053125	0.26626784375	0.13691740625	0.34111628125	0.35167890625	0.15937075	-0.2815903125	0.114600367187	0.28761746875	-0.17783390625	0.487206625	0.43494528125	-0.213782640625	-0.127040875	0.208543078125	-0.1377881875	0.0643273632812	0.169489921875	0.24244465625	0.1118395625	0.2648965625	-0.06359171875	0.3002066875	0.221804734375	-0.24643196875	0.2923838125	-0.076442109375	0.23812584375	0.23497496875	-0.084480296875	-0.142531734375	0.2665741875	0.17662221875	-0.0469462890625	-0.2822378125	0.23424290625	0.27256675	-0.139364953125	0.160691546875	0.142153234375	0.1823499375	-0.0369360078125	0.332367375	0.37838659375	0.203603203125	0.288878875	0.35137515625	0.213135609375	-0.149776390625	-0.105616390625	0.14413453125	-0.227796734375	0.51516825	0.255378296875	0.13668321875	-0.0690246875	0.3298101875	-0.31102240625	0.080023546875	0.2730883125	0.224102390625	1.38	0.07	0.00213	1.5E-4	0.291011848185
128	14	251	6.041705	1.674286375	1.580537	1.3940005	1.38757125	1.4778235	1.417553	1.275731	1.420277625	1.082564	0.8639139375	0.9225058125	1.218627125	0.9696854375	0.872565375	0.9724496875	0.9397238125	0.9663284375	0.543371125	0.7294243125	0.5632083125	0.6076026875	0.77861125	0.56799825	0.51892975	0.8090699375	0.52566475	0.4632121875	0.4747378125	0.41877584375	0.40267871875	0.6057578125	0.50879196875	0.38033528125	0.52321028125	0.5771995	0.4878239375	0.609485	0.35218828125	0.36148246875	0.6077275	0.2705690625	0.61900825	0.36938175	0.242749171875	0.3454576875	0.29646728125	0.49760965625	0.27023490625	0.316214625	-0.0948138359375	0.35014040625	0.40875175	0.30332328125	0.51965571875	0.32941925	0.25478990625	0.139966453125	-0.0716332421875	0.172086625	-0.046141515625	0.335669875	0.23365540625	0.229958609375	0.4490804375	-0.156436609375	0.225959421875	0.129672828125	0.3725098125	0.141253984375	0.25112771875	-0.120966648437	-0.112822929687	0.19300734375	-0.06069890625	0.266593875	-0.102007351562	-0.076649671875	0.25065575	-0.22416128125	0.4241901875	-0.133626625	-0.21031865625	0.144399125	-0.0971845390625	0.19291975	0.2494600625	0.3626955625	0.26664378125	-0.074962984375	0.168875703125	0.36210915625	0.156366015625	0.2325605	0.262100625	0.39184971875	0.23274615625	-0.1058154375	-0.26398203125	0.2698155	-0.1117365	-0.0932566171875	0.33125875	-0.2100203125	0.31273934375	0.172161140625	-0.239702671875	0.220365546875	0.095748890625	0.319133875	0.2579915	-0.13100340625	-0.19053959375	0.184617765625	0.27046765625	-0.11976603125	-0.119859710937	-0.075450203125	0.202816921875	-0.1775364375	-0.26830846875	0.16900059375	-0.155846171875	-0.15554309375	0.291092625	-0.205888125	-0.240246515625	0.2540603125	0.116840179687	0.127106101562	-0.2795039375	0.230868125	0.14121628125	0.20165390625	-0.123072960937	-0.24707040625	0.03452025	0.0553958984375	0.16820971875	-0.41055590625	0.202205234375	0.29486090625	-0.23258175	0.102220710937	-0.124411054687	0.21061484375	0.2299814375	0.175676953125	-0.127659617187	0.253836296875	-0.288728875	0.314335125	-0.0246002382812	0.053594203125	-0.0956812890625	0.19595871875	-0.335783125	-0.16349471875	0.1730424375	0.25525909375	-0.201800109375	0.1769845625	0.13864721875	-0.18639625	-0.189005046875	0.0803157890625	-0.16543221875	0.31021940625	0.34564034375	0.31454490625	0.165481109375	0.14655121875	0.153725078125	0.157170640625	-0.171973578125	-0.17849	0.349824875	0.2160826875	0.0449167773437	0.1866699375	-0.2344950625	0.16320703125	0.267295375	-0.07285559375	0.0265229179687	0.10991540625	-0.148438875	-0.2038638125	-0.256943203125	0.224310140625	-0.0752882109375	-0.165257296875	-0.2527903125	-0.17502596875	0.2109865625	-0.22787409375	-0.194947875	-0.27719946875	0.261427671875	-0.1816465	-0.22864259375	0.128038109375	0.263212625	0.11862834375	-0.277214375	-0.187596375	-0.2129535	0.1171220625	-0.142919828125	-0.157652546875	-0.08786453125	0.380091625	0.199197125	-0.144232046875	0.110554703125	-0.311708375	-0.37245775	-0.253261734375	0.147965515625	-0.137071546875	-0.19015346875	-0.17839240625	-0.155895421875	-0.192627328125	0.1659756875	-0.0607619414062	0.309491125	0.17285571875	0.125362789062	-0.26978990625	-0.244959046875	-0.116635609375	-0.200930484375	0.184508734375	-0.18179746875	-0.131559375	-0.3064484375	0.078961859375	-0.230601296875	-0.121357804687	0.0867471484375	-0.121378	0.30270928125	-0.19196940625	-0.136767890625	0.25478428125	-0.200142359375	0.33503965625	0.07374721875	-0.181780859375	0.11060409375	3.39	0.21	0.0166	0.0012	0.300932675783
129	81	251	12.946863	0.163613609375	0.184600703125	0.149592640625	0.5064096875	-0.26775596875	0.3263966875	-0.18821425	-0.3107426875	-0.2993475625	-0.2877745	0.24026446875	-0.113341015625	0.28753196875	0.154507734375	-0.518447375	0.2922208125	-0.234448484375	0.28392771875	0.24712609375	0.14943690625	0.4399885625	0.4490071875	-0.48994575	0.15807803125	0.2252581875	-0.222226265625	0.296055875	-0.33555959375	-0.08853059375	-0.260231171875	0.192965171875	-0.0843046484375	-0.2968309375	-0.187771125	-0.123652796875	0.204132578125	-0.209800609375	-0.16333790625	-0.198904828125	-0.5044628125	0.405153625	0.26933334375	-0.2764886875	0.21534434375	-0.2349023125	0.215194375	0.3003110625	-0.165329375	-0.18073325	-0.119074046875	-0.3963900625	-0.249540953125	-0.4849279375	-0.29732071875	-0.38807346875	-0.0608256015625	0.185884171875	-0.3301185	-0.34827015625	-0.0558361210937	-0.254737828125	0.37240340625	-0.29460078125	-0.127348921875	-0.269054125	-0.178098328125	0.587691375	-0.101428398437	0.2839335625	-0.2689575625	0.231634390625	0.34287090625	-0.4067755625	0.22377446875	0.37057440625	0.116047125	0.197544203125	0.16261140625	0.4935725	-0.223533546875	-0.2125208125	-0.200546171875	0.15127365625	0.308301375	-0.071801296875	-0.131197828125	-0.20101325	0.19012565625	0.229052265625	-0.28336471875	-0.193050484375	-0.18903940625	-0.186238203125	0.5956558125	-0.37910271875	-0.32246903125	0.6818155	-0.422433	-0.162272921875	-0.2170764375	-0.44799428125	0.3316035625	0.31057490625	-0.127648460937	0.15193015625	-0.103693023437	-0.3661250625	0.3418839375	0.22907146875	-0.1519211875	0.4074015625	0.39613403125	0.12965225	0.16979209375	-0.28312015625	0.32570834375	0.26941934375	-0.372876625	-0.181484703125	-0.2804511875	-0.128848820312	0.20887934375	0.5222384375	0.17117246875	0.20639925	-0.4291461875	0.103641335937	0.41799921875	-0.3403088125	-0.183542875	0.234951	-0.254869515625	-0.13873671875	0.224289015625	0.241761609375	-0.35250565625	-0.146616875	0.41141775	0.51230828125	-0.3073605625	0.40819975	-0.306632125	0.23472403125	-0.13842	0.13716996875	0.13893946875	-0.195731625	0.238579703125	0.36579709375	-0.15175671875	0.3321226875	-0.29953615625	0.2637514375	0.092087265625	0.155090109375	-0.24322565625	0.3913619375	-0.1654736875	-0.4392840625	0.24238503125	-0.222654125	-0.288141875	0.37885590625	-0.56021125	0.217005875	0.40779815625	0.213881890625	-0.103152210937	-0.34747390625	0.22764628125	-0.102444328125	-0.38907940625	-0.37110921875	0.304085375	0.228607484375	-0.137634171875	-0.09361796875	0.2670556875	0.31508946875	-0.261644203125	-0.29462203125	0.35158446875	0.30450815625	0.298421875	-0.23301640625	0.183228671875	0.3623505	0.120934796875	0.33482740625	0.250704546875	-0.132741953125	0.06612853125	0.2687415625	-0.4657685	-0.451672375	0.35937215625	0.48480803125	-0.214129328125	0.210077078125	0.5651719375	0.32608603125	-0.2469898125	-0.221295984375	0.244802640625	0.28859271875	-0.3196578125	0.257847609375	-0.0729921953125	0.3941478125	0.333183625	0.33196665625	0.3749635	-0.214553296875	-0.5326171875	0.37989490625	0.250606421875	0.2551881875	0.49135146875	0.34560434375	-0.268852625	0.4388905	-0.3222439375	0.3633206875	-0.53293325	0.3652501875	0.316944	0.4126889375	0.14781740625	-0.4030553125	-0.1787754375	0.40274690625	0.19486471875	-0.37217290625	0.21707315625	0.34968346875	0.34241696875	-0.24545715625	0.42692196875	-0.251410046875	0.4224889375	0.250405390625	-0.5998619375	0.237664328125	-0.317833875	0.3841788125	-0.351913375	-0.120724015625	0.14907453125	-0.179970609375	-0.33399475	12.95	0.34	0.3	0.3	0.300965071059
130	76	251	7.1958395	4.039298	4.006719	4.00204625	3.96929025	3.90322275	3.73594325	4.0097215	4.0813805	4.02829575	4.0612685	4.00941225	3.9768385	4.03513675	3.964522	3.94124275	4.04460425	3.8088525	4.09484675	3.79286175	4.256319	4.102232	4.08012975	4.13384275	3.99189575	3.97893775	3.95513175	4.0858685	4.0479505	3.8801255	4.002303	3.90103175	3.840161	3.978036	3.96930175	3.92667275	4.00079375	4.01653775	3.82068325	3.92251275	4.1095555	3.7179765	4.15851025	3.8121365	3.8607085	4.066106	3.94034325	3.991498	3.935369	3.91205325	3.827021	4.02376875	4.07681525	3.94687875	3.9834175	4.245205	4.0869925	4.036408	3.89033625	4.13567	4.201357	3.88998075	4.285102	4.0939375	4.2548535	3.953891	3.716085	3.947243	4.0020565	3.800563	4.02080525	4.2707245	3.92099	3.94514625	3.94842375	4.0221215	4.05105525	4.03113125	3.98932575	4.19148625	4.02034375	4.219668	4.02597125	3.8935945	3.95579675	3.892515	4.4133635	4.11321	4.03827	4.214063	3.7694695	3.963065	4.150266	3.82068375	4.053016	3.96251325	4.182675	4.1971495	4.01051475	4.2003795	3.96039075	3.92144875	3.90443825	3.910196	3.91547775	3.97336625	3.89363475	4.00053525	4.0186255	3.97550275	4.107281	4.17833975	3.87233275	3.834519	4.12558525	3.96332775	3.94085325	4.111326	3.91669075	4.15474775	4.1522385	4.2578465	3.9908915	3.7987625	4.235782	3.80334275	4.3033435	4.1520615	3.87100675	4.12824325	3.97575075	3.98161375	4.01671175	4.2506855	4.28946	4.03205775	3.95938575	3.98047525	3.8811475	4.007758	3.8944345	4.2545195	4.219317	4.05173025	3.99740125	3.96648875	4.07098975	3.86440525	4.130114	4.09772525	4.13472675	3.927371	3.80803025	4.089083	4.0730725	4.00090375	4.043991	4.0371515	4.00666775	4.0399105	4.127246	3.9862865	3.80940975	4.000468	3.8871105	4.2059225	4.0554915	3.8584545	4.188735	4.0166965	4.149932	4.1033135	4.02073825	3.91497025	3.7829455	3.872103	3.861732	3.87913725	4.2212285	3.840322	3.88823825	4.13741025	4.08428275	4.08023275	4.14442225	4.001123	4.12602125	4.003801	4.1050185	3.90701375	3.9184475	4.055653	4.3741245	4.02888875	3.98626975	4.003104	4.037792	3.96994025	3.75447775	4.1480885	3.930767	4.27118	3.9280575	3.868879	3.874363	4.130654	3.92727525	4.0062485	3.8795135	4.1631265	4.06961525	4.04391	4.18005225	4.072357	4.17570225	4.18111275	3.9233665	3.843994	3.90853975	4.08603	3.70573675	3.95173575	4.157287	4.291586	4.12168625	4.2212825	3.91164125	4.00970975	4.03186725	4.247235	4.14187925	3.8703845	4.12929675	4.02944225	4.080893	4.110298	3.91453475	3.90661725	3.86401025	3.92863	3.9623725	4.15188325	4.2163285	4.150961	3.9612525	3.84836825	3.87388275	4.06483375	3.92447425	4.10768975	4.2783535	4.046	0.034	6.0E-6	1.2E-5	0.239514644712
131	77	251	3.21728925	1.73412125	1.7218685	1.593910375	1.515311	1.749784625	1.7654205	1.619573875	1.650791375	1.533055	1.84298375	1.558323875	1.7216775	1.134305125	1.55025275	1.785089	1.767226625	1.668387625	1.508867375	1.669929375	1.747838125	1.594412125	1.608819	1.658868	1.621419625	1.848520625	1.6852945	1.43660325	1.66440325	2.03847325	1.560256	1.452478	1.7343405	1.581319375	1.79434875	1.594654875	1.599129625	1.712713	1.654352125	1.549026125	1.87145325	1.657370375	1.939790625	1.533755	1.794691625	1.77211875	1.664586	1.6939315	1.527297125	1.508512625	1.65488625	1.458833625	1.74177125	1.67290325	1.7928825	1.50069325	2.000388125	1.537254625	1.353250875	1.735548375	1.65518325	1.825653	1.831135875	1.792510625	1.36034325	1.898445	1.850024375	1.67136125	1.7210425	1.77388175	1.536527625	1.731828375	1.95787025	1.420271	1.5766415	1.60040175	1.3458525	1.6485625	1.628501	1.47316025	1.673196125	1.6319215	1.355670625	1.929397375	1.7783215	1.74000025	1.568272625	1.572386	1.7825025	1.775986875	1.76502975	1.7436285	1.719427125	1.597531125	1.539038125	1.643692	1.69303375	1.5648185	1.88527675	1.603326	1.650292625	1.643545125	1.8343145	1.519998375	1.5122035	1.51529675	1.368886875	1.640188125	1.663238375	1.88776425	1.76869325	1.7148465	1.770518125	1.581414125	1.613302375	1.76670375	1.619888625	1.8351385	1.646999375	1.491286875	1.8535395	1.76927025	1.626437	1.828849	1.484423625	1.630880375	1.69793425	1.5171615	1.708530125	1.656973375	1.735106375	1.794776375	1.91475625	1.727450375	1.590859625	1.772893625	1.507004375	1.611695375	1.631811375	1.493058625	1.645832	1.763038625	1.64462175	1.63758125	1.79447675	1.509567875	1.845819625	1.467806625	1.515174875	1.8211095	1.6412695	1.6237975	1.692132	1.784095125	1.540101375	1.679908625	1.825338125	1.686572125	1.555777125	1.64524025	1.7190535	1.678562625	1.588623625	1.553310375	1.538381375	1.793656875	1.564371875	1.7672845	1.596635	1.745329125	1.774134625	1.693674125	1.6169365	1.563877375	1.62351575	1.5853005	1.647627125	1.52302725	1.6037345	1.6499055	1.6686275	1.665204875	1.575986125	1.643879375	1.594399875	1.4433985	1.59505875	1.679645625	1.6640305	1.485257375	1.8189615	1.63522675	1.637386875	1.86017775	1.739363375	1.62180175	1.600444875	1.8036865	1.85887	1.56149925	1.648143125	1.3133115	1.595685375	1.607669375	1.542625875	1.9565285	1.525780375	1.704725	1.72269275	1.54486075	1.47374825	1.792900125	1.360107	1.501609125	1.675394875	1.42355025	1.515173625	1.4514915	1.578604875	1.6856735	1.4970495	1.641586875	1.447690125	2.02237725	1.497219125	1.563371	1.944663625	1.561493	1.726676375	1.5468035	1.55854225	1.53045075	1.742628	1.458838	1.769533625	1.645291125	1.5946385	1.57762425	1.464872125	1.594443125	1.76417	1.73225575	1.640471625	1.72839775	1.761251	1.53769775	1.658337875	1.769174625	1.723876375	1.645840875	1.594326375	1.696	0.023	3.6E-5	1.9E-5	0.166359910942
132	118	251	6.3939975	1.4196185	1.535191375	1.60882575	1.337822625	1.29618425	1.242528375	1.67066	1.362162375	1.44415125	1.583614875	1.40513725	1.354144625	1.4263295	1.530814625	1.519989125	1.3403215	1.15183525	1.505379	1.354580375	1.533674	1.435212375	1.328180875	1.4380845	1.520744	1.294396	1.38714075	0.927923125	1.42011075	1.392640125	1.2611335	1.447958875	1.12525975	1.20679775	1.327533875	1.1233515	1.446383375	1.303328	1.357256	1.134901875	1.182471125	1.456874375	1.400015625	1.559344375	1.42649925	1.235659625	1.38074675	1.402596625	1.482377875	1.2954815	1.325779625	1.38305925	1.443072875	1.207692125	1.215148375	1.52207575	1.421101375	1.36757675	1.367657	1.239130125	1.1692175	1.317374375	1.01692725	1.20725175	1.365765125	0.9900579375	1.19527325	1.0437505625	1.32654175	1.3904195	1.23434525	1.317676125	1.161659125	1.482149375	1.172085125	1.175345	0.88307275	1.293479375	1.379089	1.275121875	1.274346875	1.4077495	1.233550375	1.351425375	1.1275815	1.36196475	1.2601905	1.366214625	1.292662375	1.336098	1.253672375	1.185516875	1.198419375	1.084015125	1.357159375	1.272979	1.329896	1.135495625	1.157754625	1.03025275	1.3066045	1.168118875	1.248673125	1.342450375	1.103752125	1.362494125	1.18837575	1.436426125	1.257317625	1.327373625	0.9668031875	1.065560125	1.16833075	1.059025625	1.14938175	1.509145125	1.19976525	1.318963625	1.407491	1.39254525	1.257094375	1.101041625	1.399377	1.0723725	1.226592875	1.0254901875	1.2399385	0.891270375	1.389514375	1.320913875	1.07088325	1.139561625	1.007269375	1.09284775	1.194453625	1.290549125	1.19794575	1.0225615625	0.799954875	0.9700036875	1.38332475	1.5474365	1.260317	1.380712375	1.0341285	1.295387875	1.0312738125	1.25620875	1.06136	1.168082125	1.118036875	1.1935615	1.1740275	0.97242325	1.021368	0.9889365	1.321588625	1.013087	0.835497375	0.77767375	1.34401525	1.089348625	1.352037	1.226353625	1.0026729375	1.2540335	1.296797125	1.111041625	1.228649125	0.9302041875	0.9725876875	1.246656875	0.9942274375	1.085762	0.985488	1.280216	1.2382495	1.30633475	1.28522925	1.165461875	1.0140166875	1.367846875	1.068214375	0.978334	1.17117775	1.182540875	1.376312	1.132970875	1.166771	1.20373025	0.8870235625	1.202342375	1.0019249375	1.1612895	1.377514875	0.877982	1.24919525	1.255674375	1.270988375	1.21390125	1.275453	1.027965	1.0797195	1.284866875	1.0149953125	1.1264095	1.203584875	0.9197205625	1.154849625	1.069676125	1.131247625	1.09644075	1.191615	1.102571	1.11386725	0.9051115625	1.1255855	0.89881175	1.09829275	1.198320875	1.0443871875	1.21044575	0.9410425625	0.8943834375	1.222002	0.9513080625	1.492426875	1.074315875	1.3539665	1.201531125	1.32373375	1.1648585	1.048220625	0.9821620625	1.306003875	1.136816375	1.379198625	1.094000375	1.1519295	1.204691375	1.147883875	1.225714	1.22314125	1.3199855	1.102086	0.8669496875	1.17844425	1.180857875	1.071308625	1.152673125	0.9651828125	1.479	0.049	2.85E-4	4.8E-5	0.345266935712
133	150	251	11.001024	3.833974	3.80944425	3.8944255	3.93540425	3.97056325	3.91216425	3.80619925	3.8788915	4.0794335	3.98149325	3.86359	3.776667	3.82342	4.00788525	3.8209645	3.913478	3.77172625	3.77187625	3.9351655	3.871307	3.74650875	4.07452525	3.86298175	3.7512405	3.65234225	3.8613265	3.8471575	3.75345925	3.86312925	3.82780125	3.650917	3.73907425	3.74267375	3.82042675	3.66782975	3.8228535	3.55540625	3.8683825	3.65480375	3.67434575	3.69452525	3.779942	3.69006025	3.58766225	3.49454175	3.60991425	3.67014075	3.808743	3.660348	3.68476375	3.6436195	3.72103825	3.7130695	3.56147425	3.69384325	3.64853375	3.548257	3.4624925	3.530228	3.62581825	3.58265325	3.34542375	3.22721425	3.45488075	3.70058525	3.32444875	3.34830775	3.58406025	3.46761225	3.6330905	3.4318335	3.4788255	3.36346975	3.59464625	3.51713875	3.63223725	3.57874175	3.6624475	3.77570525	3.65580725	3.6342775	3.530285	3.5503085	3.5765725	3.547257	3.452525	3.27435025	3.3568045	3.42216625	3.367579	3.48162725	3.4409655	3.337879	3.4079255	3.42911725	3.41146025	3.496676	3.23770475	3.49755075	3.36372575	3.2674805	3.30225075	3.4046	3.1960505	3.39421725	3.3554105	3.6291585	3.405245	3.49599525	3.35919675	3.46783825	3.3287245	3.4048555	3.5082025	3.51067275	3.28037025	3.52104825	3.43321275	3.39540425	3.4230315	3.41738675	3.19161025	3.42698725	3.62117075	3.4665005	3.5259795	3.51935575	3.351918	3.379134	3.149195	3.24466675	3.278214	3.2069485	3.02904925	3.4217795	3.3599595	3.48647325	3.42712125	3.26834575	3.28138025	3.24935225	3.469976	3.07241375	3.4852875	3.24067925	3.1824955	3.094346	3.08237375	3.23907275	3.133091	3.2203895	3.19464625	3.31114175	3.19725475	3.403338	3.4488145	3.1626335	3.4819325	3.353248	3.5055665	3.265846	3.35364525	3.19138	3.19071	3.25622775	3.2164925	3.2649055	3.141007	3.0537505	3.23912075	3.499819	3.425029	3.1307755	3.216724	3.1989185	3.14681525	3.1872395	3.056529	3.51013725	3.28110675	3.28670775	3.3088195	3.09302125	3.08807175	3.17862425	3.36025425	3.08214525	3.24934325	2.9909105	3.170366	3.2658785	3.24315125	3.267525	3.1300455	3.1849665	3.1089615	3.035581	3.25016925	3.13138675	2.90072825	3.27847225	3.15744675	3.0893245	3.16964475	3.25133625	3.353602	3.067461	2.9260595	3.44275575	3.2822	3.23071	3.2539225	2.99655675	3.1496635	3.08311325	3.16660225	3.273333	3.3519975	3.28778525	3.0496655	3.2403345	3.1169035	3.24370475	3.250063	2.9499475	3.212601	3.09804475	3.33972375	3.060105	3.1167935	3.09591675	3.37443225	3.20013725	3.36187125	3.18084325	2.95563425	3.28746175	3.25053025	3.2024325	3.266252	3.20147125	3.23127625	3.0851735	3.12956	3.222827	3.2661975	3.25022475	3.06644025	3.0629795	3.10542225	3.95	0.06	2.23E-4	2.2E-5	0.468038772734
134	155	251	8.463142	0.802714375	0.49524690625	0.4572378125	0.328872	0.3074325	0.202149375	-0.1353556875	0.22411715625	-0.1757145	-0.1588884375	-0.101810484375	0.0800187109375	-0.101819015625	-0.2575348125	-0.43075346875	-0.39149571875	-0.32896496875	-0.243441125	-0.1604598125	-0.167964	-0.112678125	-0.310851	-0.204971203125	-0.118732210937	-0.119339132812	-0.24655678125	-0.166267359375	-0.0375437070312	-0.2853765625	-0.195234703125	-0.17895534375	-0.19510415625	0.0718147734375	0.059604546875	-0.105762140625	-0.28708825	-0.41945725	-0.2799344375	0.0108312890625	-0.138353	0.158026140625	-0.118421328125	-0.38444309375	0.0927456328125	0.099168390625	-0.170214015625	-0.0684336875	-0.36224540625	-0.1239519375	-0.15308071875	-0.190566859375	-0.1877095625	0.092186890625	-0.39119321875	0.06625065625	0.15259946875	-0.433819375	-0.1598553125	-0.1760975	0.1665394375	-0.112275421875	-0.140252046875	-0.25182496875	-0.25902946875	0.109323398437	-0.226844328125	-0.164085109375	-0.4106853125	0.04352690625	-0.220683921875	-0.236012609375	0.0711056953125	0.0560018945312	-0.163074140625	-0.106321242187	-0.34371196875	-0.2897673125	0.0864098203125	-0.1998984375	0.0636325859375	0.32573509375	-0.1330325625	-0.18835121875	-0.284037	0.206777828125	-0.32776640625	-0.238175234375	-0.0757871484375	-0.32066803125	-0.261670078125	-0.19929675	0.31077940625	0.0846237265625	-0.040000796875	-0.26466778125	-0.13946846875	-0.234369875	0.15903	-0.121550164062	0.2214174375	-0.257768984375	-0.21215671875	-0.194027375	-0.274111875	0.2886724375	-0.19084246875	-0.25908325	0.122356390625	-0.2696895	-0.24548315625	-0.25003296875	-0.37716359375	-0.2003471875	-0.0324818945312	-0.24873465625	-0.189084671875	-0.1377413125	-0.23276403125	0.17455265625	0.0477445625	-0.25422325	0.180191734375	-0.467764875	-0.186804546875	-0.21208928125	0.25432740625	-0.31724334375	0.139037640625	-0.161231203125	-0.04360346875	-0.159815890625	-0.38259940625	-0.184553734375	-0.25266909375	-0.138567046875	-0.100897140625	0.116610367187	-0.179102625	-0.23921225	0.0616610546875	-0.1739495	-0.29907115625	-0.0365128203125	-0.127384078125	-0.117896007812	-0.240616765625	-0.14797796875	-0.17220403125	-0.26497334375	-0.150873890625	-0.142847359375	-0.26234825	0.166002875	-0.19209553125	0.060933578125	-0.41359215625	-0.196663109375	-0.230874859375	-0.12425225	-0.13741096875	0.073342328125	-0.2863988125	-0.4448095	-0.2136539375	-0.069106328125	-0.29753475	0.19344728125	-0.14591271875	0.23383190625	0.15916653125	-0.144401	-0.352154375	-0.128654765625	-0.2663016875	0.121325351562	0.147041015625	0.1922058125	-0.1650409375	0.126547570312	-0.1697236875	-0.24312809375	0.0361213984375	-0.34756725	-0.112988273437	-0.237663640625	-0.270865125	-0.131117828125	-0.170468875	-0.113280882812	-0.3945961875	-0.345111125	-0.217386265625	0.0499008632812	-0.191280578125	0.0923963984375	-0.21694628125	-0.28390846875	-0.17195221875	-0.18748446875	-0.2704629375	-0.50810575	-0.124725015625	0.0119120253906	-0.1835306875	-0.29001484375	-0.150443109375	-0.4671945	-0.32313478125	0.136898390625	0.0050525390625	-0.31802796875	-0.092999640625	-0.21463078125	0.037519265625	-0.251246578125	-0.22275771875	-0.258708046875	-0.161035453125	-0.286541125	-0.2709366875	-0.3649388125	0.266748	-0.2868974375	-0.124344820312	-0.135762	0.114905523437	0.0596734960937	-0.118715695312	-0.099470765625	-0.10058821875	0.0250392617187	0.27914	-0.1182510625	-0.22278734375	-0.2782583125	0.186424578125	-0.27653653125	-0.138613671875	-0.28918009375	-0.29895309375	-0.38493928125	-0.490677625	-0.26222603125	-0.3095169375	-0.12382125	-0.174818875	0.17812365625	0.0952134296875	0.0551188789062	-0.085071453125	8.45	0.23	0.143	0.011	0.220647677974
135	95	251	7.9713025	1.201539125	1.082866375	1.324499	1.225027	1.43933225	1.33542025	1.15813425	1.0455345625	1.206723	1.266896875	1.26089525	1.08892625	1.23431075	1.469228875	1.096148875	1.1001785	1.264014625	1.0082113125	1.088338625	1.07723	1.28782025	1.162336375	0.9553961875	1.291805125	1.277458125	1.35448	0.9953353125	1.276346	1.19453875	1.362417875	1.173403125	1.33460425	1.274464875	1.3176415	1.0351628125	1.187727875	1.22001425	1.441261875	1.22660175	1.1633045	1.126957125	1.32352425	1.039152875	1.325426375	1.087926875	1.218401625	1.26106	1.23336875	1.185161625	1.264353375	1.077369875	1.1364535	1.2774065	1.17415525	1.320640125	1.179914	1.178149	1.201139375	1.1096495	1.3875985	1.2844415	1.385178	1.071063125	1.056114625	1.300687	1.184321	0.999623	1.253228375	1.17979875	1.48961125	1.098788125	1.31010925	1.1663245	1.2769135	1.225317375	1.285294875	1.065807375	1.23863875	1.14548025	1.16153775	1.238199	1.21843	1.3037695	0.995795125	1.0306093125	1.1570215	1.08497025	1.248991125	1.1639955	1.399407125	1.22954275	1.295166125	1.373871625	1.205995	1.312608875	1.033961125	1.219618375	1.308474125	1.087172125	1.217402375	1.372431125	1.240590875	1.38744375	1.24721575	1.193120125	1.266013625	1.439178875	1.0086235	1.214248125	1.23465775	1.0245876875	1.165391125	1.2804765	0.998861	1.337807125	1.29617175	1.0182085625	1.20458875	1.25473475	1.213211125	1.21464	1.213316125	1.112057625	0.983079125	1.18694425	1.179130375	1.290892125	1.26850675	1.43261725	1.49769425	1.029712	1.366312875	1.0660195	1.218748375	1.223780125	1.098878375	1.12622075	1.271686625	1.123636	1.0396529375	1.27288525	1.3648885	1.4389505	1.04980875	1.28121525	0.971836625	1.3420785	1.105331	1.127087625	1.2693575	1.086417875	1.2084935	0.9723440625	1.260738625	1.0016435	1.221843625	1.1962095	1.07223025	1.2127785	1.32584675	1.221284375	1.1989855	1.387298	1.180209375	1.388608625	1.465803125	1.412442125	1.058037125	0.990888125	1.1159545	0.9728951875	1.039619375	1.349326625	1.15684675	1.144464625	1.2044855	1.437670125	1.12567825	1.40399625	1.38508475	1.1262905	1.2138945	1.207541625	1.217860625	1.410591	1.34614	1.223271375	0.9533380625	1.111385375	1.102617625	1.2665695	1.103980125	1.266396125	1.143307875	1.282901875	1.173889875	1.154124625	0.9928225	1.359445375	1.24136825	1.2084105	1.36183575	1.179651375	1.2554125	1.34794325	1.37527875	1.466705625	1.423039375	1.37320775	1.188874625	1.27648925	1.19185575	1.093238	1.359658625	1.41924675	1.158653375	0.9993073125	1.35432825	1.305081625	1.245636125	1.2283395	1.161535125	1.232345375	1.360971625	1.207478875	1.1944515	1.126959125	1.141263125	1.20878175	1.368816625	1.019062125	1.291893125	1.280168375	1.3885505	1.456939125	1.248849125	1.27853675	1.1289415	1.316266	1.17795425	1.317644	1.273542875	1.453242625	1.22377325	0.9680975625	1.211556125	1.295732125	1.2414125	1.34588425	1.288046125	1.31	0.06	8.0E-5	6.0E-5	0.441422647946
136	147	251	6.445234	2.41073375	1.938046375	2.1336665	1.95894025	2.13855725	2.041275625	1.848565625	2.17239225	2.033065875	2.0696225	1.845194875	2.171455	1.829819125	2.0422915	2.13892575	2.01772125	2.31512825	2.095161375	2.26864025	1.965800875	2.20522775	2.043874125	2.108837	2.352728	1.90946	2.0730295	2.22619225	2.206993	2.082004375	2.1380345	2.026073	1.981807125	1.98359475	2.23120525	2.05056875	2.1931625	2.132494	2.16358125	2.14541075	2.04015475	2.1790335	2.048229375	2.036295375	2.0366875	2.1176545	2.2712095	2.011138	1.9592955	2.01720425	2.1263115	2.01621475	1.7830585	1.98125075	1.97571875	2.25952375	2.031869625	2.3191515	2.14369775	2.22498175	1.978507125	2.11696775	2.0320445	1.7827575	2.204569	2.071592625	2.0381805	2.14856	2.1936775	2.110615	2.054319375	1.918838125	2.107151	2.0977265	2.282634	1.804902875	2.14234025	2.20825525	1.84423425	2.19510675	2.2381355	2.056711875	1.97355675	2.3122265	1.957122625	2.117247	1.972343125	2.1143345	1.953073125	2.0113345	2.01316125	1.908329125	2.20144575	2.084623625	2.14231825	2.07812975	1.799477125	1.767764	2.095705125	2.0735905	2.20496825	2.20017875	1.838623125	1.946217375	2.13407275	1.91143325	1.92616375	1.769681625	1.91175275	2.05571325	2.031678125	2.0391605	2.054591	2.086817875	2.00755725	2.14143025	1.961876125	2.037171125	1.914572	2.025582125	1.930898125	2.039714875	2.05089475	1.921391375	2.21429125	2.21352875	2.20825725	1.839306625	2.2171045	2.31664925	2.086172	2.2271985	2.01380225	2.1142015	2.182875	2.060311	1.89729775	1.976673875	2.01758675	2.007888	2.461773	2.059910875	1.887185	2.19924575	2.130737	1.92627025	2.0808705	1.89581825	1.932139625	2.29122975	2.0305635	2.19090575	2.15233925	2.221665	2.00215125	2.14627575	2.11570625	2.061745625	2.299484	1.79767925	2.1600695	2.011224625	2.179621	1.93267825	2.21627375	2.31722175	1.94256525	2.21525575	2.27926975	2.069910375	2.306779	2.21258925	2.15077675	2.398427	2.20037725	2.05300425	2.087268375	2.2562675	1.929970625	2.2638725	2.0303185	2.03856675	1.907131375	2.00076475	2.065818625	2.10063125	2.20351275	2.05613275	2.025347375	2.24593425	2.1335225	2.01135925	2.15737775	2.27988425	2.2058365	2.12387625	1.97751625	2.096485625	2.14795	1.9519315	2.027581875	2.12250625	1.92977775	1.90069	1.98982575	2.20007225	2.087099	2.27632925	2.00354175	1.913539	2.059112625	2.038762625	2.0373725	2.1329885	2.23876525	1.694893625	2.10528225	1.922696	2.3201555	2.12348475	2.1195675	2.2196275	1.962906875	2.120969	2.24617175	2.11877	2.26177075	2.2802755	2.078092125	2.10955425	2.1366345	2.00587825	2.12062275	1.830202625	2.1857535	2.14319425	2.2004875	2.1353135	2.068770875	2.2441405	2.1021745	2.166145	2.22066275	1.831537125	2.046254	2.1138085	2.29101425	2.2202415	2.18066725	2.276806	2.041862625	2.133	0.037	2.3E-5	2.3E-5	0.304887568338
137	100	251	7.7964475	1.093902125	1.11358675	0.7405510625	0.7919881875	0.9620775	0.847436625	0.7871211875	0.7672693125	0.87492575	0.655587625	0.9050609375	0.8023196875	1.02672675	0.7030686875	0.8856156875	0.6497398125	0.6746780625	0.830269875	0.601700125	0.7414921875	1.01650725	0.678098125	1.0130261875	0.755733125	0.5777819375	0.6741258125	0.51008628125	0.3891590625	0.82853575	0.72297975	0.7455285	0.5498741875	0.594036625	0.580215	0.7990324375	0.5065389375	0.6862373125	0.40019615625	0.56867675	0.43774096875	0.50307209375	0.494781625	0.7208694375	0.7338231875	0.37731671875	0.696449125	0.490717	0.44616178125	0.40520946875	0.591872625	0.5225455625	0.3948565	0.6279754375	0.532220875	0.78000925	0.38350946875	0.38951059375	0.4354441875	0.6035856875	0.3935716875	0.51378675	0.512574125	0.516967625	0.568962125	0.4693786875	0.4361020625	0.44976925	0.49987709375	0.6302348125	0.6351844375	0.36126303125	0.388059	0.59802075	0.47081665625	0.5587935625	0.555866125	0.48672984375	0.43845265625	0.21187409375	0.37917184375	0.17943278125	0.35771021875	0.46961246875	0.53703025	0.54383125	0.5876488125	0.4807506875	0.185439359375	0.45378721875	0.73428275	0.3996941875	0.5037396875	0.19574240625	0.17648146875	0.29769309375	0.57005275	0.40841859375	0.27190175	0.24613509375	0.28131053125	0.3803931875	0.47694996875	0.378698125	0.084256828125	-0.067736296875	0.33969621875	0.3962031875	0.2964168125	0.245095609375	0.46932128125	0.3576484375	0.33546421875	0.101570164062	0.5361550625	0.204584125	0.40209121875	0.2708755	0.44932853125	0.161902390625	0.5544614375	0.27532075	0.5084508125	0.32481878125	0.416528125	0.388380625	0.2221264375	0.50334871875	0.5867478125	0.27180834375	0.3400570625	0.3366340625	0.480917	-0.0887300859375	0.31432990625	0.47498871875	0.416191125	0.3732831875	0.37037659375	0.297903125	0.204084078125	0.3638038125	0.28688628125	0.3607830625	0.089341109375	0.3241416875	0.38951971875	0.256712484375	0.20951571875	0.3239810625	0.137583390625	-0.0415924921875	0.159089171875	0.43063934375	0.34684428125	0.5839725625	0.207375015625	0.13223053125	0.235033328125	0.39453525	0.32373990625	0.29024971875	0.2401475625	0.14360240625	0.109604757812	0.3480089375	0.13325009375	0.333269375	0.4169920625	0.417047375	0.407482125	-0.069442921875	0.430050875	0.22723525	0.29576084375	0.4596845	-0.0197715	0.21003903125	0.18021534375	0.30558340625	0.144851046875	0.208016625	0.136470625	0.0749571171875	0.239758109375	0.234309828125	0.38377840625	0.4073761875	0.195738421875	0.3200846875	0.2818039375	0.179852859375	0.3303276875	0.0933973125	0.29768821875	0.2993624375	0.410633375	0.27740075	0.36658621875	0.155905046875	0.19730259375	0.35961246875	-0.128308085937	0.4277220625	0.29160490625	0.17556678125	-0.122814757812	0.188730875	0.212363328125	0.31824690625	0.249704890625	0.35846375	0.239605875	0.42106525	0.22923971875	0.31346990625	-0.0711841875	0.334421375	-0.117257101562	0.174710375	0.2534901875	0.22499884375	0.2795488125	-0.087249984375	0.44895496875	0.255827234375	0.27881475	-0.066995578125	0.227118921875	0.37241475	0.34181571875	0.4084258125	0.18255128125	0.185251828125	0.3137619375	0.178811265625	0.35491953125	0.150404453125	0.397256	0.41467903125	0.2313146875	0.3178269375	0.208150796875	0.3632960625	0.160553265625	0.43303121875	0.27569959375	0.39279790625	0.4944623125	-0.081668703125	0.4878475	7.63	0.45	0.09	0.01	0.437497942343
138	38	251	6.213617	3.46072825	3.14477925	3.09191525	3.38215	3.2364425	2.983848	3.13643	3.2656645	2.986723	3.12184725	3.155203	2.9559235	3.321768	3.13840725	3.1112795	3.055013	3.32314775	2.9941125	3.0986795	2.9766685	2.9658045	3.21423325	2.96081725	3.16300075	3.07211325	3.1143205	3.35611325	3.080629	3.17031325	3.10495775	3.219806	3.1763375	3.2432285	3.05770675	2.941086	2.84693575	3.0991605	2.99663525	3.3814625	2.982	2.884563	2.87263525	3.0451535	2.74659225	3.02272075	2.7905525	3.070623	2.807026	3.05770225	3.07652875	3.05098975	3.08737	3.021204	3.01692575	2.99963625	2.83786525	2.9923515	3.2888345	2.89881275	2.95284125	2.70950275	2.8804255	2.981475	2.8784195	2.84951175	2.81660125	3.07574175	3.0815805	2.9395845	3.086264	2.830455	2.82144875	2.801553	2.9322385	2.83334625	2.8921765	2.894854	3.01638375	3.08320475	2.565338	3.05507875	2.934753	3.1701685	2.92187975	2.77677325	2.75005025	2.708799	2.7811965	2.742917	2.93051725	2.530021	2.62745225	2.87953575	2.752262	2.78352925	2.71648925	2.7749235	2.4474075	2.56498575	2.829874	2.82279725	2.33329225	2.8771705	2.61865875	2.8631365	2.69017675	2.62336175	2.5990795	2.4803155	2.6581615	2.607908	2.72467975	2.84442	2.663239	2.6223295	2.718322	2.446105	2.652525	2.59075225	2.447266	2.6254815	2.72480375	2.68626725	2.64873375	2.769863	2.4422775	2.3910615	2.57945175	2.7217655	2.42271	2.68252825	2.567291	2.68774975	2.69256625	2.456708	2.6933635	2.6077125	2.6152375	2.497665	2.44967525	2.56598625	2.461948	2.739144	2.54017775	2.40506525	2.427033	2.46580225	2.421972	2.31731775	2.4646015	2.5650225	2.32887425	2.3361995	2.626433	2.35796375	2.27882575	2.48041675	2.27428225	2.47995325	2.4618775	2.398918	2.30250975	2.41311675	2.300426	2.442155	2.43088	2.3780395	2.2360665	2.35040075	2.1820805	2.28239925	2.440363	2.030229125	2.5091065	2.3515255	2.61628525	2.599295	2.39665775	2.29636675	2.03409475	2.519909	2.36267475	2.49555	2.1034135	2.3348485	2.23387675	2.463942	1.99024375	2.08375475	2.47103	2.39702275	2.265903	2.29545775	2.221912	2.27788425	2.48658925	2.4251925	2.277955	2.44339875	2.1769865	2.31370725	2.294497	2.41091175	2.38462925	2.29318375	2.113957	2.634466	2.59582625	2.14635825	2.457675	2.023746	2.28534475	2.14273675	2.084661625	2.36974975	2.38724625	2.37273575	2.18781875	2.1906955	2.1462165	2.07832225	2.3340035	2.008428875	2.352631	2.335283	2.36794075	1.98480625	2.024603	2.17157375	2.16100775	2.1388895	2.46940575	2.12788975	2.42071075	2.126926	2.2088995	2.082751875	2.3107245	2.0643155	2.50750025	2.3715155	2.244418	2.1236	2.1320995	1.99642075	2.34087175	2.00662775	2.17609775	2.11410775	2.15169825	3.305	0.033	3.66E-4	1.5E-5	0.233685406819
139	94	251	5.8188285	0.574291125	0.266235875	-0.17457034375	-0.203827140625	0.227818015625	0.22899309375	0.186163515625	0.0736265859375	0.0602261171875	-0.18877828125	0.15737625	-0.111483125	-0.0460510976562	-0.298075	0.199073515625	-0.3529181875	0.19449665625	0.3122544375	-0.121293921875	-0.0371018828125	0.259824375	0.1739171875	0.44234965625	0.3168033125	0.239416609375	-0.092513296875	0.214715375	-0.0805847890625	0.255605890625	0.2900420625	0.288685625	-0.00830167089844	0.191791296875	-0.126544210937	0.194471375	0.196416171875	-0.0379567734375	0.284393125	0.09406684375	-0.35124884375	0.106013601562	0.1469216875	0.31191384375	0.35090609375	-0.0191437988281	-0.161545	0.0146956777344	0.241318421875	0.192865	0.42369653125	0.2089923125	-0.186575125	0.3825606875	0.2083998125	0.35882953125	-0.193513734375	0.2635393125	0.158517359375	0.299268875	0.16984871875	-0.2096001875	-0.113154976562	0.134305796875	0.25239528125	0.270837625	0.0839863359375	0.19271625	0.30787175	0.4294551875	0.252541703125	-0.0808898828125	0.213090125	-0.21316234375	0.323342125	0.2052325625	0.156256375	-0.11603925	-0.16784875	0.0533761640625	0.180001828125	-0.0659184296875	0.204874890625	-0.104684210937	0.24519678125	0.28153103125	0.27341215625	0.249294078125	0.063209890625	0.26986471875	0.2939195	0.118031734375	0.22071903125	0.23377353125	0.208014	0.162777765625	-0.1286291875	0.3835115625	0.221828453125	0.219201671875	0.1929904375	0.10764978125	0.34257821875	-0.155443625	-0.228377703125	0.10179225	0.2127449375	0.0899715546875	-0.093910375	0.171319125	0.22724615625	0.118106585937	-0.024711375	0.156182328125	0.26001225	0.07822946875	0.26148915625	-0.069190125	0.155761203125	0.0962211953125	0.2208260625	0.279122125	0.238257421875	0.150898234375	0.215482859375	0.36963584375	-0.08112290625	0.189015828125	0.15597496875	0.29834784375	0.144763203125	0.2898688125	0.30500746875	-0.0546644765625	0.168980921875	0.331302375	0.253323828125	0.27241109375	0.2148978125	0.1345724375	0.1993070625	-0.0474055742187	-0.18702840625	0.127697289062	0.194674765625	-0.0645438125	0.34376584375	0.231732	0.245251140625	0.0860438828125	0.08235615625	-0.149489375	0.0430486132812	0.208740546875	0.191962625	0.49623484375	0.126905960937	0.11763059375	0.233384703125	0.30543403125	0.185450578125	-0.0541489609375	0.294638375	0.0403416640625	0.102328304687	-0.127044539062	0.0595371875	0.05214915625	0.22143178125	0.225612671875	0.180533734375	-0.161490765625	0.3680839375	0.3002238125	0.125839460937	0.226099453125	0.29749596875	0.1433338125	0.108357960937	0.26395584375	0.0488201601562	0.0732064453125	0.211338875	0.166361921875	0.188648328125	0.18235859375	0.182050796875	0.29654621875	-0.28721975	0.114451101562	0.081402234375	-0.0142010810547	0.1397413125	-0.0648298867187	0.28150759375	0.184869359375	0.15220765625	0.45015903125	0.21068503125	0.116163195312	0.35504284375	0.184390734375	-0.0650234726562	0.3516598125	0.33005990625	0.139593046875	-0.097412265625	0.240742890625	0.26740971875	0.2578149375	-0.20423065625	-0.0584527265625	0.107185195312	0.22787665625	0.137530140625	0.28156665625	-0.1501938125	0.064893953125	0.17766334375	-0.043067953125	0.201489359375	0.26790615625	0.3290969375	-0.2045951875	0.42032965625	0.32575278125	0.20638728125	-0.0645978242187	0.100925570312	-0.0239437324219	0.187520578125	0.2668043125	-0.042422984375	-0.101430429687	0.2811789375	-0.0911752109375	0.19039228125	0.172414734375	0.2646734375	0.26259415625	0.104489867187	0.235784546875	0.122611578125	-0.0539544453125	-0.192619078125	0.36187109375	0.239570515625	0.41001746875	-0.1272366875	-0.182220625	0.3338831875	5.82	0.21	0.163	0.024	0.215752352868
140	56	251	6.201118	2.78698775	2.72649275	2.718791	2.99901025	2.7192435	2.9347175	2.7911045	2.74623125	2.86831575	2.87504175	2.8114275	2.97883175	2.9535455	2.8540235	2.72254575	2.855096	2.8163775	3.089418	2.69358575	2.732765	2.81108475	2.927536	2.6043295	2.7927005	3.04007825	2.65975275	2.79457175	2.8556185	2.94831675	2.7550335	2.780428	2.692466	3.071675	2.82558475	2.8317645	2.6406605	2.63944775	2.9075445	2.9314435	2.83262375	2.80290875	2.86217625	2.93338825	2.86242525	2.78149875	2.99368325	2.88915075	2.822143	3.01791875	2.84281	2.61732025	2.682287	2.98502325	2.77081875	2.99208825	2.9418155	2.970837	2.80879325	2.640884	2.8382555	2.81413975	2.86677275	2.59039525	2.63675375	2.93756075	2.90204275	2.880227	2.75548775	2.65899325	2.611086	2.90134525	2.8929335	2.81785025	2.62224475	2.89457325	2.87917275	2.93659725	2.981111	2.724851	2.673233	2.81349625	2.622372	2.725507	2.75823475	2.68702325	2.94812225	2.74070725	3.044011	2.99474925	2.74089675	2.889287	2.66144625	2.9623635	2.7963835	2.6936825	2.72275575	2.763778	3.0004415	2.76017925	3.16960225	2.624679	2.8544415	2.93135625	2.862982	2.74625	2.7425515	2.7880125	2.9880115	2.85244	2.560989	2.82282275	2.86295675	2.666404	2.90293575	2.6609595	2.6884735	2.69276825	2.8710375	2.86734375	3.10177275	2.91515875	2.75304875	2.9164815	2.720783	2.8136755	2.92164425	2.9115575	2.8492815	2.81264075	2.98984125	2.8829875	2.79204275	2.7049065	2.78161775	3.11679025	2.70176925	2.94889925	2.889376	2.929877	2.75744625	2.96193375	2.9011285	2.93195425	2.64643375	2.7921885	2.72296825	2.7726065	2.7994745	2.85660475	2.882816	2.79012075	2.739579	2.9111265	2.94417825	2.836122	2.807558	2.673965	2.67438175	2.603996	2.905839	2.7033355	2.906258	2.8148375	2.86399825	2.8520105	2.76069075	2.72489975	2.89811925	2.79776225	2.84767	2.701821	2.80471875	2.74720725	2.694759	2.85597475	2.82142275	2.7032615	2.79233075	2.77588625	2.8461275	2.7018465	3.06209475	2.703821	2.67929325	2.7384795	2.9954865	2.7816535	2.98660675	2.83333575	2.94524575	3.085586	2.81589725	2.81934675	2.87497725	2.5158225	2.686787	2.73390625	3.03658475	2.8982865	3.0257585	2.751018	2.9923715	2.69338625	2.757998	2.7631175	2.66883325	2.75125775	2.7434965	2.7730605	2.7292355	2.88808175	2.77986125	2.795054	2.73963925	2.765793	3.141855	2.86014775	2.85471	2.7428505	2.8268545	2.91807025	2.76838675	2.83630375	2.83209075	2.64606825	2.93653075	2.99610275	2.860442	2.758338	2.7697895	2.7758315	2.92492225	2.63785375	2.74801025	2.74915375	2.8588155	2.79116575	2.80613925	2.84199375	2.71129	2.82542075	2.769318	2.6503175	2.86527875	2.62121025	3.036324	2.8673365	2.8746895	2.7780085	2.90520325	2.885	0.031	2.8E-5	1.6E-5	0.241588985763
141	62	251	4.1733515	2.1274995	1.929202125	1.942047375	2.17067175	2.17254225	1.99686775	2.173326	2.1169915	1.886034	2.11367575	1.97096925	2.0126095	2.00332375	2.071783625	2.031685	1.941583	1.938306125	1.941855375	2.1161685	2.060027125	2.097422	1.86790125	1.882119375	1.92573075	2.06796475	1.632135	2.007592375	1.93563625	1.821080125	1.78939025	1.92663925	2.02018025	1.89373	1.854739375	1.917032625	2.047011	1.90377425	1.914911125	2.0048935	2.001811375	1.5759135	1.8742825	1.985301	1.800490625	2.24744525	1.971200125	1.93896175	1.797869125	2.033198125	1.9572785	1.81546175	1.858956625	1.9003505	2.076575	1.814465	1.731774875	1.763638	1.781042875	1.861123	2.07840825	1.901075875	1.907487625	1.708627125	1.89671825	1.974904875	1.872133625	1.854820875	1.838417125	1.9587835	1.90311525	1.890002375	1.58859425	1.9781375	2.1020985	1.945048875	1.724471	1.8351455	1.88807125	1.795417375	1.988933125	1.786276625	1.721115	1.73477425	1.9726655	1.916746625	1.8842105	1.69012925	1.959	1.77469925	1.951053	1.918056	1.70040675	1.873697625	1.721759625	1.70482825	1.81497375	1.759605875	1.73739325	1.73902325	1.899596	1.994200625	1.591582625	1.66568325	1.93439775	1.77457075	1.743432875	1.673997	1.6339155	1.629072375	1.9477545	1.764667625	1.594700125	1.660211875	1.62921625	1.876872375	1.895375	1.840782125	1.862371625	1.892328375	1.521161125	1.59283	1.760606125	1.874169625	1.706706375	1.978711875	1.81021825	1.687027	1.739834375	1.658109375	1.842105	1.75347875	1.7763205	1.742145375	1.772471875	1.769548625	1.77860875	1.8393975	1.510691375	1.808632	1.975809875	1.827592125	1.731895375	1.71152	1.704056875	1.75000925	1.489800875	1.663055	1.810954875	1.81332875	1.687210625	1.854442375	1.76064275	1.741999	1.613757875	1.935530875	1.642121375	1.75801525	1.902523875	1.608924	1.708807	1.628737375	1.7560405	1.51090675	1.828193875	1.517223125	1.68995675	1.966875125	1.736094375	1.86395825	1.84597375	1.804751	1.550014	1.68809925	1.62212725	1.810059125	1.635563375	1.7098575	1.619601875	1.718651	1.901212875	1.83836825	1.599960125	1.713517	1.5577755	1.662188625	1.795864625	1.868622875	1.869811	1.42855025	1.80199425	1.879518	1.670075125	1.65805775	1.847501125	1.622451125	1.864695	1.839665875	1.76167075	1.6479635	1.8257	1.590239375	1.688919625	1.691006375	1.663976875	1.55974375	1.6381775	1.593006625	1.818644	1.530041375	1.8163035	1.688764625	1.842315875	1.652904625	1.684579125	1.419446625	1.687106	1.666283375	1.97470475	1.68161025	1.657538375	1.793823875	1.715817	1.915927125	1.5761	1.63850475	1.56253525	1.62797875	1.779405625	1.876202125	1.6253215	1.497606125	1.672832875	1.826145875	1.724579875	1.623491625	1.792352125	1.61355225	1.706741375	1.679131125	1.74207525	1.521504875	1.64746	1.66670775	1.662095375	1.76837	1.776969	1.7595485	1.865228125	1.624535	1.772849	2.016	0.024	1.74E-4	1.7E-5	0.182534518734
142	125	251	5.745897	3.812459	3.55729025	3.4944825	3.148049	3.2036305	2.8596775	3.0092925	3.260573	3.1483135	2.84617375	3.05164025	2.884871	2.7046955	2.62431275	2.80795675	2.692322	2.710592	2.6778215	2.85713975	2.8816615	2.9541395	2.9428155	2.83369725	2.81791975	2.95129825	2.822875	2.9621095	3.0592615	2.7206715	2.71585825	2.649787	3.02733	2.68342425	2.75026225	2.81125325	2.79094325	2.56851325	2.77998325	2.53294875	2.99132975	2.84664	2.56477675	2.6709525	3.01107625	2.72356975	2.6719985	2.74209925	2.7248965	2.797206	2.78042325	2.9638135	2.8839125	2.91017875	3.02230275	2.55994575	2.8347715	2.89120125	2.62092325	2.83624725	2.7651015	2.74030675	2.85042475	2.555556	2.55875275	2.78894525	2.90346925	2.79397225	2.69885275	2.56255925	2.567261	3.0493185	2.598232	2.724998	2.512395	2.640879	2.41872075	2.543593	2.92475525	2.64138475	2.6547965	2.43764525	2.7888215	2.633213	2.6615555	2.99303025	2.8002255	2.62209375	2.41301475	2.81875025	2.6594285	2.79545675	2.432544	2.60230025	2.643624	2.285818	2.9158885	2.64172375	2.575232	2.53788	2.61636425	2.54187175	2.60073175	2.510624	2.5835865	2.58159	2.414443	2.95051975	2.296258	2.5889895	2.5098775	2.54048875	2.7723155	2.37874425	2.47674075	2.4674255	2.771624	2.55346075	2.4183985	2.42806275	2.76752325	2.36687625	2.65886825	2.7163455	2.3811715	2.42827	2.6400165	2.715607	2.55112425	2.530573	2.5451405	2.27095675	2.36890425	2.628457	2.3198875	2.308569	2.2709405	2.5073695	2.48953225	2.2897865	2.1169935	2.43412125	2.54097775	2.189503	2.30214675	2.54249425	2.62075775	2.31696875	2.4393965	2.442394	2.5719135	2.453537	2.23515325	2.41744675	2.25202025	2.41297325	2.5221565	2.21479425	2.2503025	2.36971325	2.8007375	2.40155275	2.3783275	2.2167665	2.44665	2.367703	2.28363625	2.492556	2.29027725	2.490887	2.12138975	2.355059	2.20961925	2.21473975	2.316388	2.2760975	2.14732025	2.482187	2.4045865	2.20321725	2.218004	2.35111225	2.43566675	2.13831925	2.22293025	2.541934	1.9438165	1.9139725	2.333069	2.153892	2.17711825	2.28931075	2.113351	2.586541	2.2789705	2.148789	1.86007025	2.090237875	2.219705	2.14365725	1.811086625	1.85281325	2.39946875	2.25140725	2.13723375	2.20598675	1.951358625	2.4284355	1.988042375	2.046493125	2.0041785	2.13101175	2.1504815	2.1529795	1.76600775	1.989523	2.25321675	2.016558625	2.06281125	2.22429375	2.25992275	2.047553375	1.95628025	2.046739875	2.13932375	1.956906625	1.916752375	2.2768045	1.9207745	1.837006875	2.0341885	1.907862375	1.90490475	1.859149625	2.13670275	2.1551725	2.15283925	2.142012	1.901495875	2.47509375	1.7184115	2.57274075	2.1750205	2.3246745	2.308157	2.16547375	1.945562	2.1074685	2.059331125	2.233639	2.06358675	3.096	0.032	3.48E-4	1.6E-5	0.245004409457
143	82	251	3.74776025	1.5112475	1.29458075	1.3393425	1.233087625	1.462525125	1.487984375	1.553061625	1.315069125	1.546248625	1.456963	1.521160625	1.5011925	1.398989625	1.34082175	1.2105085	1.38640875	1.4479265	1.281696125	1.346891875	1.133808375	1.074149	1.172638375	1.171860875	1.2108775	1.092224375	1.28811275	1.11306675	1.248586375	1.09871275	1.236056625	1.154260875	1.26870675	1.184256625	1.173490375	1.19267725	1.279964125	1.120089625	0.9214389375	1.180856	0.9069321875	1.090242375	1.087154875	0.900297	1.149032375	0.9769760625	1.01318475	0.97792875	0.8702044375	1.10482375	0.9163431875	0.980129125	0.885882875	1.098741875	0.9668488125	0.769293375	1.020975625	1.194383875	0.8509219375	1.07728675	1.01447725	1.02225725	1.132681125	0.9209516875	1.084871	0.900912	0.958527	0.8270695625	0.887638625	0.9850865	0.88004425	0.7253994375	0.7739053125	0.7527835	0.87969775	0.92393225	0.7569979375	0.7762726875	0.7102089375	0.9522454375	0.9155848125	0.8168844375	0.795058375	0.7508399375	0.730818	0.88549825	0.8142381875	0.62574975	0.9451526875	0.613930125	0.763222875	1.0053560625	0.567043375	0.6215693125	0.50545871875	0.8754860625	0.5250621875	0.6807769375	0.7946569375	0.59043625	0.638976375	0.729004625	0.77675525	0.47454053125	0.4889453125	0.3466930625	0.409852125	0.47239334375	0.6722994375	0.26397690625	0.804636875	0.59314	0.485735125	0.6263128125	0.6120103125	0.34584828125	0.40202721875	0.5237028125	0.253259515625	0.57849925	0.740626625	0.395893	0.5366681875	0.4598948125	0.7595585625	0.5635925	0.42470878125	0.5385668125	0.4680416875	0.5417269375	0.333031	0.771657625	0.4683653125	0.7602561875	0.5561553125	0.3040094375	0.45245034375	0.62493875	0.20073003125	0.459545125	0.45757321875	0.654143	0.44348503125	0.48488746875	0.4018855625	0.2702189375	-0.039023640625	0.38472340625	-0.0623652539062	0.45186446875	0.27596825	0.39117125	0.284998625	0.37745159375	0.401758	0.2649226875	0.25171290625	0.3918199375	-0.0601367734375	0.40070790625	0.27640015625	0.19983196875	0.33212778125	0.461469	0.363734875	0.573148125	0.43204515625	-0.0635293476562	-0.110736585937	0.3706909375	-0.110136289062	0.4193104375	0.44775540625	-0.065946984375	0.3086883125	0.35196859375	0.30554565625	-0.16315640625	0.297010125	-0.197796390625	0.36195525	0.32741540625	0.35717975	-0.0420933671875	0.51494134375	0.5297891875	0.39236928125	0.28639734375	0.13789734375	0.41307128125	-0.3840489375	0.37024396875	0.3017049375	0.2028696875	0.34807371875	0.24795309375	0.3239623125	0.3559534375	0.1650595625	0.283549125	0.224028015625	0.24200821875	0.2588528125	-0.074394078125	0.326325625	0.23237553125	-0.148834484375	0.29403528125	0.2128338125	0.32288225	-0.057834453125	-0.112026414062	-0.11797615625	0.35776184375	0.33223540625	0.33493615625	0.2719708125	0.215381453125	0.42773553125	0.5462995625	0.2944776875	0.2908673125	-0.0918830078125	0.169661171875	0.331764125	0.256755375	0.2187309375	0.390299125	0.14681753125	0.24868521875	0.405674875	-0.29248090625	0.2793526875	0.32019496875	-0.173142484375	0.372074875	-0.105831859375	-0.054432625	-0.116452734375	0.154813015625	0.136673125	0.3401235625	0.207492578125	-0.32918465625	0.32062809375	0.0689741484375	0.17880025	0.27669971875	-0.192442859375	0.163955	0.295766625	1.69	0.05	0.00201	9.0E-5	0.215793270199
144	32	251	6.4260975	0.0822887734375	-0.073411921875	0.33854659375	-0.203694625	0.13428853125	-0.22269134375	-0.211037203125	-0.26930546875	-0.3687558125	0.195038796875	0.109696390625	-0.17741496875	0.114040132812	0.1368614375	0.3615689375	-0.09996425	0.231467203125	0.2993803125	-0.14044359375	0.1379581875	0.20352759375	0.1421704375	-0.222412203125	-0.2586994375	0.40059046875	0.17498796875	-0.0816393203125	-0.11803415625	0.169999390625	-0.137531765625	0.138077203125	0.28577996875	-0.289970625	-0.1689235625	0.193274484375	-0.08866559375	0.2585456875	0.166284125	-0.2991324375	-0.18797978125	0.210054	-0.230605140625	-0.0763499453125	0.2640980625	0.100804640625	0.0553349882812	0.132827515625	0.128003875	-0.245157609375	0.14075059375	0.2875728125	0.257149140625	0.1682013125	-0.14312528125	-0.29439953125	0.30466078125	-0.1760459375	-0.0850308515625	0.4385304375	-0.0916006484375	0.31720825	-0.21419425	0.298586125	0.24602271875	-0.1586908125	0.2199739375	-0.38103584375	0.22238125	-0.079757234375	-0.2097311875	0.211139546875	-0.105940164062	0.2516903125	0.274301125	-0.29547596875	-0.16161371875	0.2095574375	-0.147366890625	-0.248280234375	-0.120072351562	-0.1407421875	0.22367703125	0.317624	0.442426625	-0.20967196875	0.22843428125	-0.1769539375	0.124632984375	0.230759046875	-0.104701289062	-0.121223476562	0.126966375	0.141954203125	-0.31087784375	0.152086796875	0.112906898437	0.30261465625	-0.2589051875	-0.2601504375	-0.32048175	-0.3213886875	0.159352875	-0.26575534375	0.234770609375	0.091473515625	0.333150375	0.115948484375	0.236866796875	-0.174654453125	-0.0812511796875	-0.40343575	-0.30605378125	0.0615338398437	0.3773903125	0.17031378125	0.239740703125	0.1396793125	-0.095562046875	-0.227013203125	0.154845578125	-0.193268640625	0.165680578125	-0.200821421875	-0.152611015625	0.172285734375	-0.178404578125	-0.28131634375	0.30139878125	0.203711265625	0.2268465	0.126261671875	-0.19266453125	-0.163374328125	0.1631830625	-0.2135771875	-0.2299785	0.0840491640625	0.21872884375	0.253974421875	0.27047971875	0.1734131875	-0.204561125	-0.0581630234375	-0.198834109375	0.034823359375	0.156302265625	-0.30874103125	0.1965785	-0.0956808515625	-0.045531515625	0.240997296875	0.1151270625	-0.129576859375	0.105338585937	-0.26203228125	0.1472318125	0.179742328125	0.128112726562	0.149159046875	0.141115890625	0.23076471875	0.43020696875	0.29699671875	0.24242425	0.209191234375	0.22176715625	0.29306228125	0.2288430625	-0.210401171875	-0.14045878125	0.2161429375	0.147850953125	0.1813478125	0.18504959375	0.250959578125	-0.18771715625	-0.1065945	0.18315978125	0.38142	-0.43395240625	-0.13886709375	0.132766375	0.1991669375	0.111400164062	0.157501390625	0.294162625	0.261396421875	0.21438275	0.115927984375	0.212509671875	0.2926036875	0.234533640625	-0.068644171875	0.128148023437	-0.160207	0.2501181875	-0.116876953125	0.1921314375	0.2975096875	0.17655859375	-0.3101504375	0.163017890625	0.36843059375	-0.258393015625	-0.139903296875	-0.22465303125	-0.146385125	0.201856875	-0.18191125	-0.1780178125	0.28668475	0.18891296875	0.30850915625	0.201859875	0.192565703125	0.236139984375	0.214243171875	0.196313	-0.2936856875	0.15517509375	0.210044015625	0.3334495	0.28346603125	0.123023265625	0.276842125	0.126958710937	0.133453375	0.4115790625	0.22130859375	0.118273445312	-0.151778625	0.3763473125	0.167178078125	-0.0956508046875	-0.222683859375	-0.25640584375	0.08402171875	-0.1835653125	0.3568626875	-0.1296814375	-0.30170671875	-0.21139571875	-0.215811	0.210200484375	0.146653375	-0.188200984375	0.238753359375	-0.0730734453125	-0.084460296875	0.2776915	6.43	0.22	0.3	0.3	0.2192593919
145	35	251	7.0365825	0.107965171875	0.20543853125	-0.117970179687	-0.163531125	0.19226578125	0.2290738125	-0.345970875	-0.211091484375	0.0692235	-0.16646540625	-0.26730759375	-0.140946859375	-0.30466625	0.0897071328125	0.0626644882812	-0.2873425	0.115652945312	0.123039390625	-0.1309930625	-0.17768740625	-0.2677620625	-0.27756909375	0.0340950820312	0.0293940429687	0.0936446796875	0.092665453125	-0.247003875	-0.073765578125	0.0556070742187	-0.153617828125	-0.20578090625	-0.22506596875	0.42319328125	0.26561815625	-0.110929242187	-0.131188890625	0.3036649375	-0.126602789062	-0.23118715625	-0.23405484375	-0.2280313125	0.1647580625	0.0839549453125	-0.348424125	0.062994765625	-0.16729525	-0.110571703125	-0.1629488125	-0.152613484375	-0.33547378125	-0.1294780625	0.13369128125	0.202881546875	0.066252	-0.2044951875	-0.054193921875	0.0545614921875	-0.25148034375	0.15267890625	-0.31398909375	0.162726765625	-0.29342009375	-0.280189125	0.215160296875	0.22588434375	-0.28023959375	0.014645734375	-0.1054349375	0.108032992187	0.215944484375	-0.154363625	0.0708198125	0.128494492187	0.1507564375	0.0463485195312	-0.449076125	-0.31514	-0.15480028125	0.1007599375	-0.227980453125	0.0573215117187	-0.211471328125	-0.1865266875	0.08795146875	-0.07639909375	-0.32901484375	-0.111030953125	0.2681568125	-0.30234446875	0.123952414062	0.253385484375	0.0362916445312	0.216602765625	0.216265078125	-0.3239103125	-0.31242121875	-0.080538234375	-0.111771679687	0.191694140625	-0.2441595625	0.257341640625	-0.13597340625	-0.24082925	-0.17648175	0.0713974140625	-0.356317	0.116146828125	-0.26173440625	0.101265007812	0.35093934375	0.050116234375	-0.1141865	-0.126300789062	-0.20875159375	-0.158453625	-0.28554634375	0.154890640625	0.0719373515625	0.207519265625	0.04791746875	0.199885125	0.07029390625	-0.0776360078125	0.111164148437	-0.248968921875	-0.09171896875	-0.0861793046875	-0.164081875	0.30941171875	0.34152171875	-0.276730875	0.169414375	-0.0907054375	0.159029859375	-0.24590946875	-0.298423375	-0.188773296875	0.1822281875	0.18500346875	0.121773015625	-0.3273028125	0.07269459375	-0.20405940625	-0.32557853125	0.113483773437	0.06421384375	-0.059464203125	0.15563428125	-0.112329289062	-0.171440953125	0.15491334375	0.18077634375	0.19275490625	0.15594128125	0.1044264375	-0.145973546875	0.235788609375	-0.20078465625	0.222573578125	-0.091883828125	-0.30368425	0.132359953125	0.133419046875	0.3130285625	-0.1971008125	-0.0980574375	-0.322032625	0.2255371875	0.214926703125	0.267587875	-0.31103703125	0.25931621875	0.27740209375	0.2916201875	-0.25756265625	-0.274980125	0.168570484375	-0.14722978125	-0.134751828125	-0.35342296875	-0.0993569375	0.19966171875	-0.13309853125	-0.294685125	-0.26695140625	-0.2488978125	-0.19111465625	-0.27613803125	0.211065625	0.1396148125	0.106615390625	-0.0347221953125	0.147170484375	0.228787859375	0.123207882812	0.114353515625	0.1803213125	0.27126384375	0.1381415	0.1855113125	-0.144372125	0.0896265390625	-0.215170140625	-0.0866309609375	-0.110523203125	-0.237248734375	0.184070390625	-0.147673703125	-0.145428375	0.074293515625	-0.251430234375	0.222976296875	0.238758	0.096437609375	-0.254920453125	-0.151486921875	0.13710525	0.114154109375	-0.17095578125	-0.0538075390625	-0.207964328125	-0.0790147265625	-0.0952465078125	0.39283459375	-0.16420134375	0.162263859375	0.0273637109375	0.122688515625	-0.161414703125	0.15513859375	-0.102733054687	0.133339046875	-0.34835209375	-0.36523415625	-0.32240578125	-0.2711874375	-0.18210190625	-0.2812418125	-0.230727640625	0.133909609375	0.2418454375	-0.246825484375	0.174551625	0.158050609375	0.134845421875	0.24241746875	0.16906140625	-0.2886744375	0.3685384375	0.111185390625	7.04	0.2	0.3	0.3	0.202305009637
146	33	251	11.001024	3.833974	3.80944425	3.8944255	3.93540425	3.97056325	3.91216425	3.80619925	3.8788915	4.0794335	3.98149325	3.86359	3.776667	3.82342	4.00788525	3.8209645	3.913478	3.77172625	3.77187625	3.9351655	3.871307	3.74650875	4.07452525	3.86298175	3.7512405	3.65234225	3.8613265	3.8471575	3.75345925	3.86312925	3.82780125	3.650917	3.73907425	3.74267375	3.82042675	3.66782975	3.8228535	3.55540625	3.8683825	3.65480375	3.67434575	3.69452525	3.779942	3.69006025	3.58766225	3.49454175	3.60991425	3.67014075	3.808743	3.660348	3.68476375	3.6436195	3.72103825	3.7130695	3.56147425	3.69384325	3.64853375	3.548257	3.4624925	3.530228	3.62581825	3.58265325	3.34542375	3.22721425	3.45488075	3.70058525	3.32444875	3.34830775	3.58406025	3.46761225	3.6330905	3.4318335	3.4788255	3.36346975	3.59464625	3.51713875	3.63223725	3.57874175	3.6624475	3.77570525	3.65580725	3.6342775	3.530285	3.5503085	3.5765725	3.547257	3.452525	3.27435025	3.3568045	3.42216625	3.367579	3.48162725	3.4409655	3.337879	3.4079255	3.42911725	3.41146025	3.496676	3.23770475	3.49755075	3.36372575	3.2674805	3.30225075	3.4046	3.1960505	3.39421725	3.3554105	3.6291585	3.405245	3.49599525	3.35919675	3.46783825	3.3287245	3.4048555	3.5082025	3.51067275	3.28037025	3.52104825	3.43321275	3.39540425	3.4230315	3.41738675	3.19161025	3.42698725	3.62117075	3.4665005	3.5259795	3.51935575	3.351918	3.379134	3.149195	3.24466675	3.278214	3.2069485	3.02904925	3.4217795	3.3599595	3.48647325	3.42712125	3.26834575	3.28138025	3.24935225	3.469976	3.07241375	3.4852875	3.24067925	3.1824955	3.094346	3.08237375	3.23907275	3.133091	3.2203895	3.19464625	3.31114175	3.19725475	3.403338	3.4488145	3.1626335	3.4819325	3.353248	3.5055665	3.265846	3.35364525	3.19138	3.19071	3.25622775	3.2164925	3.2649055	3.141007	3.0537505	3.23912075	3.499819	3.425029	3.1307755	3.216724	3.1989185	3.14681525	3.1872395	3.056529	3.51013725	3.28110675	3.28670775	3.3088195	3.09302125	3.08807175	3.17862425	3.36025425	3.08214525	3.24934325	2.9909105	3.170366	3.2658785	3.24315125	3.267525	3.1300455	3.1849665	3.1089615	3.035581	3.25016925	3.13138675	2.90072825	3.27847225	3.15744675	3.0893245	3.16964475	3.25133625	3.353602	3.067461	2.9260595	3.44275575	3.2822	3.23071	3.2539225	2.99655675	3.1496635	3.08311325	3.16660225	3.273333	3.3519975	3.28778525	3.0496655	3.2403345	3.1169035	3.24370475	3.250063	2.9499475	3.212601	3.09804475	3.33972375	3.060105	3.1167935	3.09591675	3.37443225	3.20013725	3.36187125	3.18084325	2.95563425	3.28746175	3.25053025	3.2024325	3.266252	3.20147125	3.23127625	3.0851735	3.12956	3.222827	3.2661975	3.25022475	3.06644025	3.0629795	3.10542225	3.95	0.06	2.23E-4	2.2E-5	0.468038772734
147	34	251	7.2058095	0.5881103125	0.770093375	0.7537481875	0.951432	0.8174469375	0.607774875	1.0251871875	0.603436875	0.9678366875	1.052702125	0.7157471875	0.8690545	0.7630693125	0.7017553125	0.7442694375	0.92986775	0.8823985	0.921380375	1.074803875	0.6833725625	0.7977171875	0.7764600625	0.77731875	0.664520375	0.8584644375	0.8690460625	0.6175045	0.730116875	0.86735075	0.9244303125	0.73880675	0.7563865625	0.8320715	0.8711038125	0.8919788125	0.7767138125	0.9276869375	0.748114625	0.9054739375	0.8479046875	0.7624384375	0.62951175	0.8314736875	0.8913609375	0.80090875	0.876935	0.7697949375	0.8767191875	0.90254125	0.5708160625	0.6759301875	0.7748665	0.7034921875	0.8816016875	1.1230245	1.0115413125	0.7579579375	0.7297836875	0.7896925	0.856036875	0.8564729375	0.87158725	0.690255875	0.9270716875	0.7106915	0.94499	1.036114	0.8942594375	0.7823345	0.672721875	0.9884821875	0.5924328125	0.9344314375	1.09321375	0.8489548125	0.7030665625	0.8713238125	0.957109	0.736108125	1.12283125	0.821162375	0.935423625	0.806101	0.7568940625	0.83279875	0.6234044375	0.9822608125	0.9342734375	0.674264125	0.6992539375	0.97284275	1.0161699375	0.6959171875	0.809443625	0.8848981875	0.777452875	0.7876593125	0.6541598125	0.9417558125	0.87583675	0.6642588125	0.852043875	1.0037570625	0.7109440625	0.7186401875	0.6706425	0.7328315	0.8323593125	0.944154125	0.8628705	1.0025416875	0.71464125	0.6532403125	0.923924125	0.7188199375	0.6195955	0.6816246875	0.7459478125	0.9220295625	0.656491375	0.601090375	0.88802025	0.644338625	0.852535125	0.8615625625	0.85880175	1.0026385625	0.6635674375	0.80890175	0.69869575	0.880826	0.8993425625	0.814093625	0.7971064375	0.5860226875	0.853796375	0.7411988125	0.7090916875	0.7569613125	0.814379625	0.7978844375	0.7578041875	0.573344625	0.85309775	0.49784515625	0.7527933125	0.7356783125	0.8885904375	0.6593683125	0.6643908125	0.7709394375	0.59854475	0.881451125	0.9092881875	0.8821704375	0.8887984375	0.847556375	1.0149061875	0.752076625	1.006537625	0.7494160625	0.988409375	0.5362985	0.820176375	0.7068835	0.8306426875	0.928752375	0.846709375	0.8509425625	1.0316443125	0.700509125	0.691857	0.6683243125	0.93564575	0.7756105625	0.896923	0.9547424375	1.0170889375	0.9273155	0.8387539375	0.9191144375	0.7523819375	0.946439375	0.9672725625	0.93682825	0.7236633125	0.708414875	0.617345	0.824781	0.911679125	0.8519359375	0.730018875	0.7083250625	0.9232463125	0.866444875	0.7820681875	0.9301265625	0.90906825	0.813991125	0.6785501875	0.890805625	0.8649581875	0.78253075	0.819527	0.824150875	0.898481875	0.8915263125	0.8987925	0.678758875	0.8291859375	0.8834605	0.7186293125	0.7065165625	0.5221248125	0.7055395	0.743027375	0.759234625	0.635728375	0.9770095	0.8779830625	0.8527749375	0.7278785625	0.90872325	0.6499305	0.627058375	0.675693375	0.8445966875	0.8194605625	0.7543658125	0.8839539375	0.82119	0.742462125	0.72392775	1.2114155	0.764006875	1.103221125	0.7741468125	0.9837095625	0.84696525	1.034824625	0.75941325	0.629671625	0.7843915	1.0466810625	0.880127375	0.6927509375	0.7621425	0.9604725	0.938794125	0.8091766875	0.92	0.06	1.5E-4	9.0E-5	0.419098391619
148	107	251	8.603451	4.09062425	4.1858565	3.89637575	4.12337475	4.19146325	4.0203525	4.02804825	3.8872265	3.8949545	3.949413	3.806299	3.80279	3.72547975	3.645824	3.6217215	3.8801125	3.78012775	3.73925375	3.6851275	3.80334825	3.9700615	3.58074325	3.79165625	3.661536	3.6394655	3.66220775	3.60086925	3.5049445	3.503514	3.762199	3.71824025	3.714333	3.55099975	3.4813015	3.568097	3.53647475	3.5277845	3.63326975	3.437344	3.614211	3.584201	3.666122	3.56878925	3.40488175	3.578058	3.46580925	3.6261825	3.50852275	3.37456175	3.39313275	3.58719875	3.53413725	3.6982605	3.305008	3.52572025	3.5079235	3.57917775	3.69038475	3.65775725	3.46775775	3.302683	3.4179235	3.4352005	3.2681545	3.57502625	3.482464	3.437335	3.424056	3.8218555	3.42146475	3.12682725	3.62200775	3.4133945	3.6207935	3.39115425	3.20669225	3.59465475	3.61499575	3.52733575	3.476207	3.34294975	3.44827025	3.38101	3.5767065	3.58221475	3.353863	3.41078425	3.55810875	3.42875525	3.519744	3.40951725	3.5182095	3.522958	3.63188	3.547683	3.45916175	3.40321175	3.58073525	3.49805675	3.4470995	3.5037935	3.262754	3.7193565	3.43104425	3.4533415	3.3733535	3.27817075	3.54090475	3.50823175	3.4542685	3.50113	3.467293	3.3810005	3.5629315	3.5276205	3.4182755	3.522774	3.45575625	3.3667675	3.3825825	3.5449135	3.5067715	3.6671465	3.52266575	3.2904605	3.539278	3.60965625	3.68799675	3.5528855	3.28922275	3.17259675	3.41725925	3.579679	3.524253	3.479873	3.3402475	3.2883915	3.538182	3.6452775	3.31689475	3.48348	3.54263625	3.540429	3.71801775	3.475142	3.527924	3.58168325	3.64127875	3.42568925	3.2504085	3.366138	3.22570575	3.183313	3.4971075	3.78302175	3.41052875	3.166127	3.3496105	3.565308	3.34530175	3.46057075	3.37316025	3.53319525	3.60207575	3.345848	3.66523525	3.479768	3.3182415	3.289185	3.33332125	3.4772855	3.61498775	3.328033	3.34552875	3.39464375	3.474767	3.53687375	3.39196525	3.5836615	3.34004525	3.34703975	3.4699775	3.53071175	3.591783	3.299852	3.565825	3.344559	3.41350775	3.2896	3.5810155	3.491991	3.5758795	3.441316	3.49179125	3.33933225	3.36676175	3.42228025	3.6322335	3.32439875	3.56439375	3.396871	3.38141075	3.36976125	3.24188025	3.26140025	3.5409395	3.32639575	3.51156575	3.1664085	3.33266875	3.46413775	3.595704	3.417013	3.58116875	3.57050275	3.55720325	3.3187315	3.2716655	3.67064475	3.5054985	3.630111	3.37338525	3.454031	3.32610125	3.37565375	3.51767125	3.48981975	3.3838145	3.331434	3.43384025	3.29867625	3.56482	3.56686875	3.43850275	3.46509225	3.495443	3.39710275	3.48617875	3.3425365	3.56957075	3.636528	3.46099175	3.4787215	3.46878125	3.41951625	3.296734	3.72636825	3.47572475	3.3081315	3.72253025	3.75	0.045	9.5E-5	1.7E-5	0.345822143864
