Peak	Residue	N	T1	T2	T3	T4	T5	T6	T7	T8	T9	T10	T11	T12	T13	T14	T15	T16	T17	T18	T19	T20	T21	T22	T23	T24	T25	T26	T27	T28	T29	T30	T31	T32	T33	T34	T35	T36	T37	T38	T39	T40	T41	T42	T43	T44	T45	T46	T47	T48	T49	T50	T51	T52	T53	T54	T55	T56	T57	T58	T59	T60	T61	T62	T63	T64	T65	T66	T67	T68	T69	T70	T71	T72	T73	T74	T75	T76	T77	T78	T79	T80	T81	T82	T83	T84	T85	T86	T87	T88	T89	T90	T91	T92	T93	T94	T95	T96	T97	T98	T99	T100	T101	T102	T103	T104	T105	T106	T107	T108	T109	T110	T111	T112	T113	T114	T115	T116	T117	T118	T119	T120	T121	T122	T123	T124	T125	T126	T127	T128	T129	T130	T131	T132	T133	T134	T135	T136	T137	T138	T139	T140	T141	T142	T143	T144	T145	T146	T147	T148	T149	T150	T151	T152	T153	T154	T155	T156	T157	T158	T159	T160	T161	T162	T163	T164	T165	T166	T167	T168	T169	T170	T171	T172	T173	T174	T175	T176	T177	T178	T179	T180	T181	T182	T183	T184	T185	T186	T187	T188	T189	T190	T191	T192	T193	T194	T195	T196	T197	T198	T199	T200	T201	T202	T203	T204	T205	T206	T207	T208	T209	T210	T211	T212	T213	T214	T215	T216	T217	T218	T219	T220	T221	T222	T223	T224	T225	T226	T227	T228	T229	T230	T231	T232	T233	T234	T235	T236	T237	T238	T239	T240	T241	T242	T243	T244	T245	T246	T247	T248	T249	T250	T251	a	asigma	b	bsigma	rmsd
0	119	251	1.83401325	1.067152625	1.0395631875	0.9910286875	0.643778375	0.7399200625	0.8685024375	0.8779506875	0.51464684375	0.468560375	0.580940375	0.30462678125	0.5953650625	0.538353	0.600597625	0.7888646875	0.4755779375	0.4017505	0.546296875	0.29339746875	0.39020003125	0.33603615625	0.47547740625	0.0999142265625	0.5338383125	0.204631171875	0.246114109375	0.4760679375	0.33986278125	0.435866875	0.2126510625	-0.0740549453125	0.170524359375	0.26451334375	0.20096540625	-0.142663859375	0.0335465429687	-0.0795393046875	-0.108982039062	0.152312078125	0.11297075	0.15792390625	0.23882784375	-0.140033609375	0.220634921875	-0.13246453125	-0.125352242187	0.196682515625	0.0659800078125	-0.0920589921875	0.0097161484375	-0.132402546875	0.0573164375	-0.126437203125	-0.109043023437	0.129136609375	0.124533335937	-0.229914984375	-0.117353328125	-0.21901696875	-0.126546929687	-0.110523039062	-0.16663065625	-0.144919484375	0.0674696796875	-0.26095421875	0.33398146875	-0.0611077734375	-0.0854195859375	-0.092545	-0.28528309375	-0.123404085937	0.0412114335937	-0.150325625	0.182737515625	0.0652639375	-0.0789148515625	0.091659421875	-0.172657921875	-0.07774515625	-0.0482778007812	-0.0955349921875	0.1153365	-0.109833484375	-0.245745234375	0.152329125	-0.0521114765625	0.0485590390625	0.119143945312	0.170659140625	0.0853996015625	-0.21524228125	-0.206461453125	-0.1052870625	0.0534626875	0.153586546875	0.225928171875	-0.189234109375	0.0572642578125	0.0227463300781	-0.0741603125	-0.17479275	-0.35609415625	-0.210277453125	0.164549828125	0.174533171875	0.143802375	0.114169109375	-0.0576435390625	0.13211509375	0.129887625	-0.190692203125	-0.123270960937	-0.1434665625	0.108243710937	0.0571394609375	-0.0600503554687	-0.128450507812	-0.287841625	0.07833325	0.0608245703125	-0.12087225	-0.0469990742187	0.0677040234375	-0.0740303125	-0.116251640625	-0.190479421875	-0.0693833203125	-0.150695421875	-0.102132179687	-0.0931352734375	-0.03871678125	-0.13116778125	-0.181208765625	-0.0989074453125	-0.263712625	0.158502875	-0.1218528125	-0.056450125	0.12015159375	-0.190540390625	-0.078509171875	0.0365952304687	0.0680048984375	-0.076766609375	0.0297009316406	0.114226070312	-0.1333998125	-0.16476140625	0.06514109375	0.045784375	-0.101195585937	-0.18673621875	-0.17096946875	-0.126346429687	0.0313209160156	0.0711960234375	0.149505015625	-0.117258015625	0.114551648437	0.105709703125	0.146734671875	0.120377882812	0.209767234375	-0.083912578125	-0.157611171875	0.13550684375	0.161280359375	-0.256192515625	0.29021915625	0.2000145	-0.161679921875	-0.1696446875	0.0965528046875	-0.128299835937	0.0620193203125	-0.147071	-0.248938671875	-0.1160583125	-0.1046758125	0.0609784296875	0.051943359375	-0.30667784375	0.23780096875	-0.333328125	0.16780296875	0.112119570312	-0.30549603125	-0.239602171875	0.0473438398437	-0.098505765625	0.11006196875	-0.2984740625	-0.1537111875	-0.31482640625	0.247253515625	0.0769724921875	-0.27473884375	-0.120599789062	-0.191701234375	-0.130703710937	0.3075825	-0.13468396875	0.161586734375	0.0329619023437	-0.22546440625	0.125656679687	-0.1993219375	-0.183327859375	-0.46419953125	0.252843015625	0.0680925	0.1688085625	0.117402195312	-0.159522765625	-0.074851890625	-0.087744015625	0.05460553125	-0.0588632695312	0.0504172539062	0.28640990625	-0.222566796875	-0.242206234375	0.12282109375	-0.187940921875	-0.2695371875	-0.1543600625	0.137663796875	0.112788554687	-0.0757379375	-0.27904765625	-0.24550340625	-0.257534390625	-0.3592783125	0.0744041796875	0.153302171875	-0.09822909375	0.13995590625	-0.107811054687	-0.234758671875	-0.163292828125	0.29549996875	-0.2625080625	0.104989171875	-0.23651325	-0.1421575	0.139687078125	-0.23250303125	-0.20037221875	-0.37172784375	-0.212959828125	1.46	0.1	0.014	0.0013	0.169280601664
1	131	251	1.5647715	0.8139476875	0.955064875	0.7615166875	0.7005883125	0.7297904375	0.40830546875	0.74733075	0.5855001875	0.7674480625	0.8519263125	0.8297880625	0.7140423125	0.9018225625	0.42755228125	0.77808025	0.715148625	0.707896875	0.818016125	0.7224298125	0.9683104375	0.7309411875	0.8417769375	0.9459738125	0.8408368125	0.7648945625	0.816818875	0.934713	0.6977330625	0.736121	0.986857625	0.97062175	0.7543950625	1.0430621875	0.7665531875	0.547542625	0.674606625	0.9781849375	0.7137164375	0.9466931875	0.8897681875	1.0248975	0.811076625	0.560997375	0.788507625	0.744176625	0.5001981875	0.7060830625	0.835730125	0.880317875	0.8052051875	0.8687075625	0.6147048125	0.879331125	0.8568829375	0.8493723125	0.8373808125	1.040381375	0.334608625	0.62951925	0.954595625	0.9378933125	0.656141	0.628541625	0.9196900625	0.72039675	0.81071	0.57470575	0.7036066875	0.582577375	0.848195625	0.88906875	0.6829355	0.94158	0.790526375	0.9422346875	1.0102983125	0.6055726875	0.8592288125	0.6945143125	0.759331875	0.824522875	0.85900675	1.064615	0.9914438125	0.6710203125	0.831142625	0.9272469375	0.8555934375	1.00573875	0.8281956875	0.8651233125	0.613829375	0.9067184375	1.0109356875	0.6373816875	0.88166175	0.683669875	0.517586875	0.7279129375	0.901934	0.6078215	1.064002125	0.69023775	0.930186375	0.6941518125	0.8774943125	0.7077524375	0.9185929375	0.772346125	0.7317393125	0.8262241875	0.65986825	0.761117625	0.6640599375	0.7047583125	0.8781649375	0.7387159375	0.9097639375	0.885938125	0.726907	1.07609625	0.7320155	0.84055225	1.1121035	0.5829301875	0.83414775	0.90121975	0.680088375	0.7589768125	0.919769	0.856108375	0.9537915625	0.6516333125	0.6391035625	0.95050525	0.733823375	0.950829875	1.101755625	0.6344999375	0.850382125	0.7473255	0.969647	0.700408375	0.66660475	0.612678375	1.06184925	1.10779725	0.760657375	0.9248626875	0.7521503125	0.7164583125	0.871049625	0.75006725	0.8170219375	0.7269235	0.6872274375	0.837031875	0.844368125	0.8616951875	0.6728700625	0.9923426875	0.4534734375	0.602270125	1.03532775	0.6487285	0.6688773125	1.04480875	0.734248875	0.824288375	0.8053183125	0.67810225	0.79533075	0.774421125	0.8152734375	0.9834798125	0.8059025	0.949375875	0.7069199375	0.8082395625	0.91046325	0.7758606875	0.8438705	0.97539825	0.5352835	0.705239375	0.8192206875	0.6923348125	0.9131215	0.951020875	0.6755335625	0.957137125	0.52355934375	0.7877619375	0.9543295625	0.995686375	0.45488534375	0.9392051875	0.858106625	0.9312376875	0.8431031875	0.9080418125	0.8036755625	0.8132150625	0.7200081875	0.8265468125	0.939891375	0.802202875	0.718466875	0.68363375	0.9313006875	1.031435125	0.8152255625	1.12539625	0.651807125	0.693731625	0.8764345	1.044940125	0.4837764375	0.7991005	0.7820366875	0.8657735	1.15645375	0.871192625	0.49449503125	0.801649375	0.9031104375	0.64225	0.91579525	0.76823725	0.844962125	0.6042405	0.595647625	0.884415	0.680604875	0.804884625	0.6032408125	0.7936955625	0.542059625	0.8090948125	0.6193634375	0.7518246875	0.95268525	0.855478625	0.787523	0.9015673125	0.716821375	0.7075431875	0.7864625625	0.9188564375	0.78614625	0.802	0.019	1.0E-6	3.3E-5	0.152641604126
2	133	251	1.5757685	0.850473	0.6307353125	0.780096	0.7567763125	0.50048125	0.544893125	0.43490125	0.6272485625	0.8597075	0.673535375	0.6576725	0.768984375	0.762486125	0.708987125	0.7056785625	0.5490205625	0.766511625	0.3339916875	0.715579375	0.8413986875	0.55826425	0.5511075625	0.614102125	0.5783855625	0.5604485	0.9389426875	0.5791880625	0.759543	0.681404125	0.577030625	0.538164625	0.613306125	0.6390760625	0.7493945	0.65180475	0.809325625	0.4814325	0.5527624375	0.750324125	0.7208575	0.8901825	0.7609274375	0.7658201875	0.6929131875	0.6285256875	0.87883025	0.620649125	0.821650125	0.53644675	0.6042485625	0.7764843125	0.49665559375	0.86763275	0.9343344375	0.837648875	0.6950935625	0.653250875	0.4789650625	0.60254325	0.822021125	0.750731375	0.79978625	0.7796965	0.7711261875	0.57499275	0.6585395625	0.583049	0.7682949375	0.49466540625	0.648729375	0.8970735625	0.551970375	0.664781125	0.800211	0.6055655625	0.820290375	0.728909	0.80560725	0.767668375	0.749628375	0.7283500625	0.48930953125	0.6878499375	0.920353	0.65427775	0.676484625	0.496190875	0.60074075	0.588926	0.9807170625	0.6539726875	0.6626616875	0.5565154375	0.725302625	0.813603625	0.7081546875	0.8305255	0.5513241875	0.69716775	0.6639011875	0.889135125	0.5294186875	0.7835245	0.712859	0.736685625	0.661979875	0.7991600625	0.7773946875	0.8511099375	0.68076825	0.7678679375	0.735611	0.7033199375	0.90203875	0.847976125	0.6404723125	0.28357165625	0.5862349375	0.836784	0.7558628125	0.6750128125	0.6536135625	0.8855905625	0.835322625	0.624977125	0.661669875	0.723187375	0.8996301875	0.51615734375	0.6578729375	0.6416321875	0.872099625	0.81958825	0.8670125625	0.6879338125	0.8493953125	0.715201875	0.7667301875	0.81686675	0.59994125	0.764035875	0.8483731875	0.6867333125	0.4639789375	0.859077375	0.7929329375	0.6416145625	0.367347	0.6959035625	0.7240344375	0.6460409375	0.660125125	0.48449934375	0.607923875	0.728002	0.47308709375	0.8188639375	0.7487066875	0.710140375	0.5779793125	0.66223175	0.6436779375	0.5548133125	0.5702008125	0.855526625	0.55680625	0.73715275	0.7963045625	0.6819785	0.6620794375	0.7525058125	0.8878185625	0.7897820625	0.6596631875	0.7733460625	0.64636925	0.742948625	0.832698125	0.9853881875	0.7465875625	0.7191796875	0.669978125	0.8423234375	0.7610594375	0.6807064375	0.7542605625	0.914263875	0.8329195	0.8692860625	0.7822570625	0.656671	0.992662375	0.565324625	0.771805375	0.673296875	0.6900224375	0.77465875	0.6956316875	0.94716475	0.80402375	0.8752729375	0.8543315625	0.670120625	0.75038475	0.694310625	0.8056558125	0.6491458125	0.5993183125	0.858562	0.64973525	0.810193875	0.8420430625	0.96247875	0.69205125	0.6459900625	0.8342364375	0.897768	0.803359	0.670397	0.5536796875	0.5610625	0.7781115625	0.6997226875	1.046814125	0.548091	0.705202625	0.8714493125	0.7023318125	0.8706605	0.8159784375	0.637232125	0.6871755625	0.862913	0.7288363125	0.7370671875	0.7202863125	0.8082245	0.619983875	0.6068868125	0.6718886875	0.61478275	0.5850670625	0.5770273125	0.9050035	0.855029125	0.7305498125	0.6644625625	0.944907	0.645006	0.706531875	0.686	0.018	-6.8E-5	3.3E-5	0.135381361236
3	59	251	2.19765125	1.151893	1.0164886875	0.8051534375	0.814704	0.906092875	0.810912375	0.8506848125	1.1721025	0.6740490625	1.0604915	1.173968875	1.114145375	1.188707625	0.9523156875	0.7324629375	1.086594375	0.97052575	1.102694375	1.043637625	1.131941875	0.913658875	1.269161375	0.900699125	0.896364	1.047769875	0.8987675	0.933093875	1.178156875	1.121055	1.1142905	0.9098230625	0.9812045	1.063590875	1.37452075	0.9357983125	1.0970315	0.979299375	1.0017516875	1.00211375	0.990520625	0.868984	0.862352125	0.9960236875	0.9264741875	0.999803	0.986572375	1.16644025	0.9327025625	1.173276125	0.8105035625	1.060307875	1.220607	1.226712875	1.114268	1.0461575625	1.138243875	1.0048075625	0.9366869375	0.9617983125	1.097714	0.7870549375	1.12301275	1.0407915	0.97301575	1.0761345	1.264316625	1.167295125	0.7653129375	1.123845875	1.175756625	0.99739825	0.9684224375	1.0435250625	1.010609375	0.8120715625	0.988799	1.16307925	0.9827656875	0.9497659375	1.1922765	1.273622	0.97628625	1.271526875	1.13392375	1.19088675	0.7635353125	0.9846119375	1.187692125	0.962186125	1.174793375	0.886810875	1.05064475	0.9558825	1.2302155	1.0036909375	0.977830125	0.9975840625	1.116541125	1.036355375	1.118030375	1.062392375	1.13553925	1.451305875	1.094691625	1.120134875	1.08287625	0.9782611875	1.153477625	1.071679	1.059446125	1.22244125	1.000868375	1.07984475	1.133050375	1.052391	1.146339125	1.148289375	1.05798075	1.078991875	1.06660775	1.038784625	1.0167219375	1.15137275	0.9916089375	1.082471125	1.247144625	1.197923125	1.107992625	0.9476031875	1.173616	1.0040986875	1.065121125	0.99254775	1.132972375	1.291488125	0.9650838125	1.18201575	1.048043	0.983058	1.0021173125	1.130145125	1.08086125	1.139521375	1.1639165	0.775230875	1.058043375	0.9670841875	0.961349375	1.018593	1.153332625	0.8673885	1.031453125	0.927003	0.942287625	1.16852225	1.031127875	1.207823375	1.0072055	0.9353246875	0.94762625	1.05546125	0.8733991875	1.233002125	0.99615225	1.01483525	0.886758375	0.975325375	1.122184	1.13183525	1.173792875	1.227176	1.0557995	1.043314125	0.875618125	1.184247125	0.986472625	0.9012275625	1.0584625	0.9673495	1.09617125	0.9616291875	1.068750625	0.802137875	0.9106770625	1.2373685	0.9670651875	1.1002385	1.10470875	1.070985375	1.1512225	1.0029208125	1.044545125	1.0318996875	1.0415674375	1.115065	0.99961425	1.08805025	1.078058125	1.133726625	0.863346875	1.17891675	1.297491625	1.17841625	1.17480625	1.250366625	1.196961875	0.84890675	1.227036625	0.6748606875	1.048412125	1.021277625	0.878552125	0.946416625	1.075017	0.989667375	1.2743635	1.0616035	0.9479030625	1.047757125	1.082970875	1.102448625	1.029225375	1.137952	1.076962875	1.02143525	1.2166215	1.009348375	0.82389	1.13434375	0.9904308125	1.1095655	1.078511625	1.195892375	1.0207151875	1.0550465	1.1151325	1.05910275	1.060580875	1.088177625	1.115873	0.766095375	1.323339875	0.6954868125	0.947276	0.8209115	1.184620125	1.0165464375	0.954862125	0.913920625	0.852394125	1.05	0.019	2.0E-6	2.4E-5	0.147197891153
4	132	251	2.1088085	1.147455	0.890178125	0.9722354375	1.154268375	0.8877205	1.0003978125	0.71259875	0.93318675	1.25142375	0.9688521875	1.055324375	1.011004875	1.060673625	0.970349375	1.085364125	0.8970751875	0.913762125	1.16427875	0.9995473125	1.026869875	1.18121875	0.7809973125	1.108301625	0.9598079375	1.112059125	1.053227125	0.9441901875	1.022527375	0.9921505625	0.812309875	1.0037545625	1.08201675	1.22349025	1.104572875	0.7266631875	1.159966875	1.0077353125	0.75185525	1.210422875	0.883736625	1.142684875	1.125400375	0.846166375	1.17532075	0.9340646875	1.071103375	1.150246375	1.13503525	1.14181725	0.8378911875	1.107285125	1.10845925	0.9580553125	0.991572	0.9391751875	1.05738225	1.175853125	0.940993625	1.0379949375	1.021687375	1.2001995	1.04966025	0.9525355625	1.09081	0.800994875	1.0261800625	0.9641565	0.9505594375	0.867484875	1.073716875	1.0476619375	1.20348875	1.05204525	1.268279	0.9205990625	0.9513713125	1.087110375	1.0234531875	1.23324525	0.864102875	0.9773240625	1.022503125	0.994360625	1.155145	1.187452625	1.0021631875	1.14956375	0.9567934375	1.051197375	1.017038125	1.204495125	1.054346625	0.91552525	1.051639	0.955985875	1.106415375	0.85997275	0.7355193125	1.0686085	1.054657	1.0089341875	1.084826625	0.8982151875	0.87460725	0.7969041875	1.069101125	0.77642825	0.952011875	1.050229	1.26958525	1.050637625	1.342928125	0.82749	0.8283280625	1.08803325	1.109071375	0.980417375	1.240683	0.9406685	1.266468125	0.795935625	1.0003835	0.7373086875	1.0592665	1.101921625	1.0108098125	0.9370964375	1.286573625	1.0407664375	0.910251125	1.031659875	1.17316575	1.17626	0.917612375	1.1559425	1.053966	0.96264975	0.91201	1.2738425	0.9371778125	1.021899625	1.016499375	1.052734125	1.063217	1.067053875	1.288201875	1.158881375	1.0003470625	1.252869875	1.0152801875	1.21541775	1.05767875	1.075480375	0.920900125	1.123381	0.9581243125	0.9730753125	1.1278565	1.075422875	1.01369425	1.0567065	0.976807125	0.925533125	0.948298875	0.922065875	1.162842375	1.07550425	1.112908125	0.9928493125	1.150714375	1.066267125	1.0044138125	1.276150125	1.0453803125	1.169055625	1.290717125	1.208184875	1.090688875	1.089511375	0.953605125	1.23836925	0.892513875	1.0059001875	0.8373475625	0.9434829375	0.98298375	0.9566345625	0.97571575	0.955792375	1.12786375	0.907143375	0.9374350625	1.0193745625	1.09137	1.034327875	0.9757929375	1.088425625	1.09139325	1.10042625	0.9368571875	1.05108225	0.95330075	0.999926625	1.049519	0.9952766875	0.9157165625	1.06206025	0.93768175	1.093086375	1.247098625	0.8444474375	1.026384	0.963306875	0.8962658125	0.9636786875	0.9933011875	1.357258875	1.07259575	1.074846125	1.052862375	0.9263890625	1.062356	0.990534375	0.9018023125	1.18427925	1.131249	1.1050305	1.2241215	1.117937375	0.9293294375	1.05540625	1.065631625	1.138780375	0.9765601875	1.257209	0.82775775	0.8563560625	0.77421375	1.0823085	1.09750625	0.9925388125	1.375190625	1.043053125	1.044591875	0.9711093125	0.92201875	1.05932725	0.969577	1.092896625	1.048775875	1.034	0.018	-3.0E-6	2.3E-5	0.141046659978
5	2	251	3.39676	0.8579298125	0.763732125	1.39688125	1.062303	1.000323625	0.955369125	0.9620661875	0.9565553125	0.910618625	1.118055875	0.82565925	1.05401375	1.0064221875	1.2053415	0.8276476875	1.0731865	0.9681374375	0.9620259375	1.152884375	0.895096375	1.0039421875	0.9535335625	1.08892425	0.746033	1.216488	0.8125301875	1.040919375	1.04311575	1.150786625	0.840314	0.8710203125	0.9340779375	1.074897375	1.161949875	1.19950725	1.052252375	1.0102075	1.079776125	1.0235716875	0.9287770625	1.203822375	1.161389125	0.5700655625	0.9948351875	0.9111710625	0.8908174375	0.9132721875	1.0338835	0.602874375	1.053379375	0.95356675	0.8647508125	1.0199863125	1.101707375	0.874511125	0.9066018125	1.050352875	0.9859125	1.1944355	0.707153375	1.302699625	1.0210415625	0.9947678125	1.28710425	1.069960375	1.098808875	0.9567519375	0.9971685625	0.9307319375	0.89912825	0.9646678125	0.9945806875	0.9433929375	0.9707218125	1.26980825	0.7853103125	0.950963375	1.115700125	0.81584375	0.999962375	1.003241125	0.6581415	1.00094125	0.7808965625	1.098494625	1.284144375	0.912049	0.8174290625	1.166224875	1.019523875	1.0348775	1.0232148125	0.888646	1.148282625	0.890561	1.12472525	1.06520425	1.14297725	1.0587475	0.9625043125	0.9908444375	0.9218850625	1.079498125	0.9021495625	0.905317125	0.8120280625	1.07737975	1.0061036875	0.9504689375	1.070271625	0.7142861875	0.7891980625	0.9327015	0.892424375	0.836913625	0.736332125	1.0409713125	0.67190975	0.9536518125	0.8361225625	1.0000174375	0.913047	1.02924675	0.7833820625	0.9703715625	0.9639331875	0.978640375	0.9573058125	1.008353875	0.7785735	0.94496525	0.81398575	0.99755375	0.8933209375	0.843574625	0.7818265	0.9070361875	0.77085925	0.8279155	0.9850071875	0.6996728125	0.892682375	0.7922106875	0.9991168125	0.6493691875	0.9465779375	0.859937	0.905946	0.7694346875	0.8748544375	0.680003625	0.9769663125	1.09730225	0.9639738125	0.5290328125	0.8705715	0.9525724375	0.90975775	1.0173658125	0.7805175	0.9599939375	0.968601625	0.690793	0.9576534375	0.8464913125	0.6951029375	0.7907640625	0.8484634375	0.7953684375	0.692870875	0.855261125	0.80224025	0.8508105625	1.001358875	0.95484125	0.764826125	1.106039	0.9177696875	0.88730075	0.975808	0.93805675	0.722317875	0.9796435625	1.013363875	1.12217375	0.8971119375	0.7195915	0.9691401875	0.7626480625	0.9371233125	1.0349054375	0.7975926875	0.688129125	0.7513278125	0.82997025	0.8357328125	0.5311005	0.979349375	0.7593694375	0.933322875	0.865068	0.6943263125	0.66231025	0.8499865625	0.7502256875	0.758906625	0.942243625	0.891095375	0.9465295625	1.075614875	0.904564875	0.824709	0.99116175	0.69328825	0.9979626875	0.7527415625	0.9828094375	0.9954404375	0.8310638125	0.70452325	0.7143775	0.850113375	0.7052360625	0.7006525	0.821282	1.02681425	0.751142125	0.94742925	0.877468	0.9019643125	0.9247460625	1.027593125	0.9893451875	0.8288825	1.089312375	0.8938279375	0.7462233125	0.8278023125	0.7212644375	0.72257125	0.9017706875	1.162301	0.8496569375	0.779756875	0.9189183125	0.8379770625	1.098448375	0.7720709375	0.7938301875	0.783737625	1.069	0.028	2.21E-4	4.0E-5	0.199934425951
6	36	251	2.61452475	1.705077375	1.678460875	1.576859375	1.607536125	1.71938225	1.591740625	1.8453565	1.6662255	1.486438875	1.553174	1.68783525	1.60237075	1.67340525	1.605321875	1.45780225	1.76654425	1.776703125	1.571884875	1.740001125	1.721697875	1.7227145	1.463168375	1.715774375	1.669693875	1.477244625	1.635002875	1.563408375	1.7177675	1.88561175	1.381595125	1.7506725	1.657694125	1.82759975	1.62210475	1.794163625	1.746301625	1.61296025	1.71352175	1.816190625	1.688384875	1.629969375	1.7245005	1.640518	1.801885625	1.72666525	1.542865	1.48537475	1.70446775	1.57287325	1.641992125	1.703294125	1.804812125	1.824477	1.707792625	1.744335375	1.88545775	1.67598325	1.61198375	1.60890375	1.646848375	1.693375125	1.5985495	1.580774625	1.60568575	1.664868875	1.660404625	1.714359875	1.5632725	1.71967925	1.538437125	1.48072025	1.693471875	1.67073525	1.838674	1.64654775	1.7886995	1.7189165	1.574652125	1.66364175	1.717785	1.4873825	1.8379335	1.831304875	1.60531275	1.781739	1.51251	1.602875625	1.688603375	1.475801875	1.602660375	1.649433625	1.65833075	1.78885875	1.580302375	1.52299825	1.83762275	1.495232	1.5460895	1.646446	1.768461125	1.63768825	1.81889225	1.64957175	1.906354	1.721867375	1.622738625	1.513580125	1.339796625	1.71385525	1.644238875	1.5171365	1.7452285	1.5030605	1.746978875	1.741970375	1.576365	1.6694195	1.748441125	1.600651625	1.679641875	1.732705	1.723390875	1.720432125	1.5444255	1.701043375	1.69294275	1.647767625	1.7697675	1.5269145	1.609057125	1.71149125	1.663931875	1.672349125	1.641126125	1.95482825	1.76757675	1.457863375	1.669336125	1.61008425	1.85884475	1.41176575	1.61884025	1.65140025	1.7653235	1.584306875	2.0604935	1.58128975	1.551159375	1.677777875	1.58779475	1.68408675	1.542222375	1.638796375	1.684214375	1.56475925	1.716829875	1.439789125	1.96161675	1.407315	1.75987475	1.619472125	1.57872675	1.65941425	1.5567245	1.49450025	1.77838675	1.7015125	1.671800875	1.798789125	1.767891	1.5339645	1.75918	1.605667625	1.61069	1.634468625	1.760443	1.666239375	1.506513625	1.63808825	1.76637325	1.492462125	1.44484475	1.550536875	1.6748585	1.710546375	1.654032625	1.594340125	1.5673635	1.641848125	1.48642625	1.538565	1.786765625	1.6029905	1.26497825	1.63134075	1.7401345	1.55422475	1.529633	1.56338275	1.595851375	1.74802025	1.723533625	1.68888175	1.578667375	1.7377795	1.706496625	1.726855125	1.435115125	1.853248375	1.574554375	1.726691625	1.816479125	1.699311	1.804716625	1.682072625	1.807260375	1.7112845	1.817868125	1.7001695	1.4714035	1.795339	1.7270155	1.93200575	1.836988625	1.61593075	1.4456485	1.648335625	1.714841125	1.833402375	1.629375	1.6449335	1.69211025	1.711571125	1.720268375	1.597374	1.552947875	1.5198775	1.914123875	1.832735875	1.557341125	1.742661	1.828314125	1.780936375	1.670784625	1.5519615	1.5491335	1.777400125	1.853419875	1.619519875	1.581628375	1.672	0.017	6.0E-6	1.3E-5	0.132281592032
7	25	251	3.238125	0.32119396875	0.0549580039062	0.0844703125	-0.19670578125	0.249806703125	-0.0727810859375	-0.1501209375	-0.143190875	-0.200158515625	-0.0520412109375	-0.30376903125	0.00393803320312	0.076589109375	0.122827179687	-0.09815609375	0.25399675	0.110566257812	-0.124781539062	0.0576683789062	0.0406256835937	-0.158878015625	0.14946484375	-0.29417978125	0.30046928125	-0.236240828125	0.218958953125	0.176445390625	0.021977078125	0.1351899375	0.259317359375	-0.146971453125	0.16628428125	-0.22350903125	-0.1860065	-0.3056378125	-0.29289184375	-0.230887984375	0.0901396796875	-0.161490078125	0.106536828125	-0.14061271875	-0.172033328125	0.0255639726562	0.138693453125	0.199577625	0.14522559375	-0.0770789140625	-0.152424640625	0.06851715625	0.1631828125	0.19337671875	-0.048040734375	-0.191720078125	-0.15096959375	-0.196623375	0.3351466875	-0.196005015625	-0.161825484375	-0.1649355	-0.1917415625	-0.39211553125	0.101015234375	0.0877129765625	0.217883	0.215950765625	-0.1676289375	-0.15780190625	0.129450625	0.224760734375	-0.038381171875	0.145069890625	0.0561479140625	0.13927940625	0.0839103125	-0.10529821875	0.142380125	0.1773478125	0.159006765625	-0.146103390625	0.122485109375	0.119944460937	-0.211501140625	0.1633759375	-0.16790953125	0.139626953125	-0.126285703125	-0.248979265625	0.431380625	0.20112496875	-0.231888484375	-0.176006734375	0.242826671875	-0.19744178125	-0.295683875	0.04167834375	-0.14426675	-0.30134296875	0.31502575	-0.104877234375	0.2516690625	-0.105322421875	0.1740468125	0.30201790625	0.2154139375	0.107922289062	0.2090236875	0.2744875	-0.176093578125	-0.132826234375	-0.207582671875	-0.214712703125	-0.22495521875	0.119247640625	0.174973375	-0.15110953125	0.183047859375	-0.182328625	0.138931765625	0.26595475	-0.049901625	0.12324965625	0.216620671875	-0.08213209375	-0.2792755	0.122515570312	-0.0810511171875	0.1839950625	-0.184922484375	0.235853015625	0.3904751875	-0.0944888046875	-0.2073415625	0.08187578125	-0.216679296875	0.21347840625	-0.1966585625	-0.14481653125	-0.217563421875	0.2698171875	0.167570328125	0.253367515625	-0.34236990625	-0.16577575	-0.11999734375	0.183458828125	0.19311246875	-0.158047578125	0.34419146875	-0.117396148437	0.0752239375	0.30060359375	0.0735844296875	-0.30613534375	-0.291674	-0.168691609375	0.107648257812	-0.142464890625	0.146395546875	0.169351578125	0.18045209375	0.111903679687	0.271348625	-0.230092625	0.273505875	-0.200528796875	0.10816865625	0.112859601562	0.137595609375	0.120724289062	-0.2635790625	0.26982403125	0.2415904375	-0.05835453125	-0.3904406875	-0.114709234375	0.2386058125	-0.1488115	-0.0310855878906	-0.1346145	-0.174236140625	-0.2880430625	0.073743375	0.148471828125	0.167029484375	0.133291890625	0.2217535	0.102372875	-0.098813625	0.0368827460937	0.2268755	0.19548296875	0.210438875	-0.26511221875	0.152749421875	0.16434709375	0.150535046875	0.166504296875	0.174752390625	-0.15736403125	0.15677059375	0.0995349453125	-0.28016696875	-0.080063546875	0.15001925	0.0386199179687	-0.14211078125	0.26795678125	0.18362115625	0.0868270546875	0.239347203125	0.246105921875	-0.094839984375	0.3218980625	-0.157448484375	0.252245625	0.125618375	0.195534109375	0.1614848125	0.308836	-0.161095828125	-0.0872704609375	0.228791125	0.13892859375	-0.163068171875	-0.164536765625	0.086942078125	-0.137897875	0.28914328125	-0.21352125	0.21157421875	-0.24274190625	0.120865148437	0.23795715625	0.094665046875	-0.2335379375	0.0477110546875	-0.2145244375	0.0776860390625	-0.0893155078125	-0.21896646875	-0.163522359375	0.1105940625	-0.3081939375	0.268706875	-0.143482734375	-0.232458546875	0.1864999375	0.15803759375	-0.2099011875	-0.21086984375	3.24	0.18	0.17	0.05	0.190142462337
8	122	251	2.6817205	1.537893875	1.20950425	1.187438125	1.11432575	1.24751675	1.136928875	0.896745875	0.601649625	0.659164125	0.8557904375	0.8309254375	0.8147393125	0.8576883125	0.4099775625	0.5174763125	0.6186984375	0.51850721875	0.262837875	0.3083490625	0.49040275	0.282864	0.211286375	0.2213973125	0.3439525	0.6289676875	0.25401271875	0.5540635	0.30276903125	0.26335521875	-0.108058234375	0.218706984375	0.29348221875	-0.153350375	0.231080046875	0.36027634375	0.2204733125	-0.261850515625	0.229132453125	0.110681726562	-0.114383640625	-0.06792015625	0.28517884375	-0.205217828125	-0.205326109375	0.216734296875	0.082964390625	0.127720203125	0.31822503125	0.2259455	-0.162989125	-0.34006596875	-0.17897684375	0.14394178125	0.3076744375	-0.229025109375	0.18696890625	0.207107203125	0.181736890625	-0.16685321875	0.132754453125	-0.165518921875	0.101118578125	-0.196093859375	-0.196203640625	-0.241846375	-0.33134128125	-0.188505125	-0.12736521875	-0.125147328125	-0.123937445312	-0.135874453125	0.170319125	-0.22983765625	-0.30204715625	0.14163421875	0.210913015625	-0.2626439375	0.12215171875	0.15121275	-0.29682240625	-0.179955859375	0.257663546875	0.251889390625	0.06921421875	-0.37313953125	0.17261775	-0.121820640625	0.12435578125	-0.20586028125	-0.122765296875	0.0530448710937	0.3896473125	-0.168670203125	0.20425521875	-0.193390796875	-0.09557725	0.347169	-0.20814375	0.158417625	0.11531065625	0.167986796875	0.133287265625	-0.092698890625	-0.0304100839844	-0.2602153125	0.184522453125	0.191636359375	0.0929094296875	0.0749064453125	-0.0344870625	0.146372640625	0.3016991875	-0.15934896875	-0.13095259375	0.128723867187	-0.108957054687	-0.104816804687	0.3318860625	-0.174578671875	-0.203369625	0.0943111171875	0.142288859375	-0.152544734375	0.341930125	0.22598003125	0.125386320312	-0.190908375	-0.098387359375	-0.131720953125	-0.0829045	-0.235394796875	0.242455671875	0.15094153125	-0.165848515625	-0.1427989375	-0.192786	-0.203609625	0.199252609375	-0.0404403945312	-0.16246125	0.184671484375	-0.179664453125	-0.141472796875	0.16258584375	0.221502640625	0.173549953125	-0.162644	-0.119582078125	0.2689615625	0.4021725625	-0.224665546875	-0.097361015625	0.18818665625	-0.20562953125	-0.23906153125	-0.24001525	-0.229035203125	-0.124737421875	0.239901	0.320131	0.128856640625	0.190102	0.12568678125	0.2040338125	0.0809151953125	-0.2420343125	-0.220219109375	-0.181246953125	-0.195806765625	0.218135375	0.101860195312	0.212566796875	0.210167375	-0.082245328125	-0.142989109375	-0.103481984375	-0.201589875	-0.128553195312	-0.053261921875	-0.284274625	0.167890296875	0.194402609375	0.23758153125	-0.105944171875	-0.2876845625	0.18324121875	-0.144475453125	-0.291187125	-0.119640320312	-0.2315834375	-0.060869109375	-0.190512015625	-0.215576515625	0.132725203125	-0.162954734375	0.115589671875	0.215803625	0.33057925	0.2824323125	-0.070762921875	0.225849671875	0.071852484375	0.223819921875	-0.17835215625	0.08826478125	-0.176638375	0.186130671875	-0.211787890625	-0.0664226640625	-0.137027953125	-0.118347695312	0.0305157773437	0.260678609375	-0.0768841328125	-0.2659615	-0.109321265625	-0.28122925	-0.199560484375	-0.1816489375	0.174811484375	-0.32717865625	0.0857082890625	0.3331579375	0.0728916328125	-0.160039390625	-0.26405390625	0.192951125	0.2229074375	-0.144709234375	0.223907046875	0.1662079375	0.191198875	0.2200549375	0.0786890625	0.143139984375	0.11406046875	-0.220346125	-0.167536703125	0.29689671875	-0.31541521875	0.11590003125	0.107984859375	0.170028609375	-0.124358140625	0.26778371875	0.112594976562	0.194891921875	-0.238351	-0.177092296875	-0.179950328125	2.15	0.13	0.0169	0.0012	0.196629858224
9	129	251	3.28736975	1.60024875	1.572848875	1.532075625	1.622222625	0.88446175	1.622978125	1.665467375	1.55583325	1.4741265	1.5128545	1.63556525	1.412865375	1.568925125	1.532826875	1.367175125	1.404711125	1.4798855	1.64098125	1.59476525	1.60466675	1.49268375	1.521864375	1.56707075	1.550444	1.51253425	1.28697125	1.677013625	1.445858	1.632695125	1.578743375	1.764168625	1.65856425	1.40279275	1.679928125	1.5963975	1.572709	1.516911875	1.239374625	1.811694125	1.44235725	1.527438125	1.383025125	1.510121875	1.362594375	1.406627	1.6362175	1.3900375	1.402081	1.525041125	1.584362375	1.36454175	1.62641875	1.41835375	1.356944375	1.690095625	1.407649875	1.57696475	1.6890995	1.75590775	1.41631275	1.5528555	1.2451065	1.396633125	1.578274875	1.31649375	1.36672325	1.605404625	1.516114875	1.556842375	1.4719835	1.66608175	1.443451375	1.373942875	1.4566045	1.5900065	1.44353375	1.50404275	1.431363875	1.27452325	1.614957625	1.473773125	1.3413765	1.626367625	1.400032875	1.416354375	1.70741875	1.55563375	1.4234685	1.56064375	1.522499875	1.672797875	1.644884	1.36143075	1.48786925	1.48394275	1.57247775	1.48326225	1.5457985	1.33011175	1.524535	1.268516125	1.502547875	1.484472375	1.2983345	1.562796875	1.528265375	1.41915875	1.397223375	1.310547625	1.454155	1.4299575	1.368429875	1.620735	1.569945125	1.347038	1.497420125	1.444061875	1.46901925	1.54929625	1.50606925	1.415805875	1.478795375	1.453322	1.53704475	1.5172415	1.294789625	1.66657025	1.398148125	1.455101625	1.585765625	1.374601375	1.51864675	1.527545875	1.509844625	1.38728625	1.561346125	1.49194925	1.477298375	1.471598625	1.75363	1.6264185	1.29916425	1.41682075	1.38217975	1.8384195	1.56686475	1.55252325	1.546837125	1.575095875	1.427820375	1.5122435	1.65546325	1.70427925	1.322322375	1.503	1.598271625	1.53124575	1.54677275	1.69823775	1.30638925	1.499812625	1.567303625	1.552743625	1.406476125	1.6283945	1.66771925	1.659065625	1.55067325	1.41840125	1.593493875	1.44176925	1.486069875	1.826594875	1.512709875	1.542333125	1.407141625	1.514961	1.54495175	1.441423	1.660273	1.4809205	1.3064215	1.513406	1.582196875	1.526023	1.469182625	1.68147925	1.2544515	1.408542375	1.52931775	1.551417875	1.3619325	1.546462	1.770998125	1.681244	1.42585525	1.46460925	1.643315875	1.469108125	1.36336875	1.5216445	1.48392125	1.38256725	1.283946375	1.42025825	1.390158125	1.337639625	1.425139	1.397877875	1.73271025	1.40324275	1.7765295	1.308030125	1.3172465	1.5838055	1.610402125	1.79554775	1.435233625	1.580581375	1.53669325	1.6380035	1.61053575	1.617092125	1.503359625	1.7975485	1.592812625	1.531155625	1.540527875	1.45920525	1.62681	1.312248875	1.667523375	1.4189975	1.531169375	1.376695375	1.46056425	1.396450625	1.48609125	1.47496075	1.365941625	1.550330375	1.72106625	1.453988	1.725238875	1.514651375	1.314592125	1.447612	1.607505	1.469826875	1.376702625	1.533	0.02	2.0E-5	2.0E-5	0.169678359209
10	21	251	2.4421965	0.31691465625	0.4029040625	0.268357125	0.33466671875	0.30628096875	-0.2004624375	-0.0838920078125	0.0224262929687	-0.247668171875	-0.0488097773437	0.510409	0.144078484375	0.1507469375	0.28284734375	0.124555664062	0.25831353125	0.2554835625	-0.0854420390625	0.179107140625	-0.162922609375	0.175451828125	-0.171128296875	0.3711786875	0.352256375	-0.2629934375	0.2992750625	0.2657730625	0.4235820625	0.314970875	0.429655375	-0.062991640625	0.20417546875	0.2851550625	0.207263265625	0.32461753125	0.227322828125	-0.1900465	-0.158939796875	0.2504113125	0.52128909375	0.163758578125	0.299266125	-0.33246134375	-0.3445824375	0.172452828125	0.155296265625	-0.0825796484375	0.224053984375	0.31007825	0.40867690625	-0.20346975	0.45390628125	-0.222009515625	0.30850203125	-0.15105503125	0.132359203125	0.416401375	0.21911025	0.240949609375	0.20987971875	0.29521275	0.23697459375	0.127825546875	-0.21745553125	0.4299694375	0.31029946875	0.185380421875	0.270105625	-0.341820125	-0.19693790625	0.34953925	0.20659325	0.203867375	0.2898285	-0.098654578125	0.5408735625	0.106444914062	0.2769090625	0.2961996875	0.206900625	-0.0681908828125	0.38726721875	0.37032059375	0.1572843125	-0.184617421875	-0.18422809375	0.31625625	0.1540280625	0.2840673125	-0.26618709375	0.2757059375	0.2676929375	0.33477865625	-0.259985859375	0.4068989375	-0.1313525	-0.130517625	0.257968375	0.3626060625	0.27196753125	0.3537690625	-0.12620021875	0.32310078125	0.3159663125	-0.1656883125	0.236455265625	-0.1818244375	0.2988051875	0.23149625	-0.215927484375	-0.0215965332031	0.49447109375	0.176125421875	-0.20394053125	0.38123478125	-0.19781225	0.2151545625	0.1919340625	0.3159085	-0.077313078125	0.239284390625	0.3880750625	-0.091693609375	0.45606771875	0.33029484375	0.27997384375	0.22514065625	-0.2500825	0.26803665625	0.18833446875	0.26450540625	0.233060859375	-0.0950970546875	0.41161975	0.238761890625	0.260272203125	0.153876984375	-0.21768121875	-0.21788390625	0.29740696875	-0.24832828125	0.120911140625	0.25002190625	-0.3450395625	0.1236773125	0.2831228125	-0.171959328125	0.308897625	-0.161061890625	-0.0204334726562	0.32109178125	0.246122359375	0.174359671875	0.20011603125	0.203457	-0.20094953125	0.226006640625	0.23131828125	0.3263396875	0.429348625	0.20086915625	0.1532381875	0.254335265625	-0.1751583125	-0.106371703125	-0.27425790625	0.30946903125	0.451808125	-0.190990796875	-0.125018976562	-0.16211928125	0.325719625	0.381887	-0.209696203125	0.207897578125	0.2452576875	-0.3597299375	-0.04991453125	-0.133703640625	0.27905709375	0.3337899375	0.3768731875	0.2669385	0.242926859375	0.2899225625	0.16255490625	0.170911015625	-0.173816	-0.15590353125	-0.239349796875	0.216790671875	0.192490578125	-0.1547188125	-0.1085074375	-0.0180399648437	-0.119399234375	0.34687	-0.23325734375	-0.3280955	-0.19049703125	-0.161630328125	0.27282115625	-0.1925744375	-0.123025671875	0.3242084375	0.0768970078125	0.2292590625	-0.22966446875	0.213445359375	0.2440325	-0.2006814375	0.105419546875	0.30802428125	0.2798929375	0.249428265625	-0.164237890625	0.27758653125	-0.115612234375	0.4577354375	0.285060125	0.119642117187	0.28391409375	0.228765296875	0.230793703125	-0.1823143125	-0.176037046875	-0.251842140625	0.29439565625	-0.12806625	-0.24858996875	0.0808831875	-0.11146796875	0.121170953125	-0.229977296875	0.22539790625	0.3604685	0.23490575	0.1117926875	0.118925796875	-0.147292046875	-0.1910858125	0.49457628125	0.195242078125	0.30286315625	0.32500625	0.211648203125	-0.2892230625	0.39188653125	0.33611540625	0.204914359375	0.236	0.047	0.00108	4.0E-4	0.268398395591
11	103	251	2.163854	1.44968675	1.395623875	1.6006865	1.337621125	1.143882375	1.539957875	1.492383875	1.165630875	1.252332375	1.226066375	1.5900415	1.1897915	1.41188425	1.32252525	1.239293375	1.42244	1.37222325	1.28656325	1.340521125	1.413295	1.367384	1.411256	1.1835515	1.39029125	1.456807625	1.36029925	1.125855875	1.3931505	1.45043625	1.1780645	1.161018625	1.390387375	1.39895375	1.335746125	1.11404325	1.388940125	1.381373625	1.34880475	1.290697375	1.23792425	1.37795675	1.446773875	1.292641875	1.3403245	1.19285375	1.22459675	1.2636345	1.55278225	1.182929	1.300306625	1.502213125	1.37790275	1.459680125	1.103732125	1.514274	1.1397945	1.39985375	1.338122125	1.14066	1.163132	1.367274375	1.307598125	1.105157375	1.123612	1.405609125	1.207731	1.39740725	1.321722375	1.330592875	1.114659125	1.330211875	1.326325625	1.24620925	1.316283625	1.39076025	1.477284625	1.398580125	1.431593	1.375397625	1.396247375	1.1530305	1.480059125	1.19944375	1.42427825	1.140780875	1.358755125	1.345491625	1.2249915	1.26796	1.310198125	1.205923875	1.237671625	1.64791975	1.195099125	1.2135175	1.481308375	1.137092	1.224992	1.355792875	1.190022125	1.439253375	1.265199625	1.343946875	1.08843175	1.261627125	1.388490375	1.30664125	1.19455925	1.38830825	1.120967875	1.445371875	1.33049475	1.493851625	1.30178975	1.311381625	1.42947075	1.256341375	1.397795125	1.2348305	1.36326775	1.26724525	1.335921	1.4785635	1.3578895	1.3928215	1.54822375	1.369898125	1.3404475	1.074631875	1.133184	1.209360875	1.3661385	1.73682575	1.403230375	1.1804445	1.506137875	1.429359125	1.370915875	1.363786375	1.367284	1.375228625	1.3699255	1.083432125	1.21377875	1.304603875	1.38433825	1.3096805	1.45018325	1.25694325	1.50884575	1.3621925	1.4297695	1.029636625	1.286285125	1.316790875	1.2136225	1.13365075	1.353154125	1.316284	1.289017125	1.46542075	1.401349875	1.359408875	1.44974825	1.407525625	1.435404125	1.4290725	1.189796875	1.28147425	1.446768625	1.264311125	1.3503485	1.374586	1.30860675	1.6221975	1.237130625	1.164775375	1.468783625	1.117334875	1.212961875	1.272019875	1.478384125	1.490241375	1.320635125	1.51846325	1.49222925	1.410704	1.400362875	1.349672625	1.35760125	1.493595	1.38320325	1.363402125	1.191759625	1.349342	1.325727625	1.09144475	1.374609875	1.435527125	1.307818125	1.1946055	1.329245375	1.10473975	1.14326975	1.444244875	1.1521405	1.265369875	1.333611	1.115328625	1.457285125	1.27762325	1.533241375	1.31421575	1.428313375	1.360022	1.109284625	1.610560375	1.4329735	1.172101875	1.50641925	1.366081125	1.241733	1.217384125	1.452144625	1.4869455	1.34529075	1.359513375	1.266932	1.128142125	1.53466075	1.387132875	1.191266	1.419854125	1.324344875	1.34054925	1.292907625	1.610543625	1.245641875	1.383458125	1.3480845	1.230038875	1.4414215	1.118733125	1.28865825	1.301687875	1.556078875	1.502328375	1.106228	1.069835625	1.162900875	1.34	0.019	1.0E-5	2.0E-5	0.138041351987
12	98	251	3.28736975	1.60024875	1.572848875	1.532075625	1.622222625	0.8864601875	1.622978125	1.665467375	1.55583325	1.4741265	1.5128545	1.63556525	1.411165375	1.56546975	1.495679375	1.367175125	1.36057925	1.474686875	1.617633625	1.568246375	1.617408875	1.49268375	1.521864375	1.56707075	1.525213	1.50652	1.28697125	1.677013625	1.445858	1.608339125	1.5549075	1.764168625	1.65856425	1.40279275	1.674594	1.58944275	1.572709	1.5029045	1.208117125	1.811694125	1.44235725	1.527438125	1.383025125	1.510121875	1.334045375	1.406627	1.610020375	1.369741625	1.402081	1.51632125	1.584362375	1.36454175	1.619341	1.357267125	1.356944375	1.690095625	1.395636125	1.57696475	1.684243625	1.75590775	1.41631275	1.5528555	1.2451065	1.376711375	1.578274875	1.31649375	1.36672325	1.601897375	1.516114875	1.556842375	1.4719835	1.66608175	1.443451375	1.373942875	1.4566045	1.5900065	1.44353375	1.50404275	1.431363875	1.26998425	1.613135	1.473773125	1.3413765	1.6112235	1.400032875	1.416354375	1.70741875	1.55563375	1.3909465	1.547228375	1.522499875	1.672797875	1.644884	1.36143075	1.48786925	1.48394275	1.57247775	1.48326225	1.5457985	1.33011175	1.524535	1.249924	1.502547875	1.480621375	1.2983345	1.562796875	1.528265375	1.383431375	1.397223375	1.310547625	1.454155	1.4299575	1.368429875	1.620735	1.53081875	1.347038	1.497420125	1.444061875	1.46901925	1.54929625	1.472013125	1.396156	1.478795375	1.4134875	1.51747525	1.5172415	1.294789625	1.637807	1.384165375	1.451506625	1.585765625	1.374601375	1.51864675	1.527545875	1.509844625	1.38728625	1.554701375	1.49071925	1.477298375	1.471598625	1.7439635	1.6264185	1.26852975	1.41322775	1.365691875	1.8384195	1.56686475	1.55252325	1.511801125	1.536155875	1.38223875	1.5122435	1.63124975	1.70427925	1.322322375	1.49296975	1.592517375	1.53124575	1.54677275	1.664022	1.30638925	1.475037375	1.553603125	1.522652	1.390941375	1.6283945	1.6627415	1.638583125	1.55067325	1.385401375	1.5837205	1.44176925	1.486069875	1.823948875	1.512709875	1.542333125	1.407141625	1.514961	1.54495175	1.428602	1.660273	1.44388475	1.298766625	1.476244125	1.582196875	1.478310375	1.469182625	1.68147925	1.2544515	1.408542375	1.520386875	1.551417875	1.3619325	1.546462	1.7651575	1.681244	1.42585525	1.46460925	1.643315875	1.467943375	1.3349555	1.5216445	1.4700785	1.37869725	1.283946375	1.42025825	1.3602525	1.304821625	1.425139	1.392497875	1.71666175	1.395134125	1.7765295	1.308030125	1.3172465	1.5838055	1.610402125	1.7603865	1.435233625	1.580581375	1.53669325	1.6380035	1.61053575	1.617092125	1.487335875	1.7975485	1.592812625	1.5017005	1.540527875	1.45920525	1.62681	1.312248875	1.667523375	1.401866	1.52362625	1.376695375	1.46056425	1.371999375	1.48609125	1.465168125	1.365941625	1.550330375	1.72106625	1.453988	1.725238875	1.514651375	1.314592125	1.447612	1.595979625	1.469826875	1.376702625	1.526	0.022	2.0E-5	1.9E-5	0.170618430688
13	203	251	2.62893975	1.622427	1.66208025	1.762180875	1.3813365	1.44228575	1.418461375	1.6453735	1.620370875	1.633348625	1.7261115	1.53107575	1.414696375	1.492002125	1.7305175	1.61817775	1.534727875	1.47200475	1.487550625	1.671110375	1.5882225	1.424776125	1.40299675	1.554403375	1.608763875	1.6456665	1.683788625	1.536633	1.6008915	1.71261575	1.676201375	1.59200125	1.509908625	1.733432125	1.693884125	1.60778075	1.42421225	1.392396125	1.592135625	1.50961475	1.460246375	1.45356425	1.54590875	1.520527625	1.4707765	1.472759375	1.5778845	1.539321125	1.66323375	1.54604625	1.289365625	1.408776125	1.613882	1.373648125	1.5569245	1.387452625	1.70647025	1.436696375	1.41968525	1.79480025	1.5408345	1.455229375	1.523363	1.592878	1.4967	1.63760475	1.486817875	1.567252	1.68790675	1.443380125	1.629008375	1.349406625	1.50880225	1.67887825	1.59635925	1.6292825	1.55303325	1.480132	1.57851475	1.6847355	1.470866	1.547863625	1.686773	1.407591375	1.524545375	1.428974375	1.64787	1.6120075	1.759782625	1.408061875	1.640918375	1.5348165	1.667211	1.4748115	1.76642575	1.522517875	1.484328875	1.623655625	1.624520875	1.49535825	1.688802	1.501288625	1.715239125	1.592390375	1.5357415	1.608392	1.517267625	1.335585875	1.567273625	1.492012	1.459162	1.55106725	1.550615625	1.668586375	1.75306475	1.4388655	1.401380875	1.58159825	1.599383625	1.52287325	1.573375	1.44721425	1.559448375	1.44500925	1.220935125	1.584831875	1.661486	1.427410375	1.52856275	1.51131225	1.5335395	1.621688	1.399838125	1.5469035	1.52636375	1.447973375	1.45059125	1.657430625	1.718628	1.538427625	1.418972875	1.52966275	1.598242875	1.60142325	1.514760875	1.76799375	1.24770425	1.56634725	1.588585875	1.48287875	1.413602625	1.723163625	1.454825375	1.255522125	1.50225625	1.524951875	1.360914625	1.546215875	1.425111125	1.382907375	1.46776	1.596505	1.53750925	1.72479175	1.6849095	1.7064095	1.57709425	1.7267705	1.515698625	1.637223125	1.6661625	1.501199125	1.374967625	1.47409375	1.5492055	1.509586375	1.6151885	1.407421125	1.576685875	1.462766875	1.780349875	1.320508375	1.465358875	1.427984	1.713171875	1.385958	1.4480395	1.490641625	1.4218335	1.360840125	1.608991625	1.472286875	1.45846725	1.549535375	1.461522375	1.527242625	1.599922625	1.490232875	1.606371875	1.460313125	1.626912125	1.630403125	1.371327125	1.756464625	1.574673	1.379522875	1.595666125	1.552486625	1.27416325	1.535243625	1.3496075	1.581615625	1.59283625	1.47260475	1.42262925	1.4964945	1.666188	1.566665625	1.5212805	1.2931435	1.48053375	1.496709625	1.57785425	1.2277715	1.45796	1.395330125	1.614383375	1.5717965	1.77627425	1.54371925	1.408638	1.66630775	1.47182375	1.454253875	1.4842065	1.516644	1.512351625	1.506293125	1.542979375	1.40271375	1.746235125	1.691426125	1.51333025	1.489020375	1.313940125	1.52914475	1.61911275	1.68668025	1.455028875	1.506346875	1.562637375	1.583	0.016	4.2E-5	1.5E-5	0.131025763545
14	10	251	3.92611225	0.6600450625	0.45344859375	0.47301403125	0.6129565	0.35122025	0.5844915	0.5377069375	0.41985015625	0.5301285	0.5765335625	0.6132000625	0.25223690625	0.6776579375	0.369360375	0.3188698125	0.5461104375	-0.183436328125	0.37896803125	0.52325059375	0.5585023125	0.4543785	0.4361930625	0.3001618125	-0.211532625	0.50239078125	0.28480815625	0.4327226875	0.4511435625	0.42966715625	0.2128655	0.43129896875	0.3362169375	0.55531225	0.2682701875	0.347373375	0.4491020625	0.6053179375	0.38937165625	0.32924625	0.390787875	0.3634768125	-0.125935492187	0.5739069375	0.3790328125	0.220241578125	0.2819231875	0.374051875	0.33254534375	0.40124621875	0.232651109375	0.5358499375	0.29078503125	0.43004625	0.2644749375	0.43268078125	0.4442935	0.311699875	0.36733596875	0.295599875	0.4618510625	0.47248496875	0.28961340625	0.219781234375	0.25119365625	0.41107415625	0.3435370625	-0.0857659375	-0.07443671875	0.118943203125	0.3725715625	0.39844684375	0.4863136875	0.30214771875	0.31259459375	0.45172459375	0.261400421875	0.3524159375	0.36582096875	0.215902265625	0.36701634375	0.37958428125	-0.0925377421875	0.189347265625	0.4457645	0.40863359375	0.4125044375	0.41130625	-0.160486390625	0.152815671875	0.5062138125	0.23412403125	0.2506330625	0.199225296875	-0.078473328125	-0.0813400234375	0.2948480625	0.48654821875	0.146546796875	-0.041962828125	0.124165992187	0.139694046875	0.4209665625	0.256464921875	0.29989428125	-0.071332390625	-0.26719334375	0.155962359375	0.16939271875	0.28710021875	0.137221	0.119076578125	0.230478171875	0.222128546875	0.35501884375	0.4087740625	0.255216578125	0.40832028125	0.387858375	0.1908654375	0.228495078125	0.1955954375	0.20503325	0.331899125	0.26013815625	0.181198953125	0.1342551875	0.36875025	0.26667365625	-0.4109695625	-0.06355421875	-0.076217703125	-0.20051625	-0.225750078125	0.0551528359375	0.195869125	-0.13171321875	0.28686428125	0.26873240625	0.099491875	0.3588891875	-0.203853671875	0.3010469375	-0.1958751875	0.153592171875	-0.211185921875	0.154159234375	-0.0956946015625	0.101625757812	0.39373678125	0.127752804687	-0.145952328125	-0.0555408945312	0.2723549375	-0.1665785625	0.200372796875	-0.26065990625	0.222092453125	-0.148724703125	-0.09213196875	-0.135323625	0.113488929687	0.176959484375	-0.241819328125	-0.075612421875	0.3042726875	-0.112325710937	-0.108575078125	0.194070609375	-0.226805046875	0.196338125	-0.216035359375	0.16931115625	0.14815225	0.238245796875	0.3219760625	0.187578234375	0.100707796875	-0.15830828125	-0.1053840625	0.13194753125	0.161284046875	-0.133136421875	0.1921736875	-0.126015179687	0.213444265625	-0.168667171875	0.3278441875	-0.0905980546875	0.22027478125	0.18605240625	0.170515328125	0.3052153125	0.143851265625	-0.169593296875	0.215705171875	0.1573510625	-0.14801546875	0.2059325625	0.2467431875	0.127221445312	-0.23999771875	-0.1962178125	0.13456140625	0.31642521875	-0.0785417578125	0.27673478125	-0.122002585937	0.17916946875	-0.194480796875	-0.108533007812	0.3640459375	0.28248953125	-0.084763625	-0.11038715625	0.112980773437	-0.091590390625	-0.17810078125	-0.168400515625	-0.27000809375	-0.139836859375	0.16158240625	0.28117925	0.211216328125	0.28891009375	0.286365125	0.176034375	0.459912125	0.067075578125	0.187862671875	0.38960184375	0.2311429375	0.118125742187	-0.14960090625	0.1524960625	-0.17066553125	0.251543	-0.238734171875	-0.30629978125	0.26364621875	0.174397625	0.0830859375	0.08779459375	0.1598070625	0.167315109375	-0.223074515625	0.159208625	-0.209464140625	0.27568553125	-0.18878478125	0.21439440625	0.74	0.07	0.00296	4.0E-4	0.281044048178
15	144	251	1.823869125	0.967855625	1.052215625	1.0146931875	0.8931149375	0.8124279375	0.967554375	0.7636338125	0.98954425	0.908571875	1.069596875	1.0415015	0.994531375	1.022878	0.919547125	0.8746056875	1.06039	1.0301996875	1.145244875	0.8536596875	0.7798199375	1.0042135625	0.999147125	1.1923425	0.75156575	0.823349125	0.94414675	0.9439075	1.034781	1.37327825	0.8104369375	0.858864125	1.0431391875	0.880708875	0.9679609375	1.109935875	0.9521825625	1.01078025	1.143899875	0.728539625	0.8846305625	1.0211056875	0.777740125	1.12847175	1.15462575	0.8821870625	0.9572746875	1.206341375	1.0263973125	1.12679125	1.05679825	0.9627088125	0.834422375	1.20716575	1.049780125	1.05562375	0.9318174375	1.042057875	0.996246875	0.9730528125	1.0395911875	1.26610475	1.0094193125	0.890024875	0.7705065	1.0438239375	0.894382375	0.87745775	0.8362396875	1.138685875	1.040850625	0.996763875	0.824242375	1.0061884375	1.123258625	1.081418625	1.0836895	1.192496	1.10885825	0.91554425	0.986140625	0.728077	1.1562815	0.935337875	1.0153484375	1.074601375	1.0282846875	0.9554438125	1.1616565	1.263560625	1.023095875	0.78125725	1.0328643125	0.9557845625	0.865008625	1.036555625	0.938066	1.0467096875	0.7432420625	1.00808625	1.07570425	0.935691875	1.0129176875	0.972843625	0.86812625	0.74272275	0.89686125	0.9207566875	0.92907675	0.7518535625	0.9919995	1.05539925	0.9932251875	1.089471875	1.0961225	0.9895404375	0.920691375	0.7989265	0.70652025	1.092197875	1.048808	1.116452375	0.951116375	1.14510975	1.11432	1.25122875	1.045250875	0.84916075	1.0015288125	1.0503475	0.8794216875	1.0500725	1.004324875	0.973884	1.206922	1.05302525	0.955368875	1.074458125	0.9671431875	0.8656396875	0.9680430625	0.9929208125	0.8351979375	1.032144125	1.094016875	0.97484025	0.9505288125	0.9193440625	1.0126490625	0.843183375	1.0477289375	0.8963505	1.112441625	0.887794875	0.986586625	1.109721375	1.080421375	0.9463023125	0.802423	0.9020900625	1.024186375	1.24193375	1.321687625	1.009385625	1.085649625	1.02444	0.9449640625	0.92725225	1.188809875	0.9946719375	0.99726625	1.151826	1.153037125	0.9529326875	0.87191775	0.835904125	1.122407	0.8537046875	1.122940625	0.996033375	1.048807875	0.9223238125	1.072112625	0.7328063125	0.81161075	1.228653625	0.907515	0.821618875	1.17051475	0.838908625	1.0048606875	1.131309625	1.0277985625	1.010864875	1.04912125	0.9998121875	1.2067455	0.9231781875	1.0088631875	1.0269696875	1.067057625	1.10980975	0.999840875	0.97534275	0.8594748125	1.08595325	1.0478123125	0.8258575625	1.0428328125	1.082151875	1.06720125	0.937415875	1.05097625	0.8232319375	1.090797125	0.8697109375	0.9698610625	0.969754875	0.94300825	1.12336375	0.8837019375	0.9052545625	0.993349625	0.97512475	0.996990375	0.9203783125	1.09016625	0.937554125	0.8650950625	1.17884925	0.9088000625	0.9419169375	0.830037125	0.994332125	0.977100625	0.9988784375	1.0330396875	0.914720375	0.895985	0.982784375	1.0592405	1.222514875	0.963646125	0.858830375	0.9220416875	0.8585053125	0.994097125	1.140406125	0.8836775	1.081674875	1.082444875	0.997	0.018	5.0E-6	2.2E-5	0.129920761641
16	35	251	2.7205405	1.117713	0.917355125	0.624116125	0.36746784375	0.46066653125	0.3257431875	0.33888890625	0.317047125	-0.2114814375	0.29686353125	-0.155398078125	-0.110910265625	-0.161830765625	-0.191063859375	-0.12112578125	-0.30973590625	0.46484746875	-0.185278234375	0.3874805	-0.364261375	0.2975256875	-0.289583125	-0.2030838125	-0.1055181875	-0.0631390234375	0.210237671875	-0.22606125	0.28339046875	-0.068912546875	-0.223536140625	0.6311536875	0.142104390625	0.22944815625	-0.18853765625	-0.28051428125	-0.15889134375	-0.09279025	-0.210639421875	-0.2666095625	-0.0853118359375	-0.159662796875	-0.11948859375	0.23546978125	0.2946956875	-0.33903878125	-0.26901184375	-0.191181296875	0.30504715625	-0.249888609375	-0.209928578125	-0.190763109375	-0.2330616875	-0.36321809375	-0.1947874375	-0.2572884375	-0.1967116875	0.257345140625	-0.3102998125	-0.26711253125	0.2830955	-0.18261475	-0.0611741796875	0.36804375	0.0901138515625	-0.23845359375	-0.27933996875	-0.32363215625	-0.0676536875	-0.102781828125	-0.16016578125	-0.0770821640625	0.206578796875	0.20371021875	-0.246323375	-0.2046220625	0.28715890625	-0.105467039062	-0.0899715390625	0.169632640625	0.28607753125	-0.13286025	0.2694968125	0.43455784375	-0.147154578125	0.132256328125	0.221322296875	-0.08492828125	0.172186484375	-0.0461132109375	0.35852465625	-0.28415453125	0.2290225	-0.0961429453125	0.27102309375	-0.0524383671875	0.0840699296875	0.276654875	0.19795	-0.241028125	0.24065209375	0.168478515625	-0.20820984375	0.119997734375	0.260341875	-0.14370984375	0.209259546875	0.22208234375	-0.179020875	-0.131882484375	-0.183872453125	0.3587425625	-0.167110296875	-0.0495214726562	0.14383259375	-0.20714925	0.244186421875	-0.167863171875	-0.0950393359375	0.2232325625	-0.2143496875	0.115705789062	0.16131634375	-0.228580140625	-0.043651078125	-0.118549851562	0.209692875	-0.1484261875	0.22315378125	-0.112719171875	-0.23281603125	0.208684375	-0.169427140625	-0.3192020625	0.34350015625	0.238115046875	0.15274840625	0.19526228125	0.0823845859375	0.33616915625	-0.14610909375	0.1777655625	0.33246021875	0.199958875	-0.126596703125	0.154246609375	-0.201098125	-0.1960595625	-0.242175203125	-0.173964203125	0.1137184375	-0.1626101875	0.13626846875	-0.10131590625	0.32537578125	0.08471675	-0.103042703125	-0.1484498125	-0.233145859375	0.2703209375	-0.20006925	0.1649485	-0.212452109375	-0.14924175	-0.0686075390625	-0.17721103125	0.21771346875	0.243676359375	0.14028875	-0.21640246875	-0.17136346875	0.083512734375	0.245520765625	-0.153881921875	0.32259790625	0.138285359375	-0.160557359375	-0.194691	-0.1762461875	-0.138420703125	0.244630203125	-0.19909759375	0.0691405703125	-0.34071225	0.171089046875	0.152692734375	0.0952951796875	-0.259300734375	-0.068718046875	-0.216530375	-0.179568859375	-0.17586775	0.0520127382812	-0.09901925	-0.11414590625	0.258262578125	-0.3648160625	-0.103632460937	-0.234679265625	0.21736028125	-0.0737729453125	-0.0980871953125	0.1006776875	-0.2979855	-0.26469978125	-0.25344465625	0.0971057421875	0.127283859375	0.200143390625	0.201512078125	-0.12272909375	0.195742765625	0.4035125	0.149505734375	0.2151298125	-0.2473510625	-0.091323234375	0.145885421875	0.218526921875	-0.197687578125	0.18464165625	0.18316128125	-0.104243625	0.0952283671875	0.0762273515625	-0.0331258867187	0.125196695312	0.135843875	0.120092828125	0.178553109375	0.36294903125	-0.20225771875	0.31660315625	0.186768234375	0.208187421875	-0.184384765625	0.137355390625	0.220697578125	0.12825396875	-0.20720559375	0.27244965625	-0.107111390625	0.130856609375	0.0788684375	-0.15656878125	0.2098895625	-0.089769125	-0.0771510859375	0.175929	-0.100796367187	0.3140828125	2.73	0.2	0.058	0.006	0.209910492462
17	149	251	1.69898425	0.8066276875	1.012351	1.07433625	1.144110375	0.98114425	0.90475625	1.269200625	0.85996275	1.0470629375	0.857903625	1.146429625	1.168618875	0.9762528125	0.93870725	0.930380375	0.919463375	1.20262525	0.533401375	0.9127045625	0.9209423125	1.016363	1.04107925	0.9135771875	1.037844125	0.795497875	1.1382705	0.9859365	0.891133375	0.955368375	0.808964375	1.0047396875	0.8456935	0.6113423125	0.968739125	0.666666625	0.9706404375	0.85486975	0.96534775	0.7781448125	0.8174964375	1.055122	0.835154	0.9013729375	0.872001625	1.022686	0.9170635625	1.090649625	1.022977375	1.004862625	0.975615	0.9472335625	0.8621578125	0.8843663125	0.839631	1.018592625	0.7974339375	0.8685935625	0.99548	0.782519875	0.9102080625	0.7093641875	0.882092375	1.0127068125	0.9443323125	0.7737465625	0.960434125	1.269143375	0.87225475	1.0156685	0.9023410625	1.17869125	0.9931885625	0.8386536875	1.0364813125	0.9544041875	1.108248625	0.8863220625	0.9989964375	0.9658330625	0.9806684375	1.066452	1.076019	0.8727256875	1.0408280625	0.9973395625	1.117404125	1.11243575	1.063381625	0.85785625	1.214461875	1.121041625	1.02913225	0.916666125	0.9629743125	0.961579	0.82634	0.9377925	1.0069375	0.9944378125	0.9061848125	0.977395125	0.8249376875	0.8814303125	1.19450375	0.69964375	0.973565625	0.7441836875	0.9386004375	1.201719375	1.1256485	0.8183875	1.08518325	1.24234875	0.876565875	1.049670875	0.8698775	0.9822604375	0.96038925	1.0105188125	1.223960875	1.12227325	0.990765375	0.962016125	0.9368331875	0.870944125	0.903691625	0.918843375	0.8871995	0.973816125	0.817365125	0.9162245625	1.29805325	0.990562875	1.074584375	1.0380475625	1.05839075	1.0088093125	0.868668875	0.8489991875	0.903481125	1.23859925	0.577271125	0.7495155625	1.25387925	0.92476775	1.03641575	0.894443	1.06433925	0.902849875	0.962534625	1.042754375	1.05997325	1.014540125	0.7801661875	1.0116993125	0.9764845625	0.989232125	0.6583891875	1.10654675	0.9023864375	1.122933	0.892801125	0.9567361875	1.09004325	0.8504049375	1.0648075	1.034902125	0.6561705625	1.033743625	1.11717	1.160517	0.9561771875	0.8148155625	1.247224625	1.08688025	1.096003875	1.024233875	0.897590375	1.214563625	1.138307	1.26336125	0.88510875	1.032451625	0.931901125	0.9900815	0.9009373125	1.075581375	0.7665499375	0.923201375	0.77586375	0.765777625	0.8445123125	1.0791335	1.21628775	0.7937101875	1.0394851875	0.937310375	1.170698375	1.0153423125	0.9624428125	0.8712999375	1.07441125	1.22570275	0.852357	0.9522331875	1.007002875	0.970170625	0.800058125	1.058009375	1.0251831875	0.958563375	0.820125625	0.8777086875	1.087314875	0.80887325	0.9749243125	0.9100096875	0.9646320625	0.9427215	1.050934	1.1892215	0.7231285625	1.004819125	0.6244185625	0.9869025625	0.7814526875	1.0265729375	1.13939	1.0077913125	1.052033	1.091257	0.9633000625	0.9823021875	1.102695625	1.0034878125	1.140110125	0.874694125	0.87178575	0.944148875	1.07112425	1.0238535	1.2595975	1.0328888125	0.961390375	0.912744375	1.212904375	1.0071916875	0.9640233125	0.970368875	1.020552625	0.958	0.018	-2.6E-5	2.6E-5	0.14219529611
18	146	251	1.895132125	1.229828375	1.18566175	1.2833455	1.502713125	1.37446775	1.59749075	1.30076075	1.36601825	1.33775825	1.444589125	1.458538625	1.572165125	1.230015875	1.501984125	1.40507475	1.330419625	1.243169	1.45066475	1.4007795	1.422718875	1.28628775	1.211589	1.243681875	1.44867875	1.46660425	1.24066175	1.240894375	1.544891625	1.133808375	1.455994	1.41314525	1.35713825	1.369173375	1.47679525	1.442017375	1.53679125	1.125952375	1.37686025	1.380223125	1.381474875	1.449052375	1.289916125	1.316336375	1.162188625	1.3687745	1.51051675	1.37318075	1.346475625	1.256261375	1.38712375	1.63421775	1.200826125	1.24821825	1.46299925	1.4138055	1.09512125	1.12444625	1.48493175	1.29466825	1.557002875	1.304575	1.4243375	1.29484675	1.462977875	1.24210125	1.29432475	1.37807325	1.426338875	1.587868375	1.390690125	1.470636125	1.423436125	1.612445125	1.365984875	1.45859525	1.52996025	1.355558375	1.30293275	1.326789625	1.19823625	1.405823	1.480689625	1.37711875	1.39244225	1.242308875	1.188771	1.546474375	1.442019	1.43591875	1.397369625	1.396131875	1.463899375	1.0383106875	1.376829875	1.565130375	1.056487125	1.43114125	1.26022475	1.36969825	1.5911105	1.33283275	1.43512525	1.306827125	1.299163125	1.662369875	1.417502625	1.489628375	1.29722875	1.284769875	1.5119975	1.57962575	1.410754125	1.28883825	1.397709375	1.309892125	1.588800125	1.29552525	1.483973375	1.351441625	1.392948125	1.390388	1.4103195	1.45158575	1.588857125	1.433651	1.26461025	1.447627375	1.291702625	1.379975125	1.649463	1.32663975	1.49242975	1.336968625	1.461252	1.352987125	1.43744875	1.535706	1.408029875	1.659405125	1.561751375	1.327117	1.50473425	1.20931125	1.39217075	1.406735125	1.215269375	1.469241625	1.32091525	1.26189475	1.4732095	1.58119875	1.38133025	1.27363	1.58173	1.204110375	1.192383625	1.398713375	1.140258625	1.736702625	1.34508675	1.47871875	1.251113375	1.496936875	1.2419475	1.29757525	1.5851715	1.46499675	1.246159125	1.446807375	1.381335125	1.51704725	1.434977375	1.408548375	1.24238525	1.538651	1.433767125	1.32572025	1.62509175	1.287822625	1.33236625	1.440371375	1.417277875	1.325900125	1.42868275	1.248426625	1.281358875	1.291378	1.400129625	1.3928815	1.639137125	1.3438575	1.52931025	1.218653625	1.360068	1.24781825	1.278875625	1.278456625	1.607006375	1.336528125	1.48866525	1.41997725	0.9914570625	1.344132875	1.305829	1.3485245	1.369723	1.49315575	1.29149375	1.479457375	1.45452025	1.178314625	1.342251375	1.374987125	1.49772075	1.404842375	1.343484375	1.37813225	1.54468825	1.5874435	1.260683625	1.433515375	1.38003125	1.2777945	1.3494795	1.322142125	1.26475475	1.561618625	1.31701225	1.27273125	1.42929625	1.475273625	1.3947645	1.372552	1.356782125	1.361153	1.437410375	1.334451875	1.4194715	1.294981125	1.533215625	1.516726875	1.465703625	1.513203875	1.345089875	1.433250875	1.346249375	1.373185375	1.243403	1.657929	1.423500625	1.379	0.017	-1.0E-5	1.6E-5	0.127297219419
19	28	251	3.27601625	2.194221	2.13024575	1.983827375	2.15192725	2.1281055	1.99741075	2.09973375	1.92941575	2.22707625	2.170474	2.15352425	2.004998875	2.020556375	1.7299655	1.911171125	2.0133975	2.063101625	1.7295515	1.596655625	1.736556875	2.096512625	1.882673125	1.65666175	1.847631875	1.659757125	1.696463375	1.815735125	1.64129325	1.620204	1.540137875	1.5916045	1.533868625	1.51074175	1.413171625	1.50497125	1.444681625	1.402776875	1.840936	1.452253625	1.503252125	1.424200125	1.4798405	1.39704225	1.4514955	1.377466125	1.57020925	1.38822675	1.43245175	1.320901125	1.29733725	1.441354875	1.291020125	1.241072625	1.256349875	1.209837875	1.3963115	1.331722	1.0060238125	1.2833155	1.115294	1.1733355	1.357092375	1.4033385	1.1781815	1.324372625	1.582724	1.05971075	1.37371075	0.9695729375	1.089754375	0.981095125	1.070489375	0.958135625	1.147499625	1.057515	0.9656243125	0.8780913125	0.88579225	1.045254875	1.090943	1.048152125	0.987486875	0.96007775	0.8386801875	0.927713875	1.25336275	1.050470375	0.835189375	1.0254479375	0.810772875	0.7358180625	0.91429025	0.969341875	0.7201380625	0.810458375	0.723980375	0.898645375	0.728046125	0.821536125	0.8400796875	0.768138875	0.6794965625	0.6505696875	0.872909125	0.6408298125	0.80151775	0.659021375	0.686440375	0.8698695625	0.6335543125	0.7792175625	0.7550041875	0.70895775	0.6821625625	0.6704073125	0.84491875	0.6285171875	0.5865089375	0.53378875	0.44488590625	0.657553	0.51989884375	0.615490625	0.8869945625	0.6447513125	0.6527074375	0.74404775	0.5322990625	0.7549323125	0.733662625	0.41277971875	0.543730375	0.41232934375	0.659428	0.5827750625	0.6454373125	0.6923001875	0.2650896875	0.470158625	0.601891375	0.46759840625	0.33858725	0.590051875	0.44394171875	0.39089309375	0.32236353125	0.5928671875	0.4008395	0.49255028125	0.31545484375	0.33391840625	0.44385478125	0.29680175	0.6580240625	0.34197321875	0.519672875	0.2995005	0.35879803125	0.5565783125	0.49881890625	0.398675375	0.4656309375	0.4922365625	0.4375956875	0.46688175	0.32291290625	0.5558295625	0.2715123125	0.430106	0.260188	0.46548275	0.3700479375	0.3605199375	0.4786545	0.3612503125	0.5789199375	0.36363828125	0.30742275	0.36449865625	0.2688363125	0.37711415625	0.41065146875	0.3214361875	0.39375228125	0.40141896875	0.3621151875	0.253935671875	0.50335415625	0.32106521875	0.224234921875	0.2417685625	0.3772305	0.58324375	0.34330809375	0.6099628125	0.2790213125	0.24777171875	-0.151205515625	0.43999009375	0.3215378125	0.183204796875	0.36081865625	0.338926625	0.29476078125	0.4503328125	0.3227635625	0.40639978125	0.503452125	0.47718515625	0.48311228125	0.214842875	0.4582035625	0.390461	0.217469640625	0.38886303125	0.23328878125	0.392117625	0.32126815625	0.222974734375	0.35655046875	0.32862859375	0.27690784375	0.26772540625	0.2184754375	0.107170953125	0.22132396875	0.4571563125	0.39012884375	0.38188359375	0.4416258125	0.35023675	0.34600915625	0.28247246875	0.254753796875	0.207684515625	0.41631915625	0.253944921875	-0.144440625	0.475097625	-0.0246532695312	0.31773334375	0.258442953125	0.16806065625	0.13612028125	0.234809265625	0.19244415625	0.31173740625	0.540064125	0.31461771875	0.206969703125	2.299	0.033	0.002025	3.8E-5	0.141198050015
20	37	251	2.910289	-0.128327476562	0.088945828125	-0.243975375	0.146291421875	-0.2779136875	-0.48699953125	0.08224915625	0.0812732109375	-0.162619546875	-0.1942251875	-0.40707115625	-0.15411178125	-0.27424859375	0.140586875	-0.157950703125	-0.182348390625	0.132338921875	0.28277225	-0.17705703125	-0.15019375	0.142959484375	-0.21819878125	-0.38305996875	-0.169336671875	-0.128604726562	-0.163422125	0.16797403125	-0.25759984375	-0.353849125	-0.15398590625	-0.194643984375	-0.34212471875	-0.304490875	-0.38564753125	-0.255167015625	-0.217791984375	-0.207161171875	-0.5367075625	-0.371097125	0.083196265625	-0.36210640625	0.114577789062	-0.276608875	-0.3362794375	-0.34543209375	-0.1419109375	-0.27262828125	-0.45937915625	-0.51126571875	-0.2775754375	-0.167920625	-0.29870909375	0.22550871875	-0.117987734375	-0.35249471875	-0.19963771875	-0.2795984375	-0.3021299375	-0.134481296875	-0.3303523125	-0.3613765	-0.2677151875	-0.27939675	0.0325987558594	-0.174570875	-0.1977071875	-0.3128194375	0.0322096601562	-0.32489409375	-0.223535546875	-0.27953034375	-0.3032190625	0.193575515625	-0.28881709375	-0.1353821875	0.1816876875	-0.1771870625	0.32730184375	0.27206265625	-0.198776828125	-0.21480103125	-0.25922128125	-0.25411946875	0.157030875	-0.39380375	-0.26254746875	-0.26751646875	0.251859546875	-0.200403203125	0.105942875	-0.42926353125	-0.2917999375	0.0804118359375	0.130389609375	0.250564109375	0.0973934140625	-0.2092084375	0.00554501171875	-0.14261571875	0.0537343710937	-0.13538271875	0.29962090625	0.048155375	-0.155528	0.150652578125	0.254970390625	-0.27852509375	0.199355765625	-0.433847375	-0.31194771875	0.184083046875	0.119121195312	-0.240432328125	-0.406728125	0.2729478125	-0.41502303125	0.11277784375	-0.4629	0.14445909375	-0.37441575	-0.2765466875	-0.2847458125	-0.3066646875	-0.15058378125	-0.0808508125	0.15730053125	-0.2171166875	0.062839203125	0.252170203125	0.184374359375	0.124449085937	0.193690375	-0.197579984375	0.21851575	0.16736753125	-0.40944359375	-0.3821268125	0.09897225	-0.210621171875	0.0834184296875	-0.35736915625	-0.3400476875	0.20195428125	-0.1329601875	-0.36940034375	-0.158061515625	-0.253958375	-0.25699434375	-0.216499	0.109799203125	-0.1894685	0.0548832890625	-0.249539578125	-0.218894296875	-0.253078359375	-0.173523	-0.4790149375	-0.096177234375	-0.108228109375	-0.2961815	-0.36560415625	-0.2889279375	0.206468984375	0.0128324130859	0.172563546875	0.126441757812	-0.33471215625	-0.2063664375	-0.31056846875	0.13284771875	0.30823475	0.273011375	0.47958978125	0.0980079140625	0.239276046875	-0.40441228125	-0.30957340625	-0.24308021875	-0.34602609375	0.10698765625	0.162303734375	-0.29940859375	0.15087371875	0.0636342265625	-0.3078585	-0.307080125	0.118413898437	-0.256343578125	0.235809328125	0.169972296875	0.1434919375	-0.245110734375	0.126390265625	-0.31204271875	-0.30009078125	-0.119223203125	-0.3221165625	-0.36466740625	-0.150680078125	-0.25304678125	-0.3132385625	-0.102372484375	-0.270819625	0.250521734375	-0.169117984375	-0.31136828125	0.0913983046875	-0.21056765625	0.33900278125	-0.137823734375	0.253002140625	-0.201031421875	0.155867515625	-0.31866425	-0.201249015625	0.13891978125	-0.43862853125	-0.20134146875	0.181381625	0.185285203125	0.092751828125	-0.26379509375	-0.283378625	0.086030125	-0.29462590625	-0.313225625	0.2570930625	0.07860028125	0.0588140234375	-0.31219409375	0.05344678125	-0.130677820312	-0.2917569375	-0.2394584375	-0.4049043125	-0.52303121875	-0.31407509375	-0.25775821875	-0.229246453125	-0.479734625	0.156829828125	0.135642203125	-0.329938	-0.22032203125	0.162507765625	-0.186675953125	0.080299953125	0.13324259375	-0.4021531875	0.197005015625	-0.11	0.037	5.0E-5	4.9E-4	0.294063451137
21	156	251	3.50770225	1.868891625	1.58205625	1.262558	1.45607275	1.709098625	1.821415	1.7139385	1.89673475	1.858065875	1.716457	1.72058625	1.760610875	1.9067885	1.5996135	1.72102225	1.728917875	1.721019125	1.882389375	1.732446625	1.58405625	1.81164425	1.92378125	1.80902925	2.093074875	1.665013	1.833830375	1.838792375	1.8495115	1.88344925	1.643891875	1.749506875	2.08345125	1.7268765	1.86028175	1.680508	1.758815875	1.798233125	1.948677375	1.73072725	1.858915	1.757576	1.950324	1.82012025	1.77942025	1.85409175	1.712123375	1.790022	2.044564875	2.1177275	1.885967125	1.878438875	1.81519	1.711844625	1.78999625	1.92695775	1.939966875	1.91064675	1.85718575	1.702033125	1.872079375	1.875154625	1.974372625	1.792029	1.64302675	1.773777625	1.847551875	1.882058	1.72465025	1.86159675	1.943768625	1.922037875	1.652562	1.7629335	1.78892	2.004678	1.785851375	2.059439875	1.80876075	1.7265945	1.690449375	1.905814375	1.661336625	1.796890875	1.709806375	1.971797625	1.72018475	1.823302	1.81477025	1.98730425	1.74505825	1.888132875	1.611222875	1.704630375	1.867027875	1.8805255	1.926526875	2.0013495	1.8544305	1.837714	1.909191625	1.794953375	1.878892125	1.851370375	1.792469625	1.6415735	1.984715875	1.7290095	1.93676175	1.94830025	1.7244905	1.7613315	1.794290125	1.779201125	1.924118875	1.54531925	2.0405005	2.0220415	1.696970125	1.833417125	1.5055565	1.781557375	1.703641125	1.584585125	1.831718375	1.846496625	1.731555125	1.668691875	1.6360455	1.537727	1.754377875	1.65511125	1.77989275	1.851463875	1.750535625	1.769461875	1.81019	1.623125	1.83374325	1.555289625	1.75151575	1.736954375	1.680484625	1.709582375	1.616583875	1.579913375	1.6662965	1.751383375	1.89138025	1.568358125	1.63158275	1.785612625	1.627522125	1.711536375	1.68715875	1.973771875	1.6758555	1.9672075	1.823423625	1.863164375	1.649703125	1.877792	1.7874285	1.886225125	1.758346	1.684717375	1.68473125	1.59295025	1.57104725	1.79959125	1.664078625	1.91873875	1.657246125	1.7374155	1.5832555	1.68594525	1.5537605	1.8077325	2.015411625	1.625045125	1.9035635	1.5893125	1.714966625	1.796536125	1.578817	1.68684825	1.801516625	1.4183685	1.7299645	1.624733625	1.49410825	1.68035425	1.452084375	1.80175825	1.619451625	1.58571175	1.7326	1.687048875	1.800425375	1.8286375	1.576505	1.683189625	1.549694375	1.790022875	1.2985845	1.545848625	1.695851	1.678778375	1.826570875	1.760113	1.6656815	1.513502625	1.704387625	1.72183075	1.73493775	1.708175	1.676035125	1.545610125	1.523788625	1.58995725	1.637601875	1.837180125	1.6936735	1.66155875	1.77686675	1.537078375	1.573566125	1.650119125	1.675900875	1.4357365	1.6704855	1.710488875	1.858844375	1.82614775	1.684645625	1.759129	1.662486875	1.5195075	1.63023575	1.773345625	1.612753625	1.679873875	1.703407	1.7529875	1.524507625	1.519879	1.587788	1.4971395	1.677010125	1.525838625	1.776943875	1.874	0.021	1.04E-4	1.6E-5	0.165490419213
22	34	251	2.837827	1.86838	1.636003625	2.045377	1.74694275	1.5608695	1.94098325	1.726832375	1.784183375	1.455656375	1.50265725	1.66156	1.7031075	1.5715425	1.618422	1.82367275	1.74146025	1.593060375	1.5884355	1.635360125	1.64360775	1.569241625	1.551087375	1.5279275	1.420079625	1.3528485	1.515534875	1.50115025	1.401136375	1.430808875	1.498536375	1.504934625	1.54736625	1.66502325	1.355078	1.46042225	1.328399625	1.59419925	1.572073875	1.365157625	1.6317545	1.454865	1.414429375	1.4666795	1.3526895	1.452606	1.431284	1.31924575	1.136827	1.5684075	1.33706725	1.161167625	1.1504275	1.15312225	1.398757625	1.396555125	1.391216875	1.101997125	1.29027225	1.346324375	1.234485875	1.2240065	1.567463125	1.071429875	1.0857715	1.06264275	1.18423725	1.308915875	0.96396425	1.17241275	1.13043675	1.193457625	1.23413275	0.887905375	1.133678125	1.07332375	0.94848325	1.156354125	1.144401	1.212772125	1.20526225	1.0810955	1.015612	1.070457875	1.2582805	1.22847175	0.8824106875	1.115073625	0.9845501875	1.03000775	1.10119475	0.96070725	0.9322823125	1.18845025	1.0481969375	1.188571	1.133586625	0.8146614375	0.9625886875	1.001808375	0.9334495	1.177345875	1.060403125	0.9734953125	0.9856429375	0.9437718125	0.95894525	0.95068425	0.9239779375	0.9103628125	0.9153861875	1.13050425	0.9682880625	0.6464154375	0.8652749375	0.7027355625	0.9249985	0.962629125	1.1451425	0.9311205	0.805960625	0.9428379375	0.8336236875	0.8046995625	0.8300511875	0.843420625	0.47677375	0.8747600625	0.9149725625	0.4026109375	0.9339008125	0.8785925625	0.7929684375	0.9641990625	0.8715140625	0.80315875	0.784101875	0.6203785625	0.647610375	0.8379305	0.5946875	0.828639875	0.43844684375	0.35194740625	0.3546020625	0.5750969375	0.6865239375	0.725266875	0.8398100625	0.82821525	0.7181849375	0.8533754375	0.57793575	0.742463875	0.711263	0.7585614375	0.63216025	0.526551625	0.7711731875	0.7390198125	0.5953955625	0.752034	0.5784049375	0.50573290625	0.51755359375	0.8893533125	0.7178965	0.7968896875	0.976298	0.566485625	0.52052371875	0.4279269375	0.7808205	0.7089193125	0.739293125	0.5421770625	0.7894145	0.5922863125	0.6410709375	0.5315651875	0.5936863125	0.52428003125	0.3795666875	0.7288981875	0.8072901875	0.5864196875	0.5693161875	0.943406	0.690028125	0.545632875	0.549438875	0.34741946875	0.597383375	0.7953849375	0.35976071875	0.566620875	0.4931161875	0.7241865625	0.41867071875	0.5031265625	0.49744453125	0.5360058125	0.32922053125	0.527613	0.40339159375	0.4820653125	0.52110965625	0.4122874375	0.344889125	-0.21257875	0.52268115625	0.31004009375	0.46206290625	0.58825425	0.33118303125	0.54398775	0.6008744375	0.44856228125	0.3240455625	0.34479640625	0.6468198125	0.52232653125	0.34940596875	0.246949984375	0.489568625	0.52401978125	0.6004439375	0.6107578125	0.45382271875	0.4688715	0.5475605625	-0.157117328125	0.38488096875	0.4665543125	0.4887061875	0.36372090625	0.4594643125	0.5345611875	0.45530996875	0.36829209375	0.26964675	0.36857134375	0.38564003125	0.4311400625	0.655687625	0.5587255	0.17159015625	0.5120206875	0.448788375	0.4109618125	-0.0616264648437	1.865	0.027	0.001285	3.3E-5	0.157620392121
23	115	251	4.390146	-0.113458171875	0.0817900234375	0.110160976562	-0.0995544375	0.2024376875	-0.242723453125	0.24356546875	0.137296296875	0.1437685625	0.15581753125	-0.18373253125	0.162012828125	-0.151483296875	-0.239929921875	0.11087571875	0.172946171875	-0.223576984375	-0.252839828125	0.151635453125	0.32496559375	0.172655546875	-0.097714703125	-0.2579873125	0.50708709375	-0.08009034375	-0.096981609375	0.14198715625	-0.189466296875	0.27455953125	0.0969220546875	0.238339046875	-0.089929515625	-0.265928875	-0.167688484375	0.149694875	-0.180805078125	-0.15287121875	-0.219782875	-0.071998734375	0.14309328125	0.14999628125	0.22276775	-0.161628390625	0.243685125	0.27784471875	-0.179321453125	-0.067219109375	-0.220270078125	0.2294934375	0.33437365625	0.1890973125	0.110035929687	-0.1453805	-0.219710140625	0.0780498359375	0.293415125	0.18476771875	0.188208390625	0.0992587578125	-0.194593109375	0.3865176875	-0.123249632812	-0.2459855625	0.156884359375	0.221864125	0.15397334375	-0.105655617187	0.24028175	-0.17127421875	-0.28685703125	-0.155308484375	0.20043559375	0.111458945312	-0.0881925859375	0.28662896875	-0.2878405	0.0820892421875	-0.104997078125	0.1348925625	-0.13840284375	0.146322734375	-0.104217007812	0.102384171875	-0.204011578125	-0.131281140625	-0.196235125	0.36297146875	0.209284890625	-0.18347559375	-0.2905765625	0.15106528125	-0.251107671875	0.185360359375	-0.267853625	0.0696587578125	0.30664959375	0.17640571875	0.246101484375	0.21470990625	-0.14254640625	0.220502546875	0.162660828125	-0.0563780117187	0.17003071875	0.20225275	0.111559546875	0.26434840625	0.18994965625	-0.17634640625	0.134697375	-0.199720046875	-0.080885578125	0.235762921875	-0.206403828125	-0.1385854375	0.161065390625	0.290234375	0.17646703125	0.109910195312	-0.15278240625	0.056453234375	0.36519425	-0.0974567734375	-0.325156	0.250936625	0.213359109375	0.26354384375	0.1321933125	0.115511625	0.10308934375	0.0963864140625	0.338878875	0.08186265625	-0.1487335625	-0.166723578125	0.25813584375	0.162638578125	-0.12130603125	-0.1540901875	0.12010671875	0.0610182929687	0.2317861875	0.30551840625	-0.0950008125	0.20907934375	-0.2440559375	-0.1726891875	0.0675174921875	-0.207478765625	0.0277342167969	0.100081796875	0.180639140625	-0.19862015625	0.185185859375	0.162985546875	0.11849046875	0.2066896875	0.130130242187	-0.28744096875	0.175816046875	-0.204186671875	0.3011399375	-0.116139804687	-0.153490171875	0.26313125	0.21441503125	-0.35400478125	-0.16671940625	0.09026703125	0.23458265625	0.124113890625	0.236406734375	0.326278625	0.187876765625	0.0951283046875	-0.14497125	0.0752739921875	0.069824109375	0.060568703125	-0.250716	-0.0901478515625	-0.1341083125	-0.0622832773437	0.0408148203125	-0.17337071875	-0.2772236875	0.24899425	-0.30812659375	0.301478125	0.2707345	0.21384771875	0.139518390625	-0.187125109375	0.3310825625	-0.185692796875	0.161663078125	-0.184637171875	-0.106281273437	-0.07520696875	-0.1265360625	-0.102150515625	-0.236928359375	0.21738546875	0.090559984375	0.206982109375	0.159093203125	-0.0831808515625	-0.1756198125	0.084258484375	0.190395	0.0638010390625	0.163137125	0.140931265625	-0.124735007812	0.17861653125	0.16321028125	0.2044814375	0.2245628125	-0.0988844296875	-0.15014440625	0.23405465625	0.3880291875	0.165494984375	-0.11702275	0.33439090625	0.167776296875	0.2849719375	0.2677508125	0.21362815625	-0.41543984375	-0.216148140625	-0.137365421875	-0.247372265625	-0.124017882812	0.087338296875	-0.128096054687	-0.19774334375	0.164303640625	0.159917453125	-0.139093140625	-0.157735390625	-0.146640796875	0.155496703125	0.0374455039062	0.167004	0.227151296875	-0.125686359375	-0.15909646875	0.142168484375	0.068015453125	4.39	0.14	1.7	0.0	0.194997928359
24	63	251	3.82166875	2.34176975	2.468828	2.023975625	2.01778175	2.43413125	2.2705875	2.281617	2.42429525	2.3745625	2.1386525	2.36229725	2.030495125	2.399864	2.421024	2.1567105	2.38270925	2.3598355	2.33776975	2.16798875	2.4091655	2.50191175	2.33401075	2.204719	2.3243035	2.4479945	2.22073575	2.22752925	2.343909	2.25711575	2.3586545	2.19568325	2.38042775	2.01851725	2.297147	2.40434825	2.19179325	2.13449775	2.4216115	2.236978	2.26561375	2.3986145	2.1961555	2.21503175	2.1709025	2.35099775	2.350316	2.3903995	2.12178125	2.301677	2.065161125	2.22870225	2.19840025	2.2051125	2.34930875	2.16255575	2.199437	2.46271675	2.68509425	2.31335425	2.26742925	2.32994225	2.50541175	2.249205	2.0139175	2.45203525	2.307586	2.19244325	2.34214	2.10243525	2.17030475	2.120979	1.93479325	2.18532025	2.24470925	2.27320425	2.13589625	2.18672825	2.4283295	1.968272875	1.9948145	2.4178905	2.19402525	2.42387775	2.32044125	2.10725425	2.27011525	2.216217	1.961976	2.32338125	2.0937175	2.25990375	2.24899575	1.930454125	2.22420775	2.2186615	2.36210125	2.44500775	1.968017625	2.23679625	2.28122525	2.387482	2.0816635	2.28433825	2.322671	2.35707525	2.422298	2.2917385	2.135642	2.36582525	2.25029125	2.06313475	2.3944	2.5702945	2.1083995	2.3654365	2.073974	2.4511405	2.54787275	1.933984	1.896113875	2.228437	2.222663	2.26524975	2.36926525	2.23997975	2.17580475	2.15314475	2.174712	1.941302	2.2344495	2.03185475	2.20330075	2.30580975	2.25244175	2.21483125	2.21053475	1.90829325	2.3127845	1.998533625	2.40947775	2.1438705	2.12262825	1.932316625	2.03931975	2.44530525	2.425249	2.24217	2.32577325	2.422248	2.184894	2.1176275	1.987272125	2.280559	2.2570435	2.33291925	2.15101975	2.38860375	2.31570975	2.35854525	2.55607475	2.19923875	2.1839225	2.503275	2.34062775	2.21624675	2.129016	2.30256025	2.495402	2.65367225	2.43869525	2.38873875	2.302442	2.47713575	2.54865775	2.3345095	2.1382175	2.16423725	2.28721425	2.2063185	2.01733225	2.2516035	2.2131845	2.453257	2.17783225	2.25243825	2.2014525	2.5596485	2.556247	2.032375875	2.26375475	2.2336855	2.1357715	2.0094195	2.21496525	2.249745	2.3983655	2.183299	2.13165375	2.22666475	2.054890875	2.261159	2.2975865	2.2173705	2.3214355	2.091160375	2.44182925	2.24805325	2.3266455	2.519236	2.06068975	2.3795905	2.22400025	2.10121775	2.21201375	2.050907	2.3907705	1.93950375	2.404994	2.19845175	2.345963	2.183047	2.1954525	2.137192	2.4372875	2.327153	1.885044	2.34401325	2.352222	2.3191825	2.03447075	2.473191	1.66803275	1.98941125	2.187318	2.1119455	2.20454525	2.2226705	2.460038	2.37963025	2.2309835	2.4129115	2.3021025	2.15864375	2.22443875	2.15212175	2.0793255	2.6326555	1.962002875	2.26097225	2.071149125	2.3	0.023	3.0E-5	1.5E-5	0.185199989836
25	106	251	3.0297765	2.0081875	1.914192625	2.000551625	1.964736	2.010972125	1.774548125	1.86714175	1.88089125	1.809002125	2.088731875	2.058849625	2.01033825	2.111758	1.658649875	1.791449	1.94423225	1.8816435	2.02517175	2.19756275	2.110007	2.019418625	2.01090925	1.849811625	2.014094125	2.11663225	2.21749925	2.00457875	1.96544775	2.0519875	1.99020175	2.0195905	1.978925625	2.12435675	2.082716	1.960241375	2.10286575	1.84843675	2.0267695	1.997777375	2.1321425	2.087092375	1.835219	1.943463375	1.919203125	1.829389875	2.025309875	1.974551625	1.992533375	2.13284375	1.897643375	1.81594825	1.993479625	2.1203765	2.03845025	1.94713975	1.9967765	1.995913625	1.82423825	2.011509375	2.12964775	2.0351415	1.930157875	1.907334375	2.10857825	1.941703	1.92009975	1.96868725	2.102337	1.906350125	2.13569875	1.903998	2.104321	2.067378125	1.854245875	2.00182325	1.941153125	1.84308475	2.14835275	2.15368425	1.88591425	1.8270825	2.028244625	1.802505	1.832163375	1.906392625	2.067529125	2.10226875	2.055226	2.350501	2.040697125	2.042676875	2.059486	1.99738625	2.083787	1.88548875	1.947311	1.843732	2.053879625	2.12909075	2.034572125	2.095048625	2.032720625	1.935611	2.07780325	2.073275875	2.012791125	1.933721375	1.993162625	1.768413125	2.011954125	1.895371	2.054161625	1.941678	1.997487625	1.989567125	2.08114275	1.88850925	1.91276225	1.994340875	2.06680425	2.1303205	1.99126625	2.2126265	2.183045	2.20336575	1.8049085	1.952942	2.025839375	2.17949175	2.13105275	1.9029455	1.8823405	2.0341165	2.023416625	1.963717	2.03022625	1.89022	1.872770875	1.895372125	2.25279875	2.045121125	1.98080325	2.1954505	2.025588125	1.879021375	1.937458375	2.093471625	2.2525005	1.8619625	1.93284875	1.998831625	1.722678625	2.21499925	1.872325125	1.94431875	1.8393015	2.138556	2.1135455	1.9284675	2.116445	2.00515725	1.95681875	2.076824625	2.043778875	1.815489875	1.77592525	2.2247135	1.851492	2.1013025	2.0390455	2.10639675	1.877129625	1.83139325	1.995829125	2.004685625	1.95592675	1.94166225	1.982164125	1.97505025	1.97100925	2.050176375	2.037444625	2.045180375	1.802375875	1.899470375	1.7761845	1.839269	2.040707125	2.1280005	2.045668	2.025546875	1.954561625	1.86803125	1.868485125	2.013200625	2.130858	1.76916275	1.89268225	2.26222225	2.02126425	1.98567875	1.948439625	1.850162375	1.97144275	1.86696025	1.75425125	1.93029625	2.082109	1.8782315	2.01096175	2.099378	1.83312225	2.17032725	1.975564125	1.909965625	1.92540325	1.721066125	1.845808625	2.00857025	2.044751375	1.99566	2.021197375	2.2363825	2.146773	1.9759585	2.06899475	1.857375375	2.047535	1.95637025	2.0840205	1.8142245	1.91977075	1.810594	1.943159	2.019127625	1.967329625	1.990579625	2.062236875	1.973554875	2.14746325	1.90775875	1.93057275	1.95490975	1.936825125	1.894927875	1.947834875	2.21375775	1.947122	2.149921	1.903932125	2.012	0.018	1.5E-5	1.2E-5	0.132281314645
26	105	251	3.82166875	2.34176975	2.468828	2.023975625	2.01778175	2.43413125	2.2705875	2.281617	2.42429525	2.3745625	2.1386525	2.36229725	2.030495125	2.399864	2.421024	2.1567105	2.38270925	2.3598355	2.33776975	2.16798875	2.4091655	2.50191175	2.33401075	2.204719	2.3243035	2.4479945	2.22073575	2.22752925	2.343909	2.25711575	2.3586545	2.19568325	2.38042775	2.01851725	2.297147	2.40434825	2.19179325	2.13449775	2.4216115	2.236978	2.26561375	2.3986145	2.1961555	2.21503175	2.1709025	2.35099775	2.350316	2.3903995	2.12178125	2.301677	2.065161125	2.22870225	2.19840025	2.2051125	2.34930875	2.16255575	2.199437	2.46271675	2.68509425	2.31335425	2.26742925	2.32994225	2.50541175	2.249205	2.0139175	2.45203525	2.307586	2.19244325	2.34214	2.10243525	2.17030475	2.120979	1.93479325	2.18532025	2.24470925	2.27320425	2.13589625	2.18672825	2.4283295	1.968272875	1.9948145	2.4178905	2.19402525	2.42387775	2.32044125	2.10725425	2.27011525	2.216217	1.961976	2.32338125	2.0937175	2.25990375	2.24899575	1.930454125	2.22420775	2.2186615	2.36210125	2.44500775	1.968017625	2.23679625	2.28122525	2.387482	2.0816635	2.28433825	2.322671	2.35707525	2.422298	2.2917385	2.135642	2.36582525	2.25029125	2.06313475	2.3944	2.5702945	2.1083995	2.3654365	2.073974	2.4511405	2.54787275	1.933984	1.896113875	2.228437	2.222663	2.26524975	2.36926525	2.23997975	2.17580475	2.15314475	2.174712	1.941302	2.2344495	2.03185475	2.20330075	2.30580975	2.25244175	2.21483125	2.21053475	1.90829325	2.3127845	1.998533625	2.40947775	2.1438705	2.12262825	1.932316625	2.03931975	2.44530525	2.425249	2.24217	2.32577325	2.422248	2.184894	2.1176275	1.987272125	2.280559	2.2570435	2.33291925	2.15101975	2.38860375	2.31570975	2.35854525	2.55607475	2.19923875	2.1839225	2.503275	2.34062775	2.21624675	2.129016	2.30256025	2.495402	2.65367225	2.43869525	2.38873875	2.302442	2.47713575	2.54865775	2.3345095	2.1382175	2.16423725	2.28721425	2.2063185	2.01733225	2.2516035	2.2131845	2.453257	2.17783225	2.25243825	2.2014525	2.5596485	2.556247	2.032375875	2.26375475	2.2336855	2.1357715	2.0094195	2.21496525	2.249745	2.3983655	2.183299	2.13165375	2.22666475	2.054890875	2.261159	2.2975865	2.2173705	2.3214355	2.091160375	2.44182925	2.24805325	2.3266455	2.519236	2.06068975	2.3795905	2.22400025	2.10121775	2.21201375	2.050907	2.3907705	1.93950375	2.404994	2.19845175	2.345963	2.183047	2.1954525	2.137192	2.4372875	2.327153	1.885044	2.34401325	2.352222	2.3191825	2.03447075	2.473191	1.66803275	1.98941125	2.187318	2.1119455	2.20454525	2.2226705	2.460038	2.37963025	2.2309835	2.4129115	2.3021025	2.15864375	2.22443875	2.15212175	2.0793255	2.6326555	1.962002875	2.26097225	2.071149125	2.3	0.025	3.0E-5	1.5E-5	0.185199989836
27	121	251	4.706775	0.6431171875	0.4358925	0.5013441875	0.6027929375	0.44091321875	0.38068003125	0.596667125	0.6684699375	0.7325739375	0.731079125	0.8039995	0.7800936875	0.6010545625	0.9403236875	0.7752933125	0.6433891875	0.603773125	0.60333575	0.705685	0.5370506875	0.662660125	0.7992221875	0.774672875	0.938375	1.00215925	0.58259725	0.7744010625	0.8086063125	0.7876765625	0.6771175625	0.745400375	0.7689394375	0.7331815	0.834688125	0.8965519375	0.9292795	0.569373125	0.8111221875	0.7489106875	0.65632575	0.6685183125	0.6670503125	0.8769250625	0.666115625	0.60569325	0.7218555	0.704967625	0.48537853125	0.8926281875	0.9186341875	0.6497135625	0.763343	0.92526	0.82428225	0.8178416875	0.7115726875	0.5649075	0.7789165	0.978458875	0.6994583125	0.75930375	0.8611534375	0.7744865	0.8069973125	0.780318	0.7630828125	0.6408051875	0.8422185	0.7714518125	0.8392650625	0.718740375	0.8195210625	0.7907725625	0.8423415	0.6414074375	0.900795375	0.721027375	0.8249615	0.642821375	0.7936758125	0.9253624375	0.9848974375	0.7424836875	0.6741419375	0.554124375	0.8002451875	0.747215875	0.716892	0.88512575	0.862694375	0.4903266875	0.640607625	0.85882225	0.50254225	0.6036473125	0.6110151875	0.7162005	0.61801175	0.6609141875	0.8953263125	0.78630525	0.8123321875	0.863965	0.56999125	0.6784185625	0.9804925625	0.6975289375	0.61496075	0.8314225625	0.7819835625	0.8001764375	0.9297670625	0.8107600625	0.6742551875	0.8449845	0.745971	0.8730320625	0.6937938125	0.719504375	0.957230625	0.852441125	0.6406346875	0.6723236875	0.687334375	0.8913036875	0.67831625	0.685762	0.669179375	0.5666881875	0.749960625	0.715751	0.863077875	0.63566	0.50190878125	0.7488920625	0.683369875	0.6809513125	0.64713975	0.8309620625	0.8182209375	0.6595376875	0.6103369375	0.83370175	0.646341	0.8846900625	0.7571365	0.569043875	0.923340625	0.7065169375	0.6971305625	0.7305235625	0.78107125	0.747498625	0.5944638125	0.5858135	0.7353849375	0.65069975	0.901228375	0.837832375	0.63758275	0.4643058125	0.6603439375	0.588987625	0.8917408125	0.770769	0.7181670625	0.792186625	0.749853	0.877736	0.596956125	0.7507836875	-0.17613009375	0.7946830625	0.8313080625	0.836081	0.799216375	0.5987365	0.704538	0.854091375	0.8712034375	0.7017116875	0.7352525625	0.8394658125	0.809402125	0.803875375	0.8034084375	0.865993375	0.8073704375	0.85180375	0.43678378125	0.70941775	0.8629325625	0.736972875	0.661388625	0.711376625	0.6258654375	0.9470414375	0.5811684375	0.6241574375	0.538648375	0.7375699375	0.60506175	0.9494826875	0.86346275	0.88810675	0.804065	0.6426803125	0.6590815625	0.4981956875	0.5946950625	0.7940899375	0.8028599375	0.680343	0.9034920625	0.5352656875	0.5862719375	0.783856	0.74185775	0.8543960625	0.8501843125	0.828115875	0.8342475625	0.638313375	0.748543125	0.73251475	0.8945690625	0.5392411875	0.652981125	0.71628425	0.778320125	0.5870666875	0.7668803125	0.718418875	0.7100475	0.821257125	0.5151246875	0.73143125	0.6563021875	0.836959	0.5744714375	0.82602175	0.588009375	0.7322860625	0.4829861875	0.7634825625	1.058364125	0.620537	0.72655475	0.6909605625	0.4845451875	0.8	0.037	1.2E-4	7.0E-5	0.283138972134
28	78	251	2.17249775	0.34642046875	0.39841078125	0.23664753125	0.17492878125	0.43056646875	0.26015625	0.27735096875	0.428979	0.3099611875	0.27845621875	0.37588240625	0.4311575	0.37518515625	0.26063546875	0.3179085	0.30471865625	0.39454646875	0.3850079375	0.3058593125	0.4226838125	0.210153359375	0.49342121875	-0.043597546875	0.26629071875	0.22311346875	0.2371548125	0.3120278125	0.3694731875	0.30429178125	0.4402046875	0.34379028125	0.3028608125	-0.0979048671875	0.30821653125	0.371350625	0.1772316875	0.243009578125	0.2677530625	0.363605875	0.219699671875	0.3135830625	0.231266234375	0.5727163125	0.28867509375	0.33876	0.354919125	0.40092	0.2443086875	0.29168646875	0.34652071875	0.260880890625	0.5076453125	0.3400635	0.28796821875	0.3354865625	0.25546153125	0.2387513125	0.196668390625	0.280480375	0.127424875	0.391064125	0.24771521875	-0.172562296875	0.37537084375	0.3967354375	0.28875565625	0.190689734375	0.287009	0.102756585937	0.194885125	0.29880675	0.3186675625	0.36718575	0.3699396875	0.230571796875	-0.16262778125	0.44099334375	0.291891125	0.1696025	0.21491640625	0.33240359375	0.39809440625	0.36336021875	0.276791	0.252207125	0.12848328125	0.141696734375	0.124309726562	-0.146343171875	0.134822703125	0.356153	0.199213828125	0.4079636875	0.36449153125	0.29758221875	0.14154203125	0.225200875	0.42322346875	0.3919291875	0.2925650625	0.2640249375	0.345021125	0.23468	0.45591621875	0.135695515625	0.47167515625	0.231294140625	0.36456159375	0.13465653125	0.15636890625	0.368633375	0.3561386875	0.049255625	0.197613015625	0.3170024375	-0.117396296875	0.2627189375	0.19547171875	0.31966825	0.2842560625	0.4416973125	0.529912	0.31350284375	0.33270778125	0.250839828125	0.36479815625	0.32462721875	0.4062180625	0.3204325625	0.3935103125	0.234448515625	0.39812828125	0.10231740625	0.3229471875	-0.08454971875	0.38073853125	0.33581065625	-0.15160678125	0.22065815625	0.145641984375	0.3037954375	0.39408565625	0.171966125	0.29768121875	0.18469759375	0.4488763125	0.19368609375	0.20886140625	0.36283284375	0.2711901875	0.3943376875	0.211143921875	0.3856181875	0.3238725625	0.229851328125	0.34975078125	0.2284749375	-0.0995120390625	0.442707375	0.2926804375	0.4056715625	0.16580121875	0.53926075	0.162222609375	0.35871090625	0.3974501875	0.3558603125	0.49158103125	0.254603828125	-0.0893409765625	0.2786920625	0.47556840625	-0.195264609375	0.249880890625	0.22402490625	0.2997610625	0.335435875	0.24968928125	0.43314646875	0.4804854375	0.404004875	0.3024020625	0.196657578125	0.30540328125	-0.177262546875	0.181348984375	0.43141165625	-0.207141390625	-0.10824346875	0.37019275	0.32691690625	0.226458796875	0.48266196875	0.175846625	0.291807375	-0.0586998632812	0.29723371875	-0.119523085937	0.225185703125	0.27456225	0.422371	0.30833025	0.14815540625	0.30407559375	0.31534690625	0.140048796875	0.3077665625	0.169476546875	0.36437546875	-0.146730578125	0.22361675	0.30477753125	0.33766753125	0.17825175	0.18701915625	0.25790215625	0.3191148125	-0.21349815625	-0.143664203125	0.465922875	-0.16023859375	0.126246265625	0.34498159375	0.3117625	0.247639734375	0.1067393125	0.199728390625	0.283474375	0.251391203125	0.44496984375	0.35225615625	-0.121232734375	-0.07149703125	0.24199021875	0.28561425	0.252611390625	-0.135081671875	0.0924191328125	0.2791733125	0.1626903125	0.304623375	0.244414796875	0.146449578125	0.146728046875	0.184213953125	0.32450371875	0.36870109375	-0.18929075	0.282651	0.244979515625	0.361	0.026	5.3E-4	1.2E-4	0.192251181682
29	166	251	9.911065	-0.197835	0.0991098125	0.2746974375	0.34870471875	0.228706265625	-0.251640171875	0.145271515625	0.261711109375	-0.0719324140625	0.312593875	0.367916875	-0.125228976562	0.13631371875	-0.11153875	-0.0943134140625	0.222051421875	0.15629675	0.156053	0.45155671875	0.44985390625	0.26581459375	0.29214021875	0.33330003125	0.21798425	0.3084446875	-0.088921859375	-0.176828765625	0.254442203125	0.20066496875	-0.32057546875	0.3128705625	0.348099875	0.24134490625	0.2232249375	0.48033565625	0.207518625	0.25409365625	-0.13952278125	0.28516696875	-0.1561795	0.178943171875	-0.130685164062	0.25164159375	0.1897775	0.3376924375	0.14821353125	0.207411125	0.0150337314453	0.147774828125	0.215193328125	0.251302421875	0.1503219375	-0.14068259375	0.35304490625	0.210981609375	0.190485328125	0.34331853125	0.2583983125	0.183793703125	0.26926090625	0.27954615625	0.255443046875	0.13339903125	0.33713209375	0.47062121875	0.250689015625	0.27211959375	0.256922046875	0.176675625	0.2951759375	0.21488784375	0.1870093125	-0.13268621875	0.39834878125	0.183148546875	0.36663478125	-0.119146546875	0.170688703125	0.3764200625	0.16841203125	-0.29234375	0.219237546875	0.07839203125	0.5028978125	0.2173243125	0.174034625	0.244821296875	0.178022796875	0.275539375	0.3153775	0.3816399375	0.257917984375	-0.13334465625	0.3125656875	0.264038875	0.19232803125	-0.20445753125	0.31344384375	0.17715834375	0.14899590625	0.24714140625	0.4391755625	0.32826959375	0.35206271875	0.27398353125	0.329541125	0.2659888125	0.33396265625	0.148269234375	-0.0441846171875	0.284978	0.24890540625	0.249133484375	0.3653944375	0.3023300625	0.172981515625	0.315989625	-0.2676501875	0.38641425	-0.1390380625	0.123911125	0.30871378125	0.342227	0.229832578125	0.3014471875	-0.17412725	0.3178491875	0.16646165625	0.2816375625	0.2449466875	0.241566453125	0.28833109375	0.186855921875	0.28919378125	0.2730075625	0.42264171875	0.28449725	0.178966140625	0.2976483125	0.22047825	0.2635424375	0.19656390625	-0.255617578125	0.3088344375	0.33642953125	0.3939248125	0.216825296875	0.25568665625	0.25969721875	0.2683311875	0.3132846875	0.191625390625	0.214651796875	0.266551625	0.14286075	0.36068340625	0.30396084375	0.26563771875	0.35417696875	0.21990234375	0.50056053125	0.39628403125	-0.129956828125	0.15226546875	0.362037125	0.17747965625	0.5408830625	-0.26251309375	0.34865096875	0.2549485	0.249137796875	-0.2433740625	0.22276453125	0.244291765625	0.167765796875	0.238197734375	0.099597921875	0.193297703125	0.23997321875	0.25710578125	0.178847484375	0.2697714375	0.373182125	0.543776	-0.136027828125	0.40376646875	0.27529534375	-0.14849275	0.3106515	0.171326265625	0.2673704375	0.231977890625	0.27583034375	0.181855984375	0.34349928125	0.22740059375	0.2122225625	0.251647015625	0.29066125	0.2921159375	0.47151196875	0.368394	0.241888953125	0.118257132812	0.197995671875	0.1472440625	0.131530125	0.4186926875	0.146520265625	0.24323965625	0.24893178125	0.204360484375	0.22719046875	0.371835	0.4207025625	0.3986305625	0.226275359375	0.108480054687	0.303307125	0.21625459375	0.169314890625	0.33221590625	0.28299775	0.38555146875	0.13592559375	0.2932523125	0.193860703125	-0.1426451875	0.217913	0.50241234375	0.3592721875	0.44016490625	0.3908790625	-0.176988015625	0.3495835625	0.106465382812	0.3909256875	0.138215015625	0.25953375	0.3270589375	0.196966015625	0.180396515625	0.4205089375	0.29083009375	-0.236676296875	0.131126609375	0.15328090625	0.40218540625	-0.146018125	0.28648346875	0.37	0.09	6.8E-4	4.7E-4	0.632499451506
30	145	251	2.0010305	0.7448356875	0.754482	0.7817725625	1.030673	1.10379225	0.97882275	0.847823375	0.6960765	0.9372473125	0.9161161875	1.054621625	1.150008875	0.717200625	0.941423	0.917744625	0.6931240625	0.7994576875	0.7277783125	0.8523198125	0.840653	0.6894371875	0.8108675625	1.0471305	0.9537306875	0.774187875	0.7647170625	0.6930764375	0.960728	0.7654929375	0.9557745625	0.7740910625	0.8502089375	0.8531498125	0.966861	0.945626625	0.929141125	0.96762075	0.86216025	0.960834125	0.8870510625	0.724956375	0.92594525	0.7452758125	1.08069275	0.8360188125	0.8717146875	0.7611818125	0.686214625	0.822426875	0.818832875	0.743847625	0.8780943125	0.76096675	0.7168869375	0.998752125	0.742308125	0.88214625	0.860202125	0.867901625	0.8500105	0.7770056875	1.0439264375	0.867003	0.92970375	0.667134125	1.022915	0.8591460625	0.829864	0.8240175625	0.784701125	0.866568875	0.66115625	0.7409265	0.72333675	0.863323625	0.87184975	0.8502940625	0.862988125	0.74484225	0.9277268125	0.7650635	0.835231125	0.7671954375	0.828505625	0.690261125	0.875528375	0.9662899375	0.9238708125	0.7040096875	0.71626525	0.750448375	0.8580634375	0.8030763125	0.79276225	0.7358340625	0.797522	0.7570898125	0.8605569375	0.836700375	0.7403966875	0.6926888125	0.8282320625	0.776198	1.0002619375	0.6753489375	0.781622375	0.8318743125	0.758903625	0.94724	0.655804375	0.71863025	0.9356915	0.710238	0.7182356875	0.6818159375	0.709918875	0.739270625	0.7131648125	0.6351336875	0.811114	0.8159549375	0.80980725	0.7198090625	0.928540875	0.9438360625	0.6777505	0.8633328125	0.7699025	0.7862009375	0.7414323125	0.5942425625	0.91738175	0.669826375	0.8052885	0.846485	0.9278395	0.8805865	0.5711371875	0.52121746875	0.886512875	0.8486839375	1.0295724375	0.869344375	0.9380351875	0.797813	1.075787625	0.8902404375	0.825333125	0.86280425	0.57726275	0.912820375	0.809574375	0.7906775	0.739605125	0.6534573125	0.9659734375	0.7206833125	0.8552021875	0.963476125	0.761225375	0.636042875	0.8615869375	1.0000970625	0.7808775625	0.7246953125	0.86147775	0.740962	0.7151715625	0.7686246875	0.8743948125	0.6486758125	0.7504369375	0.5712243125	0.881958875	0.9820661875	0.7939675625	0.70135375	0.85575875	0.5517109375	0.6372694375	0.7684210625	0.5971936875	0.951301125	0.876762875	0.483648625	0.85636575	0.9868416875	0.8339276875	0.864020125	0.64988425	0.86052675	0.7345625625	0.8030419375	0.6154215	0.7676754375	0.699640625	0.7744835625	0.809610125	0.8898161875	0.76364775	0.6200329375	0.680143375	0.7095205625	0.712751	0.794816375	0.710008375	0.673095875	0.86460825	0.715616125	0.8376094375	0.8441281875	0.6429229375	0.4996505625	0.8538251875	0.76069475	0.66785225	0.88535425	0.8666816875	0.862846	0.93776075	0.5602275	0.86350275	0.851568375	0.49593265625	0.9588098125	0.45803696875	1.067438625	0.713744875	0.886582	0.6366758125	0.6558043125	0.9430376875	0.7671848125	0.5931198125	0.871380875	0.8900750625	0.656397375	0.847	0.77281875	0.7462084375	0.75261525	0.66146375	0.6715640625	0.704598375	0.7650043125	0.589425875	0.730851375	0.589740875	0.4953061875	0.82666125	0.894	0.018	1.67E-4	2.9E-5	0.136151663977
31	101	251	2.91390725	1.627373875	1.371856125	1.51754725	1.298321375	1.520046375	1.6775855	1.49197075	1.572126375	1.640534875	1.34056025	1.3563735	1.452052	1.5508625	1.46617375	1.51783	1.425527	1.4206675	1.57346625	1.378143875	1.43230125	1.602706	1.343187625	1.363627	1.14457875	1.30164125	1.213065	1.4455855	1.301940125	1.3255835	1.562552125	1.403648125	1.59397475	1.440369	1.441163125	1.18622975	1.514481375	1.314015125	1.252459375	1.380271875	1.188962625	1.40977075	1.273846625	1.469846	1.333235	1.323392	1.422076875	1.28778075	1.09719525	1.275415625	1.206398375	1.329558875	1.439246875	1.3690765	1.225227875	1.4533815	1.390179125	1.19528725	1.531476375	1.130438	1.5188515	1.319423125	1.231823125	1.473316375	1.333383375	1.174967125	1.5103095	1.334113875	1.34609125	1.376028125	1.409514	1.348465	1.399174625	1.1911985	1.30268075	1.236746125	1.451460125	1.35623525	1.35758475	1.51352575	1.3867665	1.657181	1.174159	1.336511625	1.36813925	1.1343495	1.11193375	1.437460375	1.19685475	1.230896375	1.142031125	1.3134345	1.243552625	1.0289554375	1.31572175	1.232181	1.266407	1.396146875	1.14483875	1.3013285	1.333690625	1.56057225	1.227958375	1.429820625	1.394315375	1.31847625	1.170991125	1.22635775	1.305733	1.253139875	1.1729215	1.33051925	1.22863825	1.042893125	1.206325875	1.116516875	1.170784875	1.281209875	1.244986875	1.523447	1.05291675	0.9334465	1.422495875	1.083984875	1.248819375	1.397335625	1.149023375	1.064214375	1.323867875	1.430033	1.136097125	1.12136775	1.324048375	1.08368675	1.173942	1.0547985	1.407745875	0.95703575	1.3322495	0.90302275	1.06776625	1.244036	1.040984	1.234579875	1.219924625	1.17531675	1.076128125	1.13257275	1.061490625	1.35352725	1.35637775	1.096243875	1.11670475	1.19024625	1.457325375	1.09469725	1.21443	1.257315375	1.032997	1.162175375	1.070768125	1.094953125	1.0080739375	0.9866319375	1.11858525	1.10289225	1.070185625	1.17660675	1.0460403125	1.13041825	1.088590875	1.08929875	1.181301125	1.2633365	1.212121125	1.096285125	1.103385	0.91913675	1.281752625	1.153766375	1.1095765	1.15489825	1.17478725	1.179289625	0.9470454375	1.1581605	1.059258625	1.044674625	1.250711125	1.219829375	1.054502125	0.9200186875	0.8583385625	1.00666875	1.093326875	1.204123625	1.129737625	1.06872375	1.15814125	1.06448025	1.10937225	0.9638945	0.939726375	1.102219125	1.114442875	1.0477285	1.053207	0.8462785625	1.050323125	1.204242125	1.08662275	1.18411575	1.2590595	1.2737395	1.083865875	1.086626125	0.9795541875	1.0320245	0.9534206875	0.9573688125	1.13089725	1.120406	1.25701625	1.081912	1.26805425	0.978047	0.8839215	1.0571565	1.145797875	1.16432775	1.0427935	0.9838708125	1.072762	0.942941125	0.9145129375	0.989141375	1.13663075	0.9969143125	1.033411125	1.239442625	1.118565125	0.8035914375	1.093201125	1.16858475	0.9792206875	0.824808125	1.0097686875	0.998023375	1.212081125	0.95030575	1.136858875	1.498	0.022	3.23E-4	2.1E-5	0.150688028395
32	109	251	4.730093	3.04119975	3.064573	3.174102	3.00956125	2.81018375	3.02662375	2.97886525	2.88135725	3.10885575	3.08963975	2.99662275	3.1045165	3.1003655	2.61313	3.0541225	2.8082755	3.091637	2.89840175	2.818252	2.872166	2.988547	2.909906	3.0534015	2.87607225	2.9813065	2.80034575	3.1367885	2.90427925	2.99931525	2.89632575	2.86384575	2.977774	3.14224075	2.98591125	2.67865875	2.94599325	2.93062175	2.66475225	2.7797585	2.876833	3.09957875	2.940666	2.95093825	3.09028975	2.90271375	2.9453945	2.9571485	2.876286	2.7080235	2.64929925	2.92846425	2.85316575	2.98790375	2.956209	2.90916675	3.042636	2.787605	3.023452	2.97703025	2.95043675	2.87290175	3.0252875	3.04839275	3.03666875	2.773132	3.06652825	3.02598325	2.8472965	2.791862	2.84124775	2.78492625	2.936432	3.1451405	2.91110425	2.8751365	3.01976725	2.919193	3.056964	3.048578	2.806396	2.930951	2.97888525	2.95538675	3.0177955	2.97035075	2.94340575	2.86179475	2.8829905	2.953596	2.8063835	3.13367675	3.12174575	2.96953525	2.85713	3.1370435	2.9962385	3.17588125	3.16691425	2.9551845	2.84105625	2.92388925	3.07017125	3.02888375	3.20846275	2.934874	3.1077025	2.99528225	3.0281095	2.92756375	2.97856525	3.07772875	3.174455	2.835326	3.0783235	3.20083675	2.768673	3.16138925	2.91365425	3.00260875	3.30542425	2.84993225	2.9698395	2.921966	2.973605	2.8778035	3.0995235	2.814356	3.01176825	2.8193065	2.881809	2.9478585	2.92643725	3.12179925	3.1199225	2.979345	2.97084975	2.79193575	3.213299	3.18409975	3.084745	3.132955	3.023628	3.15279675	2.97076175	2.99283	3.16440825	3.16662625	3.15723675	2.922334	2.69137875	2.94424725	2.87239725	3.0869235	3.269256	2.9424975	3.19961175	3.056364	3.02157475	2.82312275	3.013088	2.87187875	2.9655465	2.7559105	3.0018855	2.89679925	2.981167	2.98920475	2.92816825	3.16369225	3.0791425	2.86918675	3.16734675	2.85359125	2.9994615	2.90914725	2.833338	3.2987165	2.98077175	2.85721425	3.00650425	3.31736075	2.74487025	2.98056675	3.104673	3.02017475	2.84220675	3.086516	3.04975325	2.98946525	3.0570655	3.1256075	2.92449575	2.981838	3.017608	3.1192185	3.02763775	2.89370575	2.95927275	3.0283805	3.23400625	3.15092525	3.06833925	3.228247	2.93552025	2.9270015	3.00682125	3.08320225	3.115315	2.9161765	3.1169995	3.1013125	3.079572	2.98272875	3.07843975	2.89484525	3.0631405	2.97752475	2.79650725	3.158771	2.97437375	3.040731	2.984844	3.1970295	2.946362	2.93054325	3.11956475	3.2001575	3.08294175	3.02440175	3.04686625	3.21127175	2.86298775	3.0873465	3.01008475	2.848258	3.1144395	2.89428225	3.08387825	3.08629575	3.1807915	2.97672725	3.0535975	3.000211	2.88852025	3.00882325	3.15703825	2.9401835	2.900998	2.8965325	2.86178925	2.967	0.023	-1.5E-5	1.1E-5	0.166737679962
33	53	251	2.4648625	0.9102880625	0.926734375	0.5290985	0.9384996875	0.73678225	0.739222125	0.35494915625	0.542946375	0.199714984375	0.3988409375	0.162771640625	0.3694823125	0.32994809375	0.25994115625	0.2981546875	0.138823765625	0.13442996875	0.22908065625	0.25733625	0.28140603125	-0.1806596875	0.18518753125	0.26068596875	0.3128383125	-0.106806632812	0.083392796875	-0.076689015625	0.413692125	0.041356125	0.216887421875	0.3212565625	-0.207493234375	0.199742859375	0.13207875	0.1839040625	-0.169028359375	-0.42497325	0.281843	-0.218801703125	-0.252389921875	0.153125875	-0.2997090625	-0.1570855	-0.184680125	-0.03713859375	0.263511625	-0.226177390625	0.136599921875	-0.257817328125	-0.124027328125	0.11840065625	-0.27148	0.19167503125	-0.1450041875	0.118238257812	0.1586	-0.15075403125	0.17562665625	-0.139428171875	0.14634403125	0.195352140625	-0.0731403046875	0.19191309375	-0.188766671875	0.2072469375	0.088254171875	0.127160867187	0.187368765625	0.141734921875	0.2792703125	-0.38357628125	-0.2263359375	-0.083228984375	-0.3027884375	-0.177770296875	0.109355453125	-0.186334921875	-0.111676914062	0.224375578125	0.261639703125	0.3896685	-0.181476	0.1736588125	0.12132278125	0.286081125	0.371098875	-0.3046983125	0.1903729375	-0.199885734375	0.177572609375	0.287811875	0.20399684375	0.38066240625	0.124863304687	-0.2269440625	0.376021375	0.190016109375	0.175901328125	-0.1734285625	-0.222802171875	0.4519465	0.2106190625	0.162994296875	0.32764284375	0.1877789375	-0.0932569140625	-0.1266911875	-0.166315546875	0.203735640625	-0.047229890625	0.159787296875	-0.172528640625	-0.108678007812	-0.4048359375	-0.31212459375	0.3102745	0.30910984375	-0.122388109375	-0.40030653125	-0.3574105625	-0.186325328125	0.101683914062	0.177648359375	0.09152284375	-0.0507036875	0.189027546875	0.0307031503906	0.22991309375	0.318901375	0.194366953125	0.27942825	-0.251529734375	0.3391380625	0.226014984375	-0.253350515625	-0.265305125	-0.12320165625	0.180617703125	0.166244203125	-0.102593335937	-0.156153078125	0.19008446875	-0.31708903125	-0.163248546875	-0.17000540625	0.119116570312	-0.1699399375	0.17393728125	0.31782615625	-0.19527453125	-0.42998715625	0.132851078125	0.1933084375	-0.130527210937	-0.22321046875	-0.131062578125	-0.096844515625	-0.116774875	-0.147649984375	0.235847375	0.138354953125	0.227033125	-0.236681203125	0.31380040625	0.30206571875	-0.22349296875	0.18016290625	-0.22207946875	-0.31112453125	-0.133884984375	0.13631034375	0.161839359375	0.190278515625	0.24951478125	-0.187909578125	-0.3116151875	-0.129081953125	-0.208466046875	0.248732625	-0.148161234375	0.195134703125	-0.202782203125	-0.19328978125	-0.19242353125	0.2922459375	0.113517484375	0.124476570312	0.20265228125	-0.0862903671875	0.3760435	-0.26431271875	0.1678230625	0.240466125	-0.187611078125	-0.0758573046875	-0.159066875	0.126404640625	-0.0904774921875	0.217875109375	-0.177572640625	-0.199330203125	0.22471940625	-0.183568015625	-0.2585858125	0.23483653125	-0.0636962929687	0.31600640625	-0.16220659375	-0.0966305078125	0.515475375	0.24952146875	0.1725868125	-0.29444340625	-0.114279554687	0.20426759375	-0.116168773437	-0.2690904375	0.2546750625	-0.123579273437	-0.118538632812	-0.066761640625	-0.1586255	0.26872140625	-0.31506553125	-0.262169875	0.154272578125	0.15721753125	0.122943953125	-0.139492859375	0.1753786875	-0.075102390625	0.295640625	-0.36451753125	0.225177609375	-0.22881759375	-0.070456296875	-0.19179834375	0.2838706875	0.236103640625	0.37204425	0.185329296875	0.2284115625	0.3984025625	0.188962984375	0.51068765625	0.28842559375	0.139493125	0.286109875	0.31339859375	-0.217869328125	2.13	0.18	0.033	0.0039	0.222222722721
34	24	251	3.4207385	2.3751165	2.29051975	2.29468325	2.222048	2.002762375	2.25200875	2.11363125	2.246039	2.20430775	2.2904345	2.1449595	2.4072005	2.301356	1.97536325	2.31785325	2.1424555	2.44602625	2.1504935	2.063550875	2.12951875	2.276012	2.1469075	2.281622	2.07843825	2.151964	2.009710375	2.3792935	2.11244725	2.229094	2.1970695	2.0473925	2.27522075	2.40756325	2.1776315	2.11629325	2.21311775	2.21558375	1.898460125	1.92060175	2.15361775	2.2795225	2.16782125	2.2597515	2.46719675	2.1322775	2.15695675	2.2019695	2.025315625	1.898663375	1.910486625	2.201333	2.11591525	2.047250375	2.158806	2.10088025	2.34893025	2.239243	2.2148385	2.100215	1.96560725	2.015134375	2.308802	2.31260075	2.16105775	2.06005225	2.2239885	2.1504345	2.21211025	2.01721	2.125846	1.99129775	2.072576625	2.19718825	2.27755925	2.114547	2.4016225	2.2073465	2.33667225	2.366532	2.11972075	2.1731695	2.311924	2.040855	2.2426605	2.1538305	2.16582525	2.1058665	2.16639175	2.200099	2.010457125	2.3402345	2.28943225	2.1528965	2.14312	2.395118	2.30952075	2.30608525	2.34582075	2.11437625	2.10958725	2.2324895	2.222074	2.3576105	2.32769175	2.15070175	2.272448	2.3598405	2.18765725	2.13578125	2.0894955	2.32710275	2.36522375	2.007254625	2.33121325	2.2733845	2.072815	2.351713	2.2125765	2.100249	2.444622	2.1023955	2.21977975	2.218283	2.2296215	1.97347375	2.3176645	2.059204	2.1545935	2.087988875	2.1295965	2.011360125	2.194292	2.19377775	2.272651	2.211641	2.16662425	2.053978125	2.33362025	2.34722925	2.32852075	2.16727225	2.35415525	2.20804925	2.20704075	2.27540725	2.3800755	2.38463075	2.47294075	2.13328475	1.98400575	2.168992	2.1357965	2.25995075	2.2720355	2.259657	2.4923955	2.2234125	2.27569775	2.044782	2.247079	1.945771625	2.3045235	2.124945	2.1995815	1.934668125	2.296008	2.069194875	2.2378015	2.2867965	2.229468	2.22118025	2.3418265	2.117939	2.32217025	2.1777965	2.106833	2.559278	2.134188	2.05549225	2.40765625	2.3863265	1.964648375	2.133236	2.2388365	2.20470275	2.11809	2.11615325	2.241855	2.1526035	2.348027	2.31397275	2.2057325	2.26611425	2.3026225	2.44241825	2.29854075	2.17446125	2.2403275	2.37853425	2.37068025	2.4095635	2.19011625	2.25854225	2.06812475	2.21813475	2.1135865	2.2822525	2.22800425	2.23528325	2.25056	2.27513525	2.3492125	2.252235	2.2292195	2.125887	2.3135075	2.2528315	2.031512	2.324155	2.1938785	2.2312845	2.28423925	2.34786	2.1381245	2.07696025	2.214272	2.32387225	2.4040355	2.24739175	2.142964	2.42101575	2.17699575	2.366529	2.24863975	2.008210375	2.32949725	2.138276	2.2404625	2.149589	2.2500315	2.2329705	2.35425825	2.251886	2.2339665	2.27623375	2.28147175	2.1715095	2.16299	2.119526	2.03463125	2.196	0.02	-1.3E-5	1.2E-5	0.143569428758
35	140	251	2.99153	0.109054296875	-0.07352665625	0.0701174375	0.074021796875	-0.1585466875	0.082106375	-0.1651803125	-0.27187034375	0.16222503125	-0.257349921875	0.240909921875	-0.19927159375	0.134751125	0.2624985625	0.1890560625	0.069489375	-0.112555632812	0.19645975	-0.204761125	-0.14865990625	0.220712875	-0.283779375	0.181781875	-0.289258125	-0.144626796875	-0.124142085937	-0.18690178125	-0.08831684375	-0.15867378125	-0.35256171875	-0.25118725	0.154381859375	-0.15165925	-0.248054703125	-0.29072840625	0.26764946875	-0.166928953125	-0.139039953125	0.121449195312	-0.283594125	0.12808621875	-0.247515421875	0.219921	0.0650115429687	-0.245893578125	0.118626742187	0.168420390625	0.14962465625	0.069732828125	-0.17494053125	-0.2033400625	-0.1014205625	-0.22786578125	-0.09506946875	0.109909390625	-0.276845	-0.1944023125	-0.121400226562	0.166076078125	0.16465259375	-0.32411003125	0.183216765625	0.11261878125	-0.4425565625	-0.0711238203125	0.14039728125	0.22760921875	-0.206852765625	-0.125405148437	0.107431367187	-0.29239071875	-0.0937031640625	-0.16123040625	0.22625328125	-0.20515590625	0.2768165	0.128154984375	-0.210036484375	-0.28750775	0.2214929375	-0.14439340625	0.105054445312	0.197209265625	0.1640661875	0.1744766875	0.108083679687	-0.137586640625	0.210912640625	-0.2578085625	0.20740384375	-0.126836460937	-0.26237446875	0.24802159375	0.166053703125	-0.153010203125	-0.164481734375	0.210355109375	-0.165219203125	0.242777734375	-0.121333773437	0.13557646875	0.200396671875	-0.31902671875	-0.124377015625	-0.225370296875	0.17806471875	0.222959140625	-0.3852986875	-0.144466015625	-0.1104426875	-0.172686609375	0.17812996875	0.23011065625	0.159361484375	-0.1704424375	0.086279484375	-0.22395503125	0.14103040625	-0.115688617187	-0.1350119375	-0.09792	-0.24482440625	-0.105845148437	-0.139065390625	-0.165748796875	-0.0787950625	0.26269025	-0.16273778125	-0.27783771875	0.1596501875	-0.09847428125	-0.096034515625	-0.22044203125	-0.0342128945312	-0.0586318828125	0.18225484375	0.0669498046875	0.258706703125	-0.103529179687	0.078032109375	-0.149134109375	-0.1606366875	-0.100690210937	-0.16279353125	-0.143478171875	0.1912313125	0.194545125	0.15097996875	0.176811875	0.0877078125	0.27462209375	0.0779294921875	0.133953296875	-0.30937421875	-0.174471671875	0.150494515625	-0.122273703125	0.102658304687	0.247636140625	0.14497075	-0.21657628125	0.18129903125	0.203352546875	-0.0788195703125	-0.225193875	0.158614953125	-0.116186351562	-0.2962165	0.26535284375	0.10586909375	-0.1375191875	-0.188117875	-0.163609625	0.0802575078125	-0.19035315625	-0.0808610234375	-0.0768410078125	-0.18005478125	0.2995189375	-0.08864159375	-0.228799828125	-0.41452559375	-0.0367048125	0.3111769375	-0.205675171875	-0.106414046875	0.31250040625	0.179872015625	-0.184086140625	0.30462996875	-0.1274654375	-0.0817123203125	-0.10212834375	-0.21840359375	-0.0601862578125	-0.0924215625	0.21674325	0.214069703125	-0.127773742187	-0.0726365078125	-0.405786	-0.179549640625	0.067836484375	0.265393125	-0.0834881953125	-0.20300196875	0.159863109375	0.12244796875	-0.217588234375	0.148238171875	0.0351896523437	-0.346994875	0.18439134375	-0.3674998125	0.114473039062	-0.18499796875	0.127946804687	-0.17807678125	0.328525125	0.0652042265625	-0.1884351875	-0.20166659375	0.24696490625	0.29634909375	-0.172423625	-0.185377875	-0.247424859375	0.073436	0.18331340625	0.17963265625	-0.16867475	-0.163968125	0.129804320312	0.159625484375	-0.105485859375	0.167778328125	-0.29717575	0.0523700859375	-0.26762596875	-0.38538028125	-0.278621125	-0.32834353125	-0.384407875	-0.2209994375	-0.113044140625	-0.06992903125	0.213356328125	0.15099353125	-0.25843765625	-0.20342896875	2.99	0.19	0.2	0.3	0.195017122559
36	89	251	3.0980615	0.194572828125	0.158049296875	-0.21677075	0.090653140625	-0.17897565625	0.235254484375	0.147475828125	0.235003421875	-0.164013984375	-0.3150014375	-0.16051978125	0.0411850898437	-0.220223828125	-0.32509859375	-0.1090741875	0.1867221875	0.153397609375	-0.20671871875	0.240897765625	0.248431890625	-0.25005484375	0.21620184375	0.23792865625	0.0355771992187	-0.178826078125	-0.2825495	-0.14767478125	-0.174694578125	0.1482104375	-0.170891515625	-0.149813796875	-0.2564673125	0.237152875	-0.22360878125	-0.072387484375	0.13887734375	0.101391523437	0.06638440625	-0.109429171875	0.221117109375	0.14324265625	-0.36833340625	-0.212957984375	-0.0213629882812	0.25935778125	0.101547101562	-0.22669046875	0.19758421875	-0.175972484375	-0.3257160625	-0.080225953125	-0.0592113398437	0.073650875	0.1405278125	-0.0749317890625	-0.202738578125	0.12925828125	-0.21255703125	0.17885815625	-0.14871828125	0.159087671875	0.15807628125	0.143116828125	0.0356428046875	-0.221768671875	-0.165645328125	-0.073471890625	-0.196821984375	-0.2293219375	0.0240178417969	-0.0504730078125	-0.28091821875	0.0977757265625	-0.120050015625	-0.088183140625	0.219787171875	-0.109821195312	-0.05565528125	0.0454509804687	-0.39064759375	0.120191632812	-0.149013625	-0.249985359375	0.0786911015625	-0.2265925625	0.16523853125	0.058254203125	-0.37804459375	0.123810273437	0.15223321875	-0.218928453125	0.09156178125	-0.0766550390625	-0.30294021875	0.0978762265625	-0.181672890625	-0.212714078125	0.164779890625	-0.21281696875	-0.32465715625	0.09591134375	-0.205535484375	-0.041897859375	-0.0795473125	0.14106484375	-0.0836165	-0.27564290625	0.0647055234375	0.305691	-0.222353	-0.112900984375	0.168953015625	-0.190453234375	0.116236710937	-0.150856359375	-0.23641796875	-0.21814428125	-0.118569539062	-0.208394625	-0.154306734375	-0.370334625	-0.23622315625	-0.26535509375	-0.43782359375	0.200402640625	-0.22991440625	0.14054009375	0.110596828125	-0.29096309375	-0.179462796875	-0.137153015625	-0.24717103125	0.133153734375	0.084627109375	-0.20150821875	-0.21175953125	-0.148868609375	-0.0429998515625	-0.142517578125	0.2068195	-0.233184703125	-0.15724321875	-0.165410140625	-0.117082328125	-0.0674618203125	-0.0319864707031	0.32111515625	-0.0966119140625	-0.145079578125	0.0607674609375	-0.244093921875	0.1792928125	-0.190499421875	0.0950365234375	0.17094871875	0.1947711875	0.30718115625	0.0840934765625	0.1995263125	-0.24027240625	-0.30301475	-0.27370109375	0.159716140625	0.0405184335937	0.1586366875	0.0337738125	0.15737303125	-0.27246184375	0.178920390625	-0.20232915625	0.065980671875	0.0886484296875	0.115769617187	0.231105765625	-0.21640540625	0.1829684375	-0.128987671875	0.100094390625	0.15776625	0.30659621875	0.249563015625	-0.217527140625	-0.3599834375	0.0648346015625	-0.058170875	-0.162196390625	-0.300632625	0.150084875	0.116980953125	-0.1909514375	-0.38244275	-0.204261015625	0.126308796875	-0.167898265625	-0.222311640625	0.115053960937	0.113801523437	0.101311757812	-0.2940449375	-0.1959328125	0.0608131679687	-0.191180046875	-0.124295203125	0.07954046875	-0.0715333828125	-0.0757839453125	0.190159765625	0.200584578125	0.131067921875	-0.127444632812	0.111168828125	-0.22037975	-0.14375090625	-0.199047671875	-0.28200184375	0.0878073671875	-0.122408320312	-0.170147109375	-0.137332421875	-0.29436671875	-0.1730703125	0.23702371875	-0.27542653125	0.273926	0.0907624296875	0.18825825	0.331804125	-0.14988540625	0.122436148437	0.29190075	-0.255717390625	-0.139430140625	-0.092613375	-0.26817778125	0.24844875	0.101259953125	-0.429959875	-0.180385515625	0.106787929687	0.151217015625	0.0660961796875	0.072181609375	-0.203011203125	0.225059859375	-0.17628828125	-0.196580234375	-0.25396490625	-0.136481234375	0.154651796875	-0.0681815546875	3.1	0.17	0.19	0.07	0.191213997469
37	20	251	2.52044125	1.6417475	1.728967625	1.426216375	1.4728765	1.45630875	1.537851875	1.656734	1.49877475	1.695201625	1.40000175	1.39549075	1.4185645	1.499718875	1.464152125	1.360624375	1.668275375	1.390362875	1.703111125	1.454431125	1.588009875	1.345950875	1.44926125	1.389611625	1.485955	1.507550125	1.56966575	1.590518375	1.6039475	1.68398325	1.360666	1.513545625	1.523489875	1.580875875	1.467600375	1.5860805	1.598041125	1.615214375	1.79475875	1.510874625	1.538221625	1.71914925	1.552975375	1.5781225	1.44937825	1.550491375	1.607978125	1.787780625	1.332004125	1.397691125	1.735118375	1.384237	1.463343375	1.32884375	1.46547525	1.3961235	1.466275375	1.636518625	1.24673125	1.22525975	1.8646205	1.434464875	1.471886875	1.59367975	1.4754865	1.596319625	1.533765625	1.74588625	1.587045875	1.647538625	1.58716525	1.544373875	1.320588375	1.46462825	1.74863975	1.6267695	1.537525	1.715007625	1.460762125	1.3679525	1.440123375	1.480540125	1.658185	1.762228875	1.332889	1.534423625	1.458261	1.599700625	1.662625375	1.474348	1.50625925	1.585670875	1.584005125	1.506033	1.472757125	1.482466875	1.579594625	1.583660625	1.49659	1.29262325	1.432536125	1.416908375	1.49721925	1.58103625	1.3556465	1.512495625	1.628564375	1.544267375	1.692537	1.480772	1.45405975	1.44544075	1.715932625	1.5863175	1.498054875	1.494658625	1.479588875	1.459288625	1.45964275	1.6794055	1.545137875	1.640891	1.468513875	1.436496875	1.559632375	1.584746375	1.3865755	1.502929375	1.411738	1.477013125	1.649100625	1.587887	1.568133	1.397093375	1.392733125	1.669981375	1.57736125	1.29332875	1.803667375	1.607421875	1.46813525	1.634247	1.651361625	1.667537	1.454644	1.734302625	1.5831085	1.4210435	1.521612375	1.606593875	1.3659735	1.38893175	1.52800575	1.559303125	1.561135875	1.666195875	1.38920275	1.498135875	1.353415625	1.470429625	1.378749125	1.465621125	1.604674	1.383051	1.387811875	1.44776175	1.543041	1.390589375	1.381455375	1.382980375	1.3670725	1.48643325	1.684973125	1.606193375	1.513102	1.367070125	1.489739125	1.3500565	1.45291125	1.39204125	1.76512075	1.465896	1.5930595	1.59745175	1.59710625	1.458080625	1.463320875	1.47327	1.618319625	1.64905975	1.437026125	1.583117375	1.434604625	1.556189375	1.245898375	1.3616655	1.48118525	1.50063425	1.371567875	1.44755025	1.2909725	1.408649125	1.71144875	1.20289325	1.483984	1.343658125	1.432816625	1.5757825	1.411672	1.808203625	1.354977375	1.50543325	1.611369125	1.34662275	1.43301475	1.52099575	1.4016055	1.463857375	1.373914875	1.426426375	1.46772025	1.29719775	1.50354425	1.827571	1.72322225	1.787225625	1.651679875	1.464178875	1.59429675	1.257276875	1.646600875	1.648801	1.491345125	1.57740675	1.560950625	1.343822125	1.52653	1.529771	1.28663425	1.33175375	1.51609925	1.3258205	1.484742375	1.4759545	1.53210725	1.492970375	1.513048875	1.729169375	1.57606825	1.314439	1.568609625	1.555	0.018	4.0E-5	1.7E-5	0.138425740035
38	148	251	3.550367	1.864543625	1.68791375	1.638279125	1.824958625	1.6040925	1.917617375	1.806701375	1.9526525	1.649648375	1.43099325	1.809195875	1.750226375	1.9202095	1.709813125	1.6015475	1.822792125	1.81527325	1.8351105	1.844815375	1.856060625	1.68704975	1.778915125	1.9295495	1.86932675	1.914284625	1.786634	1.70585875	1.814606625	1.741182875	1.845231875	1.715067625	1.82440625	1.686229125	1.717830625	1.655210125	1.67387525	1.6395005	1.76518375	1.59827	1.872575125	1.814701625	1.63852575	1.82668975	1.838171875	1.6771645	1.6436485	1.807371	1.971594375	1.874018	1.762160125	1.7901955	1.91753725	1.879106	1.597946375	1.98464325	1.665939375	1.817265875	1.803117625	1.749893125	1.7519275	1.598345875	1.831612	1.9630005	1.5081685	1.639350875	1.911389875	1.941749625	1.691724125	1.684527375	1.777903	1.860304875	1.866197125	1.79698125	1.82108025	1.688770875	2.04846475	1.73725575	1.840131875	1.749461375	1.8660295	1.8054385	1.546216125	1.56932075	1.803533125	1.494923625	1.806608375	1.69206825	1.526732125	1.7586065	1.532149375	1.9785575	1.569649625	1.585394875	1.7643405	1.836957125	1.85517725	1.60925	1.935203	1.789485	1.643308	1.654118625	1.800016125	1.8965515	1.83588575	1.7497755	1.7738025	1.713856125	1.908323375	2.019588875	1.392096375	1.63682025	1.479481375	1.633581	1.669076	1.7917645	1.691203625	1.788358125	1.5852485	1.500276625	1.791298625	1.613566625	1.8779865	1.904446625	1.648428125	1.58121625	1.62933025	1.90158475	1.701260375	1.8059985	1.831609875	1.56740575	1.749638875	1.911847375	1.9614345	1.748315	1.783674875	1.4977895	1.699073625	1.60541725	1.6863075	1.8081545	1.7640975	1.886330875	1.75924825	1.599544375	1.89447975	1.720906625	1.6669885	1.721345375	1.864271125	1.7467895	1.652965625	1.841958375	1.742936625	1.84943	1.749993375	1.678640375	1.575682375	1.895638625	1.662245875	1.77455525	1.830691875	1.70875625	1.543396375	1.869389625	1.77326825	1.865800875	1.787414	1.769028375	1.846539625	1.677576	1.638122	1.800564375	1.907321375	1.622343375	1.5617355	1.432665375	1.72947875	1.923981	1.74536175	1.901097875	1.7184325	1.69940275	1.5861935	1.862786125	1.756048125	1.59807675	1.857703125	1.868182625	1.87940575	1.877394875	1.86943225	1.682717625	1.81375925	1.916886125	1.406111875	1.662957875	1.7887605	1.72962675	1.626668375	1.47712875	1.72332075	1.7230855	1.74599125	1.871430875	1.782104125	1.82092375	1.929240375	1.68272925	1.777866625	1.847970875	1.577513625	1.409052	1.619148375	1.75362325	1.89677275	1.742559375	1.84376525	1.782574625	1.8648045	1.705018375	1.941204125	1.846254125	1.72893325	1.777657375	1.600088375	1.63039775	1.607884625	1.638959125	1.698709375	1.815205875	1.972975625	1.71531975	1.699765	1.694511	1.772379	1.509344875	1.982529875	1.90970675	1.700448125	1.709182	1.563754875	1.691541875	1.8555015	1.623784375	1.688942875	1.721338625	1.683871375	1.779397875	1.931094125	1.796	0.023	3.5E-5	1.6E-5	0.168357732037
39	23	251	2.396115	0.138787	-0.131176875	0.17041759375	-0.213619265625	-0.52003925	-0.32688375	-0.0985257578125	-0.3486298125	-0.1456408125	-0.3221546875	-0.258260625	-0.2648106875	-0.147285015625	-0.162840625	-0.219507140625	-0.217490515625	-0.21637890625	-0.11522275	-0.22173984375	-0.262763125	0.086269703125	-0.37407021875	-0.198470015625	0.32490346875	0.3256070625	-0.037346265625	-0.19370921875	-0.14050521875	-0.21816871875	-0.119878203125	-0.218319625	-0.30886765625	-0.2696726875	-0.3637361875	-0.208842109375	-0.134962609375	0.0798742265625	-0.285853625	-0.13997071875	-0.066140765625	0.108925171875	-0.28813121875	0.0561943125	-0.314827875	-0.34870440625	0.1156645625	-0.307947125	-0.30012471875	0.19340809375	-0.2647689375	-0.11662084375	-0.421589875	-0.192836875	-0.298189375	-0.275872375	-0.13928240625	-0.228005953125	-0.29948553125	0.159303703125	-0.0955380234375	-0.228117765625	-0.0865669453125	-0.1884518125	-0.226508453125	-0.20571453125	0.33336590625	-0.192635078125	0.179980703125	-0.233956578125	-0.2420854375	-0.25504815625	-0.166709640625	-0.2816708125	-0.115703648437	-0.219605515625	-0.3120738125	-0.2950525	-0.0963324453125	0.100500703125	-0.14388928125	-0.30173840625	-0.29444346875	-0.14444709375	-0.187498890625	-0.189121828125	-0.1559696875	0.0762992109375	-0.147944609375	0.17103328125	-0.3251558125	-0.2594334375	-0.076256921875	0.173101796875	-0.21077146875	-0.255388546875	-0.2534578125	-0.3463336875	0.1754365625	-0.207874484375	-0.23475596875	-0.141405046875	-0.2446205625	-0.3598155625	-0.2202673125	-0.35324784375	-0.205580203125	-0.4237388125	-0.0677872734375	-0.0824568046875	0.3324955625	-0.26224040625	-0.250070265625	0.113269554687	-0.196090765625	-0.3284858125	-0.105695359375	-0.283725	0.21145621875	-0.24338096875	-0.4110043125	-0.3487989375	0.0950928984375	-0.37727484375	-0.2252749375	-0.1753185625	-0.30610340625	-0.0612119960937	-0.33172334375	-0.180448453125	-0.170081078125	-0.202557671875	-0.199216015625	-0.191994640625	-0.1838554375	-0.1991905	0.225025921875	-0.17256384375	-0.0657302734375	0.185976921875	-0.30762878125	0.26130471875	-0.0979663046875	0.16231546875	0.121337359375	-0.254558734375	-0.31626303125	-0.114190070312	-0.2286453125	0.17522628125	0.149947734375	-0.138638203125	-0.1490255625	-0.13510265625	-0.40425196875	-0.286654875	-0.2225893125	-0.32772275	-0.257851734375	0.1614873125	-0.27193809375	-0.198444484375	0.0914750078125	-0.173230296875	0.135152984375	-0.27614875	-0.3741345625	0.28416115625	-0.3021078125	-0.2849018125	0.092365875	-0.4731424375	0.07689178125	0.2540224375	-0.1915959375	0.0501510429687	-0.23872878125	-0.2190724375	-0.3801665	0.14298653125	-0.1765518125	-0.10057046875	-0.073015515625	-0.32286746875	-0.287865875	-0.192187125	-0.17781209375	-0.28979225	-0.206273828125	-0.196024375	-0.23952025	-0.1814551875	-0.15524071875	-0.20596003125	-0.27801965625	-0.126632476562	0.1932758125	0.191467578125	-0.30313896875	-0.129117125	0.10125990625	0.0293809453125	0.2216174375	-0.25345828125	-0.2844886875	0.109750054687	0.1113385	-0.30299740625	-0.17272196875	-0.26139809375	-0.237010765625	-0.232514203125	-0.224786703125	-0.318316625	-0.37334125	0.088924890625	-0.1635289375	0.119247210937	0.176785359375	0.126424851562	-0.24634328125	-0.24105096875	0.071403109375	-0.14085340625	-0.169892375	-0.3478398125	-0.13736575	-0.24194571875	-0.3383288125	-0.0694694765625	-0.3634628125	-0.206323703125	-0.1058089375	0.170522546875	0.1668349375	-0.185545953125	-0.28761959375	-0.100696015625	0.138454359375	0.24616196875	-0.205181796875	-0.127494375	0.0902110703125	0.21249978125	-0.30250584375	0.0952635625	-0.26025325	-0.183398953125	-0.331290375	-0.231788609375	-0.156097671875	-0.129	0.032	-1.0E-5	3.1E-4	0.242250729117
40	54	251	2.2096275	1.088627375	0.7375993125	0.953817125	1.12862	1.105445375	0.904679875	0.88222275	0.980261	0.7986693125	1.094522875	1.17764825	0.939552875	0.878075125	1.116361875	1.022452125	1.264348375	0.956115625	0.9090370625	0.929205375	1.184680875	1.007738125	0.99205125	1.312556625	1.14930525	0.9457709375	1.0203015625	0.9861305	1.0047335625	1.1202045	0.9417688125	1.130903125	1.096323125	1.0700335	1.03878225	1.056874	0.955779625	1.130518375	0.8264025625	0.855902875	0.9043193125	1.07413175	1.06915325	0.9289451875	0.9306730625	1.0431689375	1.097083625	1.040536875	1.031154125	0.9308906875	0.844603625	1.1337745	0.7506924375	1.301831875	1.113474875	1.0147531875	0.8496033125	0.9887008125	1.0465765	1.015896	0.8724605625	1.18991225	1.155213875	1.265709875	1.15039025	0.98446825	0.8562038125	0.839222375	1.0863585	1.094731625	1.14940675	1.0430229375	0.88870275	1.0243913125	1.107338375	0.9428983125	0.6915565	0.9597456875	0.867517625	0.996724875	1.0095706875	1.070158625	0.7100343125	1.0733725	0.82861975	1.054269	0.7952105	1.178327125	0.9858298125	1.1917585	0.9588820625	1.0049781875	1.038528125	0.916447125	1.108293	0.9803935625	0.891610375	1.060608875	0.896344125	1.08567475	0.9780084375	1.084243125	0.93653125	1.0299995	0.9807824375	1.0273231875	1.246593	0.811720375	0.966395	0.984545125	0.924196875	1.07678725	1.039136	1.0383830625	1.16835975	1.1103505	1.0044879375	1.1282485	1.265279375	1.114844125	0.8028270625	0.950202125	0.9415033125	0.973023875	1.0007415	0.936468	1.065423125	0.9810123125	0.9820545625	0.6110575	0.946290625	0.99333125	1.232954625	1.050161	1.04907425	1.090637625	1.091051875	1.048851875	1.0875115	0.960943875	0.9035163125	0.92648	0.928113375	0.763164125	1.0310241875	1.18786275	1.06817375	0.9922361875	0.80863025	0.8438499375	1.25412125	1.00552425	0.9177833125	0.8826155625	0.8486938125	1.167031125	0.94980225	0.953344625	1.2293395	1.08310675	1.115286625	0.7058380625	1.17993275	0.78456025	0.7062071875	0.8851295	1.100930125	0.7988645	1.126321875	1.15023475	1.230893625	0.9364130625	0.9056720625	0.887467375	1.07735025	1.0286761875	0.9197025	1.19946975	1.0997275	1.111887125	0.8758544375	1.27122575	0.9943758125	1.247282	0.9306705625	1.1193575	1.087021375	1.135517375	0.9366086875	0.87413525	1.162444875	1.02426625	0.9767895625	1.0750385	0.9436225625	0.9507021875	0.972294375	1.0449580625	0.87351225	1.0176838125	0.9724273125	1.0558115	0.8432024375	0.9280015	1.216910125	1.042556625	1.188932	0.97397	1.061568875	0.948444	0.9010005625	1.09132725	0.9680333125	1.11961725	1.17940925	0.9502714375	0.9987115	1.0416415625	0.9744816875	1.073446375	0.92034175	1.2764155	0.986157	0.9810268125	0.8001535625	1.094553125	1.0026143125	0.9916625	0.789174375	1.0437371875	0.77623225	0.9975604375	1.086998375	0.8522865625	1.191501625	1.190140625	1.11929	1.053463	0.9337085625	1.05266775	1.210272375	1.253316	1.12285475	0.892830125	1.1989	0.9720043125	1.204105125	1.1206535	1.089140875	1.027044875	0.9393354375	1.021	0.019	4.0E-6	2.5E-5	0.147979860038
41	57	251	2.767486	1.20895625	1.462527	1.54620875	1.396204375	1.54248125	1.376622125	1.414531125	1.406306875	1.638359	1.34163075	1.361392375	1.45022075	1.6033905	1.39527675	1.503356875	1.50391025	1.29381525	1.447915875	1.45761525	1.395675	1.445149625	1.26102475	1.6055835	1.63406725	1.287659375	1.496060625	1.364874375	1.368442	1.374983	1.17297525	1.5768445	1.437084	1.42804825	1.404361	1.580912875	1.362643125	1.326635875	1.6289925	1.825125	1.579112	1.585572125	1.466268875	1.400794875	1.68837675	1.4211385	1.34287825	1.295442875	1.379537625	1.42345525	1.494600875	1.335579625	1.53896375	1.5026145	1.44065075	1.4048995	1.50079875	1.386037	1.46938975	1.45768225	1.4852155	1.667057625	1.329377125	1.250547	1.56351175	1.4492925	1.549762375	1.41311025	1.3742065	1.64035975	1.4559765	1.403114625	1.55338875	1.420524875	1.50120075	1.628469875	1.428385875	1.230278875	1.51670075	1.47782475	1.229988875	1.440434125	1.359137375	1.553483625	1.508925875	1.59108925	1.58833425	1.60896775	1.477485125	1.406750125	1.65988675	1.391020625	1.332591	1.53353675	1.513015125	1.285917	1.58189675	1.5275785	1.72558275	1.304504875	1.639263625	1.441969875	1.218895875	1.359484	1.4743345	1.652163125	1.856716375	1.604297375	1.540769	1.585521875	1.517417375	1.413901125	1.281532375	1.48409325	1.364322	1.451078875	1.39972075	1.375065125	1.520918625	1.397375625	1.63673525	1.62316475	1.5022305	1.461894	1.38302	1.404914125	1.330526	1.58587475	1.600848625	1.450106	1.2968565	1.55138525	1.355260375	1.425104375	1.53304275	1.5329245	1.481974125	1.663157875	1.621038875	1.800779625	1.42004425	1.45585725	1.686974125	1.294081375	1.776064375	1.563994125	1.46266325	1.585961375	1.61850075	1.45717925	1.1473455	1.33153	1.451411625	1.42009625	1.54355975	1.453220625	1.79781775	1.499864875	1.625297	1.54845025	1.543399875	1.491898375	1.389340375	1.424644375	1.40126175	1.27604275	1.488387125	1.431242625	1.506112125	1.42483975	1.4110975	1.262369625	1.556061625	1.269265375	1.513051	1.487243875	1.464568375	1.46467275	1.389997375	1.547268125	1.520377875	1.592802	1.455235625	1.44256125	1.518717125	1.367361125	1.527756125	1.40885075	1.33979	1.44157275	1.36553825	1.5976735	1.3412495	1.3390955	1.760516375	1.402574375	1.465623	1.515510375	1.42996175	1.36579425	1.489895875	1.53145625	1.376876	1.53597575	1.424643875	1.368227625	1.393409375	1.567518125	1.62837575	1.695865875	1.630243125	1.43247875	1.525750125	1.59070775	1.617724875	1.3035615	1.430160125	1.494926375	1.316175875	1.662347625	1.40126075	1.576653	1.482718625	1.489901875	1.445398125	1.537955625	1.59456175	1.392339625	1.32455325	1.501578125	1.220713875	1.47633875	1.392042625	1.388839	1.638834875	1.498996625	1.425942125	1.647920625	1.3397965	1.327209125	1.459300625	1.389042	1.479155375	1.4019255	1.340671	1.38201275	1.6711915	1.550095	1.437490125	1.715987375	1.63567725	1.477	0.022	-0.0	1.9E-5	0.14727628419
42	52	251	4.981852	1.570906375	1.320667	1.277087875	1.09049	1.139627125	1.07721175	0.73666125	0.6253375	0.609931875	0.5441486875	0.6177630625	0.52366475	0.380607625	0.41063521875	0.280015875	-0.123395757812	-0.14623675	0.2243291875	0.2848456875	0.2792193125	0.30021246875	0.154472671875	0.241333765625	0.2462596875	0.113677835937	0.1523958125	0.34546271875	0.1941714375	0.234492265625	0.355952875	0.152962875	-0.2624985	-0.17535340625	0.40896059375	-0.117388507812	-0.0367773671875	0.31357559375	0.36015315625	0.1530886875	0.3110631875	0.0313643203125	0.240001140625	0.23770928125	-0.290434125	0.2033650625	0.167875390625	0.26458590625	-0.163064296875	-0.127952554687	0.212194234375	-0.11734459375	0.203348203125	-0.23773115625	0.0882633359375	0.11185584375	0.252742671875	0.205535234375	-0.174511859375	-0.0830343671875	-0.063516078125	-0.1985986875	0.1125661875	0.0983857109375	0.130485953125	-0.26122396875	0.16893275	0.113306125	-0.224101796875	0.103812265625	0.163421546875	-0.22448496875	0.22770565625	-0.0732729375	-0.20249953125	0.134055890625	0.28032409375	-0.223971359375	0.0691703671875	-0.33233984375	-0.140882578125	-0.2461840625	-0.16373528125	0.08775665625	0.205237828125	0.2429233125	-0.136847671875	-0.118976671875	0.091131140625	0.1553981875	-0.2873820625	-0.0132202148437	0.1605463125	-0.19572125	-0.226794375	0.18814090625	-0.0955321640625	0.087289109375	0.137078109375	0.257686203125	-0.256048328125	-0.30118671875	0.174374796875	0.174473875	-0.305862625	0.1314671875	0.164876875	0.0626930664062	-0.181706578125	-0.26706846875	0.20681346875	-0.103928789062	-0.119576460937	0.255192	-0.26903390625	0.1471818125	0.255177109375	0.1214346875	-0.32475990625	-0.195678546875	0.26601196875	-0.206340859375	-0.110215828125	0.0214162070312	0.177246953125	-0.18931340625	-0.194385265625	-0.0499639335937	0.0592285625	0.27709034375	0.150990921875	0.173195171875	0.100084601562	-0.129706484375	-0.195396046875	-0.24993696875	0.19118778125	0.28999546875	0.17655934375	0.30123671875	-0.2444194375	-0.104760609375	0.267936375	0.216130078125	-0.31377721875	0.119519445312	0.201246296875	-0.150338046875	-0.134344765625	0.0845195390625	-0.115389851562	-0.26535484375	0.129995742187	0.28017890625	0.239251296875	0.121152796875	0.1135123125	-0.306743625	-0.123731765625	0.0859255078125	0.069550484375	0.1910344375	0.162717828125	-0.141584640625	-0.30399771875	0.169139125	-0.1343069375	0.07888565625	-0.12848490625	-0.34295690625	0.1690954375	0.118813632812	-0.21106171875	0.162325234375	-0.32359725	-0.16750309375	0.186029546875	0.27472178125	-0.0756890859375	-0.3340114375	0.208600828125	0.0915726796875	0.264189875	-0.201655765625	-0.122585976562	0.17051071875	-0.136012484375	0.192277234375	-0.16512721875	-0.162244609375	0.0975030234375	0.092033375	0.1273014375	0.29110290625	0.293673125	0.204061515625	-0.47310890625	0.18136790625	-0.336051	-0.231130234375	0.22216078125	-0.126597085937	0.147158625	-0.20546565625	0.154257671875	-0.195833421875	0.169665390625	-0.28400428125	0.2870395625	0.11171940625	-0.16643234375	0.116026367187	-0.224824953125	0.098895703125	0.0930707578125	-0.202540734375	-0.145482625	0.30590809375	0.22470175	0.0844043203125	0.14513071875	0.18914346875	0.0835054375	-0.127691890625	-0.113141046875	0.185457296875	-0.27334975	0.081353359375	0.109862796875	-0.19264990625	-0.072404015625	0.120815078125	0.136795359375	-0.14045875	0.25519134375	-0.126246148437	0.216840859375	-0.107943929687	0.0767551015625	0.237932640625	-0.08074	0.133420328125	0.0300530253906	-0.25364403125	0.29011215625	0.225640984375	0.124344492187	0.247135203125	0.0888234765625	-0.141420828125	-0.0443021914062	4.55	0.18	0.0453	0.0025	0.20980085873
43	43	251	2.15361025	1.02415675	1.0181969375	0.8662724375	1.090680375	0.780862375	0.921012625	0.993052	1.1868295	0.7420673125	1.105078875	0.9440574375	1.105117125	0.8800891875	0.8694111875	0.9142664375	0.934078375	0.9259095	1.124537125	1.054316875	0.7696825625	1.15577825	1.098259	1.090001375	1.150879375	1.117944875	0.8487023125	0.9580755625	0.9374985	0.86959725	0.8817409375	1.00499525	0.8560466875	0.8958595	1.065030875	0.99419175	0.8633381875	0.6830850625	0.700357625	1.0396289375	1.028175375	0.9302275625	1.171542875	0.8944410625	0.79683275	0.9436425625	1.063862125	0.942199375	1.0084571875	1.0267344375	0.855721	0.8011056875	0.8440476875	0.8262694375	1.07935425	0.828390125	0.751351	0.972118	1.073539125	0.9825034375	0.6784423125	0.8673870625	0.8867176875	0.912681	0.99322575	1.08589375	0.8507871875	0.9196465625	0.7695558125	0.9241803125	0.7014930625	0.9207961875	1.0225594375	0.945814375	0.939712125	1.023808125	0.8526739375	1.054882	1.0479073125	0.971052375	0.926598875	1.115653	0.9793264375	0.932410625	0.9492339375	0.9005025625	1.0328909375	1.123492375	1.065167875	0.8018855	1.000596875	1.0911255	0.80770375	0.8774595625	0.7466606875	1.037964125	0.970890375	1.18075725	0.7559773125	1.0069896875	0.9953241875	0.938711375	1.065200875	1.091501625	1.217230125	0.952802875	0.879906875	0.925771375	1.186110625	0.737096	1.0037833125	0.9715945625	1.10013875	0.9590440625	1.05563975	0.9392020625	0.89582175	1.0248683125	1.239242125	0.74801775	0.9311085625	0.8523411875	0.9490361875	1.066437875	0.9255508125	1.2676565	1.061077875	0.8674299375	1.10946575	1.111657875	0.9145074375	0.936335	0.970311625	0.87040075	1.068569625	0.9767486875	0.9473896875	0.838893375	1.05039975	1.132595875	0.925684875	0.959639	1.048934875	0.9979428125	0.9054120625	0.8914183125	0.972212625	1.0219655	1.231077375	0.95646675	1.0181741875	1.212862625	1.102181375	1.05427225	0.96590675	0.907405375	1.0774475	1.0416934375	0.9110563125	1.18027075	0.9076758125	0.90389325	1.09737725	0.9475575	0.743746625	0.9668298125	0.7578383125	1.102002375	1.192975125	0.930412125	1.1680885	0.817715625	0.9181610625	0.8465835625	1.016854375	1.11896925	0.9881771875	0.8527443125	0.930267125	0.769267	0.9312251875	0.895989375	1.026365875	0.7245339375	1.19447025	0.874830875	0.991658	1.25721575	0.8894150625	1.23246225	0.867574625	1.0958055	1.0350304375	1.288002625	0.98903325	1.306725	1.09282275	0.956356375	1.081180625	0.7642430625	1.0423184375	1.084359	1.1317875	0.9046509375	1.150449	1.08253175	0.9991810625	1.0650355	0.9069435625	1.058537375	1.345476875	0.941185625	0.9694413125	1.13065525	1.082614	0.873324375	1.113909	1.0956195	0.8601138125	1.13452425	1.0359194375	1.0568895	1.02339225	1.17145125	1.043318875	1.161698625	1.085547625	1.04886425	1.138805	0.9752598125	1.1252175	0.9829270625	1.249944875	0.8857973125	0.9913754375	0.971309125	1.084498875	0.7560969375	1.067125375	0.9890959375	1.0124261875	1.13325075	1.2444565	0.6502496875	0.981603	1.0657335	1.155949125	0.909242625	1.122812625	0.988748	1.26005825	0.95	0.018	-6.8E-5	2.4E-5	0.147951650388
44	142	251	4.015265	1.440109375	1.269781	1.430018125	1.258434625	1.309289375	1.26161875	1.374717375	1.183761625	1.293375125	1.15958825	1.17851725	1.236641125	1.488583125	1.358078375	1.394249625	1.21876025	1.427425875	1.055008625	1.1109915	1.25149675	1.075553125	1.0297433125	1.309540875	1.076242875	1.216116	1.398000625	1.27689075	1.278779375	1.420531125	1.380259125	1.099019375	1.3318855	1.26887575	1.433834625	1.374436125	1.22987725	1.243406875	1.282083875	1.3251855	1.107728125	1.502155	1.246561625	1.125865	1.140852625	1.30811575	1.152893	1.199301	1.371813	1.28090575	1.3068595	1.304355125	1.264485875	1.207321375	1.241514125	1.17300325	1.300621125	1.2614775	1.262622125	1.123262125	1.3552035	1.3064195	1.5122975	1.217463375	1.373531125	1.364822875	1.434278625	1.345434125	1.248040125	1.302600875	1.30481275	1.34962625	1.241235625	1.347457375	1.42919075	1.231516	1.2946285	1.0966605	1.305796625	1.102356375	1.313176375	1.125265	1.244630375	1.21754625	1.178549125	1.24380575	1.44250475	1.08927775	1.39031375	1.149040375	1.301400875	1.25028775	1.355918375	1.195207875	1.4866685	1.266399	1.0028538125	1.435255625	1.15321125	1.2935915	1.225873125	1.256063625	1.130048125	1.345890625	1.285461625	1.237622875	1.260544125	1.40267425	1.306695625	1.432221125	1.23740475	1.1854795	1.145426875	1.342921375	1.21032675	1.209455125	1.452881875	1.2224145	1.07457175	1.362534	1.0057791875	1.2541145	1.301580125	1.362150875	1.203486375	1.280445875	1.26601425	1.157794375	1.151584625	1.40762	1.187150625	1.215186375	1.262024875	1.381201625	1.326934125	1.20079175	1.3507815	1.3162765	1.30195525	1.342569	1.105816625	1.400117625	1.191465875	1.220860125	1.074778125	1.1466295	1.486788125	1.22820875	1.076372875	1.218569	1.087569625	1.224336375	1.090419375	1.407348125	1.29104825	1.11848175	1.280626375	1.174544125	1.3198475	1.30941575	1.16994475	1.274916125	1.0314541875	1.31806925	1.044058375	1.25574025	1.310468875	1.407491625	1.376829625	1.224699125	1.189077375	1.365975875	1.385344625	1.3043505	1.278670625	1.355341125	1.4801565	1.479465625	1.461664625	1.074506125	1.395516625	1.068027625	1.41185975	1.08876125	1.38821975	1.231057125	1.452623625	1.352040875	1.284249125	1.264442375	1.118173625	1.16395325	1.192273375	1.3873935	1.101435625	1.0378913125	1.193020625	1.324573375	1.08528675	1.094365875	1.150499625	1.286354	1.354364625	1.16928325	1.331177375	1.252970875	1.152474	1.1908825	1.37555425	1.2300955	1.25080725	1.131823	1.26703675	1.0235859375	1.196352625	1.060733	1.134651	1.087798375	1.36047025	0.9973551875	1.4078105	1.0224024375	1.234418875	1.18291	1.40654825	1.288680875	1.172979625	1.1450535	1.2786785	1.0462385	1.196565	1.100319375	1.345366125	1.3664455	1.27746725	0.88804825	1.228269375	1.203580375	1.2298025	1.26046575	1.132861625	1.297610875	1.091097375	1.113428875	1.151841125	0.9668758125	1.190288	0.963039625	1.0008895625	1.26043925	1.1306365	1.345	0.028	1.05E-4	3.0E-5	0.206397786686
45	47	251	4.015265	1.440109375	1.360056875	1.471306125	1.385521125	1.381397	1.333883375	1.48644175	1.359164375	1.374811625	1.1953775	1.25203875	1.3326375	1.5575625	1.358078375	1.44593225	1.269803625	1.469210875	1.068975875	1.136547125	1.327347375	1.187756	1.2843335	1.450847125	1.285259125	1.50552125	1.429131375	1.377498875	1.3702295	1.480633375	1.482339125	1.099019375	1.3318855	1.26887575	1.433834625	1.374436125	1.28019775	1.243406875	1.30139875	1.377909625	1.15780475	1.52374675	1.406922625	1.162965375	1.22231575	1.34230925	1.152893	1.244165875	1.371813	1.3791085	1.353533375	1.489032	1.264485875	1.521144625	1.331265875	1.210650375	1.362374125	1.391493875	1.262622125	1.179194125	1.408779875	1.3064195	1.52256875	1.217463375	1.415484625	1.477333	1.442565625	1.345434125	1.29216875	1.302600875	1.4169585	1.34962625	1.254499125	1.369930125	1.42919075	1.33928275	1.367328625	1.193986125	1.338059625	1.188267375	1.3748285	1.296465125	1.31289675	1.28589475	1.20931325	1.264683	1.540485375	1.08927775	1.39031375	1.376710875	1.301400875	1.25028775	1.38008975	1.2195905	1.55023725	1.27968925	1.14468525	1.435255625	1.4074535	1.29793475	1.225873125	1.2714575	1.224082125	1.345890625	1.301296	1.254311375	1.260544125	1.48876875	1.306695625	1.560196625	1.452403625	1.214065125	1.178291	1.435274125	1.21796975	1.238262	1.536858	1.295025875	1.179381875	1.393436375	1.176922375	1.2541145	1.323867	1.362150875	1.467915	1.334104	1.309964375	1.18430825	1.151584625	1.40762	1.24190525	1.41970675	1.3327235	1.50462525	1.326934125	1.38904025	1.3507815	1.33092225	1.326864625	1.39277625	1.10677775	1.45758725	1.191465875	1.244226375	1.120169	1.262410875	1.486788125	1.313451875	1.159112875	1.2977195	1.12492875	1.374432	1.127462125	1.471801125	1.37014475	1.123856375	1.370066375	1.278793125	1.331934125	1.30941575	1.16994475	1.274916125	1.1340685	1.378328125	1.044058375	1.2811395	1.325007625	1.407491625	1.376829625	1.224699125	1.23044625	1.42992975	1.424275875	1.398932125	1.28201675	1.355341125	1.4801565	1.544796375	1.461664625	1.251527875	1.46226925	1.212265625	1.41185975	1.182504125	1.437322	1.231057125	1.452623625	1.415975625	1.34930775	1.35313575	1.19601025	1.299735375	1.205096	1.4526155	1.221685	1.0378913125	1.2319555	1.345709375	1.2020885	1.094365875	1.342825	1.31651175	1.354364625	1.19640025	1.331177375	1.303792	1.1759365	1.327802125	1.37555425	1.260538625	1.25080725	1.182886375	1.34718875	1.1279975	1.200709375	1.214117375	1.134651	1.087798375	1.36047025	0.9973551875	1.4078105	1.0224024375	1.234418875	1.2667325	1.552751125	1.3403195	1.253005625	1.196599625	1.343843875	1.0462385	1.23436925	1.28116325	1.345366125	1.41504075	1.2849215	0.9576358125	1.228269375	1.269111	1.2298025	1.26046575	1.132861625	1.379953875	1.091097375	1.1737735	1.24370825	1.165286625	1.232039375	1.055960625	1.13416875	1.277522375	1.15717675	1.413	0.025	1.14E-4	2.5E-5	0.201108745703
46	246	251	1.555226625	1.1538275	1.341662125	1.0226284375	0.778845375	0.871645875	1.233032625	1.079068875	0.9472509375	0.9000755	0.815982875	1.004335125	0.8155946875	1.06123625	1.170388125	1.036851625	0.881983125	1.35158625	1.155080625	0.90776675	0.964072	1.137084875	0.9496736875	1.237766	1.055403875	0.8951061875	0.870040125	1.12410275	1.055495375	0.8599956875	0.7771135625	1.024150625	1.023475	1.058386625	1.1112865	0.992997625	1.045824625	1.04134225	1.116308	1.27671725	0.9173378125	1.043335875	0.935914375	1.059142625	1.0382413125	0.97100525	1.0256948125	0.903509875	1.0106435625	1.284032125	1.11665275	0.9819024375	1.204977375	1.1232835	0.8473640625	0.88636525	1.18954525	0.9573219375	1.0204694375	0.9320611875	0.978876625	0.8974696875	0.8953801875	1.130927	0.9595886875	1.0433960625	1.117146625	1.198010125	1.0997	0.987896125	0.8956755625	0.945044625	1.11902975	1.071487625	0.83543025	0.97422725	1.178463625	1.050839375	0.8953446875	1.190964	1.072219	1.214167875	0.895567875	0.84425825	1.0025368125	0.8545279375	0.88441525	1.0306098125	0.670463875	0.8021375	1.120172375	1.090659625	1.15459625	1.099072625	1.268275375	1.104833	0.7506685	1.0811395	1.097066	1.110690125	1.046140625	1.05037075	1.007927625	1.0342978125	1.19417	1.078799875	1.204007125	0.9555244375	0.727662	1.067386375	0.9376189375	1.053716875	0.9904486875	1.2848885	1.111703375	0.896684375	0.7783769375	1.055693625	1.0241406875	1.053316	0.9555469375	0.88324675	0.962284375	0.9377099375	1.052221875	1.300269875	0.91147025	0.8952098125	1.19471975	1.019210125	0.9968666875	0.9520391875	1.05577675	0.984751625	1.11266575	1.060340125	1.0800215	0.874526375	1.22694375	1.0374700625	0.93858725	0.959164	1.142986375	1.089336125	0.8248246875	0.859843125	1.057773375	0.870038125	1.059965875	1.24489475	1.090467125	1.07596	1.139294625	1.12897275	0.8460208125	0.922009125	0.9317555625	0.93672825	0.961741	1.237653375	0.8305035625	0.8968114375	0.9837294375	0.9933046875	1.04294075	0.9657071875	0.6255275625	1.0681645	1.13069525	0.9632853125	1.16238075	0.9403268125	0.9684029375	1.03373175	0.984197125	1.117465875	0.9829864375	0.8203411875	1.045112375	1.033900625	1.22861875	0.878598875	0.9275505	0.9822405	1.056859375	1.200892625	0.892268	1.074935	0.9961218125	1.013496625	0.9461849375	1.14978625	0.833827125	0.9094250625	0.99189225	0.9033888125	1.12303675	1.14110775	1.121424625	1.157261	1.052421125	1.131652375	0.800768125	0.9503691875	0.983433125	0.9366329375	1.241207875	0.8990875	1.094412625	0.9580615625	1.0061005625	0.964578125	0.9935154375	1.090265625	0.880015125	1.057282125	1.0248908125	0.8928228125	0.872330375	1.0468086875	1.200362625	1.00934225	1.177671	0.8809756875	1.152590125	1.07704775	1.075812875	0.9644105625	1.08416425	0.92628425	1.032818	1.03521275	0.9924463125	1.0030925	0.7755145	0.86449125	1.06450425	0.883815125	1.0047005625	1.105827375	0.998723125	0.915996	0.9542021875	1.47275625	0.77731275	0.9617661875	1.117049125	1.136030375	0.9702549375	1.167352375	0.9790374375	1.034	0.017	2.2E-5	2.2E-5	0.131416575237
47	6	251	2.3117495	-0.185987421875	-0.105698546875	-0.187158	-0.213723421875	-0.240136625	0.0642668945312	0.214250015625	0.28627840625	-0.2382260625	0.071179421875	-0.093634765625	-0.13793890625	0.135657640625	0.2791800625	-0.260966515625	-0.18856334375	0.109515992187	0.36361209375	-0.165953546875	-0.29723265625	-0.192781390625	-0.26860059375	0.10594546875	0.155132109375	0.152540640625	0.104305265625	-0.162450296875	-0.1834206875	0.174110671875	-0.31565425	0.1565103125	-0.15795746875	-0.192525921875	0.144606578125	-0.1525311875	-0.0648465	0.18897484375	0.13439403125	0.256293671875	-0.0731012578125	0.34418325	0.303361	0.2945731875	0.188334984375	0.106914445312	0.1180364375	0.140410359375	0.239724296875	-0.0882842890625	-0.16850415625	-0.15356875	-0.114754742187	0.220091546875	-0.13979309375	-0.147959796875	-0.2813936875	0.26376475	0.130852828125	0.145945625	0.0836983046875	-0.229869578125	-0.0761402265625	0.1630291875	0.212872296875	0.226825140625	0.117850117187	0.1212569375	-0.0904124921875	0.139114375	-0.26575234375	0.092688921875	0.11621903125	-0.207212	0.4106201875	0.184094265625	0.206865640625	0.112408664062	0.0489026640625	0.181710859375	-0.308247	0.1001586875	0.168479125	0.0632929960937	-0.215503421875	0.0437541445312	-0.137595921875	0.2623768125	0.0187461679687	-0.115424578125	0.226359078125	-0.211004984375	0.07890959375	0.0636542851562	0.115490335937	-0.21787515625	0.226061890625	-0.1125891875	-0.170862671875	0.16535746875	0.2085054375	-0.11337484375	0.124556945312	0.081350234375	0.2187838125	0.20654540625	0.0775148828125	0.22179396875	0.14067415625	0.139079625	-0.142105953125	-0.187740328125	-0.2081081875	0.0576565898437	0.157333578125	-0.157846625	0.240185140625	0.062508	0.0239290800781	-0.12802153125	-0.231030109375	0.12692125	0.105812734375	-0.120746796875	0.11941475	-0.0460077851562	0.127932796875	0.155779	0.138804625	0.118236	-0.1377720625	0.175130984375	0.141826078125	-0.0984692109375	-0.201260125	-0.0887857109375	0.136452421875	0.142640640625	0.111987585937	-0.136594765625	0.0672542890625	0.22214034375	-0.055528703125	-0.1684938125	-0.15342975	0.085882671875	0.237837015625	0.1576399375	0.141915	-0.141952796875	-0.20820109375	0.17925565625	0.2128604375	-0.150682	-0.31900059375	0.138279625	-0.20661321875	-0.16316421875	0.182965015625	0.193765390625	0.102201585937	0.134372109375	0.0513847070312	-0.0282959765625	0.15535228125	0.099053265625	-0.1312993125	0.0656144296875	0.20124771875	0.25121915625	0.14389046875	-0.16980165625	-0.0716857578125	0.27859521875	0.250893984375	0.12648971875	-0.0614278164062	0.152406546875	0.209863390625	-0.067063796875	-0.13799990625	0.0540407695312	0.29814390625	-0.081646015625	0.1702505	0.127326398437	-0.0543686757812	0.1076448125	-0.0587955664062	0.15015625	0.132760765625	-0.123266945312	0.09139925	0.136109390625	0.155348	0.184892578125	0.0870240546875	0.145317703125	0.15560921875	0.154650671875	-0.0679990859375	-0.28578025	-0.16766684375	-0.295389375	0.1510185625	0.2244043125	0.2738714375	-0.2035454375	0.19653353125	-0.230609875	-0.204158984375	-0.114792507812	-0.18543284375	-0.20538803125	-0.0578804492187	-0.195529484375	0.11336625	-0.165100203125	0.120795953125	0.201349890625	0.0402273554687	0.151310359375	0.08307071875	-0.120091953125	0.153241375	-0.0346126171875	-0.0954436328125	-0.1829863125	-0.23746834375	0.10543603125	0.166597953125	-0.0839575625	-0.0910521015625	0.106343023437	-0.21174453125	-0.15517721875	-0.26757296875	0.199580828125	-0.08005603125	-0.20335325	0.30001196875	-0.132269515625	-0.16012821875	-0.37100459375	0.232214	-0.16874634375	-0.0993427421875	0.22724403125	0.069565921875	-0.15688253125	0.234420390625	0.08	0.05	0.0017	0.0017	0.224560688383
48	138	251	1.672976375	0.119687148437	0.15536328125	-0.22292565625	0.20946646875	0.31296615625	0.228532625	0.194517109375	0.26772628125	0.36395846875	0.45090409375	-0.168369046875	0.107153953125	0.101873289062	0.142997203125	0.2707741875	0.209927625	-0.13829284375	-0.0504359335937	0.287289375	0.202993359375	0.2810466875	0.15243878125	0.10667615625	0.252557203125	0.0339786757812	0.252513796875	-0.0465674765625	-0.137273375	0.2865153125	0.29959046875	-0.0935326796875	-0.211179375	0.26431834375	0.166493875	-0.3622143125	-0.17994890625	0.34465159375	-0.09414534375	-0.205093015625	-0.26249471875	0.171673859375	0.3279675625	0.3466570625	-0.124737101562	0.41486975	-0.1656738125	-0.15545896875	0.204950375	0.128099789062	0.110282765625	-0.124130078125	0.1727825625	-0.166052515625	0.31206821875	-0.130673695312	-0.126782414062	-0.109359210937	-0.159518390625	0.20741703125	0.0553627421875	0.11105775	-0.215448484375	0.162835578125	-0.2220035	-0.19712715625	0.058505390625	-0.128573164062	0.233971859375	-0.14148803125	-0.15388090625	0.3325949375	-0.135622546875	-0.11975725	0.067561078125	0.27655934375	0.20612578125	0.26215534375	0.2739975	0.197680640625	-0.29166134375	0.216316703125	0.2413078125	0.09926021875	0.256330140625	0.25600990625	0.17155203125	0.29459790625	0.298061	0.156090625	0.194845484375	0.207855140625	-0.2623474375	0.26328265625	0.255748359375	0.0785768203125	0.11699259375	0.132703890625	0.215963234375	0.31036721875	0.3048465	0.177149734375	0.30921359375	0.245628875	0.135174421875	-0.090078765625	-0.07730121875	0.34496809375	-0.24491403125	0.121153039062	0.183501828125	0.062880234375	0.34185815625	0.3093986875	-0.183954046875	0.0982630078125	0.139548953125	0.23664453125	0.067160234375	0.19074546875	-0.276966	0.101729539062	0.26948884375	0.3241549375	0.196408015625	0.12619009375	0.1895111875	-0.17045834375	-0.242041671875	-0.249179765625	0.258586890625	0.3663955625	-0.153864625	-0.141856140625	-0.22349840625	0.160543828125	0.260367796875	-0.119124773437	0.237248046875	-0.29347546875	0.1832445	-0.229062015625	-0.20490340625	0.30262540625	-0.18207159375	0.170461296875	0.123682273437	0.233283984375	0.0178289648437	0.240033765625	0.135076828125	0.235248234375	0.29852815625	0.20023709375	0.26003721875	0.132595015625	-0.128442609375	-0.095549296875	-0.271576875	0.218353796875	-0.241691703125	0.26610771875	0.110203882812	-0.226151765625	0.120628015625	-0.38770309375	-0.098115765625	0.31273784375	0.166818859375	0.155515328125	-0.146632015625	-0.174426765625	0.141230640625	0.108408695312	0.2382906875	0.128144476562	0.33635496875	0.31431165625	0.198154875	-0.120312671875	-0.069027484375	-0.153057015625	0.15536440625	0.116330992187	0.172971765625	0.25636103125	0.1713065625	0.206028125	0.207688984375	0.22595109375	-0.0659437734375	0.18716759375	-0.198336625	0.152936140625	0.22862284375	-0.078177765625	0.2241965625	0.174580953125	-0.123726140625	-0.10461959375	0.2515516875	0.05090909375	-0.14418378125	0.28637759375	0.30696096875	-0.20689415625	0.16982425	0.222025203125	0.212955296875	0.2420816875	0.31674309375	0.128044960937	-0.129752796875	0.28790065625	-0.14150159375	0.209656859375	-0.0751032734375	0.227076859375	0.0830164609375	0.227007609375	0.4350863125	0.298843	0.121586304687	0.159852953125	0.100468578125	0.090977296875	0.0836303359375	0.190193171875	0.2084408125	-0.214729984375	0.14976784375	0.208346234375	-0.237288265625	0.0767124921875	0.299207125	-0.128656265625	-0.136944203125	0.133744609375	0.183704109375	-0.155687828125	0.1371461875	-0.1389605625	0.107256734375	0.133220546875	0.28541003125	0.193283375	0.27217440625	-0.2400365	0.214656	0.30707878125	-0.150417375	1.67	0.23	0.15	0.13	0.210782055704
49	18	251	3.5185175	2.392123	2.2918115	2.26913125	2.312499	2.30876375	2.15180725	2.29551425	2.4222125	2.33001875	2.2077565	2.4407325	2.3746825	2.42460175	2.323041	2.203698	2.382528	2.284083	2.2673905	2.21985625	2.25206375	2.29088275	2.3176615	2.0361715	2.2242425	2.073421875	2.35089225	2.40739625	2.207625	2.0031255	2.118198	2.007062125	1.971234625	2.29193975	1.96365775	2.24726775	2.017749625	2.1871215	2.15058	2.11256225	2.044067625	2.15597925	2.15570475	2.036791625	2.32935575	2.078526875	2.1749415	2.094782	2.08754025	2.0417385	1.92046975	2.23829575	2.256138	1.901406	1.776892875	1.753227625	2.06831875	1.926560125	2.20556275	1.949693	2.04332975	1.859243625	1.900625375	1.874529	2.23182075	2.078112875	2.00039375	1.982536625	1.929085375	2.13405525	1.7789545	2.2762125	2.055910125	1.997507	2.2205885	2.058116	2.010183	1.913422625	2.114809	2.1911705	2.00047925	1.848426625	1.990194	2.11674575	2.011763	1.832294125	2.066199625	1.948745625	1.81246175	1.997649375	1.92697525	1.733787125	2.03554	2.061189875	1.87399575	1.865728	1.93490075	1.7258145	1.864141375	1.710952	1.819076	2.102038	1.882029875	1.824697125	1.868396375	1.743316375	1.9809885	1.948340375	1.73968325	1.63998725	2.01992825	1.763252875	1.8799285	1.821656875	1.829533375	1.708862625	1.697961875	1.786138125	1.8744245	1.859074	1.722804	1.70180975	1.6992795	1.599508875	1.68061275	1.664822875	1.78162325	1.662277625	1.67534125	1.860769625	1.665998625	1.70045	1.67012	1.697749125	1.948058875	1.548298	1.75597925	1.845007625	1.655810625	1.843214875	1.725511125	1.75569825	1.760227375	1.760249625	1.7374735	1.7400755	1.670838625	1.775185375	1.714866	1.648322625	1.740508875	1.61886575	1.74092925	1.683723625	1.602898	1.71404125	2.0370155	1.68548875	1.581967875	1.593114	1.599456375	1.656669875	1.94260975	1.6220475	1.798914625	1.475603	1.755321	1.528106375	1.63232525	1.495812625	1.653868375	1.517890375	1.6680195	1.6080495	1.570181125	1.534591125	1.76197225	1.69830825	1.703353875	1.46348175	1.8434465	1.855783375	1.93846975	1.624194375	1.81808	1.617576	1.4775665	1.626344625	1.568944	1.671682875	1.542266125	1.6739115	1.6872195	1.483526875	1.558632625	1.549133125	1.560399125	1.732052125	1.418510125	1.54906425	1.443581375	1.457429125	1.46651875	1.491811875	1.509968	1.527919625	1.587571125	1.66649875	1.447169625	1.543153125	1.7299435	1.399338625	1.2677435	1.666219125	1.60528775	1.29721375	1.69167825	1.401605875	1.5554095	1.418173875	1.6706065	1.9547515	1.45096875	1.40332825	1.66969625	1.572395	1.41461275	1.536073	1.550451	1.507591875	1.58208025	1.4216525	1.442573125	1.563468375	1.49153	1.519416625	1.548468875	1.636651375	1.62569275	1.36356025	1.554273875	1.547001125	1.473797	1.549168375	1.5292025	1.831445625	1.3294315	1.604532125	1.557143375	1.58726025	1.57647725	2.319	0.023	3.86E-4	1.4E-5	0.14641319536
50	130	251	2.45393675	1.409215375	1.368605	1.431209375	1.379014625	1.202588875	1.301982375	1.3714945	1.528378625	1.23392725	1.41290875	1.46127575	1.45893925	1.416813375	1.46650475	1.447148625	1.174774125	1.559799375	1.4081215	1.2018845	1.121069625	1.441721	1.3458205	1.41855175	1.3660675	1.38881475	1.296713	1.338710875	1.46075675	1.40458	1.350242625	1.303022625	1.27377375	1.36434475	1.380238375	1.3019745	1.43576775	1.359184625	1.206077875	1.319620125	1.4132615	1.4055575	1.23599575	1.294515375	1.283538625	1.623185375	1.461178375	1.4629615	1.23880775	1.409696875	1.4118775	1.250569375	1.2274695	1.392592875	1.21029425	1.4431295	1.427313	1.3527325	1.22310025	1.266778	1.292545	1.556819875	1.2807965	1.406710375	1.2272525	1.40228225	1.468289125	1.393998	1.327185875	1.3249555	1.510403625	1.357519875	1.357306125	1.47029	1.330074875	1.33946325	1.30859075	1.4417875	1.50264575	1.211035375	1.141437125	0.937633	1.423631125	1.372612	1.54392775	1.290855375	1.535550125	1.22406	1.24929975	1.3100815	1.377589375	1.115477875	1.5825545	1.498907375	1.31905425	1.519791	1.253754875	1.329162	1.28164925	1.51998425	1.4166175	1.42410675	1.436596625	1.34073175	1.232569875	1.386527875	1.666747	1.4987255	1.319672875	1.49733225	1.34618425	1.405301	1.559072875	1.390050125	1.2011295	1.361638125	1.389619375	1.377631	1.192171125	1.090109875	1.6545775	1.352933	1.42480625	1.344956875	1.515541375	1.532295875	1.2212055	1.126105875	1.282874875	1.365383	1.20517875	1.1910725	1.31154975	1.3054835	1.250265375	1.290558875	1.45014675	1.150359625	1.17459475	1.318934	1.368929125	1.413525375	1.40410225	1.416286375	1.37412075	1.364662375	1.354314625	1.439030375	1.178304375	1.313501875	1.632927375	1.365045125	1.50156	1.7795625	1.16587575	1.509306	1.30392625	1.1017095	1.32812825	1.4002875	1.35100475	1.280231125	1.564955125	1.312832375	1.407417375	1.322166	1.28231825	1.597173375	1.402497875	1.148284625	1.456707	1.289797375	1.415736875	1.45191725	1.499360625	1.390360375	1.185849625	1.12146825	1.786134625	1.18495525	1.390548	1.55310825	1.556933625	1.45405075	1.1861385	1.199618375	1.31301375	1.388140375	1.31242625	1.367285875	1.3340935	1.486309	1.348564125	1.211092	1.332487375	1.379072	1.36880575	1.519475875	1.446436875	1.35265475	1.467385375	1.413968875	1.565458	1.540515625	1.44619225	1.26994275	1.076742875	1.543437625	1.474973125	1.23300075	1.45860825	1.632059375	1.500421625	1.560121875	1.4842195	1.431127	1.37867375	1.2357515	1.316039	1.4973585	1.462304625	1.33679225	1.423224125	1.507355875	1.49644375	1.415963125	1.48756975	1.42754075	1.2518515	1.286359	1.279123375	1.44680675	1.63191675	1.34717975	1.3592925	1.160349375	1.578522375	1.415791875	1.513314875	1.1375985	1.226638125	1.48410225	1.419926625	1.593835	1.285973	1.499042375	1.371411875	1.298122	1.173851	1.276311	1.39403525	1.368	0.02	-8.0E-6	1.7E-5	0.145288231763
51	93	251	3.4974765	1.995932	1.84535325	1.96683875	2.12617575	2.10470075	1.986268625	1.87424125	1.927525	2.0058245	2.065436875	1.86228025	1.907416125	2.013240625	1.836830125	2.06708325	2.066282875	1.961875375	1.875789375	2.1257355	2.060105125	2.005525375	1.88139425	2.312691	1.970190125	1.7616855	2.012841875	1.842501875	1.82362925	2.010201	1.97162225	2.04215	1.96255	2.011319625	1.9440915	2.025188875	1.942424	2.095235	1.975730625	1.91561475	1.931118875	2.040756625	1.891286125	2.014979125	2.1316805	1.900921875	1.933251875	1.9836185	1.9432955	1.978166625	1.993434	1.752414875	1.76977975	2.0292505	2.2035705	1.970276	1.794313375	1.967417625	2.16086425	2.032359125	2.029762	2.0431685	1.973033875	1.900955125	2.01172025	1.882745	1.723974625	2.19754075	2.10204225	1.993645125	1.8645405	2.092542125	1.8451185	2.023117	1.828379625	1.95670125	1.89720175	2.2228125	2.00072325	2.063253375	1.861858375	1.82644125	2.0864925	1.886744875	2.084809875	1.946095625	1.97676875	2.04078325	1.953476	2.0517705	2.14313675	1.9567555	2.047100625	2.04173575	2.12446	1.944786	1.949221625	1.9321235	1.83957725	2.07115425	1.992319125	2.07078475	1.850414375	2.14516975	2.1189455	2.1783065	2.0215205	1.822656625	1.7484845	1.97385575	2.26369	2.1544195	1.980048625	2.179404	1.953788	2.09745375	1.85295875	2.17836525	1.925409	1.81509875	1.9014725	1.902886625	1.9330865	2.166952	1.900084	1.830969625	1.964319375	1.963023125	2.078193875	1.9277315	1.938157625	1.959698625	2.09985775	2.06221225	1.915090625	2.169081	1.979598	2.039274125	2.0166285	1.887239875	2.19261875	1.99595275	2.018788875	2.27262725	1.883713375	1.988327375	2.003295375	2.175338	1.8968705	1.87105475	2.11506925	2.03356825	2.128394	1.892269625	1.86527775	2.20357525	2.1125075	1.651464875	2.0668065	2.0079875	1.9013675	1.9647525	1.889039125	1.870183375	1.9822135	2.0780515	1.89774275	2.03906025	2.30193525	2.14077675	2.11111325	1.980836	2.14056775	1.948455125	1.98917875	1.86908575	1.959828375	1.840302	1.97807425	2.01817025	1.8875185	2.404551	2.10088975	2.0700715	1.954933125	2.09837325	1.785941	2.085878	2.004934125	1.84391025	2.022768625	2.057161	1.98939925	2.07413275	1.796638875	1.807699375	1.869809375	1.930908625	2.03537675	1.956911	1.8801745	2.046149125	2.068692	2.186946	2.1097615	2.0043365	1.9638925	2.002960625	1.951338625	1.79339425	2.093304875	2.2581065	1.925449625	2.160684	1.817584125	1.806088875	2.09003675	2.15535725	2.180965	2.18111125	2.19931475	1.890783875	2.044758375	2.05124275	2.036993	1.960835375	2.03121025	2.188292	2.054773625	2.16011575	2.17057625	1.998938125	2.18237	2.16348275	1.98270275	2.010112	2.10701075	1.891659875	2.0955505	1.926511875	2.3328335	1.89497925	2.008299	1.8462425	2.1094085	1.9593695	1.95267075	2.2968585	1.97653475	2.092126375	1.829966125	1.991	0.02	-1.2E-5	1.2E-5	0.154422563969
52	29	251	3.17215675	1.727312875	1.52035525	1.281681375	1.007969	0.7144863125	0.6659904375	0.6617988125	0.52200390625	0.7130155625	0.5002353125	0.44335278125	0.44143615625	0.33238040625	0.1643676875	0.30736196875	0.0950134296875	0.207748390625	0.2677036875	0.248712265625	-0.086935125	0.2045099375	0.15948815625	-0.2032928125	0.11381325	0.197194734375	0.0587398984375	-0.104772929687	0.153965	-0.0750432734375	0.109927726562	0.21302490625	-0.117271109375	-0.09268	0.219382140625	-0.242488859375	0.2624796875	0.22263778125	-0.315361875	0.3431200625	0.19413796875	-0.26493015625	-0.075586375	-0.3626475625	0.16281584375	0.18126359375	0.109044804687	0.120926421875	0.048998	-0.25620984375	0.14554578125	-0.2167151875	0.125973070312	-0.20380440625	-0.171806046875	0.13599046875	0.098444484375	0.121863328125	-0.111709484375	0.147370828125	0.231393609375	-0.22151003125	-0.14257346875	-0.27377559375	-0.22958490625	-0.119310492187	0.1092721875	0.117507132812	0.122911921875	0.1947576875	0.250343953125	-0.09491178125	-0.244490484375	-0.163570046875	0.0867090078125	-0.155383578125	0.186804015625	0.2553588125	-0.06957140625	-0.16481290625	0.212481921875	0.124356242187	-0.19123259375	-0.30467265625	-0.11837178125	-0.178965140625	0.1514109375	0.21297746875	0.0934062421875	-0.291993375	0.4478715	0.0926571953125	0.0606061289062	-0.1580263125	0.120539203125	0.14411259375	0.135763953125	-0.23999665625	0.110694726562	-0.155055	0.162947296875	0.30276196875	-0.219108265625	-0.198761203125	-0.222883046875	-0.190808984375	0.17397890625	0.118135914062	0.24064784375	-0.2473579375	-0.36243846875	0.105015976562	0.182151640625	0.221758765625	-0.21689859375	0.143711078125	-0.222006140625	0.128805273437	-0.14253240625	0.283141625	0.169192921875	0.206155953125	0.20918428125	0.26211784375	0.21812459375	0.28634840625	-0.17625375	0.1747860625	-0.216859578125	0.260028859375	0.1771511875	0.146051828125	-0.18966171875	0.123911429687	-0.1595336875	0.100392101562	0.2235819375	-0.1784631875	-0.0770369296875	-0.131218453125	0.112587375	0.0787700859375	0.184053359375	0.237710140625	-0.0743370625	0.13727340625	0.107374171875	-0.12017596875	0.0572410625	0.16807296875	-0.0317416777344	-0.34557734375	0.18682753125	-0.14239490625	0.241279421875	-0.270416625	-0.209056828125	0.30933375	0.118908609375	0.113497921875	0.198660015625	-0.1649026875	-0.06572346875	0.2764025	0.27831465625	0.117224945312	0.252524140625	0.14700684375	-0.191751046875	-0.187727453125	0.1996988125	-0.1173563125	0.14616390625	0.187351625	0.191505484375	-0.339997875	0.21887640625	-0.36378696875	-0.27093275	0.228012171875	-0.2020120625	-0.24379184375	0.26107571875	-0.3597680625	0.262543125	-0.20584853125	-0.134867859375	0.171824	0.140083703125	0.20227778125	-0.147600953125	0.089916	-0.1952864375	-0.105653117187	0.27347353125	0.29746103125	-0.128273367187	0.152324703125	0.275388625	-0.256795515625	0.178036125	0.164337015625	-0.153452390625	0.0987707421875	-0.29565259375	-0.1602083125	0.092750328125	-0.102294617187	-0.333175125	-0.142981546875	-0.197578	-0.11331015625	-0.153217546875	-0.1060369375	0.0991988203125	0.1443345	0.20960440625	0.166949375	0.28960834375	0.248996046875	-0.187613140625	0.09541003125	-0.18900115625	-0.1058879375	-0.13343625	0.14442915625	0.143849625	-0.195971484375	-0.28765609375	0.142917921875	-0.227139921875	0.25782721875	0.072412390625	0.252165890625	0.22813559375	-0.143939703125	0.0945399921875	-0.045386875	-0.142442796875	0.2833295625	0.3155685	0.3044580625	0.1475514375	0.20282078125	0.3031740625	0.1400204375	0.168198515625	0.12307715625	0.0213069960937	-0.293348125	-0.0778747109375	3.03	0.18	0.0336	0.0026	0.191044404443
53	4	251	2.666994	1.380684375	1.353310125	1.54583025	1.532186	1.431336	1.436715	1.45119875	1.367526	1.708272375	1.47327075	1.229114625	1.413395875	1.495105875	1.412119625	1.580098375	1.487731	1.534611875	1.5364	1.446243375	1.34017675	1.56135175	1.425627375	1.284044	1.20573575	1.432272125	1.404065875	1.33111875	1.478959375	1.272976	1.652493	1.56782425	1.4854745	1.46430825	1.305284	1.56855675	1.28833525	1.552354625	1.404792125	1.488581875	1.511372625	1.434219125	1.59244175	1.37003275	1.3137225	1.406486875	1.467026	1.480142375	1.422589875	1.330842875	1.151830625	1.422941	1.230016625	1.543240625	1.402642875	1.4314715	1.470708875	1.575714375	1.691720875	1.3742255	1.19964575	1.496111875	1.404689	1.507021625	1.48282625	1.676927375	1.334564	1.377964	1.5130785	1.1730505	1.4422255	1.477499375	1.462978625	1.646970375	1.482383375	1.416133375	1.555031375	1.2621645	1.50601425	1.56401875	1.39708275	1.347726375	1.2752405	1.39681725	1.4536375	1.395017	1.495525375	1.562514875	1.41219325	1.254296125	1.28199725	1.70893	1.482424125	1.544090875	1.416526375	1.429849125	1.53010175	1.136994875	1.41812275	1.6032255	1.297944375	1.430471875	1.392570875	1.35537475	1.322072625	1.442679	1.466387	1.477554375	1.485758	1.528241375	1.548155375	1.38734525	1.5444615	1.53385625	1.45150825	1.567593875	1.54187825	1.470029875	1.564922625	1.32533875	1.34329	1.562004625	1.438578625	1.440511875	1.43841325	1.6172585	1.546759125	1.392667625	1.327645375	1.4607175	1.51840225	1.29314175	1.359232	1.502085125	1.361449875	1.58018025	1.434976875	1.2438555	1.3771745	1.7921955	1.600304375	1.39338025	1.576089	1.42854175	1.51858075	1.56477525	1.449929875	1.36377325	1.479457875	1.59179525	1.282984875	1.49348325	1.76006675	1.52433075	1.458350125	1.458676	1.2952845	1.551914375	1.56475225	1.312508	1.1404905	1.35275275	1.34471075	1.464702	1.3516505	1.21615	1.45524825	1.363408	1.352825875	1.360258	1.483571	1.520362	1.342934625	1.453630375	1.654604125	1.271985625	1.514529875	1.40893725	1.457422875	1.684666	1.616129375	1.759389625	1.678202125	1.6360235	1.419624375	1.43539275	1.462115125	1.435429875	1.492396875	1.389865	1.375518875	1.757514875	1.388192625	1.582012625	1.441539375	1.560837	1.4327395	1.44547175	1.391566	1.537794875	1.433016875	1.321152625	1.485589	1.43793825	1.5647435	1.21993325	1.606325625	1.4886045	1.4206495	1.448863875	1.52525175	1.3440865	1.358890125	1.495550625	1.465755625	1.332669875	1.174581375	1.448113	1.66711825	1.53966325	1.4089535	1.283168	1.537391875	1.576702	1.4524855	1.47778925	1.487569125	1.388893625	1.451336	1.533122875	1.366083875	1.43729975	1.35489475	1.7241075	1.417209375	1.614851375	1.577126125	1.2626245	1.55524825	1.59503925	1.4924515	1.436244875	1.459510125	1.304697375	1.66054175	1.541505625	1.342702375	1.463739	1.46120625	1.5014695	1.466885875	1.453	0.018	-5.0E-6	1.6E-5	0.141333829898
54	141	251	1.665820625	-0.1451070625	0.127183851562	0.08289090625	0.183964171875	-0.144167046875	-0.0801501953125	-0.212340671875	0.2967294375	-0.232776703125	-0.140654375	-0.168986875	0.0656553203125	0.21780825	-0.32216165625	0.14816175	0.130265492187	0.0784983125	0.22916790625	0.158838546875	-0.0654863164062	-0.3497720625	-0.135340140625	0.159806359375	-0.205769890625	0.219852640625	0.0406422109375	-0.169080203125	0.140326109375	0.136170640625	-0.115977875	0.3291585	-0.26321803125	-0.18501659375	0.1996924375	0.0233274335937	-0.081167390625	0.3531885625	0.20146925	0.161983984375	-0.2177818125	0.24421875	0.16749440625	0.112489828125	0.190950875	-0.179689046875	-0.120875664062	-0.0993268125	-0.140294015625	0.090646859375	-0.0665741875	0.145683234375	-0.216895265625	0.0535637539062	0.2647246875	-0.0713177265625	-0.295132625	-0.19411415625	-0.0581754179687	-0.0937739140625	0.19341196875	0.2067926875	0.15491315625	0.231322078125	0.27629878125	0.121064148437	-0.2451409375	-0.201631359375	-0.34668275	0.32155871875	0.309609625	0.26745246875	0.0825773828125	-0.174491578125	-0.125694210937	0.2001255625	-0.237245828125	0.133417734375	-0.0876802421875	-0.42731440625	0.0794409140625	0.11284928125	-0.0962633984375	-0.38919365625	-0.31098909375	0.31584453125	-0.31977821875	-0.15742821875	-0.149841734375	0.198291421875	0.134806	-0.127134539062	-0.0842417265625	-0.0651326484375	-0.23927546875	-0.14818734375	-0.37744146875	-0.11038471875	0.169805890625	-0.19130953125	-0.0911589140625	0.163396328125	0.162891453125	0.072458578125	-0.19670346875	0.3261971875	0.2738873125	-0.25405153125	-0.1673794375	-0.176224296875	-0.184506203125	-0.205188578125	-0.13409034375	0.14246290625	-0.132670546875	-0.253523265625	-0.161658421875	0.219228203125	0.286434	-0.211550953125	0.1695340625	0.1090664375	-0.26859359375	0.238980125	0.184328546875	-0.3027768125	0.120678484375	-0.219492546875	0.24105371875	-0.164657078125	0.111140960937	0.250901296875	-0.197509125	-0.33835690625	-0.134761546875	-0.2587371875	0.240581546875	0.207905890625	0.1154820625	-0.190453734375	0.330305125	-0.29756175	0.20237078125	0.147646859375	-0.2951010625	-0.115493085937	-0.169040796875	0.150782765625	-0.16349559375	0.180928640625	0.07286475	-0.227235890625	0.241673796875	0.227882234375	-0.13733153125	0.15042078125	0.15923253125	-0.213374265625	-0.129334984375	-0.32159971875	-0.170428921875	-0.106731921875	0.136906796875	-0.2845336875	0.126311859375	-0.20830459375	-0.1596371875	0.40599934375	0.238208234375	0.20459434375	-0.05962025	-0.0924296328125	-0.11405296875	0.189846	0.361552	0.077856828125	-0.207383734375	0.143625609375	-0.218267328125	0.0583360078125	0.26343790625	0.1458833125	-0.2784976875	-0.0727144921875	-0.0901262109375	0.090282375	0.25968675	0.188664703125	-0.122014085937	0.28133603125	-0.0960998125	0.29137784375	-0.24803684375	-0.14319234375	-0.153772765625	-0.1834486875	-0.081568890625	0.3205558125	0.0988494609375	0.0777033515625	-0.223659859375	-0.2499056875	-0.17506575	-0.2559840625	-0.27446771875	0.0470301835937	0.191586796875	-0.128136054687	0.2460631875	-0.3995911875	-0.1375424375	0.14173225	-0.17059228125	-0.1431145	-0.00721024902344	0.2926286875	0.2869575	0.236846125	-0.0849251484375	0.0527505625	-0.286349375	-0.2629865	0.079067078125	0.109395320312	-0.0881980546875	-0.237692015625	-0.1853131875	0.091469421875	-0.198671984375	-0.117657296875	-0.21644003125	0.125751226562	0.111449234375	-0.106545710937	-0.16464625	-0.26565509375	-0.188242125	0.203103375	0.17180465625	0.1566884375	0.209753625	0.099005984375	0.222270125	0.1789625625	-0.207117671875	0.26719565625	0.084829859375	0.107224203125	-0.198433453125	-0.227795796875	0.121962453125	1.67	0.1	1.8	0.0	0.19972378211
55	154	251	3.04110825	2.1472575	1.99107625	2.11922475	2.0393925	1.926830625	1.7500925	2.055478875	1.865247375	1.97618675	2.01982175	2.023238	2.08040625	2.054598	1.8301675	2.165872	2.0743685	2.10246075	1.96960075	2.068537	2.305961	2.086543375	2.069553	1.939700625	1.837768	2.0138075	2.11309825	1.97909275	1.945195875	2.16738575	2.08208	1.86391875	1.952448625	2.066173375	1.931624375	1.926572	2.013534	1.881329	2.090218875	1.9873375	1.985257875	1.89684925	2.19455525	2.0474845	1.825379625	1.974340125	2.10122825	1.952139875	2.0080935	2.012402875	2.027072375	2.039338375	2.238378	1.99205475	2.096458375	2.199951	1.8880785	2.054141375	1.996452875	1.9491335	1.86135975	2.082186	1.994219125	1.96265525	2.018926375	1.96299625	1.8941775	2.044301	2.1462085	2.007965125	2.2907035	2.076324	1.93520775	2.284333	1.896750125	2.061991125	2.009621625	1.964019125	2.1413575	2.078210375	1.9700585	2.1140605	2.139407	2.031955125	2.154692	2.0359485	2.15316825	2.14747925	1.9921145	1.9916175	2.06542825	1.986819875	1.829580375	2.089298625	2.12720875	1.940644125	2.010654875	2.22786975	2.11462925	1.96217725	2.027426	1.9478335	1.980414875	2.01732125	1.961230625	1.9693205	2.19433125	2.09814075	1.95878175	2.055525125	1.972874625	1.91622625	1.746902125	2.056762875	2.36270325	2.262665	2.35405775	1.950426875	2.1588765	2.12471425	2.298991	2.1402485	2.25423225	1.88506475	2.1471105	2.2658935	2.020691125	2.076176875	2.192671	1.807781625	2.000557875	2.14572575	2.231639	1.982919	2.10372125	2.067720125	2.051716375	2.140567	2.02408625	2.019017	1.997441	1.924892625	1.914616125	2.0027735	2.22072475	2.06702525	2.1963355	1.98048325	1.844949375	2.34122375	1.79720325	2.10090775	2.076446875	2.05772275	1.990899875	1.90394775	2.142287	2.1404455	1.920811875	2.0145575	1.986741875	2.15542375	1.828951625	1.969617375	2.059465375	2.028245125	2.082730375	2.02374575	2.11558575	2.0206165	2.216073	1.94213075	2.04716675	2.042604625	2.02640275	2.1211695	2.01149975	1.840343625	2.087692875	2.0138415	2.14662325	2.049755125	2.27372425	2.07889	1.863119375	2.000079	2.080006625	2.1040035	1.91846075	2.1459235	2.18782975	2.059168875	2.077909625	2.07517275	2.0622945	1.865454375	2.119926	2.023822	1.918094	1.975399375	1.98951025	1.91982225	2.055892875	1.94257025	2.21378675	1.9463765	2.119909	2.0086685	2.080929	1.954919625	2.02359375	2.091710375	2.12147925	2.08939225	2.21968	1.96886725	2.05575175	2.3729555	2.00053325	2.0659085	2.1374565	2.1166405	2.050398125	2.10054175	1.953606125	2.00827875	2.15508975	1.910433375	2.249076	2.03407525	2.1083625	2.032534	2.03015825	2.11831175	1.929052875	1.98946525	2.073997125	2.22426375	2.026650375	1.762263875	2.11806525	2.005731125	1.956449	2.0462605	1.88646575	1.6634155	2.153251	2.001012625	2.19779625	1.887872875	2.1374625	2.044	0.017	-1.0E-6	1.2E-5	0.1321891255
56	55	251	2.69113425	1.392177875	1.446319875	1.487898125	1.41640375	1.455449375	1.31497	1.387462375	1.39271025	1.475869	1.52208	1.495750625	1.428707875	1.320777125	1.302610125	1.48327725	1.2250305	1.191538375	1.22541875	1.432065875	1.292274375	1.138265125	1.33935125	1.351552	1.37377725	1.2467555	1.46123025	1.3554985	1.267939125	1.292191875	1.1870035	1.2818155	1.3691695	1.415732	1.2178165	1.3743475	1.213184	1.34395375	1.352073375	1.54826375	1.250045	1.065512875	1.430235375	1.284163125	1.599785875	1.31222375	1.261503875	1.324815125	1.390053	1.196714875	1.544758875	1.05745125	1.67679475	1.54502475	1.18344225	1.172360625	1.151852375	1.22683575	1.474458375	1.334905875	1.097057125	1.311647625	1.29214075	1.229429125	1.403025875	1.373096375	1.25265325	1.276539375	1.288333375	1.272934625	1.499165875	1.276662625	1.248167875	1.42190425	1.112185125	1.36489425	1.267945	1.188201625	1.190192625	1.315112125	1.1754	1.204802375	1.462641	1.429478	1.44649675	1.301464125	1.348643375	1.597327	1.468901125	1.263967375	1.434002875	1.243781375	1.30858675	1.288411125	1.28806625	1.418972875	1.46832025	1.164515875	1.483080625	1.317620375	1.373858	1.371513125	1.3968755	1.254018375	1.398880625	1.399565625	1.557891125	1.203726875	1.390710625	1.416443375	1.439522625	1.360687875	1.13693275	1.311030375	1.394215	1.247885875	1.33940275	1.13305425	1.214672625	1.242587125	1.245052	1.19180125	1.139647125	1.258878625	1.347807625	1.500529125	1.334794875	1.24193175	1.163105375	1.24172125	1.2495655	1.2778395	1.267517125	1.2362515	1.432766625	1.4536445	1.4064685	1.242976875	1.356459875	1.203640875	1.323972625	1.25839575	1.0154214375	1.282566625	1.58710775	1.622336125	1.1063705	1.233192	1.1716195	1.4208605	1.30047725	1.552690625	1.089302	1.361217125	1.244705	1.403573625	1.210817625	1.460600875	1.32240475	1.278262625	1.365583375	1.41449575	1.44628825	1.371639125	1.17418525	1.296743125	1.363572	1.229848375	1.172142625	1.38740275	1.525234375	1.41919975	1.39914125	1.163212875	1.304290375	1.239797625	1.448093875	1.2644415	1.244584375	1.1825925	1.236945	1.280225125	1.538207125	1.0043116875	1.14856325	1.428102625	1.31883125	1.404174375	1.2879835	1.40939025	1.331603	1.402984375	1.227528	1.425659875	1.1634395	1.40426075	1.412154625	1.25891825	1.333649625	1.20021375	1.31107975	1.227393875	1.38500875	1.299651	1.236146375	1.170541375	1.49274175	1.44659	1.304273125	1.30880775	1.21515275	1.4108005	1.261382375	1.254401375	1.4217375	1.315023875	1.098872875	1.43677925	1.351028125	1.442918625	1.152737625	1.326876375	1.232290625	1.44716375	1.14084075	1.3271095	1.375622	1.36864375	1.501119	1.36269175	1.18371625	1.441123125	1.4882855	1.120303875	1.261634625	1.08767125	1.446893375	1.227664	1.1817645	1.306311125	1.23584675	1.163840125	1.226355375	1.524022125	1.296617	1.3129775	1.14990325	1.440862	1.331146125	1.35257775	1.24309675	1.367	0.019	4.8E-5	2.0E-5	0.146445735984
57	39	251	3.0742685	2.11490375	1.936556	1.978261875	1.7149165	1.563751625	1.378098625	1.8669845	1.42256	1.686429125	1.42878	1.43405725	1.43548775	1.34218625	1.3546665	0.97064475	1.1588465	1.142897875	0.9623659375	1.083736625	1.06436275	0.98852875	0.947498875	0.9916991875	0.8001435	0.8942795625	0.83239175	0.9412773125	0.9042531875	1.00436425	0.995217125	0.885424	1.044735875	0.8479503125	0.6435595	0.772346	0.8659483125	0.7930640625	0.960284	0.860755875	0.6857036875	0.95354875	0.682669	0.45811209375	1.06634925	0.974107375	0.7927913125	0.7504861875	0.9827168125	0.862780125	0.784407375	1.071588875	0.8459556875	0.9635005625	0.817926375	0.724335375	0.7610350625	1.02765675	0.886161625	0.854294625	0.8608761875	0.716856	0.651641875	0.7191924375	0.8131996875	0.8682430625	0.7232003125	0.819804	0.754000375	0.727645	0.7561288125	0.87963275	0.6355758125	0.9268145625	0.7725285	0.78066075	0.640585375	0.7367928125	0.8338238125	0.7431120625	0.675889875	0.8353935	1.039095625	0.8164404375	0.8221281875	0.7287048125	0.7243165625	0.7651336875	0.942750125	0.6718188125	0.8635135	0.559765375	0.7949798125	0.8119015	0.76649325	0.762290625	0.895060125	0.657533375	0.48823859375	0.756843125	0.86326525	1.002655125	0.6528801875	0.8262905625	0.845066875	0.7168459375	0.88441425	0.8670754375	0.59580925	0.8793295625	0.8425748125	0.859828125	0.568937625	0.7629208125	0.797193125	0.92792725	0.77623975	0.838427625	0.8844095	0.9364649375	0.5863634375	0.775955375	0.7535961875	0.760536625	0.933565875	0.9166523125	0.77868125	1.0190911875	0.745515	0.7045045	0.7241210625	0.9242228125	0.853729625	0.9373574375	0.729925125	0.950866375	0.6514744375	0.7914920625	0.720637	0.6388203125	0.5835104375	0.7881674375	0.657907375	0.914152625	0.8320636875	0.75338025	0.885977625	0.6698635625	0.7716715625	0.982642125	0.7377793125	0.741532125	0.929229625	0.8043645	0.8380736875	0.8427200625	0.9355723125	0.6773319375	0.8835038125	1.04995	0.7211383125	0.7682543125	0.670082	0.8535075625	0.59246725	0.613665125	0.7912915625	0.6213714375	0.7878395625	0.7768966875	0.9837394375	0.6927795	0.7088500625	0.74940825	0.8419908125	0.7201498125	0.88359925	0.748177	0.899454625	0.904930375	0.993606875	0.990599875	0.767575625	0.756233375	0.884468625	0.9672264375	0.8910588125	0.725482375	0.724501125	0.6621243125	0.849312125	0.96088575	0.8094600625	0.8743769375	0.897438	1.06327275	0.9726470625	0.5786346875	0.9189511875	0.42597753125	0.9039248125	0.6891340625	0.8286245	0.582757625	0.8045089375	0.8785151875	0.809664	0.7376504375	0.783206875	0.71572725	0.7955004375	0.9103118125	0.776498875	0.81362525	0.857676625	0.755387	0.751935125	0.583544875	0.46272321875	0.8900903125	0.72469	0.8153843125	0.580810875	0.6719455625	1.06517325	0.9356654375	0.819385375	0.83331775	0.8509768125	0.8093074375	0.68843425	0.8099864375	0.7741301875	0.466413625	0.8547046875	0.54644825	0.677124125	0.848759875	0.811781125	0.7837829375	0.8050573125	0.785426375	0.8782825	0.8618250625	0.671807125	0.5561833125	0.91816925	0.9515425	0.9651119375	0.5856515625	0.693308625	1.117	0.032	4.28E-4	4.9E-5	0.241564497289
58	11	251	4.364349	1.82068225	1.8324455	1.867059625	1.812046625	1.8597115	1.878681625	1.744346625	1.7428915	1.87206475	1.693432	1.796712375	1.68581775	1.802858375	1.70225675	1.65100025	1.613220125	1.362942375	1.58523625	1.62591225	1.572712125	1.743622375	1.461168	1.360098625	1.298001125	1.529451625	1.219399	1.305317	1.42457375	1.4003175	1.575003125	1.541051375	1.514107125	1.457695875	1.1211235	1.29150875	1.276207	1.36889	1.06175	1.117054125	1.187764625	1.21931	1.21258525	1.241250125	1.113761375	1.107706625	0.9249765625	1.232924125	1.129130625	1.07807775	1.09787725	1.248161375	1.21274975	1.1622065	0.951287125	1.00344875	0.937587625	0.864550125	0.997352875	1.093272	1.160502875	0.89556575	1.068512875	1.06166875	0.7533944375	0.7496733125	0.76629625	0.701036625	0.81952475	0.6719636875	0.7771553125	1.10606625	0.840775125	0.9350799375	0.811662125	0.8711628125	0.714437625	0.927314125	0.7800018125	0.867063375	0.8951125625	0.8136718125	0.6573451875	0.6474079375	0.7262874375	0.7801963125	0.8530384375	0.7303530625	0.70470025	0.7145115	0.7075205	0.7704918125	0.8252560625	0.4069725625	0.698144	0.7131815625	0.6101365	0.64375375	0.53361825	0.589920625	0.41943878125	0.5767855625	0.52025715625	0.634776375	0.600585875	0.44974575	0.645207625	0.4821655625	0.5893229375	0.43061934375	0.5552295	0.6556205625	0.59321925	0.6363004375	0.42602115625	0.43673134375	0.6094495625	0.43478184375	0.562154625	0.46714440625	0.40322046875	0.4078415	0.40937696875	0.6099203125	0.51358015625	0.41895221875	0.63946525	0.5014546875	0.49477021875	0.39603978125	0.35734659375	0.238117546875	0.34356921875	0.6453693125	0.33320640625	0.6840331875	0.25528628125	0.3657991875	0.40276465625	0.605049625	0.36543334375	0.3028191875	0.5256786875	0.31771553125	0.19431859375	0.50613303125	0.32395040625	0.22617828125	0.31921021875	0.38867225	0.39272359375	0.445332375	0.3001480625	0.25393178125	0.2836435	0.46798571875	0.3409673125	0.29685034375	0.25574803125	0.26497753125	0.253780671875	0.30216703125	0.3569541875	0.287129875	0.2956708125	0.346898125	0.4005715	0.27544584375	0.199891984375	0.32930925	0.217595703125	0.42296428125	0.35648153125	0.3906338125	0.194760765625	0.50886275	0.1864795	0.38585234375	-0.176095640625	0.21446696875	0.223031875	0.30037965625	0.3724591875	0.207652015625	0.207617046875	0.0601961445312	0.28121065625	0.23622271875	0.27183171875	0.128619421875	0.4660855625	0.31000390625	0.40795421875	0.217554421875	0.174897125	0.165175046875	0.397845875	0.128051640625	-0.07847534375	-0.255500265625	0.2424774375	0.3284993125	0.3436935625	0.209581734375	0.33096603125	0.16154721875	0.226626546875	0.261681875	0.3528584375	0.3118095	0.1604385	0.4275201875	0.40324265625	0.183440890625	0.17678428125	0.1549418125	-0.109647789062	-0.230087796875	0.3057085	0.37032434375	0.1854145625	0.319828375	0.128974429687	0.259176140625	0.4360125625	0.0941000390625	0.210613359375	0.135328828125	0.3404783125	-0.105429914062	0.178002953125	-0.0697301875	-0.08174478125	0.095862578125	0.30240375	-0.130992914062	-0.234107421875	0.32883375	0.265891875	0.109459	-0.116571421875	-0.083875890625	0.26527553125	0.104327234375	0.43649928125	-0.19257659375	0.0647428867187	-0.1915930625	0.24423021875	0.20979221875	0.178040609375	2.105	0.045	0.00244	8.0E-5	0.196605901572
59	110	251	2.894508	1.9503445	1.791477625	1.714605625	2.027249625	1.845356125	2.11591825	1.749845625	1.666724	1.844891625	1.93793975	1.826742625	1.731273125	1.64401225	1.82652275	1.721831625	1.83625075	1.809759625	1.559911375	1.862488875	1.73528875	1.63437725	1.835495875	1.865735125	1.8143375	1.89864675	1.79298525	1.802037	1.753611375	1.798705875	1.600148625	1.866768625	1.690908125	1.80244025	1.7277915	1.7859875	1.77114075	1.74154125	1.804419375	1.826231875	1.732219875	1.584350625	1.4193595	1.5733485	1.541316375	1.743129375	1.71925475	1.539347875	1.6488965	1.6762285	1.590624125	1.810082375	1.626255	1.8178675	1.555577	1.500806875	1.536269375	1.5148475	1.6180905	1.409959375	1.628723	1.8112555	1.732810375	1.469459875	1.41973	1.590877625	1.749601125	1.540221	1.464252125	1.327199375	1.442172625	1.45237225	1.641337875	1.49508575	1.4804815	1.463475	1.7586605	1.451780375	1.506230875	1.326165875	1.47964725	1.751320875	1.42651275	1.534403	1.734803125	1.574374375	1.8107495	1.344899375	1.6117125	1.403515375	1.766746875	1.365800625	1.510538625	1.6362175	1.46267325	1.549397625	1.48587275	1.554623	1.511504875	1.40273825	1.33406825	1.43048025	1.409570375	1.25732225	1.242341125	1.284435875	1.26348125	1.353499375	1.51310975	1.416055125	1.444451375	1.502880625	1.47191375	1.483437375	1.4344775	1.47991075	1.452901375	1.39984275	1.603859375	1.590073125	1.339552375	1.4299065	1.5482155	1.44919975	1.214369375	1.396472875	1.257032875	1.307912625	1.358534	1.345698	1.50504675	1.168118125	1.271190375	1.138569125	1.232868	1.242782875	1.369970125	1.3887715	1.30305375	1.114755875	1.317708	1.473907	1.421305125	1.014946	1.121361625	1.205198125	1.212316375	1.328817125	1.41372375	1.2825935	1.148607	1.412965	1.153595625	1.308575625	1.285820875	1.428143125	1.308600875	1.14383475	1.47201275	1.407144125	1.227824875	1.30458375	1.2329355	1.25359475	1.585646	1.3872865	1.270111125	1.22477425	1.221577	1.023106	1.58305325	1.166892	1.283751625	1.06655475	1.1680275	1.276119875	1.296805625	1.15559625	1.236835625	1.2326035	1.17574575	1.524556125	1.182764875	1.24267775	1.2885025	1.2722305	1.155342125	1.179491875	1.258287375	1.05580275	0.9382845	1.33109175	0.9753815625	1.071060125	0.8771065	0.9749461875	1.14069975	0.9897219375	1.0300386875	1.266437	1.07704125	1.174336125	1.137512625	0.9448798125	1.122907	0.8764575	1.090861	1.0123623125	1.164915125	1.291626375	1.215717125	1.06065575	1.1985975	1.12171725	0.9638795625	1.1032265	0.8223858125	1.22079425	1.15781425	0.8814555625	0.897738875	1.07453275	0.970057625	1.0863625	0.864504625	1.256486625	0.990189375	1.065283375	1.172328	1.22243375	1.231372375	0.9223905	1.0341701875	1.01643125	0.949411625	1.0932375	1.029961875	1.058521	1.0380900625	1.0115989375	1.140753125	1.163521	1.07741225	1.161738625	1.095549125	0.937447125	0.967507625	1.01416875	1.051539875	1.175085	0.91255325	1.897	0.02	5.13E-4	1.9E-5	0.138459589672
60	58	251	1.984708875	1.188048125	0.962940875	1.30253625	0.9074243125	0.979370375	1.053368375	1.046067625	1.1374145	1.077287	1.059250125	0.83935575	1.2397135	1.103456125	1.06743325	0.9895508125	1.10514775	1.048784	0.787798625	1.126598125	1.160467	1.052237875	1.20544675	0.7568315625	1.229453375	1.05243525	1.1087035	1.168973125	1.0286540625	1.106199	0.8790338125	1.017093375	1.003800625	0.8773494375	1.053584375	1.210954125	1.080587125	0.9114211875	1.10776825	1.206843625	1.198788	1.001695375	0.9984399375	0.9878936875	1.090271	1.01465475	0.875409	1.127132375	1.122240125	0.9684630625	0.862943875	0.7571860625	1.005428375	0.8894400625	0.8862874375	0.754624375	0.979522875	1.229994	1.059052	1.1816615	0.9165961875	0.964494875	1.080240375	1.1108305	1.03117475	1.1690295	0.901740375	0.93986	0.842748625	1.080950375	1.13201375	0.9908661875	0.991316125	1.116614125	0.9976466875	1.0320215	1.03522225	1.10332725	1.0475386875	0.7616936875	0.8368538125	0.8407159375	1.26235375	0.9097490625	1.221429375	0.8414316875	0.96054575	1.028676125	1.0465974375	1.0351295	0.975514375	1.0485129375	1.163949625	1.1945805	0.9401983125	1.286430625	0.9504935	0.947868875	1.0909565	1.070132125	1.123984125	1.0807305	0.9652130625	1.062567875	0.886916375	1.077646875	0.9379529375	1.068815625	1.12553	1.020884	0.9721870625	1.146705875	0.9928226875	1.151707125	0.929918875	0.7253790625	0.9504364375	0.9924886875	0.876136125	1.166083125	1.126042125	0.9957475625	1.16257	1.141343	1.0151109375	1.009615375	0.8456269375	0.9311580625	0.798532125	0.94090575	0.9154529375	0.870497375	1.09690775	0.98508225	1.024977	1.1870085	1.074411	0.9470828125	1.298024375	1.161688375	1.034720375	1.156365375	1.093235125	1.049545625	0.9697790625	0.9360943125	1.04663325	0.964153	0.9089325625	0.968861375	1.040789	1.101263375	0.775613125	0.9764898125	0.88740975	0.9781615	0.7194408125	1.032023375	0.873389125	1.0618835	0.763205625	0.8988449375	0.723751375	1.0148745625	1.0353905	0.952557875	1.110716375	0.931412375	0.834272875	0.9343569375	1.16064075	0.9651925625	0.9838565	1.1389745	1.055440375	1.094977125	1.123880875	0.9917708125	0.882267375	0.9793291875	0.9039805	1.0091625625	0.940933625	0.8066393125	1.008909	0.90384925	1.0708935	1.0229514375	1.0435260625	0.9231775	0.8862813125	0.9260686875	0.9810111875	0.905819375	1.0428778125	0.8537863125	0.879915375	0.9901291875	0.8422401875	0.995103625	1.0264123125	1.02173525	0.8960630625	1.12010075	1.049114	0.972092125	0.9552791875	1.197394375	1.017016875	0.9113133125	1.168716125	0.596784125	1.132664125	1.0479845	0.750839875	0.7216968125	0.8781451875	0.9488253125	0.969201875	1.242408125	1.1828725	1.001135625	1.05482675	0.84352825	0.9434919375	1.028344125	0.710570375	0.7190941875	0.9567615	1.06521475	1.0117773125	0.8413399375	1.122012	1.0234183125	1.0030276875	1.074838875	0.780092375	0.810915125	0.78516075	1.0022618125	1.05969275	0.8325503125	0.7076545	0.8352551875	1.0341666875	0.8860235	0.8410715	1.133101125	0.7951331875	0.7566270625	0.81140625	1.08	0.018	1.21E-4	2.4E-5	0.136048943545
61	107	251	3.94167225	1.88297225	1.78155125	1.693338	1.746890875	1.691553625	1.712772	1.751225875	1.68401775	1.716214625	1.760672125	1.68136225	2.040026375	1.82589725	1.653992125	1.5662055	1.67306375	1.597937625	1.750897375	1.545250625	1.447148375	1.689240375	1.539975	1.89774	1.794575375	1.76932975	1.601140625	1.638249	1.696109125	1.816489	1.734607625	1.713570125	1.6724055	1.55645575	1.539451	1.878792125	1.82416375	1.618669	1.60189275	1.843254	1.644464875	1.87613675	1.694495125	1.62767575	1.7142765	1.64896	1.77128525	1.71441875	1.653912875	1.85437	1.694421875	1.700821375	1.89840525	1.766569125	1.80636625	1.844760875	2.003436625	1.82030175	1.98834225	1.60312975	1.89569575	1.74331	1.839214375	1.651493375	1.546277625	1.840777	1.64950025	1.706541375	1.447337875	1.62160225	1.866030625	1.56646225	1.559389625	1.558397375	1.664052	1.69718525	1.52287925	1.71616875	1.669423875	1.737049875	1.755190625	1.62392975	1.837230625	1.525284625	1.736964125	1.706170375	1.876615625	1.782001625	1.831594875	1.6919415	1.893465375	1.691739125	1.720088	1.783588125	1.75082275	1.720213625	1.811219875	1.704615	1.644299875	1.845813625	1.70971575	1.56553675	1.722327	1.60666475	1.647156375	1.676779	1.61134575	1.7125665	1.689344	1.85819175	1.6386985	1.7079445	1.834258	1.636942125	1.6423855	1.79793275	1.623996125	1.716400375	1.78847325	1.839298625	1.672090625	1.411939125	1.732320375	1.852642125	1.713184875	1.593688375	1.487961125	1.73547975	1.528131	1.574491625	1.554605375	1.754403125	1.513131	1.88114525	1.79568075	1.58917425	1.505656375	1.85813575	1.775582	1.693781625	1.724871875	1.78121575	1.65813575	1.45676925	1.6099715	1.6478195	1.876496125	1.901418125	1.520606625	1.801458375	1.74567875	1.642162875	1.829627375	1.668839625	1.902468625	1.789285125	1.690580625	1.435610625	1.599731125	1.686998875	1.678346625	1.661421125	1.69785	1.745053125	1.823264125	1.601621875	1.82057225	1.725265375	1.46695025	1.669048875	1.6003525	1.857169875	1.704926875	1.77285175	1.68848225	1.573848	1.786478625	1.6045705	1.840362625	1.782335125	1.896855	1.79934575	1.639453625	1.809244	1.669246	1.745219	1.767235375	1.839498625	1.732261	1.600827	1.73039725	1.60594075	1.746598375	1.80418025	1.73307225	1.79553475	1.62853725	1.9468165	1.5317285	1.80790475	1.7228195	1.912917125	1.667359125	1.5034455	1.511459875	1.945418	1.75743275	1.825415	1.718425	1.932517625	1.805029	1.633613125	1.571310125	1.764741625	1.697532375	1.690869875	1.672060875	1.860591625	1.980180875	1.921778	1.792898125	1.71955925	1.848159125	1.976831625	1.906414125	1.563601375	2.086108125	1.697377875	1.787635375	1.636468875	1.946213875	1.456838375	1.551273	1.637237375	1.7442995	1.8267115	1.766113875	1.63567175	1.866562	1.7393495	1.790430625	1.739411125	1.764046125	1.4506525	1.770203	1.721434625	1.819873875	1.9134165	1.8393135	1.621338875	1.800995625	1.738	0.023	8.0E-6	1.8E-5	0.185774536732
62	151	251	3.3785905	1.9252275	2.2777015	2.1516175	2.08697575	1.945986	2.1778595	2.11605025	2.000080875	2.315203	2.20024275	2.018013375	2.00689375	2.152898	2.1768905	2.1600165	2.1454105	2.00706125	1.963678	2.0631815	2.307701	2.029541125	1.961959625	2.02504375	2.1404635	2.095056125	2.21280875	2.112496	1.91953675	2.0300765	1.87719725	1.919892	2.026993125	1.9121885	2.0009085	1.85071675	2.1305815	2.024080875	1.8946545	2.15064675	2.0441865	1.9800695	2.004589125	2.017332	1.825445375	1.841467625	1.773739125	1.793138375	1.748098375	2.1220865	1.801018375	1.840474125	1.609629625	1.77205825	1.48502725	1.881741375	1.7630325	1.647932	1.733995	1.934782625	1.796782375	1.662173625	1.79323275	1.7441955	1.764522875	1.760022625	1.756924125	1.773097	1.71438075	1.58762325	1.764556125	1.678604125	1.723918875	1.714282125	1.506095	1.58030375	1.680043	1.791539	1.676518	1.63717675	1.545799125	1.66665525	1.577904	1.544379125	1.394596875	1.5840915	1.605111	1.355045	1.689031125	1.53197425	1.610770875	1.60367425	1.39764775	1.601206125	1.407487	1.562945125	1.38814275	1.64089475	1.50387675	1.70419675	1.387090375	1.351153125	1.516402125	1.470019125	1.47292075	1.5323855	1.3875355	1.363297125	1.53070525	1.414040125	1.185558125	1.545142	1.373426625	1.365869	1.583978125	1.575757875	1.331978125	1.3410685	1.411384625	1.45005575	1.313243	1.35772375	1.473316	1.213615125	1.155881125	1.5580265	1.31194375	1.3919355	1.397122125	1.224318125	1.39022975	1.36773425	1.29091375	1.40002375	1.2110325	1.2061875	1.429490875	1.102459	1.012119375	1.131233	1.41559225	1.094318625	1.192926625	1.183883375	1.113234375	1.061063125	1.13726525	1.270023125	1.148608875	1.31861475	1.252658	1.087209625	1.045673125	1.231663625	1.232574	1.062909875	1.095573375	1.105494625	1.42972275	1.0574935	1.178941	0.979760125	1.2160955	1.171074375	1.1772335	1.267726125	1.114560375	1.115857625	1.1411815	1.219541	1.22441275	1.223828	1.187968625	1.0351571875	1.0340101875	1.182677	1.062012375	1.13062625	0.980983875	0.99438125	1.189401625	1.220053375	0.8658536875	1.0239674375	0.98891125	1.06902975	0.992036625	0.9893368125	1.039793625	1.080578375	1.12418025	1.120536125	1.086328875	0.937485625	1.0201870625	0.92281475	0.969438	0.8168759375	1.083537375	1.0118565625	0.8139743125	0.9288823125	1.14180175	1.252349125	0.8593305	0.932706125	0.944342875	1.0110345	0.9739166875	0.986374875	1.08727325	0.9747875625	1.097706	0.9910865625	1.014899375	1.106990625	1.09049925	0.837168375	0.9456763125	0.9192310625	0.8905511875	1.184351625	0.906856875	0.790908375	1.015504625	0.928848375	1.049321125	1.05532175	0.923893625	0.9250866875	0.8803674375	1.056167125	0.9196571875	0.8494530625	0.808101	0.929871	0.80529675	1.0009195	0.89772975	0.96724125	0.962919125	1.00387575	0.8548553125	0.850313625	1.0283775	1.007603125	0.9548623125	1.143744875	0.9141821875	0.9249938125	0.886153125	2.258	0.023	7.99E-4	1.6E-5	0.132073802652
63	32	251	4.1587415	2.056336875	2.090478375	1.230298875	1.55156875	1.281125375	0.7474540625	0.9577160625	0.9712770625	0.987962	0.8362245	0.829701125	0.728316	0.578002875	0.39592684375	0.1952526875	0.27282840625	0.148192328125	0.304583	-0.093176484375	0.20213178125	0.33375415625	0.184450015625	-0.210273546875	-0.2782955625	0.45229234375	0.24289478125	0.243766265625	0.231143265625	-0.16062103125	-0.132198	0.3652825625	0.38554021875	0.182109171875	0.30686728125	-0.17628875	-0.20583634375	0.23560825	0.258832984375	0.26256015625	0.28752528125	0.1655164375	0.119999335937	-0.151728375	-0.31429359375	0.164342953125	0.111738375	-0.214021	-0.0440211289062	0.22450259375	0.272998625	-0.0801304453125	0.23495971875	-0.143830453125	0.214418671875	-0.21578565625	0.13334040625	0.2082791875	-0.133067703125	0.2888329375	-0.1331865	0.20310475	0.22982784375	0.117141625	0.1847815625	0.219441203125	-0.18047240625	0.231190328125	-0.3617489375	-0.1916	-0.52378259375	-0.181418828125	-0.23162925	0.175995828125	-0.16818721875	0.2142920625	-0.15420615625	0.3092285625	-0.195298375	0.135333296875	-0.185754625	-0.147727375	-0.20008778125	-0.104139828125	-0.3295811875	0.3315124375	0.32833146875	0.173617234375	-0.1072673125	-0.146139546875	0.210029171875	0.2342695	0.33010315625	0.090445234375	-0.31851990625	0.173711984375	0.147559828125	0.19639821875	0.10413421875	-0.18747153125	0.30456871875	0.1487430625	-0.128596359375	0.11793778125	-0.24889925	-0.132427265625	0.11920625	0.207845078125	0.20450575	-0.115142007812	-0.139483875	0.1745135	0.27583340625	0.188186109375	0.15483753125	0.25302384375	0.25483134375	-0.0451612421875	-0.26600115625	0.210958125	0.2463375	0.1797268125	0.25240034375	0.253091890625	0.208351203125	-0.135764984375	-0.08216509375	0.2801650625	0.3413385625	0.1974128125	0.32187071875	0.30481340625	0.176987859375	-0.230951875	-0.0346197617187	0.28914540625	0.277342625	-0.12063725	0.2993446875	0.17695521875	-0.0996287421875	-0.207601515625	-0.136784625	0.191232640625	-0.355391875	0.211126203125	0.118710046875	0.12057909375	0.4055295	0.3105185625	0.210963328125	0.245534703125	0.13171728125	0.31187284375	-0.41287084375	-0.07150490625	0.2412271875	0.26165959375	0.27124840625	0.0489137070312	0.2275023125	0.34040709375	-0.13354309375	0.24131790625	-0.15240165625	-0.35424203125	-0.2909476875	0.235509796875	-0.0471590976562	0.114027859375	0.22511396875	0.21594228125	0.19743990625	0.1232715	-0.42643440625	-0.201621671875	-0.1732090625	0.30157	0.246449609375	-0.34537128125	-0.2157183125	-0.3463095625	-0.127886359375	-0.111232101562	0.382889125	-0.164324859375	0.161783453125	0.23438259375	0.256393296875	-0.194792078125	0.31854234375	0.3614403125	0.15603621875	-0.35199678125	-0.0454455546875	0.1882018125	0.13596815625	0.152346765625	-0.21483134375	-0.3638220625	0.29179896875	-0.18954559375	-0.188935828125	0.280912125	0.3084498125	-0.106150859375	0.19696646875	0.21370096875	0.543895875	0.2226655	0.107541664062	-0.117497046875	-0.14787625	-0.2753789375	-0.20294903125	0.3580165625	0.0606837265625	-0.30081796875	0.166691828125	0.34427390625	0.1664510625	0.223009703125	-0.29716071875	0.25878503125	0.2950470625	-0.181146078125	0.42538259375	-0.164513421875	-0.194240890625	-0.097821390625	0.12631446875	0.29523525	0.19982771875	0.14544596875	-0.23056715625	-0.185667046875	-0.189270265625	0.166800140625	-0.0859776640625	0.2662145625	-0.4300794375	-0.2945075625	0.18322840625	-0.1421925625	0.3073766875	-0.231866	-0.16710290625	-0.211567625	0.242666859375	0.15351871875	-0.2710011875	3.79	0.2	0.0303	0.0021	0.23330711676
64	67	251	3.292811	1.0092601875	0.8729676875	0.8174764375	0.7989675625	0.678897875	0.722961125	0.93509275	0.6759286875	0.6325559375	0.898059	0.9348439375	0.7829786875	0.666508625	0.95176125	0.797810875	0.719004375	0.76476075	0.76845975	0.7313041875	0.8552799375	0.7713845	0.969350875	0.63263275	1.033225625	0.9222035	0.8111255625	0.6593828125	0.7707260625	0.912373375	0.8420290625	0.8964044375	0.8763203125	0.62879725	0.692256125	0.665273	0.727338	0.9335475625	0.8774838125	0.855503375	0.84722475	0.788884125	0.94997125	0.8695195625	0.8807858125	0.810958	0.8541049375	0.6783204375	1.03054525	0.7600273125	0.9288961875	0.7497234375	0.8908909375	-0.04320415625	0.72481775	0.8372469375	1.018410125	0.8408018125	0.7307693125	1.01538225	0.9012070625	0.8502173125	0.97190375	0.6637294375	0.7966528125	0.97084575	0.93176075	0.805955875	0.724427625	0.843453125	0.7434105625	0.9641195	0.85685775	1.0020374375	0.8394648125	0.9309565	0.8602736875	0.7939204375	0.8941808125	0.852937125	0.7055154375	0.907462125	0.834380625	0.9061685	0.8347371875	0.8543625	0.9703978125	0.9238091875	0.839427125	0.942316625	0.78977275	1.0084545625	0.8177150625	1.102661	0.8703484375	1.07547375	0.7789225	0.8252575	0.894521375	0.887588	0.8321330625	0.984944875	0.7239814375	0.6855871875	0.97201825	1.037419	0.76431725	0.6558289375	0.8597559375	0.93611525	0.6500189375	0.8111811875	1.0517035	0.7175120625	1.136424375	0.9233583125	0.759145875	0.836516625	0.7348894375	0.694543875	0.8848933125	0.8292720625	0.7167539375	0.9786988125	0.716559375	1.02350525	0.708225125	0.587641	0.791680375	0.795633875	0.7034484375	0.934306125	0.750801875	-0.117268117187	1.0219124375	0.7684064375	0.817571375	0.8197994375	1.06716825	0.7519900625	0.68562	0.730683	0.7540625625	1.00867	1.058824	0.9955904375	0.909371625	0.8288133125	0.9485594375	0.6711393125	0.9541610625	0.734459125	0.9938044375	0.97350525	0.772970625	0.76406625	0.8400953125	0.86542025	0.8808058125	0.7243044375	0.9514533125	0.9384969375	0.753859625	0.9656199375	0.885174625	0.8861221875	-0.216905421875	0.70836325	0.8603645625	0.7276923125	0.96363025	0.909799375	0.7105614375	0.873906375	0.6352928125	0.8724963125	0.8254663125	0.9387158125	0.5518246875	0.9648646875	0.9138039375	0.670454125	0.9284599375	0.860294	0.965539375	0.8116060625	1.057937	0.8435915	1.0122399375	0.9094583125	0.711459	0.735635375	0.822810375	0.909170375	0.928509625	0.845238125	0.784566375	1.0108401875	1.0475786875	1.090002125	0.7896445	-0.128175179687	0.7822595625	0.7463900625	0.8545596875	1.0178935625	0.86306425	0.8798460625	0.891770625	0.92388675	0.8694013125	0.9813688125	1.0922045	0.783392875	0.8635993125	0.9466505	0.772709625	0.910209125	0.9207811875	0.9205743125	0.8717260625	0.8558866875	0.9196766875	1.04148375	1.108684625	-0.107626234375	0.8299245625	1.16130825	0.8966138125	-0.089425390625	0.7624294375	0.793347125	0.851536875	-0.153877140625	0.690329125	0.98753875	0.8709356875	0.9438208125	0.908593625	0.8291313125	0.7993094375	0.897593	0.8316849375	0.8295815625	0.7751879375	0.9602019375	0.7168468125	0.918247875	0.8992443125	0.972420625	1.024581875	0.868	0.03	5.7E-5	4.8E-5	0.25003507184
65	75	251	2.73399275	1.58633425	1.5589045	1.545623875	1.5966335	1.5808225	1.633573125	1.626353	1.529583125	1.322183	1.427134625	1.544637	1.57879575	1.608271	1.587376375	1.40032175	1.590378	1.682369	1.404906125	1.601523625	1.4986425	1.666887125	1.416011875	1.6033985	1.56390725	1.464251875	1.72752525	1.52294175	1.502354	1.594551625	1.535127625	1.499216375	1.56916325	1.46317	1.4412945	1.51759475	1.465210125	1.70994325	1.5121845	1.5220025	1.594970625	1.54287875	1.514064375	1.342297875	1.499091375	1.475988	1.522920375	1.470472375	1.722362125	1.54942075	1.5011195	1.72929975	1.356391125	1.476093625	1.304537125	1.59294075	1.4138405	1.60666825	1.331924875	1.46677825	1.701922125	1.406107125	1.44788525	1.5152425	1.4327295	1.520553875	1.32528775	1.38405825	1.58969075	1.473925375	1.386935125	1.41418675	1.404212625	1.43028225	1.507880875	1.393948	1.5513645	1.695263625	1.49734475	1.381383125	1.4071515	1.575632375	1.641940125	1.446043375	1.49999075	1.705469875	1.470422	1.35654575	1.59172025	1.58174075	1.901907375	1.56684675	1.435730125	1.420521375	1.39076625	1.889739125	1.561291625	1.595727625	1.54199675	1.434799375	1.4469575	1.42600775	1.6397315	1.617698125	1.6761635	1.58265675	1.43723875	1.255308625	1.72306725	1.683817875	1.384829	1.598836125	1.606549875	1.545852875	1.41084175	1.321657375	1.36002	1.622107875	1.489148875	1.490258	1.618819625	1.78905075	1.541251125	1.273191	1.635774375	1.531326625	1.264208125	1.487400625	1.49144225	1.62571125	1.54468925	1.36672525	1.56023175	1.53722975	1.580940375	1.443623125	1.476205375	1.36142475	1.544993875	1.434783125	1.70986475	1.29275475	1.492441875	1.377061875	1.596181625	1.305342	1.711036625	1.659129375	1.431987875	1.50722875	1.6062485	1.5534065	1.3462795	1.635815875	1.772139875	1.508034875	1.558154875	1.428536625	1.376652	1.369832625	1.470204125	1.662268	1.61029325	1.524411	1.514579	1.409612375	1.399753875	1.469151125	1.6412695	1.445659375	1.599755125	1.759229375	1.62632225	1.54714925	1.48411325	1.567138	1.457588125	1.52166	1.63157775	1.63515	1.704884875	1.640461625	1.623130375	1.387844375	1.4167085	1.51063225	1.47397225	1.5121395	1.41449375	1.33926575	1.4156385	1.451571625	1.57521275	1.515791625	1.655050375	1.417769375	1.703708625	1.463727	1.523325625	1.53281875	1.40335125	1.443412875	1.477906875	1.408018125	1.478092125	1.416739375	1.582526875	1.385484	1.407472125	1.510629125	1.53318675	1.673202625	1.517879125	1.371242625	1.56181	1.383224625	1.323062625	1.34647	1.4167055	1.45429675	1.674478125	1.4710935	1.422125	1.577986	1.589552	1.6607035	1.387102125	1.512820875	1.4694405	1.52695275	1.471875	1.55409475	1.47959825	1.445726	1.51250575	1.75029725	1.46521675	1.6464295	1.308149875	1.53111575	1.472685875	1.58979525	1.592549875	1.56123475	1.508590375	1.4829665	1.405462875	1.465198125	1.672946125	1.2748715	1.44052725	1.551	0.018	3.3E-5	1.6E-5	0.136256239473
66	50	251	3.21472175	-0.181364625	-0.1769779375	-0.3054109375	0.162116703125	-0.129055367187	0.39838440625	-0.234012171875	-0.2629784375	-0.2625623125	-0.272385625	-0.2751438125	-0.2816638125	-0.105050359375	0.2234601875	-0.098650953125	-0.2000559375	0.15393246875	-0.1736259375	0.3032294375	-0.144862703125	-0.11100503125	0.249572984375	-0.1329753125	-0.15481559375	-0.185219625	-0.161547609375	0.305578	0.107506351562	-0.089173	0.19762765625	0.302773375	-0.253582703125	-0.120225507812	-0.16534821875	0.2000776875	-0.18872984375	-0.14102378125	0.12935103125	-0.12857959375	-0.0565348242187	0.208441953125	-0.2215319375	0.13687784375	0.211102390625	-0.13824015625	0.206571484375	0.119410289062	0.194939875	0.07632625	-0.107214296875	0.3306755625	0.18289546875	0.13235546875	-0.188242875	-0.22461309375	0.32580996875	-0.083605171875	-0.0947916328125	-0.0858250703125	-0.191226890625	-0.254283609375	0.35934603125	0.271073	-0.0787218046875	0.146667890625	0.2775944375	0.0550583203125	0.172619015625	0.27298678125	0.07695365625	0.122313007812	-0.3269496875	0.128269367187	0.128702460937	-0.132629203125	0.118921445312	0.220418	0.4056309375	0.1811335625	-0.136971796875	0.37544434375	-0.048479421875	0.199557828125	-0.0648766523437	0.1841996875	-0.123846375	-0.144938203125	-0.0939001171875	0.126798328125	0.160058578125	-0.37283515625	-0.1895261875	-0.133462515625	-0.20122903125	0.175513828125	0.154531984375	0.22913478125	0.21369978125	-0.0933922421875	-0.3448109375	0.18406446875	-0.24220609375	-0.073501265625	-0.317403625	0.257083140625	-0.0722079921875	0.10969709375	-0.0544221953125	-0.17070646875	-0.16481521875	0.142535546875	0.177378046875	-0.0555120859375	0.2426186875	-0.240894375	-0.234770015625	-0.1683544375	0.18724153125	0.189679796875	-0.2130478125	0.154809734375	-0.156244609375	0.193375234375	-0.184949359375	-0.2356870625	0.0533906015625	-0.16324996875	-0.343139625	-0.2168308125	-0.249249875	-0.2922616875	-0.1829008125	-0.30372721875	0.125692148437	-0.138274984375	-0.113649148437	0.19168771875	-0.187943640625	-0.39021471875	0.142579796875	-0.13208003125	0.0630556523437	0.113999375	-0.1495606875	-0.18224184375	-0.138105984375	-0.14928946875	-0.161192015625	0.126292796875	0.170537625	0.183193921875	-0.255146703125	-0.31821746875	0.13407625	-0.2389815625	-0.163453671875	-0.188243515625	0.316767625	-0.117808609375	0.211309421875	-0.192311875	0.074721296875	-0.1684835	-0.045643171875	-0.18797265625	0.142494546875	0.201617578125	0.113967234375	-0.110947195312	-0.19544671875	0.34758990625	0.0750115625	-0.098774015625	0.177893828125	0.018794140625	0.162625421875	-0.228113453125	-0.169985296875	-0.179796796875	0.13097965625	-0.111982414062	-0.15280171875	0.196793875	0.230136984375	-0.127212835937	-0.150819640625	-0.137093859375	0.19254053125	0.153185828125	-0.0800696171875	-0.235454265625	0.092877046875	0.091176140625	0.22246259375	-0.141791828125	-0.0692863671875	-0.2710195	-0.0808363828125	-0.07069375	-0.172805734375	0.252879890625	-0.2804145625	0.24973140625	-0.177765796875	0.1649239375	-0.1157903125	0.19774628125	0.150279875	-0.0947352265625	-0.19025259375	-0.0640345195312	0.26066825	0.151228578125	-0.173434640625	-0.23395753125	-0.137610375	-0.26007146875	-0.103098054687	-0.22937446875	0.263861	-0.1617526875	-0.0557162304687	0.200616296875	0.209988484375	-0.161703125	-0.148423265625	-0.0335031289062	-0.07341425	-0.24168928125	0.145213203125	-0.273603875	-0.3338593125	0.134003625	0.0536746523437	-0.21282053125	0.187303421875	0.1586085	-0.27565571875	0.207507625	0.0860563984375	0.214794390625	-0.0253611171875	0.191900265625	0.126502859375	-0.0843981328125	-0.111486265625	-0.209953640625	0.207467265625	-0.098770765625	-0.16091028125	3.21	0.11	1.8	0.0	0.192547286566
67	19	251	2.100983	0.7564625	-0.236376765625	0.834726875	0.805515	0.46365784375	0.57711425	0.8172075	0.540164	0.6908035	-0.1369468125	0.38432940625	0.6770628125	-0.31329578125	-0.216954921875	0.50750728125	0.5579440625	0.50104746875	0.5557823125	0.614270625	0.44336109375	0.485836625	0.38584890625	0.3544249375	0.548541375	0.4963344375	0.38571034375	0.351191	0.5004544375	0.607874375	0.43516328125	0.4402199375	0.6121548125	-0.0460349375	0.28108721875	0.325606	0.32990590625	0.4279373125	0.5582918125	0.4773908125	0.34416853125	0.3634945625	0.4701823125	-0.13499503125	-0.1763355	0.49217009375	0.39134984375	0.38650940625	0.4697833125	0.30520365625	0.6523144375	0.6559345625	0.6472678125	0.48218309375	0.28495353125	0.24342790625	0.410854125	-0.1867891875	0.3519748125	0.47299065625	0.508938875	0.37914853125	0.36913759375	0.25864015625	-0.127269039062	0.334127375	0.49088684375	-0.161940890625	0.497482625	0.3349215	0.3259505625	0.451008625	0.435554375	0.5154175625	0.577973875	0.4281996875	0.248406625	-0.16476121875	0.41796315625	0.5600613125	-0.31836578125	0.5997466875	-0.215287234375	0.3516205	-0.221575578125	0.46591128125	0.425315375	0.593917125	0.47130184375	0.23713359375	0.394062625	0.36938671875	0.39475009375	0.32763178125	0.4584044375	0.49570628125	0.47362840625	0.434092	-0.227578140625	0.34101815625	0.39243890625	0.488609	0.224298015625	0.5674299375	0.4829243125	0.3801541875	0.54081425	0.454556625	0.38631496875	0.770358	0.48773565625	0.41232590625	0.4079781875	0.39036396875	0.3985985	0.51127521875	0.1967279375	0.5102895625	0.5004084375	0.44658715625	0.2157815625	-0.2709238125	-0.20787803125	0.590502625	0.45080265625	0.526884375	0.60681425	-0.20061246875	0.30110784375	-0.14569978125	0.5955346875	0.5327878125	0.4080883125	0.3443143125	0.224390078125	0.4173059375	-0.08757815625	-0.094672	0.423672	0.25927746875	0.37169459375	0.453849875	0.318522	0.4890804375	0.548693625	0.583338625	0.4858089375	0.4651159375	0.49848928125	0.44925975	0.555073	0.3461225	0.427592625	0.5783350625	0.31816115625	0.51020690625	0.51127803125	0.2776231875	0.49645903125	0.43938240625	0.26124778125	0.50147253125	0.35643303125	0.557770125	-0.194121078125	0.44865715625	0.33183646875	0.297335625	-0.226998984375	0.4414015625	0.530608125	-0.190897265625	0.4243148125	0.402923375	0.587639875	0.30480325	0.45998065625	0.2958405	-0.152381703125	-0.110389195312	0.5187880625	0.41428396875	0.45059946875	0.263912125	-0.120059132812	0.39402053125	0.492964125	0.34501871875	0.2816385625	0.294202875	-0.129838390625	0.37920909375	0.235667890625	0.4507701875	0.5455015	0.494103125	0.6522801875	0.26586203125	0.71895875	-0.3167154375	0.232472296875	0.26619528125	0.40924328125	0.42571815625	0.41718371875	0.669805375	-0.17856171875	0.42126275	0.33987965625	0.405932875	0.260354734375	-0.100479460937	0.27965175	0.2910908125	-0.2336810625	0.3860865625	-0.2276754375	0.37426934375	0.222374890625	0.380675875	0.27257490625	0.4685221875	0.38626684375	0.37415228125	0.5193953125	0.6486751875	0.63312	0.34544225	0.389413125	0.418497375	-0.15745075	-0.165337046875	0.3562691875	0.20815334375	0.371499875	0.3029905	0.51759465625	0.5607349375	0.25445825	0.38026346875	0.416810125	0.34250353125	0.49880221875	0.47353425	0.4404280625	-0.0923751015625	-0.221918125	0.5527054375	0.42608103125	0.2859405	-0.1734869375	0.447	0.039	3.9E-4	1.4E-4	0.269776898702
68	128	251	3.5424365	0.3601024375	0.29288653125	0.156256265625	-0.106836484375	0.1792220625	-0.13639978125	0.35692996875	0.4099965625	-0.108297132812	0.239188984375	0.116847015625	0.27782903125	0.2328431875	0.17960871875	0.4909073125	0.20568765625	0.193281171875	0.296161625	0.294707375	0.169971203125	0.153694140625	0.33312675	0.27114034375	-0.0582624375	0.31335165625	0.10986434375	0.186244421875	0.12861440625	0.5597093125	0.26615671875	0.41000609375	0.225704421875	0.5852785	0.28548890625	0.571410125	0.35337915625	0.192480421875	0.122771648437	-0.157733515625	0.1771710625	-0.03661028125	0.235308578125	0.0985860234375	0.20530275	0.18302259375	0.42695128125	0.1768249375	0.26226921875	0.37017759375	-0.193156390625	0.23168721875	0.37981709375	0.2180321875	0.225198515625	0.190201515625	0.206084390625	0.155859171875	0.251040125	0.248730296875	-0.133886609375	0.2895488125	0.4242866875	0.1608199375	0.27129484375	0.29559609375	0.42684446875	0.248104609375	0.42821984375	0.20324428125	0.186014953125	0.350781875	0.33696571875	0.465875625	0.08745971875	0.29029046875	0.5329339375	0.21081303125	0.214548921875	0.4572768125	0.2400984375	0.25076	0.1427353125	0.15601178125	0.110592695312	0.21408840625	0.259987625	0.213880546875	0.16964909375	0.1281689375	0.408967375	-0.18585203125	0.2938616875	0.27301728125	0.478822625	0.34159459375	0.236688265625	0.150781484375	0.2321075625	0.3265370625	0.46510490625	0.18004940625	0.21221196875	0.39701159375	0.363307375	0.47730009375	0.11582265625	0.26880009375	0.2327115	0.282252375	0.32871215625	0.164579453125	0.14081953125	0.48446534375	0.233337453125	0.2127246875	0.3951109375	0.327036625	0.38460734375	0.39271415625	0.34681990625	0.369941375	0.28486996875	0.208173140625	0.31598165625	0.203040140625	0.140748421875	0.241985390625	0.335482375	0.22692296875	0.3354695625	0.371859875	0.38050734375	0.27691428125	0.2692274375	0.3397783125	-0.0591396367187	0.43997284375	0.21309725	0.128901867187	0.3374946875	0.34154746875	0.19765440625	0.47032040625	0.211606015625	0.20457153125	0.3245413125	0.42435928125	0.101131859375	0.179969078125	0.17021096875	0.198319828125	0.4005205	0.4230756875	0.15115578125	-0.0402543867187	0.242363421875	0.3804024375	0.2827654375	0.130592039062	0.18241534375	0.3879786875	0.18610171875	0.4245855625	0.4493803125	0.517989875	-0.197160375	0.27149128125	0.367678	0.4288836875	0.196362421875	0.33983959375	0.24397725	0.36591428125	0.240401953125	0.2472431875	0.3370951875	0.28475146875	0.31767415625	0.182499796875	0.31756959375	0.224683296875	0.18371096875	0.0663537734375	0.162375890625	0.3673176875	0.29275653125	0.144912421875	0.212272734375	0.3661899375	0.231721140625	0.46284209375	0.2300565625	0.144592828125	0.32839121875	0.299392375	0.229996984375	0.269299	0.2375015625	0.58056025	0.4700004375	0.3000853125	0.2171554375	0.41535040625	0.4192464375	0.4251773125	0.1901049375	0.229014125	0.42949296875	0.29823890625	0.2355840625	0.2384279375	-0.128956671875	0.40544471875	0.37785771875	-0.0535593203125	0.2753803125	0.29075275	0.190574890625	0.27525875	0.311418375	0.29075709375	0.39005634375	0.3037060625	0.3196145	0.28735728125	0.291345625	0.0923853046875	0.189297578125	0.306264375	0.523453625	0.2880540625	0.23179159375	0.35120203125	0.20581384375	0.40402153125	0.1566481875	0.297714	0.48567275	0.25758134375	-0.108609734375	0.3020314375	0.2962485625	0.38674846875	0.2696528125	0.36266871875	0.4012391875	0.24292971875	0.46924759375	0.17932871875	0.29852571875	0.278	0.034	2.0E-5	1.6E-4	0.250344322363
69	84	251	2.92427425	1.9984765	1.617755125	2.064112	2.04315175	1.677324875	1.712122625	1.60571675	2.04157725	1.561505	1.738266875	1.899120875	1.629593375	1.885543125	1.77726825	1.859418	1.9049885	1.886211	1.567344375	1.9658225	1.535604	1.7714145	1.76571475	1.920534125	1.885102	1.484883375	1.6727875	2.02768175	1.6938355	1.59510925	1.69363325	1.86040075	1.721720125	1.86366075	1.597375125	1.65894225	1.633419375	1.51988175	1.679292	1.65814225	1.726729	1.7241945	1.71463825	1.687556375	1.55259025	1.711320625	1.6500715	1.78197975	1.8626225	1.6321235	1.5310705	1.9244805	1.903838125	1.720310625	1.53194975	1.609810375	1.71965575	1.5963015	1.669763875	1.689898625	1.740519375	1.64311825	1.72522575	1.82442875	1.66647575	1.498684375	1.557822625	1.848994125	1.611505625	1.462415625	1.54168275	1.705657625	1.640804125	1.68460925	1.562277125	1.68463375	1.50784825	1.73693225	1.592276	1.54311725	1.641502625	1.603549	1.613040375	1.524874875	1.615013625	1.651542875	1.457436125	1.68392525	1.67304125	1.731817875	1.680191375	1.496408625	1.821163	1.65698525	1.637433875	1.676929125	1.701273	1.583393875	1.726210375	1.64107275	1.63389625	1.61118775	1.65467775	1.641727625	1.5477515	1.86599525	1.67138575	1.4040535	1.940849875	1.609189	1.61653125	1.370609125	1.553876125	1.651260875	1.34744275	1.512495625	1.571191125	1.860100125	1.51395175	1.49406	1.469512625	1.690338125	1.537409625	1.47006675	1.45444275	1.6788075	1.597017	1.58843075	1.613599375	1.42074325	1.499699875	1.38524025	1.50391325	1.314671	1.585798125	1.646861375	1.501165625	1.485684125	1.50251675	1.399257625	1.373377375	1.669700375	1.502245	1.39138125	1.698841125	1.53003825	1.24849425	1.5351805	1.265761125	1.36958175	1.5813085	1.597894125	1.553850625	1.39907025	1.472763625	1.578667625	1.380549875	1.308985625	1.55513875	1.493707875	1.681691125	1.486982375	1.657091	1.602459875	1.4041275	1.431732875	1.657358	1.4595145	1.598661875	1.457278	1.4288785	1.55763725	1.478722	1.4829015	1.27102075	1.22787975	1.509679375	1.398813875	1.44724625	1.404977	1.430705125	1.4462225	1.40308375	1.448884875	1.27864625	1.481935375	1.403593625	1.501635625	1.37402025	1.07750225	1.645758	1.48999225	1.4021715	1.5429575	1.444511625	1.38254975	1.498089375	1.56362825	1.616067625	1.138918625	1.373997875	1.42417525	1.373241625	1.357775875	1.1942355	1.313136	1.4301945	1.494423625	1.43661075	1.511506875	1.389617	1.59084775	1.5991405	1.381986	1.45573825	1.55274175	1.3973315	1.49904675	1.23763125	1.226401875	1.350981125	1.341958125	1.17538975	1.242011375	1.393033375	1.467807125	1.453624875	1.501463875	1.370899125	1.287977125	1.44891475	1.315416	1.0771025	1.363348625	1.46295775	1.19825	1.420343	1.3869185	1.38839725	1.492238625	1.307297875	1.11078175	1.2594745	1.36018425	1.211529625	1.28152975	1.15136275	1.340683375	1.478419375	1.398633625	1.38344175	1.835	0.021	2.65E-4	1.7E-5	0.140951344987
70	48	251	1.998540125	-0.09383434375	0.4483068125	0.21560703125	-0.100004648437	-0.02915121875	-0.178106734375	-0.27719865625	-0.34099565625	-0.2234518125	0.225463203125	-0.29880953125	-0.187204859375	-0.24521446875	0.28437315625	-0.162047984375	-0.09218765625	0.25589965625	-0.113913007812	-0.2857651875	0.39451153125	-0.076693109375	-0.387143625	-0.205620890625	-0.033912875	-0.238320296875	-0.33907475	-0.255609109375	-0.15572996875	0.4212898125	0.33851203125	-0.087483390625	-0.25901840625	0.2942641875	0.21399978125	-0.2041256875	-0.49788009375	0.24294796875	0.310050375	-0.206979765625	-0.194066734375	-0.134070359375	-0.3217505625	0.2383666875	-0.21781084375	0.33714715625	-0.175440390625	-0.20746525	-0.24624903125	-0.3797986875	-0.127513453125	-0.12698634375	-0.17921915625	0.175670484375	-0.141230078125	0.179250921875	-0.3076904375	-0.1707816875	0.219719484375	-0.089588703125	-0.49284025	0.270155	-0.3128559375	-0.130158515625	-0.22523484375	-0.2124510625	-0.106985164062	0.26277134375	-0.23134609375	-0.00738528320312	-0.46375034375	-0.099589234375	-0.120040460937	-0.34343265625	0.231974828125	-0.109840265625	-0.23722359375	-0.12409040625	-0.21051325	-0.210250203125	0.2475888125	-0.1845761875	0.2077443125	-0.129222179687	0.3023349375	-0.1370225	-0.1434536875	-0.0914050703125	0.141177734375	-0.288915	0.120785421875	-0.162685828125	0.25485215625	-0.193405734375	0.246852921875	-0.164933703125	-0.11308925	-0.0369564375	0.171444203125	0.38152990625	-0.1701206875	-0.132730609375	-0.192870625	-0.225962796875	0.33934996875	-0.2689970625	-0.19205925	-0.2771134375	-0.16659584375	-0.165104828125	-0.080345375	0.12407903125	0.1865550625	-0.3152396875	-0.25939903125	-0.21387678125	0.30723040625	0.2792765	-0.121870867187	-0.1547655	-0.27915625	-0.19344753125	-0.148010546875	0.18363375	-0.18342428125	0.196040375	-0.30226371875	-0.131469265625	-0.1240281875	-0.22908825	-0.233655078125	0.11646903125	-0.38660421875	-0.2616265	0.3341405625	-0.139432890625	0.0999696953125	-0.159537890625	-0.245314140625	-0.29047940625	-0.17783321875	0.217691234375	0.14590625	0.2384841875	-0.133807125	-0.163964515625	0.0722119296875	-0.20026165625	0.23551171875	-0.29942790625	-0.20334103125	-0.161746421875	-0.09868684375	-0.126928179687	-0.117236171875	-0.23795196875	-0.125222296875	0.148437484375	0.176885671875	0.2620325	-0.27462290625	0.142210015625	-0.28692646875	-0.20268078125	0.199924328125	-0.0604066328125	-0.1713124375	0.3170949375	-0.31224778125	-0.112153039062	-0.127747890625	-0.104383875	-0.2868823125	-0.22560525	0.17702740625	-0.225933515625	0.27768703125	-0.19902478125	-0.0984722265625	-0.247348390625	-0.18246496875	-0.208059046875	-0.16251896875	-0.113817859375	0.21697465625	0.19023171875	-0.134589078125	-0.181457484375	-0.2499826875	0.24585015625	0.172805890625	0.27949328125	0.21277471875	-0.123768554687	0.17378725	-0.133857421875	-0.2793296875	-0.2350365	0.27257096875	0.209355953125	-0.1985140625	-0.3614408125	-0.18308540625	0.38671521875	0.117104140625	0.17961709375	-0.4000789375	-0.299078	-0.0787195546875	-0.1868996875	-0.146249515625	-0.27755196875	0.164413734375	-0.25325890625	0.209748890625	-0.194806484375	-0.0381725117187	0.1837254375	0.187316890625	-0.1813085625	-0.19727584375	-0.305513375	-0.2035705625	0.244377640625	0.273503625	-0.2902803125	0.161534296875	0.114257320312	-0.306430875	0.19846828125	-0.1344625625	-0.223799546875	0.14612909375	0.102232984375	0.231664	0.128789726562	0.154737640625	-0.21971378125	-0.165318546875	-0.103665429687	-0.07006603125	-0.215815015625	0.167139140625	-0.231675125	-0.5182885	-0.260334765625	-0.255888046875	0.2584970625	-0.106501515625	-0.2525869375	0.112420382812	1.99	0.23	0.2	0.3	0.22536853778
71	30	251	3.14711775	1.732150875	1.654438375	1.654918625	1.745539875	1.670324125	1.8895995	1.44338975	1.820912	1.892366625	1.570447875	1.67045175	1.7167695	1.593827125	1.455424875	1.567947875	1.525166	1.843714625	1.71064875	1.73880475	1.791303375	1.686394875	1.619181375	1.617819125	1.9287	1.5382445	1.757957625	1.777635	1.7343095	1.85090675	1.576209375	1.73119675	1.54104875	1.84905125	1.740041375	1.749994375	1.5345385	1.6846155	1.697272875	1.563200875	1.747583625	1.6170615	1.740600625	2.0413065	1.9364925	1.747163875	1.922753	1.818391125	1.82718325	1.5923425	1.859399375	1.9239525	1.841059625	1.797524625	1.907873125	1.708092625	1.722867375	1.85432725	1.640187125	1.777045875	1.80572475	1.720901125	1.760690875	1.777487	1.79649525	1.860401625	1.6916335	1.77241125	1.72177125	1.89846675	2.12981825	1.877565	1.56860425	1.86434875	1.932290875	1.492335	1.87279725	1.695045	1.583971875	1.714577375	1.714328625	1.738269875	1.687212625	1.834030125	1.665303875	1.614454375	1.6682955	1.568453875	1.633614	1.917599	1.722703375	1.8861425	1.81808525	1.91724225	1.6960895	1.667354375	1.76319375	1.61256175	1.76411675	1.65788125	1.682474	1.999948375	1.800674375	1.883329125	1.818698375	1.7405825	1.694169125	1.7216835	1.563386125	1.8350995	1.748422875	1.71598325	1.941856125	1.759286125	1.650433375	1.78184375	1.612248	1.612643	1.700921375	1.65142475	1.77674775	1.527340875	1.9278855	1.5640575	1.902500375	1.64141825	1.684569875	1.637838125	1.71536475	1.57741675	2.036678875	1.713513375	1.801917375	1.706240875	1.681496125	1.731015625	2.065692875	1.666608375	1.89752475	1.779138875	1.867165	1.70794925	1.81484675	1.92218325	1.5651035	1.40714425	1.680915625	1.685479625	1.804256875	1.76682925	1.813383625	1.780653125	1.762056125	1.9169665	1.703086875	1.887187375	1.700203625	1.934277	1.89002275	1.855506	1.827744875	1.78296625	1.914057375	1.831182125	1.91899625	1.970812625	1.8805855	1.649346	1.8024055	1.6263645	1.965850625	2.042841625	1.817163125	1.625361	1.885986375	1.724893	1.74126175	1.946897125	1.624755875	1.919151625	1.58443975	1.70404575	1.731138125	1.823429375	1.818964125	1.887179125	1.52629675	2.009990125	1.770772	1.74630125	1.74488225	1.704999125	1.91315525	1.7332145	1.7300365	1.6567675	1.889595625	1.623149125	1.849507125	1.983073875	1.75985475	1.76555325	1.882267125	1.692858875	1.85372575	1.724516625	1.7605465	1.735422625	1.816796875	1.846324125	1.541909	1.780672375	1.9343305	1.728664	1.709342875	1.812531125	1.462808625	1.607386125	1.771991875	1.777153	1.820416375	1.6465575	1.6064415	1.94373375	1.773019	1.947880125	1.80541525	1.86323425	1.77661775	1.77569825	1.931347875	1.72596025	1.8458565	1.523553875	1.81500975	1.7798255	1.804450375	1.861117375	1.9027425	1.788492875	1.7766135	1.897345375	1.73174975	1.765105625	1.758461375	1.732681625	1.786243	1.6604715	1.75224125	1.86839	1.8360265	1.743	0.02	-1.9E-5	1.6E-5	0.151609084791
72	68	251	2.9724105	0.34739825	0.309944625	0.19650575	0.22688875	-0.341107625	-0.278759	-0.228145078125	0.107703414062	0.16632740625	0.1699043125	0.1288131875	0.178617078125	0.24255784375	0.0820670625	0.4532870625	-0.15638903125	0.32618878125	-0.1152476875	-0.219748640625	-0.21621665625	0.109283304687	-0.32416953125	-0.105509476562	0.138931515625	-0.1086510625	0.111109851562	0.200349765625	-0.154979359375	-0.130599882812	0.0475065703125	0.163588671875	0.128476695312	-0.255410140625	0.161944109375	-0.0467188242187	0.13551059375	-0.11486128125	-0.189031390625	0.0898876171875	0.0845744921875	0.280720875	0.098378296875	0.1787581875	0.0634843984375	0.12303234375	0.145785421875	-0.0910115	-0.183815453125	-0.42514921875	0.120626460937	-0.21019690625	-0.132169046875	-0.30810859375	-0.1362135	-0.15038728125	-0.12248028125	-0.123191453125	-0.079845984375	-0.114398757812	-0.09193121875	-0.108852539062	0.26589090625	-0.2494315625	-0.28990465625	-0.0348083828125	0.0775963125	-0.210591015625	-0.14345846875	0.150373859375	-0.0912314609375	-0.2462924375	-0.18642046875	0.238296203125	-0.1806089375	0.14337909375	-0.31279521875	0.1696275625	-0.25160153125	0.085145875	0.14552625	0.31497140625	0.29878746875	0.27563115625	0.175590078125	0.144353375	-0.18911571875	-0.161678484375	0.117413765625	-0.17879140625	0.27623996875	0.117857476562	0.18508475	0.120086585937	0.128643335937	0.147154109375	-0.31751865625	-0.14311809375	-0.26325028125	0.134612171875	-0.196543546875	-0.19137875	0.114000859375	-0.062887109375	-0.48333553125	-0.200971609375	-0.280652	-0.20988675	-0.178140515625	-0.3522346875	-0.217037	-0.11157121875	-0.11501309375	0.38694965625	0.11427175	0.1500043125	-0.14163534375	0.124485421875	0.137792890625	0.137444640625	0.16123953125	0.3984338125	0.096717421875	0.207198171875	0.24459959375	-0.2660475625	0.2768833125	0.160747109375	-0.178726015625	0.195193640625	0.29531078125	-0.1600620625	0.08822	-0.12368596875	-0.313634625	-0.134554421875	0.23943203125	-0.28735815625	0.27644203125	0.174655640625	0.124469	-0.143224609375	-0.0969248125	-0.105853945312	0.2563824375	0.17463584375	0.11575834375	0.276950625	0.26624615625	-0.184991171875	0.15513878125	-0.2929701875	0.29245228125	-0.127869984375	0.3526813125	0.12856190625	0.101698015625	0.2697721875	-0.281190375	-0.156293875	0.119423976562	0.200763578125	-0.096643578125	0.1499779375	0.149669109375	-0.27418175	-0.137305234375	-0.07288684375	0.210500484375	0.145248015625	-0.21744196875	-0.30505978125	-0.18917025	0.1987434375	-0.2310840625	-0.30949621875	0.199772265625	-0.203491328125	0.0316217050781	-0.117735179687	0.0265985996094	0.20747528125	0.215510578125	0.105272	-0.22908525	0.195187484375	0.2280199375	0.0804290625	-0.175564140625	0.427117	-0.25185375	-0.130282085937	-0.40129278125	0.20815665625	-0.19506215625	-0.2519785625	0.26554296875	0.220061375	0.124205820312	0.2809559375	0.237146015625	-0.182499703125	-0.11961403125	-0.1385381875	-0.116102375	0.215932390625	-0.114647742187	-0.129438617187	-0.2266548125	0.257804359375	0.196208375	0.182050203125	-0.0828239296875	-0.1713269375	0.182898453125	0.17993553125	0.114233304687	-0.1396674375	-0.236518375	-0.151901953125	0.25684728125	-0.108283945312	0.153733890625	0.155734171875	-0.35294853125	-0.21588128125	-0.0418925234375	0.2147728125	-0.152738859375	-0.138951453125	0.17311575	0.199114390625	-0.159969046875	-0.250026296875	-0.2333778125	0.0680495625	0.30130553125	0.22679021875	0.072069109375	-0.0338633632812	-0.1775248125	-0.16388940625	-0.22553671875	0.0259503359375	-0.1423916875	0.164893328125	0.285399375	-0.09712275	-0.21521809375	-0.13422865625	0.194571984375	2.97	0.22	0.132	0.025	0.200276133327
73	9	251	2.6651115	0.6832559375	0.51718590625	0.40535121875	0.240428359375	0.26635321875	0.143491375	0.09499978125	0.226434	-0.098704296875	0.151819546875	-0.1396549375	0.066655328125	-0.08698653125	0.3642021875	-0.120954460937	-0.15212846875	0.245226609375	-0.189739578125	-0.0353693359375	-0.176770859375	0.1015789375	-0.1594928125	-0.19359234375	-0.125518929687	0.3574228125	-0.219196015625	0.187937953125	-0.1903826875	-0.134058703125	-0.3067044375	-0.0622901914062	0.0827698828125	-0.164589	0.1747720625	0.0318285976562	0.133419515625	0.09283340625	0.33999790625	0.018850796875	-0.18279271875	-0.096469625	0.132069984375	0.152717453125	0.091278625	0.164518875	0.26626446875	0.10466646875	0.127702148437	-0.0508962109375	-0.2708370625	-0.2572935625	-0.15168840625	-0.23887940625	-0.11879684375	0.15469503125	0.143762078125	0.096877703125	0.199347140625	-0.235993171875	0.129008554687	0.13707634375	0.087257203125	-0.1746775625	-0.167937015625	0.1749920625	0.206257515625	-0.242466625	-0.1108489375	-0.043698484375	0.132827046875	-0.154283875	0.31229903125	-0.0228818476562	0.19211634375	0.0482000390625	-0.136858015625	0.101287148437	0.0764280390625	0.27493025	-0.26507296875	-0.104086523437	-0.1891828125	-0.171430078125	0.342658375	0.165087109375	0.18375184375	0.095203734375	-0.1793905625	0.153466359375	-0.2171780625	-0.0368368164062	-0.06665840625	0.149204171875	-0.0212723457031	0.0559071367187	-0.232063390625	0.186505359375	0.135164203125	0.143885484375	-0.112131554687	0.154774375	-0.32700675	-0.163273515625	-0.0410516914062	0.166731859375	-0.34862678125	-0.24753284375	-0.0120615439453	0.0815596328125	-0.068237828125	-0.232814578125	-0.212249125	-0.20140796875	-0.1381695625	-0.253778078125	-0.0590941054687	-0.207923484375	0.0722922109375	0.164601515625	0.31068725	0.127606671875	0.081675828125	0.262060296875	-0.1629284375	-0.38536078125	0.112551039062	0.123137578125	-0.121306679687	-0.07875325	0.22700409375	-0.231894390625	-0.089159078125	0.152662828125	0.0798435625	-0.118483148437	0.28426315625	-0.2703558125	0.146775515625	-0.15253378125	-0.0351005820312	0.092607109375	-0.176596890625	0.111060078125	0.0805227421875	-0.29900696875	0.136370109375	-0.0809730234375	0.0870935546875	0.09354140625	0.178439265625	0.19204825	-0.101092195312	0.0675068515625	0.070782484375	0.396914	-0.128800429687	0.0525448789062	0.122857828125	-0.3787841875	0.19137046875	-0.1035094375	-0.151739203125	0.076231484375	-0.204565171875	-0.129544335937	0.1358166875	0.192699203125	0.17442296875	0.111347390625	0.134567609375	0.25097640625	0.0465684882812	-0.244368765625	-0.12364446875	0.2705829375	0.238307390625	-0.09081140625	-0.08706259375	-0.100723195312	0.23735196875	0.201712203125	-0.160828703125	-0.14974759375	-0.171503265625	0.0771369140625	0.105920359375	0.13673490625	-0.185827734375	-0.240996171875	-0.0551962734375	-0.160655703125	-0.333955125	0.29847315625	-0.166182	0.2857140625	0.21907390625	0.105117226562	-0.22090275	0.0884330546875	-0.31282378125	0.102723234375	0.137532546875	0.051446453125	0.179522484375	-0.3457616875	0.1103765	0.1799299375	-0.092415671875	-0.20066759375	0.113597882812	0.232905609375	-0.184298390625	-0.0335571875	-0.35919303125	-0.1323410625	0.1113145625	-0.127592734375	0.40756215625	-0.108029859375	-0.050852640625	-0.197746640625	-0.176669828125	0.07603303125	0.198886984375	0.116948046875	-0.079655984375	-0.0415528125	0.11681696875	-0.145511078125	-0.169780171875	-0.122644921875	0.1343740625	0.0408230195312	-0.25288815625	0.102038476562	-0.22665175	-0.164307828125	-0.1210195	0.07129709375	0.1224869375	0.16248046875	0.120579867187	-0.14516359375	-0.216870328125	-0.0902955	-0.4369859375	0.20507640625	-0.2266233125	-0.3074615625	0.19370021875	2.64	0.18	0.08	0.008	0.178492273988
74	92	251	3.22532525	0.145517640625	-0.25268025	0.0457896835937	0.2898910625	0.0931990625	0.1708169375	0.179048078125	-0.2278426875	-0.2122221875	-0.251466890625	0.0428253125	-0.226664421875	-0.2148061875	0.075998109375	0.2073179375	0.125431953125	0.25351809375	0.27571525	0.0936181484375	-0.26530321875	0.173640046875	0.164861140625	0.169662	-0.160710015625	0.31285190625	-0.239336078125	0.04250503125	-0.1667249375	0.173174734375	0.0968966328125	0.16272953125	-0.25321609375	0.204582578125	0.2078186875	-0.3200761875	-0.090561703125	0.1464269375	0.225660203125	-0.1838623125	0.107625695312	-0.38607453125	-0.298720125	-0.101568296875	0.07626025	0.214101953125	0.208074671875	0.189546703125	0.117742476562	0.121307671875	0.23907646875	-0.1347885	-0.146756140625	-0.166656875	-0.33104015625	0.14657484375	-0.26493828125	0.1487634375	0.124669960937	0.39939553125	0.163947359375	-0.253747	0.34168278125	0.1277729375	0.215032421875	-0.173972953125	-0.214176953125	-0.139527625	-0.194942	-0.32373978125	-0.2511970625	0.2997059375	-0.228035578125	0.31779553125	0.173161375	-0.2322445625	-0.14935984375	-0.28360840625	-0.28725221875	-0.172079703125	-0.112790242187	0.14824546875	0.195616125	0.471566375	0.17902678125	0.19059709375	0.315724625	-0.290164625	-0.2233493125	-0.138324546875	0.0653416171875	-0.219598984375	-0.231960609375	-0.3303515	-0.238308609375	0.1822715	-0.272323	0.2154991875	-0.20449225	-0.18302540625	0.222026578125	0.3525473125	-0.13403040625	-0.32095653125	0.220847640625	-0.2943114375	-0.1452983125	-0.2657115	-0.12411434375	-0.192070875	0.208230921875	0.0777431796875	0.139900953125	0.2832086875	0.05647259375	0.116351578125	-0.113796328125	-0.204762796875	0.15740765625	-0.155578359375	0.0948325	-0.1503769375	0.32788715625	0.30695009375	0.3595756875	0.137146765625	-0.1720041875	0.146914109375	0.19842109375	0.30944225	-0.24146603125	-0.30597659375	0.084370609375	-0.0975615078125	0.35816646875	0.25630128125	0.29578559375	0.25822121875	-0.06634965625	0.262776	0.201083640625	-0.110666210937	-0.176103578125	0.125130625	-0.2851269375	-0.216084109375	0.237851	0.18110240625	-0.29541190625	0.2742258125	0.17957446875	0.1343341875	-0.15021453125	0.112499890625	-0.22606371875	-0.231489328125	0.3157564375	0.251131	0.1616778125	-0.3422345625	0.368421875	0.1274540625	-0.2129214375	0.1829931875	0.2651090625	-0.143715890625	-0.1620419375	0.129961375	-0.149624015625	0.208662140625	0.138749015625	0.31260621875	-0.2661535	0.16191584375	-0.29231253125	-0.41224653125	0.296558125	0.2192801875	0.0754994375	0.210779203125	0.108694375	-0.168393265625	-0.223474	0.16019321875	0.100399671875	-0.204283734375	-0.28161328125	0.30754278125	-0.42140159375	0.210207328125	-0.210011578125	-0.19666240625	-0.138787671875	-0.224216484375	0.2086018125	0.186404875	0.206012640625	0.1441685	0.0410506640625	0.2871095625	-0.2152138125	-0.093680359375	0.17804234375	-0.173617546875	-0.130050265625	-0.17402409375	-0.3923119375	-0.31942525	-0.190544078125	0.193176421875	-0.2120869375	-0.1759195625	0.3222158125	0.26986221875	0.080606734375	0.17424340625	0.31116025	-0.14937253125	0.18615675	-0.164160234375	-0.139250234375	0.30436671875	-0.103763109375	0.1345489375	0.165013328125	-0.145224625	0.08352753125	-0.109967859375	-0.186798453125	0.101271695312	0.230449484375	-0.151740578125	-0.25523409375	0.23735359375	-0.3462275	0.136290125	0.15041340625	0.3341734375	-0.233697265625	-0.209880921875	0.24950015625	-0.36730378125	0.122487023437	-0.18409371875	-0.191542875	-0.119500484375	-0.148514359375	-0.23893340625	-0.32875746875	-0.206566125	-0.165467015625	3.23	0.24	0.3	0.4	0.218889014502
75	112	251	2.5258965	0.876769	0.712112375	0.4592795625	0.31665984375	0.29523709375	0.27352553125	-0.253445921875	0.2948425	0.27780375	-0.087093640625	-0.0788675234375	0.37580609375	-0.246056390625	-0.208617640625	-0.221959953125	0.4180804375	-0.1625551875	0.21872875	-0.28581121875	-0.0877549453125	-0.24227690625	0.262911375	-0.096315953125	0.116386484375	0.267924375	0.14075203125	-0.203899328125	0.103023179687	0.21257471875	-0.16255121875	-0.385461125	0.211606125	-0.2270444375	-0.150081671875	0.229563921875	-0.1415245625	-0.120245195312	0.22406496875	-0.235989515625	0.227374546875	-0.13988803125	-0.198589015625	0.117148328125	0.2270125	0.192536109375	-0.226721546875	0.172430171875	-0.204760140625	0.2069063125	0.129293609375	-0.15036334375	0.35089896875	0.222673328125	0.18302403125	0.165805171875	-0.138730109375	0.0649160078125	0.114929023437	0.24485325	-0.203809421875	-0.1695789375	-0.28367228125	-0.3862073125	-0.35572775	0.184455203125	-0.205748984375	0.29862196875	0.3772305625	0.220249390625	0.231712015625	-0.20023190625	0.33539534375	-0.207223609375	0.4276768125	0.207365828125	-0.31962046875	0.15887978125	-0.30897590625	0.19074175	0.1745579375	0.1911075625	0.28342528125	-0.243346640625	0.0956493671875	-0.21386840625	-0.3004424375	0.22496628125	-0.20611546875	-0.29082721875	0.26731978125	-0.11224890625	-0.127948921875	0.18580228125	0.201875390625	0.082424296875	0.113261328125	-0.19747409375	0.328580125	0.164191578125	0.110892632812	-0.2969425	0.210596515625	-0.188522015625	-0.34844665625	-0.2022573125	-0.23745609375	0.106042648437	-0.220296828125	0.0719441953125	0.142414234375	-0.08521290625	-0.103011921875	0.338042875	0.1708191875	0.0854911875	-0.26844453125	-0.19579165625	0.21504909375	-0.191648703125	-0.1470599375	-0.108561609375	0.178312	0.227055953125	0.29591984375	0.179746625	0.232753640625	0.26634903125	0.331185	0.28816146875	-0.146980234375	-0.23771071875	0.5248633125	-0.236080296875	-0.261172328125	-0.117111320312	0.34679784375	-0.235569953125	-0.3299025	-0.08877040625	0.2835135625	0.1967308125	0.142546375	-0.315423375	-0.169180875	0.270671875	-0.39555253125	0.0811162421875	0.1991041875	0.36781815625	-0.111044796875	-0.1983338125	0.14921028125	0.25491509375	-0.523605125	-0.370661	-0.4046339375	0.380787625	-0.16286490625	0.33505553125	0.228494078125	-0.0119865957031	-0.33387875	0.141356921875	0.257663984375	-0.0519915625	0.148463171875	0.2325479375	0.196491609375	-0.31648696875	0.196241234375	0.192388078125	0.3476580625	-0.18505896875	-0.3034878125	-0.2882956875	-0.144276421875	0.126184203125	-0.1396620625	0.0867226796875	-0.149915078125	-0.240811375	0.135529984375	0.110761679687	-0.1902968125	-0.233767625	-0.154052453125	-0.17200303125	0.143536359375	0.216471609375	-0.119444523437	0.34975846875	0.253912109375	0.196886203125	0.2221009375	0.197937640625	0.246243234375	0.1392694375	-0.21434909375	-0.208078921875	0.147832078125	-0.296853	0.20374359375	0.189636515625	-0.16894675	0.17100240625	0.2017084375	0.43640278125	-0.18553040625	0.199482578125	-0.109649671875	0.0630603945312	-0.16795140625	0.1619435	-0.1447454375	-0.3002845625	0.164742640625	0.2971564375	0.0307776855469	-0.164608140625	0.207625671875	0.194001734375	-0.178167609375	-0.420766875	0.26777415625	0.240419328125	0.3337448125	-0.24565971875	-0.14351975	-0.2296666875	-0.257647828125	-0.27706071875	-0.26311459375	-0.09602759375	-0.128540773437	0.13362259375	0.149780546875	-0.2148713125	-0.108531046875	0.144532921875	-0.199381171875	-0.3168699375	-0.09290378125	0.230052859375	0.09923746875	-0.187443046875	-0.146591296875	0.212022703125	0.268170625	-0.0975792734375	0.27567584375	2.52	0.22	0.067	0.008	0.226586373926
76	27	251	4.052172	2.97625475	3.2089315	2.960115	3.07081025	3.043491	3.0909375	2.87066125	3.03010225	2.977276	2.9662405	2.93246125	2.9120025	2.650761	3.049407	2.974839	2.91165225	2.73961975	2.6720535	2.802056	2.646847	2.5124435	2.75012625	2.6027235	2.71300325	2.54585475	2.636994	2.691686	2.75508725	2.7292055	2.6577175	2.67615125	2.32807525	2.43506125	2.28863	2.54168275	2.47329075	2.52301325	2.492821	2.4205515	2.43861175	2.37276675	2.330146	2.23150075	2.43166425	2.43713075	2.1780785	2.27455625	2.23457575	2.1415865	2.383301	2.26417575	2.00778575	2.0117315	2.18678925	2.0517875	1.926482375	2.027024875	2.057883375	2.2542275	2.09129075	2.18418975	1.988388	1.9918325	2.2638345	2.056646875	1.868357125	1.781594	1.87783325	2.22133475	2.1166435	1.8966775	1.893362125	1.948541375	1.84511025	1.8292075	1.747362125	1.9260795	2.018750375	1.92152875	2.08996675	1.63429625	1.866158125	1.86119775	1.784587	1.89763575	1.815965125	1.700083	1.7100645	1.647440125	1.793434375	1.618749625	1.77215575	1.551403625	1.70595725	1.703572	1.67161075	1.52651725	1.58439825	1.607471625	1.447043875	1.648041375	1.64804525	1.796833125	1.375068875	1.52773375	1.455088625	1.6272625	1.5773045	1.387925	1.303126	1.5386805	1.450970375	1.359604625	1.4527815	1.7273335	1.50677175	1.273801625	1.530245125	1.437708125	1.42504125	1.24166575	1.50566125	1.255507	1.31101825	1.374268	1.16685475	1.38719175	1.5790955	1.219349125	1.322405375	1.12070275	1.332829	1.413574125	1.284830625	1.322805625	1.110465375	1.4657015	1.1086835	1.327429	1.407856875	1.062372125	1.0347151875	1.247615625	1.234144875	1.28491625	1.184935375	1.278198375	0.9521379375	1.084518375	1.164567125	1.076303	1.300049125	1.219533875	1.349005	1.4226455	1.079893	0.9717346875	1.272469	1.0616455	1.302281	1.1678295	1.056600125	1.26254675	0.724450875	0.9706756875	1.087018375	0.973530875	0.780879625	0.935171375	1.0468615625	0.8750546875	1.084911	0.9806821875	0.9195864375	1.161948	0.8405385625	0.7899465625	0.9959921875	1.055810375	0.8075505	0.977977875	0.9548926875	0.7796790625	0.908076875	0.864804625	0.9290941875	0.8526481875	0.8856301875	0.871499625	0.9895670625	1.0295425625	0.8552758125	0.7522726875	0.7663809375	0.872415125	0.855210625	0.9410035	0.91994125	1.074201875	0.743848	0.80898925	0.666916125	0.8118375625	0.875798125	0.743783875	0.568585625	0.8253945	0.8865481875	0.69670625	0.9164573125	0.7174254375	0.7124968125	0.73870025	0.754646375	0.771758625	1.0016949375	0.741038	0.8764539375	0.740985375	0.8550174375	0.6384141875	0.6491464375	0.8586351875	0.6670553125	0.77912675	0.744922125	0.6871561875	0.7219729375	0.5385185	0.70302075	0.6079431875	0.6783245625	0.9832431875	0.661688125	0.4840064375	0.5895868125	0.7729555625	0.773264625	0.70523225	0.695173	0.7760291875	0.8529613125	0.732639125	0.8021605	0.68492775	0.8697913125	0.573386125	0.8567061875	0.654350625	0.5810949375	3.178	0.026	0.001326	1.9E-5	0.131940400415
77	42	251	2.591225	1.294320375	1.63968075	1.4716345	1.7287745	1.349694	1.325790625	1.7247585	1.8059	1.631942375	1.642807875	1.815391875	1.6608245	1.835054125	1.744195125	1.604693125	1.793888	1.775204625	1.662243875	1.708202	1.91338	1.993299875	1.80205825	1.9530765	1.89771625	1.81152825	2.03189725	1.97228375	1.933158	1.666083625	1.874588375	2.003410375	2.003737625	1.9380435	2.007080375	1.88697075	2.09343175	1.897977875	2.29966	1.977479875	1.886191875	2.057489	1.781477375	1.878245375	2.12838675	1.981338	2.015863875	2.1641625	2.20175975	1.9424555	2.024705625	2.10292825	2.1899455	1.91413425	2.0935655	2.01400025	2.051934375	2.10298925	1.98664325	2.065429375	2.2253355	2.1329315	2.24291425	1.940370125	1.89128925	2.185374	1.958115125	1.931937875	2.022419375	2.1348195	2.15438175	2.123221	2.24034575	2.004190875	2.188512	2.14432925	2.03401275	2.11802725	2.0144805	2.2002095	1.976452375	2.22897375	2.098002	2.34662975	2.18964475	1.96916525	2.216448	2.2614975	1.821105	2.068966375	2.3825525	2.1704815	2.01806625	2.1868235	2.137224	2.237461	2.03630975	2.1473075	2.2271995	2.31615075	2.18585025	2.18236575	2.30310175	2.087573625	2.095341625	2.33393875	2.11429625	1.9088325	2.2106185	2.14673825	2.07318	2.10237925	2.0261625	2.068600625	1.999127875	2.26371725	1.914558875	2.27931675	2.43889475	2.12881325	2.147958	2.10586025	2.12018075	2.090208125	2.264727	2.36926	2.16429325	2.011953625	2.15292275	2.018188125	2.3204315	2.162901	2.14379	2.2406115	2.2016425	2.001126125	2.27126825	2.26604675	2.427157	2.571798	2.25198725	2.255727	2.21186175	2.2257535	2.2654275	2.193443	2.32215325	2.1956715	2.19390975	2.2216615	2.14791525	2.263698	2.24001925	2.058753875	2.25119025	2.246163	2.1414495	2.23315875	2.18842675	2.25757425	2.2064305	2.2458265	2.1147805	2.11711475	2.2030575	1.946863125	2.1494995	2.1112125	1.9634265	2.0635845	2.09933025	2.17607325	2.162908	2.391709	2.3749245	1.99918625	2.396194	2.3675395	2.12615375	1.98486625	2.03987925	2.29976075	2.40086125	2.19751725	2.31238925	2.07513375	2.1562015	2.2698145	2.173141	2.246175	2.18821825	2.258444	2.15454225	2.075423625	2.3323795	2.2342705	2.1582485	2.31801625	2.15984975	2.12762675	2.2112845	2.334797	1.996236875	2.1300085	2.31814475	2.075372625	2.326346	2.36430525	2.36043375	2.283142	2.0979885	2.189246	2.082547625	2.24729825	2.033491	2.3155155	2.14087025	2.299872	2.09409	2.46952775	2.15167125	2.208832	2.073852125	2.34513975	2.29569325	2.062648125	2.17595625	2.40694025	2.213333	2.3650205	2.13665425	2.141168	2.2331375	2.19314875	2.08311	2.1745035	2.3215835	2.114035	2.24542475	2.11158475	2.220163	2.183613	2.26301925	2.081827375	2.299942	1.963773	2.03283325	2.229483	2.19990575	2.01723075	2.29127225	1.921	0.022	-1.45E-4	1.6E-5	0.162954319161
78	143	251	2.73276725	0.91942225	0.6112815	0.42990315625	0.6618385	0.600516875	0.4853851875	-0.0459081953125	0.7000024375	0.77983325	0.58421975	0.52374675	0.5685784375	0.6185851875	0.7122499375	0.81411725	0.6943323125	0.7467923125	0.784209	-0.130206796875	-0.17030003125	0.86126675	0.645720625	-0.110299117187	0.59191025	-0.0255613007812	0.593426625	-0.219460203125	0.5346685625	0.704345125	0.594996	0.7248369375	-0.104136414062	0.646847375	0.630327625	0.5795909375	0.939686625	0.554597875	0.6327459375	0.6006196875	-0.0161907392578	0.5690206875	0.8015480625	0.73201725	0.6246275	0.50590515625	0.450408	0.7575121875	0.67582975	0.58398525	0.6805543125	0.5869744375	0.6455739375	0.776827375	0.6000835	0.6617425	0.633688125	0.7244505	0.6650956875	-0.1262761875	0.600174125	0.608972375	0.724450875	-0.0609011992187	0.613128625	0.793187875	0.7965745	0.794702375	0.5895919375	-0.108105703125	-0.119906726562	-0.1645701875	0.6238065	-0.125306992187	0.751246125	0.3684579375	0.8092861875	-0.11286221875	0.61358375	0.5401786875	-0.0336034804687	-0.119976367187	0.49727984375	0.5239806875	0.8379634375	0.49414596875	-0.14607309375	0.87452325	0.8542703125	-0.0534691015625	0.6826203125	0.817371125	0.8698554375	0.5859743125	0.48199434375	0.592730125	0.742079625	0.8362684375	0.559244875	-0.1722901875	0.7025746875	0.5253989375	0.8044486875	0.6173616875	0.640518125	0.731368375	0.4183510625	-0.30694965625	0.6423669375	0.49342525	0.845135375	0.695423125	0.703103625	0.580559625	0.90575575	0.7107353125	0.375075875	0.42525271875	0.68100725	0.8930950625	0.5774585	0.27678721875	0.4565535	0.890126	0.7378590625	0.5671335	0.764168875	-0.2063373125	0.746708375	0.513959	0.684840875	0.614316625	0.8864665	0.678085	-0.106945226562	0.75966875	0.712200125	-0.2625196875	0.7325336875	0.736098125	0.6852734375	0.5625865	0.70695225	0.58350625	0.5574871875	0.7307114375	0.81197025	0.6418269375	0.64927225	0.992985375	0.7836639375	0.639671	0.7265328125	0.6961464375	-0.07458565625	0.59831725	0.721064	0.702899125	0.918018875	0.527573125	-0.0758001015625	0.754428	0.7018853125	0.641446125	0.94187925	0.8587505625	0.7021823125	0.5509831875	-0.110047039062	0.764352375	0.5939373125	0.736211375	-0.169286875	0.721220625	0.61761275	0.7666506875	0.5573781875	0.7211595	0.7743225	0.600132375	0.43198878125	0.655933	0.5354479375	0.645111875	0.644990625	0.8824279375	0.6034181875	0.7293185625	0.8378281875	-0.06660159375	0.592045875	0.5925559375	0.723661125	0.8404386875	0.7167044375	0.6694125	-0.144988375	0.6826445625	0.49025321875	0.737699	0.9049774375	-0.110047226562	0.886269125	-0.14155784375	0.7218543125	0.735702625	0.535706125	0.6333864375	-0.19719715625	0.650021	0.9012570625	0.7525415625	0.744422	0.8448815625	0.7037331875	0.732326875	0.7094685625	0.8461001875	0.73898375	0.6480785	0.5918714375	0.7044288125	0.84118775	0.6417354375	0.525170625	0.6554020625	0.5670256875	0.675215125	0.5275723125	0.6605915	0.6128451875	0.7774134375	0.6868253125	0.77781675	0.7456869375	0.760212	0.853160125	0.59298775	0.485156125	0.926093875	0.7007823125	0.8350529375	0.5996838125	0.5724410625	0.595552625	0.820798375	0.7321418125	0.902213625	-0.0587552304687	0.693864375	0.861019125	0.517	0.04	-1.8E-4	1.0E-4	0.326590764006
79	44	251	1.80447525	1.002542625	0.972784875	0.7766349375	0.9353044375	1.040998625	1.071279875	0.9804195625	0.89229575	0.8542146875	0.913998	0.8723709375	0.6942049375	0.776210625	0.835212125	0.898811125	0.51848709375	1.0056295625	0.66196525	0.8455170625	0.835666	0.733353625	0.600154875	0.73328475	0.679246	0.7097654375	0.63664875	0.6561324375	0.7295181875	0.6232500625	0.7505269375	0.8815451875	0.708252625	0.5845901875	0.4942454375	0.6333954375	0.827074125	0.762521375	0.693666125	0.5670438125	0.5365341875	0.63030425	0.720280125	0.481134125	0.45605609375	0.5753225	0.46343390625	0.68599625	0.4513013125	0.29371659375	0.5809385	0.5970886875	0.2967648125	0.50097396875	0.6815038125	0.6313746875	0.553733875	0.5497595	0.4133276875	0.5656715	0.5811465	0.5467501875	0.381511625	0.4253739375	0.34541621875	0.213856015625	0.40346646875	0.5407434375	0.6081953125	0.49436653125	0.146386359375	0.359098	0.160052	0.480215625	0.37460109375	0.505276625	0.5466935	0.352706875	0.460880875	0.7775161875	0.4649146875	0.40078203125	0.3932088125	0.52062159375	0.47411865625	0.33331946875	0.22753365625	0.43501375	0.33167759375	0.5318766875	0.265558875	0.46224525	0.36565121875	0.4543024375	0.2711035625	0.4425975625	0.4224099375	0.16424628125	0.2571403125	0.42040096875	0.197324796875	0.261288734375	0.38933746875	0.358872	0.44206128125	0.39684334375	0.2170395625	0.212078515625	0.28524071875	0.43064421875	0.368974375	0.1436475625	-0.17141409375	0.101796273437	0.29768415625	0.220097078125	0.166578671875	-0.096542046875	0.1934085625	0.43291278125	0.155575515625	0.1779679375	0.3593700625	0.18778659375	0.26341153125	0.21578646875	0.19858725	0.204363359375	0.111299742187	0.149465703125	0.20366396875	0.3381566875	0.2233484375	0.4707311875	0.22548521875	0.33112553125	0.183590828125	0.0707792734375	0.244247796875	0.20722653125	0.192943984375	-0.136804078125	-0.145565984375	0.186843796875	-0.102387890625	0.28772009375	0.208919921875	0.235635921875	0.2550805	0.177147875	0.180081125	0.3198329375	0.31553934375	0.2250489375	0.2510101875	0.220946625	0.27475665625	-0.15292990625	0.2459309375	0.24490996875	-0.256970375	0.23720053125	0.240662453125	0.2643910625	-0.157768953125	0.100529695312	0.1140013125	-0.241166765625	0.200699625	-0.240738265625	-0.193275859375	0.312851875	0.1557781875	0.243351984375	0.1423446875	0.119010835937	0.089174609375	0.0430788125	0.212478375	0.23483053125	0.2518579375	0.08066515625	0.150305671875	0.0817904765625	0.082612125	0.1863146875	0.104156117187	-0.11112465625	-0.20776040625	0.40204215625	-0.2640855625	0.115507351562	0.222848234375	0.38898325	-0.168045171875	-0.0699190546875	0.229038421875	-0.200370453125	-0.154948125	0.251550671875	-0.315753375	0.110152117187	0.130856734375	-0.1505428125	-0.3036635625	0.19211959375	0.208892203125	0.18056671875	0.2376843125	-0.094300078125	-0.170293	0.0386757148437	0.2567329375	-0.1118245625	0.35023440625	-0.180598078125	0.133900359375	0.2116091875	0.224799921875	-0.197832234375	-0.201843859375	-0.191431484375	-0.202902078125	0.095192796875	-0.248148578125	-0.19246103125	-0.31699184375	-0.138503890625	0.245410734375	-0.156038890625	0.16461140625	0.129553140625	0.12034309375	-0.0925390390625	0.0940335	-0.10129534375	0.097888125	0.206054203125	-0.3307515	0.128881851562	0.35573846875	0.23678528125	0.185491203125	0.079679171875	0.1776525	-0.358863	-0.227937359375	0.150094515625	0.16430490625	-0.126936625	0.147687515625	1.07	0.041	0.00263	1.4E-4	0.165744979853
80	135	251	1.790325	0.6924160625	0.602042625	0.586512625	0.6353418125	0.6318880625	0.65454475	0.7785825625	0.809847875	0.54409025	0.5447906875	0.7975539375	0.5146543125	0.3504035625	0.8608375	0.6170365	0.495181625	0.50251925	0.5729505625	0.539443	0.3016733125	0.43769428125	0.5323655625	0.3707156875	0.26914565625	0.64309525	0.4316423125	0.4062978125	0.26237928125	0.44703784375	0.3493219375	0.3719474375	0.50964990625	0.524726125	0.41129384375	0.5425235625	0.4998631875	0.41537653125	0.37767128125	0.5395056875	0.4804098125	0.242795921875	0.34206628125	0.43191034375	0.42776134375	0.44044284375	0.43906625	0.680464875	0.26744853125	0.41578359375	0.5194595	0.43528453125	0.248639734375	0.34391659375	0.2896121875	0.212464203125	0.2647869375	0.5053653125	0.19610365625	0.3206145	0.3757111875	0.5642945625	0.187689890625	0.206302203125	0.41525315625	0.41923325	0.203889625	0.30029403125	0.438882625	0.37309871875	0.2321443125	0.24793621875	0.18576128125	0.3022234375	0.225201125	0.35360615625	0.1505034375	0.25738196875	0.32110309375	0.35395734375	0.35366153125	0.270840625	-0.0721546484375	0.30505040625	-0.175299390625	0.26380821875	0.385690375	0.41680325	0.28691721875	-0.119932640625	0.154666578125	0.13806359375	0.249614953125	0.2555945	0.28045315625	0.34999790625	0.2726295	0.07458715625	-0.134700765625	-0.0638978789062	0.481915875	-0.185997	0.2819086875	0.28019221875	0.085076375	0.2968736875	0.284885125	0.045496546875	0.142731375	0.250525	0.16384140625	0.2764695	0.1452131875	0.151864390625	0.317616125	0.2660425625	-0.24356365625	-0.16667590625	-0.238338265625	0.35214078125	0.41877803125	0.166347328125	-0.0752080390625	0.248750140625	0.240143078125	-0.2093985625	0.1760025625	0.198943234375	0.1918183125	-0.1611050625	0.1499989375	0.29207128125	0.178357078125	-0.230166265625	0.158497375	-0.19403759375	0.352215875	0.0642113203125	0.15909490625	-0.181164828125	0.1588495625	-0.099948765625	0.2966775625	-0.118152015625	0.150927984375	0.118557984375	-0.0579475429687	0.2691593125	0.217400390625	-0.138760328125	0.128046367187	0.154130578125	0.258607203125	0.120312898437	0.2834615	-0.179469765625	-0.098643515625	-0.08462959375	-0.120788484375	0.188247046875	0.238426703125	0.100414898437	-0.1497925625	-0.102311734375	0.151642125	0.0936254453125	0.15358375	0.30164246875	-0.09068953125	0.38194571875	-0.161108375	0.201152796875	0.181602078125	-0.122716914062	-0.0819971875	0.15952075	0.12150278125	0.175484375	0.207903734375	0.0365379609375	-0.162224796875	-0.174337578125	-0.1781750625	0.229436328125	-0.166973828125	-0.0983573671875	-0.067675703125	-0.16358775	0.216682421875	-0.085334234375	0.318730625	0.138952515625	-0.155207734375	0.1715350625	0.095191328125	0.169177265625	-0.136981078125	-0.142121875	-0.260086296875	-0.154439546875	-0.181243171875	-0.19725896875	0.28409159375	-0.221119234375	-0.29392546875	0.120606960937	0.120352101562	-0.133655109375	0.14805753125	0.0505491640625	0.22073475	-0.073043609375	-0.09906875	0.183745734375	0.0792885390625	0.117875882812	0.16850034375	-0.17866425	0.233555625	-0.256078890625	0.43005928125	-0.0400634453125	-0.07984153125	0.0721193125	0.223236140625	-0.12209915625	-0.0741848671875	-0.185056546875	0.163001125	-0.077288265625	0.140025875	0.22945290625	0.06561190625	-0.28696825	0.07886546875	-0.179280640625	0.21246159375	0.21883803125	-0.19058884375	-0.18702246875	-0.166486671875	-0.142866109375	-0.115229476562	0.180982875	0.2820915	-0.110609390625	-0.171352	0.557091625	0.240565046875	-0.158267375	-0.109378203125	0.8	0.05	0.00318	2.9E-4	0.1786651888
81	99	251	5.122322	0.158515875	-0.116877125	0.35240575	-0.1538589375	-0.02928440625	0.079293609375	-0.1245375625	-0.0324345722656	-0.137376390625	0.317392125	-0.2924145	0.141532953125	-0.188574546875	-0.18739059375	-0.0990592734375	0.0522700976562	0.235235296875	-0.186591671875	0.111333007812	-0.0909095390625	-0.137239109375	-0.15408446875	-0.2930684375	0.0752201015625	-0.223334125	-0.115012195312	0.1401109375	-0.332452875	0.2023254375	0.128950578125	0.143258875	-0.186380234375	-0.156447125	-0.09525715625	0.1544688125	-0.130303679687	0.128763085937	-0.239398953125	0.22458046875	-0.0942843359375	-0.16936909375	-0.075341921875	0.0702214375	-0.16180653125	0.095896859375	0.14931121875	0.164934578125	-0.232355671875	-0.159805578125	0.12904725	-0.3675631875	0.0528388867187	0.31610315625	0.35114428125	-0.15803153125	-0.10876090625	0.17002240625	0.232738296875	0.18600446875	0.25553471875	-0.0774701953125	0.69159475	-0.225026375	-0.112186835937	-0.1354291875	-0.19690134375	0.13079675	0.2496755625	0.2107108125	0.164554234375	-0.129585132812	0.1917444375	-0.21051153125	-0.129604117187	0.30524690625	-0.161512203125	0.193051125	-0.122900445312	-0.2003875625	0.0980616328125	0.068041015625	-0.111129632812	0.106049851562	0.2316429375	-0.105205078125	-0.079622921875	0.235722046875	-0.0486065078125	0.123145210937	0.1507625625	0.174843796875	0.121336835937	0.34176559375	0.116384710937	-0.0286215136719	0.216123625	-0.0610218398437	-0.0370094609375	0.092304046875	0.159577328125	-0.0684322578125	-0.19234075	0.0879839453125	-0.153366625	-0.245218421875	-0.2121655	-0.0985332578125	0.0359908242187	0.240201390625	0.101666375	-0.24291165625	0.24183528125	0.22615859375	-0.2265468125	-0.29622821875	-0.361525875	0.192625359375	-0.2088739375	-0.190484328125	0.19611890625	-0.2457163125	0.228498765625	-0.100926390625	-0.049560796875	0.25182871875	0.1813066875	-0.0437909101562	-0.15820153125	-0.259006234375	0.219278796875	-0.080589703125	0.0531525273437	-0.27729134375	-0.2333614375	-0.102809890625	-0.1119296875	0.21261234375	-0.142379125	0.050326578125	0.21397296875	0.10832928125	0.0630527109375	-0.0776598984375	-0.189047671875	0.134612015625	0.184147671875	-0.154274328125	-0.120017390625	0.224888546875	0.32806621875	-0.165629	-0.18239759375	-0.0328269101562	0.18794871875	0.150814421875	0.0894238671875	-0.181041578125	-0.18153396875	-0.0112077578125	-0.0883782734375	0.0982155546875	-0.0738162890625	0.080335453125	-0.201233484375	0.124564	0.28875265625	0.0925996484375	0.065675375	-0.2810141875	0.227279765625	0.354426	0.22400640625	0.199048828125	0.17746909375	-0.233025921875	-0.0317103632812	-0.0378803476562	0.115920445312	0.13606715625	0.228915421875	0.2708833125	-0.19236996875	0.13761346875	0.10611715625	0.213954	0.302842	0.164865734375	0.089365109375	0.0605081171875	-0.207454796875	-0.166730375	0.123370648437	-0.28206303125	0.219823125	0.121024304687	0.227427421875	0.143186609375	0.152249703125	-0.115343304687	0.30174178125	0.0331511015625	0.130014289062	-0.1908179375	-0.213324390625	0.2121143125	-0.07938715625	0.23093596875	-0.2671895625	0.185591734375	0.30363171875	0.07258040625	0.23935528125	0.217385625	-0.174174765625	-0.1391283125	0.16421134375	0.1746905	0.054242109375	0.08366440625	0.284408	0.169173859375	-0.160257171875	0.130734421875	-0.059485671875	0.33342721875	0.133397109375	-0.1752228125	0.0528779375	0.220158578125	0.127093453125	0.262111953125	-0.0671365546875	0.18155896875	0.26680528125	0.16691553125	-0.206121078125	-0.216367671875	0.227842375	-0.100717703125	0.063182703125	-0.211316203125	-0.082278453125	-0.13399078125	0.0435126640625	0.05505203125	-0.18957009375	0.2268854375	0.134850421875	0.1642091875	0.164773984375	5.12	0.16	0.2	0.3	0.185653017262
82	33	251	3.7972705	0.2120825625	-0.140334921875	0.175672375	0.28776896875	0.22131396875	0.1342345625	-0.119903414062	-0.34409109375	0.1699519375	-0.16343528125	-0.220715453125	0.239719390625	0.224499375	0.0302638984375	0.148369109375	-0.268337	0.22674421875	0.292007625	-0.0779681015625	-0.364519375	0.237872609375	-0.213127484375	-0.236441609375	-0.32178953125	0.18097684375	0.244117875	0.27983575	-0.21047446875	-0.137167203125	0.13791	-0.117013820312	0.183740609375	-0.28277775	0.1847636875	0.3121556875	-0.27112334375	0.135129171875	0.145321546875	-0.364472375	-0.189655125	0.118296921875	-0.204315109375	-0.11596425	-0.20143709375	-0.1471526875	0.302776625	-0.18121953125	0.166793640625	0.251268859375	0.110423132812	-0.1587176875	0.0971546484375	0.0829565546875	0.2182715	-0.323434125	-0.122959953125	-0.335939125	-0.2741839375	0.107111703125	0.1232330625	0.2710106875	-0.25424846875	-0.191356453125	-0.162882875	-0.17640390625	0.0176200058594	0.119571085937	0.135389171875	-0.12575578125	0.21183803125	-0.195762125	-0.27653621875	-0.2872314375	-0.1154471875	-0.202493046875	0.129895109375	0.236020375	-0.2321360625	0.28004671875	-0.151855625	0.103000359375	0.203944640625	-0.130839625	-0.103563710937	-0.123712796875	0.30974825	0.0225729648437	0.182915296875	0.153022796875	-0.103753914062	-0.24281975	-0.215247828125	0.25225559375	0.0871274921875	0.037155234375	-0.1927850625	0.286113	0.164003390625	0.1747438125	0.209238953125	-0.16092659375	0.137258015625	-0.188447078125	0.202262171875	0.230033859375	-0.30894125	-0.13217696875	0.237496015625	0.0124660429687	0.34962225	0.3105748125	0.118203914062	0.2545245625	0.242728640625	0.21963284375	0.12334321875	-0.1734393125	-0.221463578125	0.1664455	0.139534421875	0.1092620625	0.118856195312	0.116238453125	0.088777703125	0.20884265625	0.198821796875	-0.15566259375	-0.24879271875	0.0887630703125	-0.21826475	-0.32788159375	-0.14409390625	0.203553296875	-0.166194421875	-0.232182734375	0.33735821875	0.16320484375	-0.18605734375	-0.34532375	0.3388789375	0.066918640625	0.10462715625	-0.0988793359375	0.07437753125	-0.128037273437	-0.0899068515625	0.12006590625	-0.189812671875	0.089077890625	0.122228796875	-0.2044244375	-0.18001225	0.121895976562	0.3535748125	0.111591632812	0.2990383125	-0.161544109375	-0.163424578125	-0.16700021875	0.157412203125	0.0757621171875	0.14960396875	0.223988734375	0.25541121875	-0.151127234375	0.116615640625	0.217891359375	-0.192188578125	0.2020289375	-0.219790375	-0.163235421875	-0.22141834375	-0.122986929687	0.0988070234375	-0.233314	0.168133171875	0.23398384375	-0.157897453125	-0.14481559375	-0.285746375	0.115046054687	0.167613109375	-0.2061805	0.24168975	0.0700309140625	-0.174211625	-0.224011140625	-0.253013546875	-0.235334953125	0.1557723125	-0.206212421875	-0.194124140625	-0.067032234375	0.114665117187	0.071099859375	-0.2665725625	-0.209005765625	-0.27695790625	-0.35663521875	0.162626140625	0.1711275625	-0.21472484375	0.203339734375	0.208978296875	0.3136135625	0.19863384375	0.30819471875	-0.232392734375	0.150451578125	0.194702015625	-0.3077751875	0.159677125	-0.207601125	0.09667290625	-0.155151578125	0.229827453125	0.248760859375	-0.17385009375	0.22238259375	0.1975753125	-0.1317509375	-0.439707	-0.119635203125	0.258307	-0.28071828125	-0.21082753125	0.20674884375	0.16812365625	-0.182640484375	0.173108140625	-0.1238989375	0.103681289062	0.0948486875	-0.290817875	-0.30106521875	-0.22194053125	-0.1836075	0.1877905625	-0.24227565625	0.19352453125	-0.17560796875	0.1675180625	-0.23160425	0.094483390625	-0.12134203125	0.141055140625	-0.190105671875	0.22820140625	0.112082515625	0.17358765625	3.8	0.2	0.2	0.2	0.202924139779
83	153	251	2.5068575	0.707052625	0.667776	0.50191028125	0.48981734375	0.234451078125	0.159670421875	0.255221984375	-0.180845828125	0.1250348125	-0.120029328125	0.219075015625	-0.11630925	0.23716759375	-0.25380925	0.179676390625	0.1595890625	0.230158296875	0.184454609375	-0.24484190625	-0.3034810625	0.10889496875	0.191934453125	0.21371925	0.129050765625	0.133024203125	0.25199690625	-0.169203171875	0.18870875	-0.361327625	0.18576103125	-0.11100903125	-0.076663546875	-0.187345359375	0.20603015625	-0.2601198125	0.140555328125	0.14747096875	0.215026828125	-0.13020328125	-0.191800625	0.2297871875	0.144351734375	-0.209994109375	-0.190508640625	-0.32087940625	-0.185200015625	-0.2952273125	0.120321804687	-0.170315546875	0.11606825	-0.0702075390625	0.0408401328125	0.385155375	-0.109388679687	-0.1898981875	-0.07664225	0.128396992187	-0.177604953125	0.065960546875	0.08775565625	-0.0986498671875	0.09437321875	-0.103247953125	-0.25929796875	0.107474976562	-0.372020375	-0.418705125	0.094779796875	0.151669875	-0.17351659375	-0.069669921875	-0.327297375	0.21029640625	0.135795609375	0.102337601562	-0.3270623125	0.127802632812	0.186902015625	-0.190045953125	0.3535638125	-0.07652359375	-0.168161421875	-0.1336365625	0.0440341914062	-0.258246671875	0.0578696601562	-0.25500815625	-0.133861453125	0.24780703125	0.177391234375	0.2488653125	0.15120709375	-0.17762846875	-0.43951109375	0.24109103125	0.089499859375	0.0474645078125	0.14466515625	-0.12673121875	-0.23164275	0.143104984375	0.158074265625	-0.24626634375	0.272172625	0.27818575	-0.0898824609375	-0.14411146875	0.14941784375	-0.0745533125	0.226074390625	-0.24998321875	-0.166650421875	-0.176197828125	-0.196336140625	0.246591375	0.182436875	0.20667328125	0.2075946875	-0.187634234375	0.15316675	0.179165328125	-0.22255715625	0.092629296875	-0.207481859375	0.1761146875	0.177192296875	0.1589319375	-0.06182053125	-0.10730453125	-0.197912671875	-0.082667125	-0.238778796875	0.207331125	-0.20241146875	-0.119046679687	-0.2521740625	-0.141397890625	0.29611621875	0.19258628125	-0.16802753125	-0.186703984375	0.0707672890625	0.177344546875	-0.2436901875	0.273567	-0.28101840625	-0.141941890625	0.16103784375	-0.204935015625	-0.156804265625	-0.13739809375	0.103778554687	-0.19272821875	-0.0688107421875	-0.156929703125	-0.174600625	0.0854309765625	0.31327759375	0.0439982460937	0.0538406210937	0.30035390625	-0.088401484375	-0.237794109375	0.113195640625	-0.202776765625	0.21054284375	-0.1920095625	-0.109206140625	0.25372809375	-0.072836078125	-0.121528398437	0.120913007812	0.068908796875	0.123095914062	0.1096621875	0.09146640625	-0.41674440625	-0.0488333203125	0.110088476562	0.0748030859375	-0.22812884375	0.174331390625	0.235085984375	-0.0689665078125	-0.226967015625	0.126452070312	0.1357953125	0.15859584375	-0.163080921875	0.2802684375	-0.26905178125	0.2490634375	-0.15527975	0.144859140625	0.120769171875	0.203152765625	-0.0961161875	0.0987428125	0.420692	0.0650967695312	0.14859625	-0.1440179375	0.220921890625	-0.0756589375	0.0564409765625	0.211660203125	0.111220390625	0.1356643125	0.10242784375	-0.143749734375	-0.20703503125	0.17849540625	0.23779065625	-0.18232584375	0.14584271875	0.1894145625	0.207100234375	-0.103539132812	-0.148008265625	-0.08438896875	-0.121693171875	0.1918189375	0.25375065625	-0.19452625	0.1783689375	-0.1855618125	-0.235052125	0.0466301601562	0.217305765625	0.26474553125	-0.10450925	-0.170799890625	0.20847309375	-0.17020821875	0.074449046875	-0.134938671875	-0.159531671875	-0.07533815625	0.0587831523437	-0.217064234375	0.189491296875	-0.182111625	-0.11775290625	-0.235806921875	-0.099403109375	0.070624296875	0.14161159375	-0.1839176875	0.14414825	-0.0890015390625	2.48	0.18	0.068	0.008	0.186175072634
84	80	251	4.591147	0.238401140625	0.27552378125	0.12394784375	-0.22588334375	-0.318819	0.1108820625	0.127960101562	-0.118482882812	-0.13584584375	0.255419125	-0.164148203125	-0.1312083125	-0.0446277578125	-0.17758809375	-0.2504488125	-0.0311972851562	-0.154437828125	-0.276925875	0.26741925	0.06667675	-0.2971599375	-0.114245484375	-0.105640453125	-0.13857784375	-0.27512065625	-0.185269953125	0.152030515625	-0.0554520390625	-0.3856688125	-0.261493625	-0.18003084375	-0.139778625	-0.191198171875	-0.133744609375	-0.130622695312	0.129910226562	0.24720109375	-0.105819609375	0.1094909375	0.0487950195312	-0.150630703125	-0.214657640625	0.12702359375	0.188754703125	0.068446703125	0.1021161875	0.34567034375	0.16702134375	0.197493546875	0.0635400429687	0.1836644375	0.206904703125	0.090214640625	-0.16062284375	0.2568849375	-0.171463171875	0.140904546875	-0.112883351562	0.123313179687	0.118007671875	0.2165615625	0.0992661328125	0.27490453125	0.0917938125	-0.26238378125	-0.2554204375	-0.188639109375	0.2397008125	-0.20666225	-0.16331290625	0.124795835937	-0.13139953125	-0.186147765625	0.20582125	0.135843515625	0.0568240742187	0.0990454375	0.0781450703125	-0.126857523437	0.13969546875	-0.15933690625	0.191959421875	0.0537345742187	0.1365815625	0.128582109375	0.237430140625	-0.15660753125	-0.0468651835937	0.161032890625	-0.107206039062	0.20801396875	0.2755444375	-0.0548843945312	-0.1321449375	-0.114358875	0.2475038125	0.33282725	0.209047109375	-0.1518641875	-0.082249625	0.253330859375	-0.18710765625	-0.094125859375	0.085243703125	-0.24559034375	-0.201952578125	0.080373015625	-0.152574484375	0.20377671875	0.150006234375	0.363682625	0.37678665625	-0.081690921875	0.142937671875	-0.199009	0.09933071875	0.042860359375	0.129598265625	0.186658359375	-0.16093528125	-0.066259796875	-0.2145813125	-0.278410875	-0.0642516445312	0.0651971835937	0.0961021015625	-0.241994390625	-0.138481734375	-0.155900046875	-0.131222765625	-0.23273184375	0.16947015625	-0.18704475	0.0666269375	-0.141275671875	-0.24137075	-0.149059	-0.11088384375	-0.13115996875	0.142610375	-0.193251578125	0.168970953125	0.159059796875	-0.1630575	-0.27814728125	0.22312646875	0.15740415625	0.1053831875	0.11812559375	0.1909866875	0.175586484375	0.115889101562	0.120249757812	-0.11302140625	0.218768203125	-0.21196121875	0.232136875	0.122496515625	-0.24282871875	-0.073951828125	-0.13804809375	-0.13458490625	-0.149564953125	0.113297445312	-0.0102838535156	0.0735242734375	0.199725140625	0.11613696875	-0.309670375	-0.088851671875	-0.0708530078125	0.155225578125	0.186901421875	0.35508178125	-0.109498585937	0.0811281953125	0.21851984375	-0.13533340625	0.28321425	0.1816309375	0.135259765625	0.199876640625	-0.13580784375	-0.1584785	0.289251125	-0.05234315625	-0.0745170625	-0.105874515625	0.223726453125	0.196020078125	-0.0566774101562	0.17545909375	0.20352021875	-0.218218140625	-0.179272171875	0.1316720625	-0.2477403125	-0.166350046875	0.36271075	-0.0469740703125	-0.31452871875	0.0592030585937	0.126139046875	0.0949030390625	0.20031709375	0.0911754140625	-0.176142578125	0.087653640625	-0.0759000234375	0.27037340625	-0.22019828125	-0.120453742187	-0.19872390625	0.17781328125	-0.119046078125	-0.151678328125	0.223601375	0.076524734375	0.100666023437	-0.102470171875	-0.177099984375	0.0893932578125	0.18315128125	-0.17406421875	-0.0514468515625	-0.40318525	0.3028314375	0.125784132812	-0.131979640625	0.114710492187	-0.25920084375	-0.253377359375	0.118050265625	0.315655	0.0218380488281	0.1392585	0.0229563398437	0.0722264375	0.150139484375	-0.161622453125	0.2834005625	-0.09790125	-0.17540459375	-0.16842875	-0.0588888945312	0.3144088125	0.15388746875	0.19846675	0.0378606015625	-0.29588028125	4.59	0.19	0.183	0.038	0.179393295388
85	41	251	4.4960175	2.187364	2.37797775	2.330608	2.037367375	1.990062875	2.15084725	1.797112625	1.587637125	1.98799275	1.48857225	1.552482125	1.15278025	1.364298	1.48443675	1.365764125	1.304722625	1.23427125	1.21024375	0.9394523125	1.13199925	0.882215375	0.859513625	0.94294775	0.845987625	0.9073141875	0.84536075	0.86633775	0.79201525	0.5613675625	0.6862100625	0.663811625	0.865663	0.47777103125	0.44858734375	0.614405375	0.598742375	0.4159668125	0.5745101875	0.45642259375	0.4234913125	0.4856934375	0.33260496875	0.62205325	0.28967146875	0.5522469375	0.294289	0.3991431875	0.32754871875	0.2197785625	0.57173425	0.47465771875	0.32560328125	0.27555703125	0.198186625	0.26928021875	0.21788825	-0.1718000625	0.30629890625	0.36356875	0.241560125	0.13017825	0.4094186875	0.18495096875	0.1454549375	0.171216515625	-0.101647890625	0.27642078125	0.171628515625	0.177225234375	-0.145531546875	0.261115625	0.227988671875	0.21241959375	0.24498065625	0.222899046875	0.291954	-0.070378296875	0.159027140625	0.245145578125	-0.15856240625	0.27729003125	0.1427528125	0.2378546875	0.239484421875	-0.199417109375	-0.23006665625	0.189292953125	-0.122457867187	-0.0847988046875	-0.0936831796875	0.12352278125	-0.0371003476562	-0.01685840625	0.29956096875	-0.3247105	0.119899679687	0.1114029375	0.0765015625	-0.14695509375	-0.160721	0.1748381875	0.19190684375	0.2786985	0.190653078125	0.201738	-0.106895710937	0.12385975	-0.1980331875	-0.3181459375	-0.193137546875	-0.2123550625	-0.29386653125	-0.104690867187	-0.187026625	-0.121054375	-0.27621290625	0.114215101562	0.147049046875	0.16327753125	-0.3894303125	-0.067360953125	0.138546875	0.144276171875	0.20194540625	0.0900237109375	0.145995265625	0.0531478828125	0.13566621875	0.152417078125	0.1131820625	-0.15519165625	-0.22417084375	-0.150535484375	-0.128474023437	-0.130008210937	-0.079372734375	-0.0623057148437	-0.203170265625	-0.118998023437	-0.07036575	0.171691796875	0.138590875	-0.30873721875	-0.142878625	0.3526821875	0.125488	0.170504609375	0.128802234375	0.304303625	-0.252198640625	0.11525015625	0.258907734375	-0.31338315625	-0.20389390625	-0.177275375	-0.114194984375	0.160865921875	-0.15220603125	0.233374875	-0.180624234375	-0.233912125	-0.22584659375	-0.19208846875	0.3759794375	0.129272195312	0.32968890625	0.185712109375	-0.2912150625	-0.23917046875	0.151194578125	-0.0526175117187	-0.1051225	0.120380953125	-0.089274875	0.324015375	0.148858203125	0.234980296875	0.13957675	-0.0665233046875	-0.188624390625	-0.20669553125	0.0394505585937	-0.0980308359375	0.223048515625	-0.34587090625	0.187183265625	0.2430091875	0.152951671875	-0.1644569375	0.114506039062	-0.0530899921875	-0.147090109375	0.2785643125	0.15052940625	-0.133892	0.116780859375	0.106377859375	-0.125392210937	0.31293828125	0.09417925	-0.230073453125	0.297400875	0.131514640625	-0.155133234375	0.2602506875	-0.243543109375	0.1570328125	0.250210203125	0.196412796875	0.10978725	0.2106144375	0.17288053125	-0.096977734375	0.0574883007812	-0.163607515625	0.149690546875	0.2273474375	-0.13989328125	0.0755771796875	0.18850690625	-0.1643645	0.209420203125	-0.17906146875	-0.11156484375	-0.28507390625	0.243741140625	-0.0909304609375	0.28074534375	-0.3038955625	0.107254359375	-0.153634546875	-0.06610034375	-0.188007953125	-0.068889890625	0.166795125	0.195966921875	-0.167136515625	-0.123585945312	-0.116588179687	-0.235884125	0.105635390625	-0.38402553125	0.23530015625	0.228337984375	-0.25206453125	-0.16141634375	-0.106977570312	0.24635434375	0.166082734375	-0.21315834375	3.1	0.1	0.00976	4.5E-4	0.203054641966
86	136	251	2.275835	0.1389154375	-0.08968434375	0.2622780625	0.0709525234375	-0.0284209179687	0.1129893125	-0.032785140625	-0.23765409375	-0.115627804687	-0.240406390625	0.228829546875	-0.1813185	-0.127591585937	-0.2859001875	0.13797265625	0.080007203125	-0.144682234375	0.108391921875	0.093469890625	0.077746828125	-0.167561234375	0.08222296875	0.2643825	-0.086753578125	0.24292565625	0.1023673125	0.0563768554687	-0.19999446875	-0.0872588671875	0.21778703125	0.19493721875	-0.2082765625	-0.104803507812	-0.246782890625	-0.0717161640625	-0.19761171875	0.059844125	0.170836125	0.1107935	-0.2412058125	0.2057236875	0.178258390625	-0.35581653125	0.4084873125	-0.0625861171875	-0.169256703125	-0.13852121875	0.117249640625	-0.05701325	-0.09759628125	-0.111149859375	-0.136611875	-0.0682087578125	-0.2871329375	-0.116331296875	-0.203201171875	-0.24369315625	-0.157718015625	-0.142200984375	-0.03952434375	0.2667150625	-0.319433875	0.300076	0.0451086679687	-0.13986796875	0.0831395234375	0.208138609375	-0.135717484375	0.229912796875	0.217081296875	-0.2760295625	0.230377015625	0.242870859375	-0.229942921875	0.0398256835937	-0.29752246875	-0.1605251875	0.0852103828125	-0.24681346875	-0.094574421875	0.162052484375	-0.138195359375	-0.0496899101562	-0.215161578125	0.17212259375	0.0283587597656	0.041761921875	-0.206780703125	0.13576690625	-0.0534552773437	0.154067203125	0.1287094375	-0.140208109375	-0.091856734375	0.179758125	-0.056956890625	0.19403721875	0.140740765625	-0.087618828125	0.244661046875	-0.169739125	-0.0752559609375	0.13330059375	-0.06403246875	-0.13618496875	0.099608390625	0.048998671875	0.154012921875	0.295471875	0.182856515625	0.2210975	-0.32466571875	0.141052765625	0.18807128125	-0.312711875	-0.0540000976562	0.0721943203125	0.155547765625	-0.14893990625	-0.38739353125	0.190088875	0.106480101562	0.17386603125	0.0974008359375	-0.0647085703125	-0.231742046875	0.154537375	-0.109366210937	0.1180435625	-0.1799149375	0.155701140625	-0.120124273437	0.174566375	-0.110111625	0.07686109375	-0.0391246289062	-0.2972486875	-0.12750225	-0.166963609375	-0.16311234375	0.0886931796875	0.127104296875	-0.0670756640625	-0.187981375	0.173721296875	0.111974867187	-0.2750795	-0.161032375	-0.112717335937	0.0491880898437	0.2050930625	-0.135438046875	-0.10486746875	-0.151194234375	-0.201875921875	-0.31012528125	-0.190248375	0.20267703125	0.068492609375	0.11340840625	-0.125400703125	0.1877029375	0.0441319453125	0.175496765625	-0.17568628125	0.110484664062	0.0736006484375	-0.247197703125	-0.28344390625	-0.146978359375	0.162228265625	-0.09539584375	0.230614375	-0.20830659375	0.2531494375	-0.178783390625	0.0609303945312	-0.0661460078125	0.15203196875	-0.3292013125	0.163634171875	-0.159267296875	-0.0725289765625	-0.260567390625	0.3166519375	-0.141424890625	-0.18406428125	-0.102333851562	-0.091946234375	0.2700038125	0.14247025	0.226198140625	-0.310687375	-0.127169140625	0.10255865625	0.120666945312	-0.108122226562	0.15951215625	0.1767689375	-0.116635210937	-0.175006765625	-0.138776890625	-0.191643046875	-0.164917640625	-0.2103273125	-0.175465265625	0.154031796875	0.14091084375	-0.0698647421875	0.13441865625	-0.0532182070312	-0.137154046875	0.105012421875	0.092653203125	-0.32763553125	-0.164346015625	-0.257180390625	0.252386125	-0.0429182890625	-0.0855330703125	0.22367171875	0.1051663125	-0.18506403125	0.127603703125	0.0641687695312	-0.223827828125	0.14321184375	0.085602421875	0.1401645	-0.16246971875	-0.07728621875	-0.121942570312	-0.077153859375	-0.175604828125	0.147642515625	0.192274921875	0.123472382812	0.0580543828125	0.12630253125	-0.0743768359375	-0.1767794375	0.172429265625	0.2539764375	0.2168003125	0.11540796875	0.168834921875	-0.145617921875	0.250673	0.226887890625	-0.35595796875	2.28	0.17	0.2	0.2	0.174346666213
87	71	251	4.08231725	2.8696165	2.6374085	2.66837375	2.60944775	2.46665225	2.54951375	2.5478065	2.4139515	2.3023325	2.29875925	2.34328	2.4563495	2.031962125	2.26275075	2.227415	2.2852825	2.026894875	1.840229375	2.000826625	1.788478	1.904848125	1.63560375	1.863262375	1.756644	1.743331875	1.624654125	1.45553475	1.486346125	1.807482875	1.4722335	1.365510375	1.36970925	1.179615375	1.193484375	1.109897375	1.52706375	1.33673025	1.369571625	1.427419875	1.309915625	1.142773	1.38088275	1.0511715	1.07428925	0.9483584375	1.0043599375	0.9581406875	0.931812375	1.106817875	1.086816375	1.060181375	0.7156910625	1.070862	0.892405	0.931949875	0.942336625	1.024022	0.76880175	0.8560921875	0.674066125	0.8467763125	0.8175051875	0.80424525	0.7757168125	0.6951684375	0.6857765625	0.733053625	0.572770875	0.727044375	0.6740179375	0.695042125	0.7025178125	0.5579115	0.6488720625	0.4345571875	0.5248615625	0.584483875	0.41172378125	0.6420644375	0.3863925	0.45547215625	0.5220968125	0.5064390625	0.49404990625	0.4377858125	0.6589993125	0.34684178125	0.709785	0.39927828125	0.4595498125	0.372812375	0.44584084375	0.5372716875	0.156362546875	0.42997728125	0.1695875	0.30198203125	0.4304911875	0.467909125	0.3899175	0.265946625	0.2880898125	0.5046316875	0.22173434375	0.204227265625	0.33857459375	0.38833434375	0.426363	0.162665328125	0.1643979375	0.496101	0.2280711875	0.19546978125	0.3103149375	0.2599581875	0.294568	0.354207375	0.169639125	0.1754999375	0.27166278125	0.27529246875	0.140489734375	0.165685734375	0.19011465625	0.31009346875	0.227169375	0.27059846875	0.20963171875	-0.11293890625	0.07619575	0.2921175625	0.29221715625	0.249220875	0.201578078125	0.244419203125	0.133304578125	0.1644250625	0.204821265625	0.2851068125	0.26576359375	0.14321125	0.13664684375	0.202215375	-0.186117828125	0.218678375	0.20047609375	-0.1154023125	-0.2056871875	0.189998515625	0.1514965	0.107584242187	0.17364303125	0.116223046875	0.41122025	0.26911709375	0.175667046875	0.1563123125	0.170588484375	0.1967535	0.248665	0.29335403125	0.1888241875	-0.074228921875	0.3920630625	0.05386040625	0.081729265625	0.0812625078125	0.15618609375	0.2880458125	-0.0929312265625	0.32121846875	0.194649796875	0.167960921875	0.186255453125	0.263810625	0.150947453125	0.082606453125	-0.128868054687	-0.199149171875	-0.0337841601562	-0.0678790234375	-0.0475069296875	0.149493359375	0.194072046875	-0.0292196816406	0.125613859375	0.160690734375	0.257011265625	0.189481046875	-0.29163575	0.151308625	-0.126412375	0.18700878125	0.201621125	0.157947921875	0.0887450390625	0.18537715625	-0.157591328125	0.2068334375	0.27727615625	-0.1816081875	0.25752303125	-0.15569190625	0.115605828125	0.201743359375	0.26961378125	0.21269278125	0.304526125	-0.21038159375	0.211420984375	-0.30926778125	0.136307546875	0.274624375	0.19184346875	0.0689890546875	0.133435984375	0.216608140625	0.07019690625	0.197809	-0.387682125	0.230080828125	-0.18150965625	0.091573	-0.25797521875	-0.15550809375	0.167721359375	0.140904546875	0.11908365625	0.203766328125	0.22207246875	0.3420350625	-0.33303125	-0.102796039062	0.20727034375	0.0751535390625	0.249945875	0.240114171875	0.1504428125	-0.0419155390625	-0.209844140625	0.128436554687	0.176893875	0.09952921875	0.084355109375	0.2936825625	0.0958945390625	-0.135328046875	0.181549890625	-0.0475274179687	-0.261829578125	3.08	0.05	0.00432	1.0E-4	0.15740771187
88	22	251	2.828436	2.0403045	1.911913625	1.876108875	2.034151	1.725027	1.87906425	1.94222825	2.053160625	2.005066125	1.769061625	1.76292725	1.910745375	1.76479075	1.84275075	1.622929875	1.79385475	1.68707275	1.653642625	1.98805375	1.741014875	1.907930875	1.9324365	1.831437875	1.65924	1.802249	2.062251875	1.70427075	1.9199805	1.907356	1.815408375	1.917905	1.948869	1.96534525	1.904281375	2.054821875	1.834878625	2.046849125	2.05063975	2.02584725	1.812777	1.834479375	1.8116395	1.7739055	1.763288875	1.9383905	1.8150155	1.8584015	1.79772875	1.99905375	1.784929625	1.858870125	1.76414425	1.7945915	1.794974	1.723856625	2.10703925	1.96866	1.735206625	1.880365375	1.919901875	1.92675925	1.86339025	1.646854375	1.915147875	1.746439875	1.782084625	1.89146775	1.804539125	1.89045475	1.9501135	1.957071125	2.00942325	1.90315675	1.9638325	2.249387	1.81274675	1.83827875	1.918749625	2.14920675	1.931701125	1.944506125	1.992455625	1.887109625	1.8651645	1.808632625	1.996907875	2.074571625	2.01444725	1.83979175	1.864271625	1.852884375	1.73656925	1.9761505	1.99783425	1.73682075	1.968500875	1.958247625	2.22201825	1.7811565	2.10348525	1.760727125	1.75335475	1.747463625	1.777437875	1.7019345	1.8686745	1.726459375	2.1215085	1.692689875	2.06244975	1.995094625	1.633346125	1.85928025	2.046678125	2.1467805	1.9533575	1.98267975	1.922876875	1.934184875	1.704614125	1.87795925	1.903857875	1.8992415	1.96398025	1.99675375	1.976456	1.91665325	1.923165875	1.834198125	2.01662175	2.07025825	1.85836275	1.98328125	2.10063825	1.728436375	1.997873875	1.979046875	2.061967875	1.935179125	2.0858015	1.951424125	1.897828625	1.953299	2.052237875	1.96409425	1.8374645	1.821896375	1.928087375	1.839331625	2.061587625	1.856496875	1.95385375	1.882392125	1.801632875	1.8238495	2.131744	2.023741625	1.94036375	1.96480675	1.854245875	1.9178635	1.892146875	1.8943705	2.05253475	1.978360125	2.20735875	2.033628375	2.042315375	2.0032155	2.06605825	1.89909775	2.248867	2.155356	2.20194675	1.972338625	1.824978125	1.956456125	1.84817075	2.014998875	1.905296125	2.0388185	1.973133125	1.8028895	1.77131275	2.12656375	1.788975875	2.027966	1.769466125	2.22098975	1.99267525	1.864739375	1.997482125	1.900401	2.093275125	1.874754	1.90942775	1.816711	2.1193575	2.10815075	1.966214	1.999930125	2.09088575	1.99795625	1.831538375	2.1731065	2.0521935	1.885202125	1.95582225	2.225128	2.06428375	1.99735525	2.09414875	1.983883125	1.95148475	1.887392	2.084255	2.115281	1.881213125	1.853464375	2.001733875	2.019712875	2.057315625	1.905705375	1.98497075	1.926614375	1.995905375	1.93101425	1.94782925	1.81709625	2.019641875	1.978579	1.821695625	2.013181125	1.97647375	2.24217925	2.011659875	2.10830175	2.032491	2.126767	1.976800625	1.681566375	1.9800065	2.22141375	2.04664225	1.866288375	1.965229875	1.893086875	1.769648	2.09316225	2.0965955	1.866	0.016	-5.6E-5	1.1E-5	0.135004135642
89	88	251	4.820674	1.88530675	1.722138375	1.545445125	1.556080875	1.3654965	1.342414625	1.246576875	1.28929875	1.10870475	0.9930395625	1.05790725	1.009567	0.78847075	0.7112848125	0.667249625	0.756973125	0.979905	0.703202625	0.68138225	0.559834375	0.6448350625	0.4801200625	0.7717198125	0.517996125	0.6480564375	0.6153550625	0.5704618125	0.64682225	0.74846225	0.7763001875	0.6723781875	0.59806375	0.4571215625	0.7226313125	0.606597875	0.62951475	0.7283	0.8451810625	0.38213240625	0.5632425	0.43197609375	0.556703125	0.48662615625	0.430063625	0.567426	0.5274316875	0.4900060625	0.6746629375	0.710200375	0.624121	0.570155875	0.532803	0.48538875	0.46795225	0.5081156875	0.36448496875	0.6693215625	0.6050059375	0.612491	0.632770125	0.55333125	0.4277905625	0.36453125	0.4076545625	0.51605784375	0.3746854375	0.379328	0.45962459375	0.452944	0.544758625	0.38221646875	0.52086059375	0.38124609375	0.4590015625	0.659693	0.6609434375	0.5561233125	0.46331059375	0.5599603125	0.6625799375	0.45333459375	0.798554125	0.44642059375	0.339869625	0.4716671875	0.67419175	0.5952370625	0.5095236875	0.46703165625	0.3379585	0.43457996875	0.50633559375	0.4590980625	0.5548300625	0.38769075	0.553802125	0.532580375	0.29109615625	0.39210734375	0.31237653125	0.654362125	0.4712015	0.7177816875	0.6069229375	0.5297623125	0.29584928125	0.37183803125	0.71092075	0.589261	0.69775975	0.3751488125	0.5289558125	0.45729140625	0.40360425	0.48505353125	0.43446653125	0.3178595625	0.51254034375	0.620693	0.342479625	0.37298075	0.4880144375	0.32910690625	0.30088865625	0.4247470625	0.491638375	0.47158553125	0.41933878125	0.35913409375	0.39458709375	0.526131	0.321095125	0.54248375	0.39691871875	0.3134365625	0.171201078125	0.408191	0.49986765625	0.26607515625	0.370789625	0.35348459375	0.5336484375	0.560167125	0.41543946875	0.47453434375	0.32417621875	0.4139345625	0.4264731875	0.535751625	0.3947895625	0.3522519375	0.44006809375	0.45345121875	0.44952025	0.50446459375	0.43130721875	0.5182618125	0.28779046875	0.46739465625	0.5998315625	0.5210718125	0.42692371875	0.6060553125	0.3657276875	0.23984721875	0.59727625	0.252496296875	0.485964375	0.3261488125	0.46378903125	0.49472121875	0.5366115	0.237537671875	0.51579803125	-0.0702119140625	0.51196121875	0.301944	0.3614641875	0.5746254375	0.47169371875	0.41721821875	0.422871875	0.47466875	0.2693138125	0.34725578125	0.0932896484375	0.274921125	0.40366940625	0.2684493125	0.547021375	0.46647009375	0.36072071875	0.48462259375	0.38084684375	0.50381228125	0.6273884375	0.5851263125	-0.087902921875	0.4735494375	0.61814975	0.34241365625	0.4823975	0.27546575	0.4437704375	0.3922523125	0.142546671875	0.47346828125	0.3510700625	0.261370546875	-0.0974156484375	0.2839409375	0.55090475	0.243022234375	0.26220996875	0.384986625	0.242673046875	0.21958815625	0.4470691875	0.531943	0.51758	0.508229875	0.29862828125	0.3880015	0.45568940625	0.332846375	0.5800775	0.27656675	0.5193189375	0.30277659375	0.3693400625	0.2823758125	0.4127506875	0.253781734375	0.6236695625	0.54008125	0.4972035	0.41595796875	0.25558603125	-0.063422296875	0.52453575	0.4383845	0.38357571875	0.39984565625	0.28332221875	0.44495484375	0.220229015625	0.362155	0.37353884375	0.17004784375	0.28913621875	1.02	0.06	0.00125	1.2E-4	0.310532870814
90	64	251	4.397986	2.5079545	2.25081525	2.26108375	2.17208675	1.926178	1.857315125	1.86878275	1.665024	1.7861605	1.665506875	1.738955125	1.65578875	1.643658375	1.65560525	1.506035625	1.863509875	1.672568375	1.89676125	1.59146575	1.6914735	1.74467925	1.602950625	1.860862125	1.95316225	1.753064	1.627674375	1.757002625	1.712179375	1.73601075	1.5743535	1.904651625	1.760827625	1.740254125	1.766323125	1.8075055	1.699920875	1.802871125	1.592505	1.610596625	1.753927375	1.719801375	1.568867	1.80082975	1.481354625	1.60668625	1.487616625	1.864818375	1.8095505	1.608385375	1.873062875	1.73450975	1.718709	1.607162125	1.711942625	1.6617335	1.795512625	1.71731425	1.581435125	1.749054	1.848318875	1.72210575	1.693912875	1.51178075	1.594944375	1.727769	1.605797625	1.553774375	1.5667565	1.589120375	1.716093125	1.41718275	1.835597125	1.5921075	1.679571875	1.665019625	1.541781875	1.4312	1.645686875	1.693845	1.438593625	1.60737975	1.560890625	1.501242125	1.684906	1.554553375	1.856834875	1.641906875	1.5117	1.57171575	1.613894625	1.461663625	1.299623	1.44405425	1.65299975	1.481355625	1.5381405	1.82476875	1.622620375	1.315449375	1.59951725	1.474303125	1.564366125	1.437602125	1.445519625	1.459756125	1.6044	1.571862875	1.714334125	1.465390625	1.526559625	1.468512875	1.61076875	1.348835375	1.6183	1.4195005	1.64426275	1.56086125	1.377898625	1.4839215	1.62557275	1.428739375	1.482280625	1.35943125	1.6217515	1.433912125	1.40583675	1.478350875	1.593552	1.37927775	1.49401675	1.4598455	1.533022875	1.42117175	1.24985625	1.479947625	1.50552675	1.319491625	1.340273375	1.48823525	1.278432	1.402827875	1.29082825	1.440446125	1.303572875	1.23904	1.443318125	1.5090705	1.409717125	1.46591175	1.3709525	1.3690415	1.521782125	1.440865375	1.3654225	1.454346875	1.572440625	1.445589125	1.2770655	1.50991575	1.546810125	1.368233625	1.358157875	1.42168575	1.23296575	1.13239325	1.161184125	1.066151125	1.589507	1.2090325	1.31546125	1.407198875	1.238204	1.378518875	1.252761625	1.488462875	1.1990235	1.182093	1.314637625	1.371774125	1.183756375	1.26471975	1.080071375	1.21529875	1.29557525	1.236625	1.06958325	1.425337	1.282791	1.143762875	1.12714975	1.189586	1.25904875	1.194672625	1.287651	1.1763835	1.331002125	1.295301625	1.202591625	1.224438375	1.274224625	1.1343985	1.254410125	1.075809125	1.251899375	1.09815825	1.110005875	1.322773	1.125119375	1.0374391875	1.4144965	1.31803	1.0539975	1.229233375	1.052024875	1.206365375	1.222991375	1.217742375	1.168850375	1.291340375	1.178432375	1.306935625	1.09314175	1.163628	1.18475175	1.345445375	1.2302105	1.304078375	1.04369225	1.303110375	1.034888375	1.1886175	1.13189425	1.18337925	1.09300925	1.198517	1.105316375	1.05102225	1.0362570625	1.1255515	0.9797659375	1.03555775	1.18053325	1.174125875	1.2786335	1.23153425	1.19573	1.15389075	0.9691288125	0.8954196875	1.0940215	1.947	0.03	4.62E-4	2.7E-5	0.199823633545
91	17	251	3.21778625	0.107700617187	0.0542575078125	0.094877140625	0.101131328125	0.128098203125	0.0774705234375	-0.294033625	-0.199946203125	-0.169927140625	0.0994643125	0.19607621875	0.1673086875	0.2796871875	-0.05499765625	-0.177794640625	-0.14696396875	-0.117763101562	0.049849921875	0.0724916953125	0.12563646875	0.0471899453125	-0.155481015625	-0.2469730625	0.149538703125	0.17698271875	0.115344804687	-0.178178171875	0.16912690625	0.0637014296875	-0.253183265625	-0.155013453125	0.103541453125	0.137061890625	0.18639190625	0.17418846875	0.33476715625	0.160061015625	-0.188636078125	0.342656125	0.0774534609375	-0.189058421875	-0.30575590625	-0.152193359375	-0.18323940625	0.18577434375	-0.27949546875	-0.092785140625	0.104474070312	-0.26469946875	0.14931296875	0.103478203125	-0.131048148437	0.261122421875	-0.16782678125	0.2656763125	-0.209898234375	0.24395390625	-0.0945158671875	-0.29023115625	0.0512150625	-0.0761668203125	-0.175031875	0.1957631875	-0.16158715625	-0.19084996875	0.121971804687	0.124282976562	-0.179808453125	-0.40753171875	-0.215071796875	-0.139981640625	-0.2310899375	0.10473096875	-0.28484475	-0.284882625	-0.100422578125	0.0988220859375	0.16142040625	0.1401548125	-0.0740520625	-0.1095159375	0.1272625625	-0.0913576796875	0.0568279453125	0.140903140625	0.24610090625	0.164246578125	-0.0635940625	0.0908669453125	-0.125677054687	-0.146743234375	-0.150901640625	-0.0331200976562	0.251535140625	-0.33122946875	0.14810390625	0.197493796875	-0.0265025195312	-0.0753393515625	-0.060377046875	0.25238290625	-0.24231675	0.239640328125	0.26679246875	0.227605671875	0.190377953125	0.0742500859375	-0.22982403125	0.1407785	-0.233205234375	-0.197029828125	-0.22975809375	0.16827028125	0.220902984375	-0.23708715625	0.30998225	-0.28047071875	-0.123599179687	0.097580640625	0.1673386875	0.23321096875	0.222046	-0.26400140625	0.37568671875	0.25649509375	0.194392671875	0.184773421875	-0.124905742187	0.277358875	-0.15064934375	0.222184078125	0.23963878125	0.26611115625	-0.119135265625	-0.051225859375	0.134268046875	0.31971165625	0.155347078125	0.1591693125	0.1741335	0.14175246875	-0.0475338671875	0.2916774375	0.194006953125	0.191405640625	-0.199217296875	0.278091125	0.1896104375	0.220106625	-0.21100365625	-0.32669375	0.29012825	-0.226783546875	-0.191630734375	0.27730675	-0.25170609375	0.38292040625	0.22838065625	-0.195720453125	0.198697625	-0.25843696875	-0.21308259375	0.213107671875	0.14405584375	-0.127632726562	-0.124303523437	-0.14246403125	0.115224054687	0.125802335937	0.18368240625	0.138526703125	-0.171177359375	0.08978565625	-0.250498296875	0.26285790625	0.180550046875	-0.03626790625	0.178842390625	-0.192050921875	0.0296122363281	0.2136556875	0.12234096875	0.25098140625	-0.112609679687	0.120223265625	0.10335840625	-0.227305390625	-0.3093060625	-0.178163484375	0.28674809375	-0.2917494375	0.21526696875	-0.181805984375	-0.0445638242187	0.19029765625	-0.21987740625	0.181892125	-0.149615765625	-0.2071413125	0.11143340625	0.132294328125	-0.17568909375	-0.157791390625	0.151612640625	-0.169500828125	0.102017210937	-0.313653125	0.179988609375	0.160820328125	0.20619821875	0.156155375	0.207043296875	-0.248464828125	-0.139824796875	0.105484265625	0.09549584375	-0.0575538632812	0.136358890625	0.2849114375	0.107236171875	-0.17077509375	0.238645625	0.25325928125	0.154572859375	-0.214961265625	-0.1395133125	0.176863	-0.0962078515625	0.0879378671875	-0.079327453125	0.11526771875	-0.109094070312	0.27848434375	-0.22196646875	0.100710304687	-0.11470409375	-0.139089171875	-0.218094765625	-0.106443078125	0.130063820312	-0.1584901875	0.24430265625	0.0831986875	0.153168765625	0.162283625	0.3792065	-0.0573377304687	0.25704021875	0.1581151875	-0.230312796875	3.22	0.18	0.2	0.3	0.190757709527
92	72	251	3.150119	1.7482205	1.764281125	1.6647875	1.76163625	1.940855125	1.74779	1.689244125	1.56612975	1.47847	1.669338375	1.4799125	1.546165625	1.541328	1.436329	1.459359125	1.565181625	1.4312135	1.509925375	1.53634875	1.5570885	1.286248375	1.330668125	1.608228125	1.42872425	1.300846875	1.411640875	1.484846375	1.42832575	1.461005125	1.17518225	1.308563375	1.407983375	1.14135375	1.09981	1.46863525	1.192119625	1.037642125	1.30311175	1.11081275	1.379534	1.23945675	1.164545125	1.178501625	1.208806625	1.33111225	1.185528875	0.9739555	1.087853	1.108805	1.2725345	1.287964	0.97263325	1.28617225	1.2472545	0.8605526875	0.8573810625	1.20219175	1.0080744375	0.929312875	1.01667475	0.9181785	0.916033125	1.142886625	0.9117406875	1.236311	1.088808625	0.9168104375	0.7507708125	0.8192841875	1.07895575	1.094301875	1.10116725	0.9007283125	1.0272350625	0.7262985625	0.9792470625	0.7749461875	0.896523375	0.9696851875	1.048803375	0.8227174375	0.8761039375	0.9278538125	0.7357875625	0.830457625	0.667994125	0.8254958125	0.711624	0.596527875	0.7620465625	0.54641475	0.822622375	0.9202628125	0.620751625	0.4634505	0.499672125	0.7559456875	0.67126475	0.739618625	0.6627415625	0.6692548125	0.6663844375	0.674878625	0.5930248125	0.603488875	0.70623	0.4704379375	0.6785689375	0.74275925	0.51694171875	0.884118875	0.612362875	0.5031255	0.2789381875	0.6636483125	0.7003526875	0.41263140625	0.75365175	0.5707383125	0.51431309375	0.6301193125	0.613316125	0.712048625	0.5337581875	0.6812925	0.595907125	0.558330875	0.52222771875	0.570114	0.50374128125	0.5510191875	0.39139003125	0.42090340625	0.5731445625	0.481289625	0.6566496875	0.4096465625	0.3380474375	0.44887496875	0.49697259375	0.39270578125	0.427850875	0.77138925	0.34619078125	0.4438553125	0.42247178125	0.5654370625	0.5822946875	0.3605325	0.5204130625	0.36947884375	0.39986815625	0.2580505	0.3188823125	0.333198875	0.214495609375	0.5745911875	0.44036953125	0.48801109375	0.37023046875	0.2814411875	0.3085575	0.40200303125	0.44194375	0.30982046875	0.27504809375	0.389783	0.5262015	0.18796925	0.2940675	0.4156041875	0.29126121875	0.3442008125	0.5826144375	0.394469	0.47127353125	0.395256625	0.43104809375	0.2851424375	0.2622485625	0.37328284375	0.34585634375	0.19142059375	0.2932556875	0.30146715625	0.33225065625	0.233594625	0.21738159375	0.24267421875	0.27917928125	0.34901034375	0.31416534375	-0.18779875	0.206754296875	0.2126403125	0.119696664062	0.227478296875	0.5187488125	-0.137571515625	0.32124371875	0.31570575	-0.183990765625	0.138913625	0.325033875	0.3113263125	-0.0522165703125	0.2232265625	-0.245172640625	0.1572821875	0.244190828125	-0.2023646875	0.153542	0.37539659375	0.36514396875	0.43416475	0.32583534375	0.16211434375	0.32564996875	0.206042671875	0.40948865625	0.3727349375	0.126516101562	0.328859125	0.14418840625	-0.1804726875	0.134979625	0.261777203125	-0.132422203125	0.2384093125	0.191506046875	0.145135546875	0.25771109375	0.25933925	0.162152125	0.2721485	0.074898125	0.136921046875	0.259235546875	0.1738083125	0.175082421875	0.195845421875	0.216529640625	-0.147279875	0.215563703125	0.29890634375	0.3153545625	0.31487471875	0.19056690625	0.1990949375	0.30960190625	1.885	0.035	0.002	5.0E-5	0.156445918169
93	31	251	2.56819075	0.2737205	-0.101570554687	-0.228786640625	-0.21198296875	-0.126456265625	0.111490359375	-0.30334246875	-0.215426875	-0.154021390625	-0.01731896875	-0.229350203125	0.105569507812	-0.261451796875	0.30764459375	0.23577190625	-0.17915034375	-0.19447575	-0.2927955625	0.32936784375	0.34253671875	-0.1949941875	0.248294078125	-0.2984456875	-0.327064125	-0.25841703125	0.149525171875	0.29739365625	0.213617171875	0.167026921875	-0.1356415625	0.2278354375	-0.143630328125	-0.0512774335937	-0.25951590625	-0.204823625	0.19868940625	0.0821449609375	0.240188234375	-0.177346375	0.177737234375	0.233129015625	0.23511196875	-0.2010988125	-0.172061921875	0.0929091328125	0.23531965625	0.163044265625	-0.1278570625	0.133297859375	0.1522103125	-0.129715226562	-0.26828775	-0.0974492421875	0.19396796875	-0.208666515625	-0.13906253125	-0.165818859375	0.2462628125	-0.116460546875	0.216185921875	-0.10897784375	0.16135678125	-0.127052851562	-0.088915234375	0.0469901679687	-0.20922434375	-0.219756859375	0.2721406875	-0.0909001796875	0.173984625	-0.37074690625	-0.191428859375	-0.0999555703125	-0.227253359375	-0.159869796875	0.2039838125	-0.215096015625	-0.16314684375	0.27861678125	0.2643640625	-0.44986171875	-0.102314984375	0.13654925	0.2911820625	0.124932890625	0.069295640625	0.37434053125	0.1887565	0.2848028125	-0.13692771875	-0.209970125	-0.212118875	-0.21673403125	-0.165244375	-0.197987953125	-0.296373875	-0.240133078125	0.2815289375	0.212769484375	-0.358767625	0.31833753125	-0.22882621875	0.18023678125	-0.0557791289062	0.27312725	-0.2281925	-0.17457934375	0.183897015625	0.2607485	0.0913305546875	0.210186890625	0.12725559375	0.23247884375	0.41003334375	-0.24426484375	-0.14916834375	0.256665234375	0.0895306640625	-0.1441140625	0.37528128125	-0.223251140625	0.1417138125	0.1977933125	-0.180610265625	0.2194473125	-0.2691064375	0.1762430625	-0.27148521875	0.1523715	0.16746615625	0.174457734375	0.239440125	0.09027021875	0.243943265625	-0.18092809375	0.236260296875	0.15272165625	0.43735425	0.16234921875	0.14848071875	-0.21695334375	-0.1379668125	-0.2901398125	-0.169005703125	-0.176278125	-0.2729511875	0.2084084375	-0.19326115625	0.0316461132812	0.231842453125	-0.17125475	0.122658125	0.251576953125	0.25159596875	0.06511215625	0.188380296875	-0.243246625	-0.269756625	-0.112287960937	0.132111421875	-0.14836159375	0.216016796875	0.145005671875	0.0350553320312	-0.202730296875	-0.101604148437	0.226344671875	0.172103328125	0.2536825625	-0.1355936875	-0.27553384375	-0.203309640625	0.170641390625	0.2727398125	0.102020164062	0.158395875	-0.160562609375	-0.096694421875	0.218431890625	0.119429625	0.40878075	-0.176665578125	0.12260878125	0.11406125	0.27549684375	0.253589703125	0.203163671875	-0.2012951875	-0.0640760078125	-0.101294171875	0.245156484375	0.258539734375	0.307745625	0.1132786875	-0.205858109375	-0.0801252890625	0.107893460937	0.26047209375	0.37239096875	-0.07529746875	0.249437328125	-0.231719234375	-0.1541908125	0.120062671875	-0.069101875	0.27589771875	0.257245671875	0.30593409375	0.130774046875	0.27649859375	0.11522453125	0.1455880625	0.0857667109375	0.2848118125	0.0310918085937	-0.131534671875	-0.116524304687	-0.141360078125	0.21967009375	0.270031125	-0.3595523125	-0.176632	0.18421615625	0.17244265625	0.116698375	0.1042901875	0.3353188125	0.177995296875	-0.08171853125	-0.0531352734375	-0.0690608203125	-0.06909309375	-0.2584768125	-0.139065734375	-0.186988203125	0.127174796875	-0.119039046875	0.138831046875	0.14255328125	-0.1569200625	0.176346015625	-0.150138890625	0.159543015625	0.23752596875	0.28139775	-0.268049375	0.19714309375	0.0723019375	0.27704375	0.259132359375	0.012	0.017	-0.0015	0.0016	0.261023689088
94	113	251	3.42145	-0.254529765625	0.2010174375	-0.26412265625	-0.131532	-0.35764425	-0.220205328125	-0.19500790625	-0.2138520625	0.1013418125	-0.2818316875	-0.135980921875	-0.1964925	0.115974875	-0.21634128125	-0.128502851562	-0.0756687734375	0.209610953125	-0.09098328125	0.23794984375	-0.179561578125	-0.0581854257812	0.230973640625	-0.154364484375	-0.3390809375	-0.18168934375	-0.128465992187	0.106107585937	0.280774625	0.0110251513672	0.19921984375	0.140689765625	0.234087515625	0.08120275	0.0639191679687	-0.216082078125	-0.1483888125	-0.330901375	0.143130734375	-0.16899778125	-0.149895390625	0.1518276875	-0.100157023437	0.05864796875	-0.2697179375	-0.2185748125	-0.15607775	0.173600265625	0.22100475	0.124512867187	0.153448296875	0.173997625	0.182812578125	0.169885234375	0.15912828125	-0.194124625	-0.2645980625	0.3216425625	-0.33184590625	-0.195728734375	0.196140484375	0.1250134375	0.07196525	-0.0714017421875	0.079788953125	0.23323253125	0.0943228125	-0.1653830625	0.134200109375	-0.2150668125	-0.2726080625	-0.257299515625	-0.15658084375	-0.213719796875	0.304164375	-0.17079421875	0.1281954375	0.139169765625	0.19990109375	-0.200895828125	-0.21522309375	0.1283543125	-0.0665630859375	-0.108816882812	0.186997828125	0.106141804687	-0.125708289062	-0.126848921875	0.31327178125	-0.168078	0.122046664062	0.075288203125	0.1918795	0.0586884140625	0.149629296875	-0.334411375	0.16641996875	0.164392359375	-0.154471265625	-0.120605	-0.165929421875	-0.176220375	-0.1904693125	0.19138259375	-0.147373046875	0.181581125	0.08230475	-0.3233336875	0.106331921875	-0.28490884375	-0.191584390625	-0.26694825	-0.20362053125	0.118856460937	-0.2560221875	0.0985146484375	0.235934453125	-0.21679796875	0.1494025625	0.127778875	-0.1421938125	-0.16279540625	-0.0335549296875	0.1570499375	-0.2856765	0.0555524921875	-0.201301234375	0.110628960937	-0.090425015625	0.101540273437	-0.163626546875	-0.133555578125	0.246815109375	0.068299328125	-0.138561234375	-0.116134851562	-0.17619284375	0.208448921875	-0.258208625	0.19053365625	-0.18311615625	0.09767071875	-0.126608648437	-0.186165171875	0.037009234375	0.136622265625	0.29694890625	0.20652525	-0.32201971875	0.254450703125	-0.259750875	0.1573260625	-0.368384375	-0.162274359375	-0.162309953125	-0.167617140625	-0.1509281875	-0.0785340390625	0.13832809375	-0.155060265625	-0.0731848515625	0.2914945625	0.151630921875	0.215631890625	-0.24230434375	-0.143060828125	0.10676540625	-0.133187578125	0.077134703125	0.31544671875	0.124004203125	0.236201703125	0.311704875	0.27538490625	0.2366233125	0.13290753125	0.257428359375	0.1393743125	-0.207497046875	0.407248625	-0.233060125	0.115785710937	0.17039465625	-0.1861413125	-0.18139490625	0.144436125	-0.164534140625	-0.24218875	0.0367491328125	-0.19851021875	-0.3093849375	0.196981640625	-0.2915349375	-0.128842570312	0.106865929687	0.13937165625	-0.1643308125	-0.159683921875	0.234793078125	0.129370914062	-0.28973828125	-0.231036734375	-0.25139290625	0.124417671875	0.19078771875	-0.240554484375	0.100161195312	-0.139746203125	-0.204764609375	-0.1433960625	0.258595359375	0.124931453125	0.137190953125	0.144013609375	0.39297615625	0.139523375	0.24176321875	0.21003796875	0.151494453125	-0.2802288125	0.0599878515625	0.1996105625	-0.213883265625	-0.4128340625	-0.161546015625	-0.145651328125	-0.216346359375	0.176358515625	0.099880546875	-0.16531903125	0.31648315625	-0.2902031875	-0.331215	0.0825534453125	-0.08300903125	0.236612875	-0.146504265625	-0.27514384375	0.31810725	0.152057765625	-0.136205109375	0.152695515625	0.16135878125	-0.162939328125	-0.1717998125	0.195962265625	-0.3372711875	-0.20469778125	-0.24406665625	0.074031109375	0.141977328125	3.42	0.1	1.8	0.0	0.196283081361
95	124	251	4.346304	2.815111	2.946199	2.57881725	3.0226895	3.05865325	2.882763	2.93276325	2.7383615	3.02050225	2.83667375	2.653687	2.75574225	2.71125975	2.807917	2.47254075	2.802302	3.01319475	2.891398	2.7606145	2.81798575	2.92563725	2.79712125	2.60922625	2.54885825	3.00809975	2.81274	2.90985525	2.84378075	2.8004185	2.43051	2.626716	2.6425235	2.617248	2.77163575	2.83097125	2.603431	2.52775475	2.6450045	2.7654795	2.59338825	2.8873555	2.4680295	2.563932	2.38471325	2.58594225	2.85330825	2.6274235	2.578175	2.78024775	2.65109125	2.58160825	2.61873425	2.7800035	2.51507125	2.77177975	2.38327375	2.6621905	2.5517405	2.37899125	2.44331175	2.56837	2.60112225	2.4593035	2.631699	2.33732325	2.41954775	2.59444925	2.29006025	2.50865175	2.46803475	2.38721725	2.55291675	2.502306	2.43018225	2.4754085	2.4953575	2.4473665	2.50116375	2.43517925	2.4682785	2.4202355	2.09601975	2.494888	2.49251	2.410943	2.46079325	2.23753875	2.41064175	2.40567725	2.3886925	2.2717655	2.12714425	2.3133095	2.63647375	2.4882275	2.46938075	2.3437755	2.265038	2.37535125	2.29164875	2.407373	2.34407525	2.3305755	2.26525625	2.40910425	2.262311	2.24876125	2.4187465	2.28918275	2.1618925	2.46367375	2.0614905	2.022594875	2.1805535	2.444351	2.076817125	2.284251	2.11598375	2.239593	2.0199085	2.182425	2.252335	2.39080225	2.25234775	2.355864	2.130579	2.1831	1.9371105	2.29144575	2.3503065	2.27729575	2.14592225	2.16482	2.061488125	1.904109875	2.0862345	2.16908925	2.043201375	2.114814	2.120168	2.29544175	2.205481	1.9642585	2.32246625	2.129264	2.21607875	1.8688275	1.9817995	1.83999575	2.015503	2.2523925	2.11565225	1.93443875	2.13987825	2.058410875	1.987413375	1.96821525	1.912400125	1.980483	1.8420205	1.766692	1.857602125	2.08496725	1.8358205	2.076750875	1.90242725	1.96187125	1.794997375	2.057036875	1.956986375	2.021176	1.886392875	1.935145125	1.97979325	1.938907625	1.82641325	1.9595745	2.20517025	1.761546125	2.051077625	2.077537125	1.836610375	1.86754125	1.85151325	1.910757	1.961976625	1.689489125	1.9279485	1.6908625	1.704950375	1.840669	1.71325275	1.68640725	1.732079125	1.98900375	2.015339875	1.795748875	1.647247875	1.73684675	1.7123565	1.713614	1.629998375	1.80136025	1.658277625	1.7821245	1.863792875	1.7302975	1.624248875	1.71053675	1.807070375	1.67478625	1.77774675	1.849468625	1.681134875	1.59012275	1.498279	1.725141625	1.64832625	1.874533	1.93985225	1.66267425	1.579482625	1.767477	1.565842875	1.637444875	1.496627375	1.81998725	1.480229625	1.61360275	1.69788275	1.629557	1.642901125	1.718448875	1.611614125	1.611408	1.650097125	1.549945	1.386965625	1.6056945	1.567424125	1.82123125	1.455620125	1.7378195	1.473428625	1.61875175	1.560446375	1.611279125	1.554078375	1.330626125	1.739191875	2.986	0.023	5.09E-4	1.3E-5	0.152665848313
96	66	251	2.35979825	-0.26042675	0.2656725625	0.153884015625	0.1932755625	0.18777028125	0.115211734375	-0.130689078125	-0.0759378359375	0.1789486875	-0.1713888125	0.208465625	0.136613953125	-0.19002378125	0.0694760234375	0.12735340625	-0.177940234375	0.0752719453125	0.1587758125	-0.190291484375	0.220732921875	0.089655078125	0.129968140625	0.229435578125	0.3329546875	-0.113769984375	0.0280185019531	-0.224091234375	-0.140055453125	-0.20381203125	-0.120321539062	0.203827875	-0.15788334375	0.103683203125	0.13538228125	0.104416226562	0.0184752929687	0.208302	0.0887303359375	0.31912171875	0.20941075	0.1701410625	-0.157134703125	-0.165435984375	0.190221140625	-0.250670296875	0.14633684375	0.0591427265625	0.111609	0.352647	-0.105571203125	-0.30440121875	0.196226859375	-0.0809635234375	-0.0449966015625	-0.21499925	0.193135578125	0.255824109375	0.176589671875	0.117570742187	-0.107347890625	-0.0776161875	0.214256265625	0.174830484375	0.215268875	-0.101039335937	-0.056345328125	0.198650140625	0.080483078125	-0.133192375	0.193976953125	-0.211237375	0.154775828125	0.16769025	-0.10485628125	0.29480359375	0.2678965	0.21297028125	0.09512975	-0.27188509375	-0.1021701875	0.055204640625	0.250281765625	-0.151459859375	-0.146473390625	-0.227940484375	0.116413164062	0.1341335625	-0.0925726953125	-0.24392515625	-0.12010540625	0.142848890625	-0.1501383125	0.129180554687	-0.1742821875	-0.322580875	0.160250609375	0.163941234375	-0.17355778125	-0.108985921875	-0.128319359375	-0.193324375	-0.0890938984375	0.255867671875	0.41311309375	0.162136203125	0.17426859375	0.093553515625	-0.140680484375	0.173304453125	-0.2573495	0.2151435625	0.131752703125	0.20176646875	0.18014903125	-0.123968765625	0.174702625	0.1676543125	-0.3547843125	0.197373796875	0.256422484375	0.3370180625	0.06125684375	0.062353625	0.244485921875	0.14342525	0.2273791875	0.288906	-0.229755984375	-0.117261796875	0.210631453125	-0.106256148437	-0.129584492187	0.255752984375	-0.157926640625	-0.0573560117187	-0.112734984375	0.30413790625	-0.0578780039062	-0.0413376601562	0.107413117187	0.23601515625	0.29031775	0.162261515625	0.228335421875	0.28175128125	-0.20017834375	0.182661265625	0.2700533125	-0.17542196875	-0.123841476562	0.28398496875	-0.0485424570312	-0.29498965625	-0.175099828125	-0.22634171875	-0.291892125	-0.2268484375	0.12435128125	0.203668171875	-0.127519039062	-0.16653046875	-0.17696575	0.15592778125	0.24603815625	-0.17613875	-0.158202234375	0.1008551875	0.0866313671875	0.0482551328125	0.2168591875	-0.16732715625	0.146902328125	0.191610890625	0.16819365625	0.203617015625	-0.095538859375	0.1147354375	0.30200459375	0.37301790625	0.0941070625	-0.25984	-0.1729188125	0.159626625	-0.239449671875	0.339951375	0.189480671875	0.19828103125	-0.217399015625	-0.12677446875	-0.22410125	0.221587234375	0.138193453125	-0.0479749882812	-0.115177476562	0.244618796875	-0.200976546875	0.150298828125	-0.1576945625	0.27786396875	0.0677016328125	0.06946659375	-0.15007715625	-0.3286536875	0.176861171875	-0.119865625	0.227605609375	-0.0574190234375	-0.17552934375	-0.294896125	0.14456009375	-0.31599903125	0.228848046875	0.178480015625	0.1383524375	-0.2904606875	0.066367140625	0.197474890625	0.111740164062	-0.223597046875	0.148629953125	-0.177495515625	-0.269826875	0.15004746875	0.1901703125	0.13364103125	0.15557065625	0.105064476562	-0.173285015625	0.218656234375	-0.105362273437	-0.14224440625	-0.125085429687	-0.1605710625	-0.144237421875	-0.2763428125	0.151720234375	-0.157876640625	0.26409659375	0.151175015625	0.190786234375	-0.239543765625	0.33451384375	-0.21398425	0.243651359375	-0.124426484375	-0.2117465	0.194522625	0.3358145	0.1956215	-0.129808773437	2.36	0.11	1.8	0.0	0.191036504176
97	158	251	5.020022	0.23308953125	-0.1288355	0.25431496875	0.166900640625	0.206258359375	-0.082595703125	0.2985854375	0.118859664062	-0.18887115625	-0.140060453125	0.17910890625	-0.11563990625	0.3349660625	-0.29727109375	-0.135278296875	0.16138428125	-0.2111653125	0.15184925	-0.088238390625	-0.32632209375	0.30203971875	-0.226618859375	0.360463125	0.35909759375	0.21240328125	-0.2873355	0.108463578125	-0.216244375	0.220998078125	-0.189099640625	0.2858330625	0.147124046875	-0.295875625	0.2124363125	-0.18865371875	0.079297125	0.206491015625	0.26422559375	0.24585103125	-0.129759421875	-0.261013484375	0.190587875	0.194610953125	0.213481421875	-0.233463546875	0.116050984375	-0.098768796875	0.0807635	0.17185584375	-0.34951334375	0.127329023437	-0.14094921875	0.174438890625	0.161461625	0.084951375	0.175376984375	0.238443890625	0.2820871875	-0.22282471875	-0.1095734375	-0.28517415625	0.41082434375	-0.0891597265625	0.1721440625	-0.139526953125	-0.148177109375	0.28956209375	0.220020015625	-0.250753265625	-0.17091034375	0.28556209375	0.089995125	0.254182203125	0.16994840625	0.16850403125	0.128608640625	-0.1795196875	-0.33256465625	0.1952461875	-0.24587803125	0.172299875	0.285658375	0.237010546875	-0.26486625	0.20547028125	0.18379528125	0.182865875	0.093379046875	0.23926340625	-0.40614040625	0.36270953125	0.2497858125	0.3441009375	0.181414546875	-0.166713015625	0.174609140625	-0.200829421875	0.0995961640625	-0.31593521875	-0.210878421875	0.1819745625	0.124259828125	-0.1987238125	0.4622646875	-0.19680071875	0.2506359375	-0.164768125	-0.100584421875	0.191656390625	-0.1303913125	0.307640875	0.0862248671875	-0.2149716875	0.238170078125	0.0668695	0.1538723125	-0.216391984375	0.24031484375	-0.210139	0.06833534375	-0.101705210937	0.152264171875	-0.2986319375	0.4253376875	-0.166374203125	-0.19476940625	-0.10859084375	0.239573984375	0.194762109375	-0.112757078125	-0.0862533359375	0.307613125	0.35479246875	0.157983765625	-0.228856265625	-0.16830453125	0.26719671875	-0.175261609375	-0.243241109375	0.089880765625	0.3272901875	-0.28525959375	0.14848159375	-0.180889828125	-0.2133395625	0.121259296875	0.3494640625	0.213109296875	-0.2166069375	0.37583928125	0.251546671875	0.13578059375	-0.232183421875	-0.356340875	0.1811219375	0.17354546875	-0.12733928125	-0.127987242187	-0.10643475	-0.137850734375	-0.168393125	0.1520294375	0.120019359375	-0.28690053125	-0.158812609375	-0.20390990625	0.184268703125	0.3223886875	-0.191206203125	0.131669125	0.2265419375	-0.3707856875	0.1114115	0.106652398437	-0.196553046875	-0.080262171875	0.134609421875	-0.19312809375	0.169805515625	0.138289671875	0.17747159375	-0.16531803125	-0.2718961875	-0.155362515625	0.26442484375	-0.2258559375	0.22754640625	-0.126173445312	0.11838009375	0.2297098125	-0.1121145625	-0.109270953125	0.30143565625	-0.155275078125	0.21860565625	0.223374515625	-0.12585946875	-0.228510984375	-0.099343484375	0.27994259375	0.252675765625	0.239205328125	0.182527453125	-0.259148296875	-0.132067828125	-0.093284453125	-0.1765580625	-0.189952484375	0.37341190625	0.114749515625	-0.23967346875	-0.224918875	0.2235596875	0.159182421875	0.2694575	0.14170496875	-0.126201867187	-0.234016421875	0.13932528125	-0.26065834375	-0.27492859375	0.21705975	0.29143628125	-0.18243321875	0.104073773437	0.21357034375	-0.36294584375	0.174343640625	0.131726875	-0.32058478125	0.2468823125	0.0404976679687	-0.252901375	-0.150604	-0.189978078125	0.20428721875	-0.217542859375	0.174385578125	0.17229259375	0.3321635625	0.31886765625	-0.3432556875	0.16215503125	0.13109553125	-0.126536492187	-0.155681	0.148273671875	-0.170039828125	-0.148274421875	0.12091103125	5.02	0.23	0.21	0.07	0.215900152012
98	70	251	2.6983905	-0.2305879375	1.101903	0.7300993125	0.901073375	1.0205755	-0.404983625	0.9397670625	0.7162549375	-0.174324203125	1.0168525	-0.172672640625	-0.38213540625	-0.32029490625	0.829874375	-0.2228843125	-0.236596765625	0.92843975	0.6435414375	0.70083925	1.079314375	-0.263646125	0.6959190625	-0.2631784375	-0.27228425	-0.22843346875	1.03441725	0.724215	0.8157755625	0.9753950625	1.0167978125	0.7464239375	0.874386	-0.30283359375	0.9352755625	0.8004868125	0.91789525	-0.229257671875	0.56588475	0.89905025	-0.245585703125	0.8306199375	-0.204640734375	0.5794925625	-0.37471059375	0.869599375	-0.2827495	-0.448268875	-0.208546046875	0.7683666875	0.8094614375	1.054147375	-0.46688921875	0.903830875	-0.341257	0.48392996875	0.528935125	-0.208235171875	-0.4380435	0.7841795	0.8523043125	0.9727321875	-0.129603703125	-0.3811756875	-0.184638671875	-0.326197375	-0.157629234375	-0.257414578125	0.548282875	0.7166425625	0.966521875	0.708999625	-0.224804	0.8994385	0.65752425	-0.18593259375	0.719955375	0.7008313125	-0.20854971875	-0.173751640625	0.862701125	0.8115630625	0.5938035625	-0.26555975	-0.33046121875	-0.134735515625	-0.2679284375	-0.155574875	0.638886875	0.8793585	0.767707	-0.3320165	0.5352459375	-0.252535671875	-0.1808798125	0.6018018125	0.7080800625	0.7073051875	0.6329509375	-0.235686546875	-0.37338296875	-0.30066084375	-0.2297688125	0.5895063125	-0.164262140625	-0.22365225	0.9112621875	0.8745866875	0.8154453125	-0.3809348125	0.700194375	0.718126625	-0.075862453125	0.60582825	0.627575875	0.7186983125	0.639351125	-0.16646578125	-0.14371284375	0.613172625	0.617958625	0.7904350625	0.5712341875	-0.13371965625	0.573262875	-0.165412046875	-0.16559846875	-0.42759609375	0.51110903125	0.5872271875	0.7311105	-0.2589688125	0.6991610625	0.9138675625	-0.39359403125	0.5746458125	0.890517375	-0.17696346875	-0.30822021875	-0.139958421875	0.6102928125	0.7645275	0.6562594375	0.5312326875	-0.0459556328125	0.6881716875	0.7806665	-0.1777794375	0.620040875	0.5302246875	0.6683086875	-0.16412503125	0.65783075	-0.172002734375	0.551826625	0.598748625	0.51817115625	0.5790991875	0.7872959375	-0.0656203828125	0.526636	-0.1614324375	0.5083326875	-0.0506322265625	0.4284516875	0.5312119375	-0.29803246875	0.7039700625	-0.28770415625	-0.188743390625	-0.3689116875	0.6500116875	0.658043	-0.20996334375	0.4737888125	-0.1882740625	-0.20513903125	0.6051185	-0.28860053125	-0.163929296875	-0.31057934375	0.5336545625	-0.270256875	-0.3155081875	0.6381255	-0.2829560625	-0.2704026875	0.5820206875	0.548620125	-0.0337844765625	0.46340603125	-0.161729921875	-0.0442396523437	0.43775309375	0.644767625	1.0290174375	0.8628498125	0.2872211875	-0.13562434375	-0.152517609375	0.49661396875	-0.256681171875	-0.140801953125	-0.38826025	-0.14010971875	-0.095041265625	0.5684608125	-0.139731859375	-0.209893140625	-0.19938409375	-0.0896401640625	-0.3658480625	0.6195836875	-0.2389810625	0.3975973125	-0.086851890625	0.6713883125	0.760854625	-0.208324390625	0.34439184375	-0.342401875	0.894553625	-0.2191865	0.6810183125	-0.227613484375	-0.25475553125	-0.172343421875	0.5240944375	0.5475424375	-0.32597184375	-0.273198	-0.248588375	0.552816375	0.5080654375	0.49967709375	0.42258821875	-0.257657515625	-0.226549953125	-0.216629640625	0.6572356875	0.3660523125	0.5557179375	0.585537125	-0.46168775	0.6299195	0.5570264375	0.4424563125	-0.3567830625	0.44237346875	-0.109945109375	-0.087241375	0.5	0.09	0.00106	3.6E-4	0.495032708983
99	86	251	3.0450025	1.1521585	1.073885375	0.862808	0.8583269375	0.5643035	0.51732790625	0.47737028125	0.405968875	0.225614265625	0.3293671875	0.37220740625	0.300754	0.2741749375	-0.19341528125	-0.14247671875	0.0750339609375	-0.0651826171875	0.17292175	0.260805203125	0.14357109375	0.128894421875	0.183169765625	0.31226890625	-0.143905984375	0.26026996875	0.07877121875	0.21759846875	0.0788839375	0.086526359375	-0.1914939375	0.23043215625	0.151032703125	0.162820140625	-0.147763578125	-0.0760068515625	-0.19996653125	0.2580585	-0.254210546875	0.153330625	-0.220688109375	-0.0455656523437	0.2251118125	-0.254870765625	0.176704578125	0.182139	-0.16009996875	-0.103354875	0.24004278125	0.083739546875	0.101354609375	-0.169415859375	0.0875131015625	0.113079148437	0.16308525	-0.116244046875	0.226853171875	0.24120071875	0.0948388203125	0.206307546875	-0.207057953125	-0.2244633125	-0.24737796875	-0.194665265625	0.2067398125	0.27111696875	-0.2923905	0.19255390625	0.131046375	0.181974015625	-0.183731984375	0.112372882812	0.22442753125	-0.162193703125	0.07132175	0.21776	0.241609640625	-0.234523671875	-0.155508203125	-0.250091515625	0.10270971875	0.205436234375	0.2723408125	-0.13802675	0.22491540625	0.243685359375	-0.083160203125	0.11277371875	0.2623639375	0.14195984375	0.143618421875	-0.284113625	0.32567921875	-0.22228015625	0.109667382812	-0.29771440625	-0.22543125	-0.14242753125	0.070910828125	0.1672018125	-0.1771991875	0.28494503125	0.2456430625	0.0206510214844	-0.26220884375	0.104487226562	0.1531775	0.205803328125	0.191190703125	0.08799915625	-0.098292203125	-0.165424640625	-0.1329575625	-0.44748953125	-0.271836	0.240599953125	0.17392353125	0.212082234375	0.2892890625	0.0382213515625	0.195114421875	0.125209804687	0.2689203125	0.3116233125	0.1458171875	0.227050015625	0.122483460937	0.154227578125	0.0982075234375	0.198768859375	0.079781609375	0.146054703125	-0.101046703125	0.109893328125	0.203310546875	0.406707	0.30422378125	0.21832384375	0.177347015625	-0.4147961875	0.2374839375	-0.0505604921875	-0.13854825	0.33939003125	-0.122458335937	0.32492715625	-0.16031740625	0.172069625	-0.117986007812	-0.22427871875	-0.13705584375	0.13485528125	0.20483009375	0.128620960937	0.19828609375	0.17526334375	0.1513645	0.26916475	0.139260265625	0.165196984375	-0.174544453125	0.1674075	-0.165643625	0.27284425	0.33907025	0.179562328125	-0.22637346875	0.16132825	0.112562179687	0.231456375	0.115885007812	0.107914375	0.16461146875	0.0148447792969	-0.26871821875	-0.0832608515625	-0.197468734375	0.1690810625	-0.175597953125	0.0683005546875	-0.0393195507812	0.0614553867187	0.094623734375	0.256108078125	0.0849366875	-0.196763609375	-0.16497421875	-0.145540921875	0.3036460625	-0.07761040625	0.156626265625	0.112488703125	-0.256843	-0.1742251875	-0.212011109375	-0.147723484375	-0.138935359375	-0.130848148437	0.206943890625	-0.0457920351562	-0.186356765625	0.245954140625	-0.0870203125	-0.115679203125	-0.1343504375	0.194068453125	-0.139001515625	0.0814181953125	0.2176829375	-0.21145865625	-0.26424803125	-0.0611276054687	0.28933615625	-0.102359945312	0.123626179687	0.150382578125	0.1015390625	-0.0836537890625	-0.2117080625	0.175821703125	-0.181083	0.139027046875	0.22094884375	0.25876940625	0.3399759375	0.186240015625	-0.0471941601562	-0.0874980234375	0.2345156875	0.171917875	-0.148622609375	0.111086617187	0.171801109375	0.126630742187	-0.255216625	0.208728375	-0.11345496875	-0.09027296875	0.28637553125	0.0825219765625	-0.131953078125	0.156185515625	-0.2056760625	0.245565265625	0.32848140625	0.105285546875	-0.193127734375	-0.095260125	-0.185674125	0.133652359375	-0.1356861875	2.89	0.21	0.0449	0.0039	0.189343734101
100	114	251	4.8451465	0.28193890625	-0.156366421875	-0.0941512265625	0.3304274375	-0.18496603125	0.1632779375	0.22705396875	0.1460035625	0.32022284375	0.22418628125	0.180261765625	0.217798546875	0.14164071875	0.23633259375	0.158540828125	0.2244829375	-0.146991203125	0.0794285234375	0.214104765625	0.154127828125	-0.206395765625	0.37140728125	0.12343496875	0.33509784375	0.3697965	0.138552875	-0.237615171875	0.21891353125	0.30693315625	-0.151524203125	0.2741763125	0.16737734375	-0.1072876875	0.185811609375	-0.221628296875	0.3516554375	0.131383	0.24142278125	-0.145805609375	0.28435428125	-0.102997148437	-0.126871859375	-0.274246375	0.254449765625	-0.293988125	0.142793859375	0.143712859375	0.0661165078125	-0.0850348515625	-0.118245875	0.2914965	0.2272369375	-0.165343578125	0.1793005	0.135781109375	-0.11512446875	-0.0652795	0.28326171875	-0.216541671875	-0.1874783125	-0.011939515625	-0.143105421875	0.27838246875	0.1804199375	-0.19183475	0.186062875	0.28354046875	-0.38742265625	-0.130235671875	0.106840945312	-0.14085075	0.180105828125	0.30991815625	0.18311053125	0.157783234375	0.246364453125	0.125325445312	0.28016671875	0.099373734375	-0.128794992187	0.14631903125	0.189095484375	-0.106361601562	0.2491988125	0.1371400625	0.228513546875	0.26901990625	-0.124294289062	-0.190280640625	-0.133040359375	-0.27019421875	0.26570578125	-0.171373953125	-0.0252995507812	0.372279	0.22717559375	0.33871103125	-0.2623416875	-0.37738271875	-0.30328975	0.185342609375	0.177518796875	0.133133296875	0.246259890625	0.1848328125	0.19705690625	0.3295343125	-0.247209015625	0.38763190625	0.2529506875	0.110397960937	0.2576636875	-0.096320609375	0.3669875	0.123817070312	0.137653609375	-0.16674328125	0.32124390625	0.148481640625	0.3981966875	0.167092015625	0.163795015625	-0.13345553125	0.138104390625	0.261330375	-0.186640875	0.5017129375	0.29587684375	-0.140975875	0.29374534375	-0.19521525	-0.22976628125	-0.17731215625	0.123795742187	-0.25213525	0.137567171875	0.139732921875	-0.326519	0.17109371875	0.24712046875	0.236557375	-0.0610166914062	0.5240799375	0.156342859375	-0.30178475	-0.219618640625	0.12741378125	-0.1413941875	-0.13035784375	-0.203665578125	-0.082908265625	-0.26485596875	0.113219304687	0.18115284375	0.2787398125	0.073225796875	0.164995578125	-0.090948625	0.118162953125	-0.20932578125	0.35499021875	0.228629625	0.39763084375	-0.3898204375	-0.25692321875	0.37208975	0.173948703125	0.242476296875	0.246225	-0.22676403125	0.119344875	-0.113231820312	-0.2286825	-0.1868888125	0.137138609375	-0.16375175	-0.05492678125	-0.098704703125	-0.123925273437	-0.158929859375	0.180653765625	0.212505453125	-0.2581529375	0.214603546875	-0.089403234375	0.195912953125	0.14473621875	0.18960775	-0.109523265625	-0.21157925	0.22776690625	-0.235393546875	0.217811125	0.150734328125	0.258286875	0.10034209375	0.0750018828125	0.28794790625	0.10978809375	0.143323140625	-0.111538609375	-0.27293440625	0.26572609375	0.13894153125	0.10040484375	0.12809928125	0.15141825	0.238590515625	0.210313265625	0.128548570312	-0.113825734375	0.16026225	0.28099309375	-0.243808703125	0.0719032265625	-0.09904440625	0.30854159375	-0.381080875	-0.0511016484375	0.1565778125	-0.20772790625	0.26143834375	0.26824375	0.15082534375	-0.197516828125	0.20474503125	0.238852859375	0.179914953125	0.3470995625	-0.101839375	-0.23721184375	0.4031306875	-0.26803596875	0.287171	0.196837703125	-0.170753265625	0.223884890625	0.28881809375	-0.179340265625	0.398353125	0.082707328125	0.128380445312	0.147842734375	-0.31193546875	-0.27071396875	-0.19858309375	-0.10233825	0.37099190625	-0.2951894375	-0.149408875	4.85	0.21	0.2	0.3	0.220690081738
101	7	251	4.158653	0.1312225625	0.19342840625	0.186024109375	0.188639265625	0.3266558125	-0.26278240625	0.124702296875	-0.279848125	0.35398421875	-0.171357859375	0.0681139296875	0.130431796875	-0.1569935625	0.13489715625	0.15702509375	-0.192086	0.198672390625	0.0487500585937	0.240095265625	-0.27765946875	-0.221616765625	0.15838021875	0.149276515625	0.32468496875	0.28914390625	-0.2628273125	-0.262529875	-0.205398171875	0.30261375	0.193395390625	-0.07927853125	0.250252015625	0.21550959375	-0.15749084375	0.06818434375	0.171209640625	-0.1845146875	0.0550128203125	0.0653110195312	0.195941234375	-0.108640140625	-0.250714265625	0.17813665625	-0.27342028125	0.267772375	0.0890931875	-0.0479897109375	-0.224584671875	0.17978365625	-0.3266153125	0.14414871875	-0.2094795	-0.1269888125	0.2374929375	-0.164704671875	-0.0749471015625	0.3429295	-0.100671023437	0.142398171875	0.28243609375	0.18045684375	0.145387375	0.1639125625	0.125507054687	0.126389414062	0.083602515625	0.2177566875	-0.102066	-0.250604140625	-0.0863450390625	0.31675946875	-0.119558046875	0.22250565625	-0.140608828125	-0.23107659375	0.25325371875	-0.120019320312	0.2202860625	-0.104248664062	-0.0864310546875	0.231575640625	0.1894545	0.14587078125	0.142818515625	-0.120551921875	-0.26260025	-0.35042415625	0.40217771875	0.104758890625	0.0641546171875	-0.178736875	0.36526984375	0.290729125	0.20588384375	-0.107571554687	-0.231309890625	0.0824679296875	0.30325278125	0.201938015625	0.2691643125	0.13479565625	0.190771640625	0.126057273437	0.22763184375	0.1636921875	0.208159484375	0.3050363125	-0.13152990625	0.128381335937	0.1863798125	0.17327309375	-0.24787703125	-0.22813646875	0.253526953125	0.2057476875	0.27507809375	-0.1376774375	0.14272203125	-0.181698359375	0.255237828125	0.0846422421875	0.230626453125	-0.180085140625	-0.238905703125	-0.184796765625	0.34095925	0.162647046875	0.174475640625	0.143760671875	0.0160693007812	0.195388921875	0.29527790625	-0.18243015625	0.071097296875	0.2696753125	0.291993875	0.22067159375	-0.113204953125	0.16869628125	0.21148284375	0.17491221875	0.136725578125	-0.0990508359375	-0.0693417890625	-0.190602546875	-0.27132121875	0.27070271875	-0.19143178125	0.145177921875	0.18818165625	0.22528415625	-0.20852121875	-0.198822375	-0.14565328125	0.16401584375	0.24158671875	0.2378374375	0.152362734375	0.07654646875	0.06675703125	-0.389657625	0.208861109375	0.235642140625	0.334918	0.223118953125	0.28534728125	-0.229347734375	0.10758403125	0.23924275	-0.099769875	-0.25832659375	-0.26971221875	0.254658828125	0.30726003125	-0.322129375	-0.240177265625	-0.253319	0.0425521484375	0.23829684375	-0.0745237578125	0.22455309375	-0.143308875	0.204921953125	-0.312029875	0.32239678125	0.209123296875	0.29609609375	-0.28107334375	0.191882359375	0.33509890625	-0.234889203125	0.3223430625	-0.2113376875	0.19794659375	-0.11059296875	0.2621730625	0.35655784375	-0.184805109375	-0.14216521875	0.1873249375	-0.100288765625	0.32734478125	-0.30733515625	0.1964393125	0.2166890625	0.16394903125	0.1890574375	0.07068653125	0.209985875	-0.109242070312	-0.084265109375	0.32197578125	-0.205232734375	-0.29546153125	0.245597265625	-0.104338148437	-0.220150703125	0.107391898437	-0.11361659375	0.125942015625	-0.172509375	0.17192421875	0.14117425	0.27870334375	0.260835171875	0.09354671875	0.099207640625	-0.224179953125	-0.248147734375	-0.1898859375	0.29532728125	0.207682734375	0.16101159375	-0.0960565	-0.2396276875	0.105292210937	-0.1655716875	0.238413203125	0.1959188125	-0.179659578125	-0.19364215625	-0.259744859375	0.195470578125	0.30825828125	-0.23790009375	0.231459296875	-0.170464625	0.223791921875	0.0896076015625	0.314983375	4.16	0.22	0.19	0.06	0.210282063393
102	61	251	2.23885575	0.190949859375	0.122064875	0.1938714375	0.21532834375	0.121472148437	0.152637859375	0.131660328125	-0.2134578125	-0.189004421875	0.13248715625	-0.158476875	-0.124571046875	-0.17091715625	-0.20657784375	-0.34311090625	-0.17687434375	0.257404109375	-0.162455828125	-0.19863140625	0.076447421875	0.072473203125	-0.19460409375	0.26602325	-0.19201653125	-0.22404221875	0.196763796875	0.3292396875	0.136225359375	-0.24472196875	-0.212665671875	-0.25729521875	-0.1291955	0.0386151757812	0.3146696875	0.126772796875	-0.14114184375	-0.0896542578125	-0.2456874375	-0.185843640625	-0.1340781875	0.24831175	0.239146625	0.34089934375	-0.0519361992187	-0.249489484375	0.0883033984375	-0.149474828125	-0.16322221875	-0.09681925	-0.119277296875	-0.14339365625	0.236999484375	0.090856484375	0.0533930234375	0.3114336875	-0.3155973125	0.0808437578125	0.2923334375	-0.175488375	-0.161733234375	0.123196757812	0.09545528125	-0.14134071875	-0.0720591484375	-0.0514095039062	0.0513947265625	-0.200537359375	-0.23518303125	0.22838178125	0.0888409140625	0.40251384375	0.2207589375	-0.19985446875	-0.052591421875	-0.109427289062	-0.1353453125	0.0674970625	-0.219700265625	0.0345715078125	-0.28810021875	-0.2804026875	0.0998003828125	-0.173999796875	-0.23286534375	-0.27682353125	0.0262919394531	-0.187803953125	0.188626890625	0.13163221875	0.2348265	-0.229142234375	0.11279478125	-0.23157878125	0.184918625	0.16752903125	0.120139328125	-0.2265644375	0.0981392578125	-0.225854515625	0.180431921875	-0.2951225625	0.30711325	-0.107490117187	-0.200680640625	0.240060875	0.188190546875	0.27950446875	-0.160392671875	0.1976025625	-0.135252078125	-0.11646328125	-0.197857734375	-0.293796625	0.10267746875	0.117741953125	-0.2100809375	0.2191195	-0.2402736875	0.126133117187	-0.32201184375	-0.3105270625	0.161271359375	-0.15926665625	0.076263515625	-0.164072359375	-0.21408640625	-0.0899670078125	0.146931015625	0.0868735546875	0.206041328125	0.31984409375	0.111662320312	0.0566284375	-0.187320421875	-0.203028078125	0.104136109375	-0.146779171875	-0.239459671875	0.12250175	0.144712890625	-0.0819009375	-0.181654515625	0.065902546875	0.14829509375	-0.16281934375	0.0557583203125	-0.115367015625	-0.21344871875	0.1116930625	-0.13561403125	-0.173589453125	-0.48475409375	-0.112965125	-0.449241	0.111646210937	0.30000825	0.100000515625	0.189221546875	0.129620039062	0.107447992187	-0.190879890625	0.23221459375	-0.153991546875	0.185581609375	-0.3208738125	-0.2277284375	-0.248669953125	-0.0807701640625	-0.13642803125	0.41951725	0.144231984375	0.227446140625	-0.127616421875	0.0935372578125	0.11481296875	0.4180916875	0.28109709375	-0.32008659375	0.116391789062	-0.224069390625	0.195275546875	-0.1456959375	-0.205218609375	0.111345796875	0.2639206875	0.102919304687	0.266177375	0.09029228125	-0.231521734375	-0.0859561640625	-0.15541690625	-0.0856772734375	-0.14466790625	0.1783935625	-0.28201784375	0.046149078125	0.251487734375	0.0829392109375	-0.22455815625	0.30919603125	-0.203475	0.141848046875	0.113925296875	-0.107370296875	0.1359479375	0.19753575	-0.236906203125	-0.1862255625	-0.13786090625	-0.1618418125	-0.198764921875	0.126166117187	-0.241833921875	0.26114809375	-0.126010125	0.123574101562	0.125016007812	0.2918828125	-0.17964403125	0.100591429687	0.238311140625	-0.20383178125	-0.15043440625	0.24028584375	0.192326	-0.119308046875	-0.1123503125	0.178571578125	-0.172536953125	0.180580890625	-0.15078546875	-0.239256546875	-0.2108935625	-0.206861171875	-0.30872590625	0.1964329375	0.240618265625	-0.183668265625	-0.219543375	-0.09459215625	0.15376334375	-0.119358664062	0.207780234375	0.165764046875	0.0939056484375	0.26478384375	-0.150137109375	0.0989355625	-0.230457375	-0.112972601562	2.23	0.2	0.135	0.036	0.194584934805
103	60	251	5.960799	0.8133749375	0.5831626875	0.526656375	0.5346495625	-0.229045625	-0.1409083125	0.64663925	0.7792746875	0.737784375	0.791830125	0.48556959375	0.632030625	0.7545575	0.74850575	0.655643625	0.38049846875	0.49477403125	0.623158625	-0.18166246875	0.667152125	0.26240134375	-0.196302359375	0.46421746875	-0.00599928515625	0.483119125	0.6151403125	0.3788575	-0.1508255625	0.3791693125	0.5427598125	0.431718	0.362695	0.223483125	0.25116596875	-0.193868359375	0.46730525	0.4904785625	0.4551173125	0.3344633125	-0.30551603125	0.2660826875	0.3009780625	0.475317	0.433477875	0.535978	0.536436375	0.43814121875	-0.101948953125	0.2134429375	0.26807725	0.40278946875	-0.21294753125	0.199163578125	0.28036234375	0.620674625	0.5964714375	-0.14622165625	0.263363625	0.3607035625	0.33500546875	0.354499125	0.3693325625	0.35752578125	0.2467803125	0.044758640625	0.247561890625	0.310465375	-0.083933390625	0.188850171875	0.28911721875	-0.35216334375	0.224422234375	-0.209231140625	-0.104556117187	0.33093096875	-0.200354125	-0.066961796875	0.2334095625	0.123953695312	0.28007478125	0.155745078125	0.311098625	-0.070345640625	0.166469859375	-0.402795625	0.32658440625	-0.1559134375	-0.11958696875	0.278591	0.10904871875	0.227515359375	0.25896084375	0.1824346875	-0.32758634375	0.12843115625	0.3064606875	0.22002553125	0.21445496875	0.17101509375	-0.101884523437	0.28788278125	-0.221559265625	-0.127260007812	-0.14521609375	-0.2297975625	0.33604978125	-0.26824459375	0.16752415625	0.103609351562	0.31321546875	0.0905056171875	-0.24440359375	-0.120346257812	0.254272875	0.1609255625	-0.100406953125	-0.19974503125	-0.0641553046875	0.2346794375	-0.0471991328125	-0.1879564375	0.194197203125	-0.0979584296875	0.3655378125	0.39048596875	-0.16985303125	-0.21112840625	-0.150195296875	0.28214809375	-0.121006203125	0.24530959375	0.4461428125	0.186310984375	-0.144341921875	0.30800646875	0.3677044375	0.124662960937	0.30522640625	-0.16539425	0.239818875	0.145050390625	0.31785146875	0.27418753125	-0.101852554687	-0.14699365625	0.136839109375	0.23818990625	-0.132265015625	0.1541384375	0.107076507812	-0.1437155	0.141330265625	-0.176989890625	0.15407903125	0.28685203125	-0.1453891875	-0.11856440625	-0.162261125	-0.155817046875	0.116699328125	-0.23370925	0.158364515625	-0.217603609375	-0.1467960625	-0.105606484375	-0.1653201875	-0.190370875	0.1465505625	0.381889	-0.200689328125	-0.04939740625	0.16988815625	0.23632309375	0.189223859375	0.130064851562	-0.31647325	0.258953625	0.239093890625	0.18603834375	0.225976515625	0.171024140625	0.204959140625	0.142965453125	0.0594261445312	-0.185585234375	0.24504415625	0.0468064375	0.17113915625	0.141453109375	-0.28608453125	0.204063484375	-0.3613198125	-0.209937953125	-0.0609125078125	0.15485896875	-0.106122867187	-0.13343534375	-0.1323195625	0.11519053125	0.2224474375	0.1996453125	0.107688859375	0.204837875	-0.202381140625	-0.18336878125	0.113161335937	0.156212140625	0.28886334375	0.19695371875	0.17539671875	0.2017446875	-0.1892658125	-0.195839359375	-0.2007511875	0.319197625	0.216715484375	0.15556034375	-0.169848171875	0.126758039062	0.0702768046875	-0.16153940625	-0.188849734375	-0.17086215625	-0.154176890625	0.235940859375	0.2493878125	0.248248921875	0.19927346875	-0.0940889296875	-0.25247415625	-0.26278571875	0.073841203125	0.3153506875	0.4190091875	-0.111548054687	-0.236879890625	-0.0672592890625	-0.228939625	-0.3000513125	0.02562884375	0.19479378125	0.107775523437	0.203258859375	0.3357704375	0.133934	-0.187014	0.108604820312	0.196850953125	0.37483684375	0.17063	5.93	0.3	0.114	0.014	0.285687097113
104	3	251	8.144906	1.32513075	1.400791625	1.161072125	1.0268548125	1.32878275	1.078048	1.04670975	1.059622875	1.03694025	1.12607525	1.213770375	1.0193029375	1.24703525	0.9596304375	1.0997105	1.25941175	1.1931215	0.9426076875	1.0451464375	0.9696091875	1.251808625	0.898673625	0.9487818125	1.0015504375	0.9649405	0.9132811875	1.01546725	0.937613375	1.130522125	0.9307925	0.941563625	1.20959425	0.915489625	0.730961	0.9784843125	1.118661875	1.087829125	1.0847825	1.156182	1.074958125	0.9269905	0.8775305	1.057508125	0.9319128125	1.1512155	0.7623019375	0.761355375	1.094912625	0.98273525	0.90337275	0.9547483125	0.908491875	0.7240840625	1.056225375	0.8993300625	0.8046453125	1.06843175	0.8342244375	0.89964675	0.819288625	0.75942675	1.078998625	0.705723125	1.0313445625	0.7100329375	1.133981	0.693346625	0.9354978125	0.8685355	0.8844500625	0.7985474375	0.870891375	0.813507125	0.8286930625	0.6629745	0.954303375	1.01747925	0.8189014375	1.068880625	0.62016325	0.78568125	0.9782511875	0.7681825625	0.638255625	0.7036318125	0.603727875	0.59619225	0.6669050625	0.713868125	0.559881125	0.6195735	0.4879461875	0.7975613125	0.729311	0.8904890625	0.6260493125	0.574840375	0.63412675	0.5566323125	0.84171975	0.6614579375	0.638174375	0.5641376875	0.6412168125	0.671695125	0.7105120625	0.51220959375	0.629098875	0.656785	0.7431043125	0.6990599375	0.83067775	0.7908400625	0.7274954375	0.6032944375	0.6258393125	0.45680140625	0.52274059375	0.5929404375	0.393694875	0.478270125	0.6855871875	0.6603599375	0.65003875	0.36401259375	0.5595195625	0.8557861875	0.6783155	0.4418861875	0.4811004375	0.6347803125	0.6380565625	0.615162375	0.571067	0.30514078125	0.6029300625	0.3504074375	0.3849130625	0.6493566875	0.51544790625	0.32745746875	0.3329299375	0.4554295625	0.71023725	0.543032875	0.26875471875	0.51326540625	0.5876193125	0.631140875	0.557265875	0.575538625	0.793243625	0.47730659375	0.540356125	0.5660823125	0.638205875	0.4076274375	0.5063361875	0.3624444375	0.4415835625	0.7464895625	0.51307459375	0.304757875	0.555559125	0.452502125	0.352896625	0.346030875	0.29663390625	-0.178377515625	0.32150903125	0.25527915625	0.34368715625	0.337049125	0.5531216875	0.4141521875	0.25555784375	0.2791776875	0.38984303125	0.4581025625	0.559104125	0.593181875	0.27213396875	0.42537075	0.5236405625	-0.0989057734375	0.51524146875	0.156853	0.4141816875	0.4182548125	0.530720875	0.29634159375	0.547178	0.3507090625	0.36559184375	0.46090278125	0.261443078125	0.5711346875	0.2844055	0.6098880625	0.4386773125	0.47375365625	0.312893875	0.34613396875	0.40916940625	0.5496404375	0.282914	0.380856	-0.2158390625	0.253835859375	0.583775875	0.37839709375	0.3290488125	0.2984740625	0.430273125	-0.14483221875	0.207051703125	0.246905765625	0.3326063125	0.30064228125	0.41655821875	0.51302003125	0.3774071875	0.36616053125	0.21751203125	0.0794888359375	0.2355615	0.59414625	0.30188453125	0.50117934375	0.3794434375	0.3329163125	0.270787375	0.42579540625	-0.0641900859375	0.271629625	0.16704953125	0.158279796875	0.5355945	0.245055828125	0.51483409375	0.44324165625	0.33552740625	0.39679984375	0.3001350625	0.4010751875	-0.143573921875	0.19705984375	0.26216446875	0.329643625	0.44373221875	7.7	0.7	0.067	0.008	0.676268119697
105	45	251	3.76873575	1.064944625	0.7883228125	0.9341590625	0.7632928125	0.9754650625	0.870297	0.694454375	1.090203125	0.749009	0.770416875	0.947813625	0.69205175	0.8752203125	0.8152998125	0.988120625	0.7645773125	0.8960005625	0.92647625	0.849591875	0.831786625	0.836572875	0.6981941875	0.7903714375	0.7097458125	0.80594125	0.5778995625	0.7258243125	0.6477356875	0.781639	0.922313875	0.906877875	1.039966875	0.803638875	0.726519875	0.94049075	0.84578	0.9425085	0.78141125	0.7396291875	0.936196375	0.8077816875	1.0017835	0.8678013125	0.936162875	0.722393	0.8822166875	0.848483375	0.7977168125	0.7214808125	0.778212125	0.80629975	0.70837375	0.726057125	0.736176	0.8102970625	0.733885375	0.799563375	0.9867473125	0.7425060625	0.6557048125	0.9007215625	0.980837125	0.8373350625	0.763677875	0.7478196875	0.730275	0.9398885	0.9104320625	0.8155600625	0.87533525	0.8000353125	0.8425845625	0.644235875	0.796427875	0.650549375	0.79779	0.9518569375	0.8408875625	0.82642825	0.50735725	0.6386449375	0.7964195	0.611552	1.0373375	0.7129884375	0.698089875	0.666625375	0.9331684375	0.8874079375	0.56203175	0.7481015	0.799636125	0.8222464375	0.550085875	0.9188113125	0.6042945	0.794419875	0.7872636875	0.75066675	0.8847021875	0.825319625	0.60462525	0.8708245625	0.760153	0.9390005	0.8172500625	0.9577340625	0.8126194375	0.5770189375	0.89677425	0.7074629375	0.793009125	1.0271953125	0.790066125	0.7789828125	0.889471375	0.7547675625	0.7245844375	0.7605600625	0.7336303125	1.0231210625	0.9799926875	0.7481523125	0.939000125	0.737184625	0.721625375	0.646131	0.9053283125	0.77845925	0.7510295	0.6436364375	0.8023825625	0.787542375	0.802129375	0.93768525	0.823697	0.9563095625	0.8702375	0.7124978125	0.8094523125	0.9087949375	0.55864725	0.765047625	0.67962225	0.7706655	0.981039875	0.693250625	0.63634475	0.6989676875	0.8536703125	0.6564960625	0.9082734375	0.884291	0.8231160625	0.8956605625	0.5359756875	0.998634125	0.885148375	0.6892508125	0.802485875	0.7843733125	0.7785470625	0.605238625	0.94284225	0.717426375	0.820743125	0.828827375	0.8969881875	0.753434625	0.7041798125	1.00429	0.6523635625	0.9022299375	0.8272745625	0.7278500625	0.7779883125	0.901525875	0.829986875	0.61706975	0.7707664375	0.727150375	0.7211631875	0.832622	0.776629125	0.7615659375	0.4526420625	0.5614956875	0.722557875	0.7681295	0.817695	0.81173325	0.6587844375	0.8467081875	0.949163625	0.8745936875	0.6910509375	0.7133345	0.9181835	0.8797316875	0.5876855	0.752354625	0.736624	0.6683633125	0.7379638125	0.8178076875	0.5484796875	0.7549015625	0.85759975	0.7620544375	0.9547279375	0.871982125	0.5948054375	0.78320025	0.51720875	0.6737083125	0.9077410625	0.875870625	0.907988375	0.6708333125	0.5013898125	0.8932951875	0.6488595	0.51377921875	0.511783	0.6368924375	0.8019189375	0.6761183125	0.6118596875	0.9321610625	0.5706136875	0.6818533125	0.6818286875	0.812345875	0.9874753125	0.6759149375	0.6556261875	0.7416644375	0.653508375	0.8253061875	0.8486811875	0.8093898125	0.71337875	0.7585410625	0.9204061875	0.7304755625	0.637176	0.7115106875	0.87189025	0.6937374375	0.80406775	0.893	0.03	1.78E-4	4.7E-5	0.217199708788
106	74	251	3.56114475	0.8999781875	0.9185050625	1.08826975	1.041494625	1.054887125	1.091285375	0.943191625	1.205348875	0.9937890625	0.964222375	1.21208325	0.9616190625	0.9684450625	1.0694645	1.109071375	0.9665846875	1.05104825	1.115484625	1.153666125	1.086582375	0.9356836875	1.061359875	1.15827525	1.051916875	1.0622935	0.96452975	1.016641	0.9943754375	1.07029425	1.05083875	0.919350125	0.9834304375	1.065542375	1.0354949375	1.14880375	0.795376625	0.9185741875	0.696053875	0.97070725	1.2589055	0.9553863125	1.0861385	1.013527875	1.135534375	0.9442461875	1.114588375	1.2122095	1.057782375	1.136261	0.927038625	1.1038755	0.9284829375	1.04529725	0.9398548125	0.88620825	1.174070875	1.0554455	0.9438365625	1.1817595	1.04789775	1.0102388125	1.0079066875	0.950714125	0.9361526875	1.0028189375	0.7962194375	1.061096125	1.117742125	1.139976125	0.953029875	1.065642375	1.255532375	0.8572888125	0.853087875	1.273685375	0.9698444375	1.017849375	1.0130704375	0.949290125	0.93767875	1.115068875	0.9586800625	1.11374575	1.185910625	1.07522675	1.025584625	1.0433609375	1.0066311875	0.9437923125	1.067093625	0.9969135	0.78592075	0.9225623125	0.992280875	0.979481125	1.21048475	1.11428525	1.00879875	0.884616	0.947778375	0.9833350625	1.030535125	0.9031814375	0.9363160625	1.019840625	0.992845125	1.040136375	0.8292784375	1.011016875	1.052753	1.0039444375	0.9675058125	0.99467375	1.123950875	0.9494304375	1.183529	0.95723025	0.945906875	0.9919710625	1.228135375	1.0379695625	0.9944630625	1.049541125	0.7451813125	1.0353780625	1.209022875	1.14649075	1.164179	0.8670181875	1.0347874375	1.236917625	1.111961	0.929645	1.292319	1.136965875	0.978792875	1.055976875	1.184902875	1.148412375	1.12482825	1.202200375	0.97396725	0.9756781875	1.1223655	0.99813525	1.227242	1.14530825	1.08787425	0.9287600625	1.05426825	1.088050375	1.114877375	1.07537125	0.956437625	1.163395375	0.8833804375	0.91532675	1.314109875	1.03243175	1.307160375	1.0155344375	0.70443275	1.0412465	1.150432	1.051767125	0.9959675	1.08013675	0.7782195625	1.113796	1.273237875	1.0289269375	0.9208473125	1.147231	1.08757775	1.016545375	1.112726125	0.977117875	0.7489299375	0.9958355625	0.877486125	0.99217375	1.15813875	1.283445375	1.065514875	0.960916875	1.110706	1.020482125	1.0339486875	0.9884616875	1.0274141875	0.9138834375	0.84833925	0.972322375	1.056489125	0.9879696875	1.0085113125	1.0944465	1.054629625	0.9126024375	1.1228195	0.75488775	1.13165725	0.921694	0.7693193125	1.337929125	0.9406964375	1.161789125	1.10135325	0.9443111875	1.196970375	0.947126875	1.084793375	1.204301	1.27307875	1.186953125	1.0983745	0.8673249375	1.109008	1.0858215	1.093386125	1.34337675	1.0260145	1.1067055	1.110951375	1.145705375	0.8398805	1.188342375	1.2687225	0.960054875	1.214092875	1.0011284375	0.9718690625	1.126397375	1.267319125	1.249776875	0.7754385	1.160673	0.97667975	1.0031116875	0.9169285625	1.25091825	1.09485775	0.9131129375	1.049173375	0.9651408125	1.09857975	1.134781375	1.258464875	1.238546125	1.228184125	1.053	0.026	1.0E-6	3.5E-5	0.20039528527
107	139	251	8.144906	1.3517905	1.4543625	1.321293625	1.159413125	1.553495	1.195220125	1.2113375	1.145849875	1.176771125	1.20509525	1.384119	1.1046625	1.249014875	1.03818525	1.144639875	1.283848625	1.270687375	1.116112375	1.171662625	1.058575375	1.36647975	1.104412	1.114108125	1.017210625	1.027191125	1.007029625	1.11914675	0.962344125	1.198207125	0.9609964375	1.08087675	1.351955125	1.146980625	0.9022451875	1.06415775	1.298080125	1.15706125	1.143172125	1.1716895	1.084324375	1.06380175	1.001062	1.171399125	1.095068125	1.254354125	0.8516365625	0.8047878125	1.21684425	1.101276875	1.0153081875	1.053435875	0.9526235625	0.8594904375	1.072061	0.933214375	0.9179391875	1.036156625	0.8641518125	0.9980371875	1.057191	0.837755	1.0392730625	0.83234475	1.0858975	0.80741025	1.14206625	0.8234479375	0.930648125	1.0317105625	0.939665375	0.849957	1.013459625	0.8913144375	0.8262195	0.8088271875	0.8952698125	1.01362175	0.8118215625	1.054241	0.6228905625	0.9760790625	0.9782924375	0.77312475	0.675985625	0.766864875	0.713438875	0.68205525	0.79142425	0.7539354375	0.6138804375	0.6878359375	0.562532375	0.9516906875	0.802919	0.8953725	0.5580243125	0.541690875	0.643079125	0.627563	0.9025051875	0.8381509375	0.7308329375	0.65272725	0.61764625	0.762391125	0.72680075	0.56900275	0.7354306875	0.701882875	0.7182155	0.8442845	0.841882125	0.8772264375	0.804584625	0.664303875	0.7057238125	0.485665375	0.6511689375	0.653357875	0.4725778125	0.5483780625	0.7052765	0.6896061875	0.6524814375	0.49407178125	0.5078961875	0.847073125	0.6624760625	0.49362325	0.51928534375	0.62940475	0.6828696875	0.705613125	0.64874925	0.345295375	0.6111894375	0.4666084375	0.404989875	0.698109375	0.6115149375	0.33944584375	0.34615209375	0.510226125	0.7421740625	0.5769255	0.3207175625	0.5590090625	0.6155255	0.68205925	0.5305829375	0.551008	0.815322375	0.535204	0.5764784375	0.5888245	0.6319601875	0.51797684375	0.44084159375	0.41726128125	0.4415835625	0.769501375	0.5311375625	0.34373003125	0.635767375	0.452502125	0.35902934375	0.45684940625	0.407715875	0.144693421875	0.3425655625	0.242165734375	0.45974234375	0.45210040625	0.6326983125	0.4213440625	0.33112171875	0.35892015625	0.38984303125	0.5241564375	0.59667425	0.6084229375	0.3225513125	0.4409459375	0.5236405625	0.4266205625	0.574035875	0.24726996875	0.3972414375	0.45494396875	0.611297125	0.32871828125	0.596599875	0.46460065625	0.46317559375	0.5328646875	0.29808328125	0.50622028125	0.38075271875	0.683992375	0.45355690625	0.41873709375	0.33723796875	0.34765996875	0.41176390625	0.6542395	0.34068228125	0.4166983125	-0.092109453125	0.36739296875	0.583775875	0.4499076875	0.34495415625	0.36309675	0.4664353125	-0.148735375	0.251247453125	0.28298159375	0.37124265625	0.38748290625	0.46981365625	0.51302003125	0.49997428125	0.36649484375	0.39682084375	0.09499065625	0.1999080625	0.6022845	0.357643125	0.49224053125	0.2894515625	0.3948910625	0.223926109375	0.38929915625	0.115915390625	0.2829896875	0.2110858125	0.174743203125	0.51943340625	0.146543375	0.6291035	0.46995825	0.34911784375	0.3719235625	0.3175243125	0.4010751875	0.26579059375	0.18948765625	0.261610703125	0.3341324375	0.44373221875	1.59	0.08	0.00148	1.3E-4	0.441467399172
108	123	251	2.30210325	1.143224875	1.1946135	0.942417625	1.121275875	1.272141625	1.050679	1.11561925	1.21249	1.157620625	1.22979025	0.9807521875	1.159138375	0.929520875	1.012382375	1.0246541875	0.60650575	0.9539425	1.093187375	1.142087625	0.9052288125	0.920144375	0.9887549375	1.000646875	0.759880625	0.986132	0.955015125	0.78658275	0.738401125	1.009007875	0.8276775	0.71975175	0.827040125	0.7133065625	0.64311825	0.8298195	0.7853625625	0.8206633125	0.7771395	0.5405763125	0.6198971875	0.5983424375	0.77313175	0.7539921875	0.7216678125	0.7291739375	0.48701459375	0.805455625	0.46342753125	0.4305094375	0.8156346875	0.6058076875	0.706637875	0.8952006875	0.67830625	0.46303	0.50658553125	0.41411078125	0.555142	0.4432965	0.4926569375	0.644333625	0.4025464375	0.745075	0.62050875	0.3935998125	0.60419175	0.565937	0.6254080625	0.5676844375	0.41400078125	0.49953296875	0.463233	0.41338684375	0.50995059375	0.28211090625	0.3514590625	0.4131616875	0.45680165625	0.52026903125	0.3370248125	0.6427593125	0.4784090625	0.5792464375	0.39477603125	0.3707988125	0.48732540625	0.36642284375	0.29794303125	0.5458425625	0.44681521875	0.32834646875	0.31096428125	0.26802240625	0.71612125	-0.170022125	0.352916	0.4914238125	0.4233341875	0.29922659375	0.18993278125	0.4516831875	0.248691890625	0.36194334375	0.157523421875	0.243676109375	0.416079125	0.289757625	0.09580759375	0.31177490625	0.50227334375	0.32744221875	0.213693484375	0.2040430625	0.150411765625	0.155688171875	0.23079934375	0.131661125	0.34332921875	0.29936053125	0.32512221875	-0.197378390625	0.1885489375	0.33086240625	-0.1589714375	0.4312740625	0.27956625	0.31178653125	0.214742375	0.35204509375	0.25020690625	0.411835125	0.2934945	0.229699421875	0.148520234375	0.2432314375	0.26809921875	0.418792625	0.341230375	0.138384015625	0.389034375	0.121497007812	0.33374246875	0.31979678125	0.28106484375	0.33960634375	0.27428740625	0.30521990625	0.231488125	0.221137359375	0.26781896875	-0.118253117187	0.138129625	0.467854	0.24627021875	0.216179296875	-0.13548009375	0.171151859375	0.14304890625	0.44166315625	0.113668765625	0.06934803125	0.21131009375	0.26351878125	0.159805328125	0.2056479375	0.3645674375	0.3348659375	0.160804234375	0.258978453125	0.140590609375	0.0717213359375	0.088963125	-0.16847696875	0.175574109375	-0.172183015625	0.0746539375	0.34734965625	0.2246895	-0.116347976562	0.127865507812	0.22868875	0.1629475	-0.2323011875	0.122192421875	0.0825116328125	-0.165972234375	0.10675325	-0.25487909375	-0.0472060351562	0.1667000625	0.1557555625	-0.15529121875	-0.141063875	0.0534840859375	0.2434770625	0.208545265625	0.0579623671875	0.168156109375	0.3582125625	0.101805429687	-0.135174078125	0.135340328125	-0.2124879375	0.163681921875	0.149323296875	0.151757515625	0.208778078125	-0.10620328125	0.151270015625	-0.166054203125	-0.229703125	0.200335796875	0.158355375	0.122152789062	0.120073703125	0.20201178125	-0.121378898437	0.1902201875	-0.22600646875	0.0342274375	0.272030875	0.23851234375	0.38006165625	0.20539603125	0.0626164765625	0.15366009375	0.13611615625	0.15600134375	-0.0472298515625	0.126024664062	-0.102448648437	-0.16886121875	0.17908753125	0.220546265625	0.067098390625	0.29073521875	0.217859671875	0.2893808125	-0.183278171875	0.070269625	0.147803296875	0.253845296875	0.129325	-0.104161828125	-0.123904671875	0.191238140625	0.202557359375	-0.23760934375	-0.216865328125	0.239048234375	1.299	0.038	0.00269	1.0E-4	0.161269328062
109	117	251	3.71167975	2.47547525	2.408714	2.58999625	2.5982515	2.61629225	2.70638525	2.76058175	2.64411375	2.53715225	2.49271625	2.688229	2.55538625	2.47551025	2.45444675	2.6140955	2.598127	2.389316	2.45692325	2.74289025	2.4958465	2.506173	2.551272	2.5423055	2.6458415	2.654356	2.45577125	2.58971225	2.44398175	2.467847	2.57538975	2.7504945	2.51243075	2.408712	2.702306	2.529508	2.49824425	2.595571	2.62798	2.53377775	2.56196075	2.50253775	2.6189105	2.73033875	2.43805825	2.56898075	2.3097975	2.48701575	2.30389925	2.543996	2.4873335	2.4411795	2.765993	2.455505	2.6470525	2.3486625	2.44477525	2.48669075	2.58126075	2.433118	2.44548675	2.50248375	2.43596475	2.2379055	2.376715	2.47999525	2.60742775	2.68106175	2.5879655	2.59948875	2.51041125	2.172924	2.64182275	2.51113475	2.525146	2.5060315	2.3251725	2.4478655	2.56772075	2.65453875	2.54221	2.689191	2.25259125	2.5194295	2.493013	2.604485	2.51156475	2.4689525	2.73451725	2.48413	2.3288	2.5919185	2.48004475	2.5123155	2.6197125	2.4412585	2.42010875	2.48658575	2.53725575	2.488875	2.53063525	2.39239925	2.721574	2.3340185	2.435712	2.39267425	2.56513375	2.56312025	2.5135655	2.42502375	2.59700975	2.3173175	2.486431	2.52472125	2.338165	2.383295	2.47864775	2.479468	2.44294975	2.59029025	2.35200275	2.38146725	2.270588	2.481898	2.5967355	2.571695	2.49048875	2.50418175	2.647702	2.28218075	2.45188275	2.6551455	2.45143575	2.431966	2.53044175	2.49767775	2.73857975	2.570154	2.51620175	2.61769275	2.53712375	2.67221475	2.58012275	2.5923905	2.55049325	2.3658075	2.654548	2.63339725	2.42716425	2.58257175	2.2191415	2.4372805	2.521376	2.74083225	2.306916	2.3810475	2.60401275	2.59925525	2.4697185	2.50876125	2.296343	2.5059345	2.5285805	2.7045765	2.470964	2.39280025	2.517192	2.6088255	2.54115825	2.47665875	2.5101535	2.62660975	2.63047025	2.66021825	2.500273	2.36259175	2.38334425	2.61225375	2.640827	2.4326805	2.3150405	2.3563405	2.333467	2.48192125	2.37271175	2.4245765	2.5491555	2.3959155	2.60344175	2.40429675	2.5540975	2.358898	2.50154525	2.275842	2.4439905	2.61923275	2.4539045	2.461489	2.52414575	2.5911285	2.43638875	2.36385975	2.4243645	2.49533925	2.418832	2.47400725	2.59331625	2.3549515	2.14489025	2.31993175	2.69941	2.46100475	2.48208775	2.506334	2.22211175	2.627245	2.5663505	2.61198325	2.6262765	2.71208175	2.42677025	2.5467825	2.47268	2.69333075	2.4365765	2.50287875	2.64850975	2.2943725	2.3292905	2.441342	2.491268	2.4264695	2.54389075	2.49506125	2.411112	2.38713525	2.36513175	2.609437	2.373568	2.39802725	2.57077125	2.446196	2.405336	2.39648425	2.46237825	2.63980075	2.30002075	2.536189	2.597883	2.58423875	2.4230305	2.562	0.018	3.4E-5	1.0E-5	0.136728947612
110	159	251	5.749983	-0.094493390625	-0.117753671875	-0.242028890625	0.164169796875	-0.18552521875	-0.143491921875	0.097768828125	0.179122546875	-0.1490719375	-0.16163221875	-0.206158828125	0.124358742187	0.18008134375	-0.0925380859375	-0.126218179687	0.27389421875	-0.39430228125	0.184479625	-0.117271007812	-0.2617945	-0.20506246875	0.33246878125	-0.2396248125	0.1353894375	-0.100299023437	-0.13125421875	0.16393434375	-0.29084559375	-0.2183934375	-0.1270080625	-0.09019796875	-0.13313165625	-0.242980296875	-0.1611834375	0.120450445312	-0.32561196875	0.1603848125	0.130243742187	0.18125353125	-0.0919824609375	0.41446553125	0.187084546875	0.139603515625	-0.188041859375	0.13076059375	-0.2242766875	0.13294571875	-0.118355390625	0.130844164062	0.200315546875	0.23271034375	-0.2096315	-0.2930281875	-0.117337421875	0.29390915625	-0.07396490625	0.117324421875	0.121458859375	0.167822	-0.2360710625	-0.35522371875	-0.4089436875	-0.32419734375	-0.201503625	-0.2576574375	0.246558265625	0.182026671875	0.1456569375	0.17912846875	0.0915411640625	-0.090931328125	-0.187133453125	-0.2208680625	0.1539745	-0.1767476875	-0.17096546875	0.19037859375	-0.21947596875	0.151013453125	0.259550984375	0.142312328125	0.0975689921875	0.120822273437	0.0147502626953	0.153385484375	-0.043522078125	0.184470734375	0.155953734375	0.1390214375	-0.1774445	-0.27651421875	0.35801453125	0.159729109375	0.141239578125	0.236518125	-0.1623514375	0.254486546875	-0.042403765625	-0.13671075	0.19443671875	0.19819178125	0.226734609375	-0.193332546875	-0.125860453125	-0.1765143125	0.093942890625	0.19783440625	-0.107397257812	0.2352286875	-0.3439255	0.252489984375	0.31185934375	0.162804796875	0.229573953125	0.13746746875	0.16005578125	-0.128958875	0.201934453125	0.229747984375	-0.24765696875	0.2973354375	-0.175562875	0.213341109375	-0.20550715625	-0.169580921875	0.203471890625	-0.28981925	0.0511748789062	-0.162091390625	0.120165898437	-0.254962515625	0.200615015625	0.34056040625	0.0600060546875	0.29061265625	-0.22704965625	0.209291875	0.168303640625	0.29349946875	0.16017665625	-0.20245153125	0.257981203125	-0.26008275	-0.1963981875	-0.2653424375	-0.191944	0.1471575625	-0.185977578125	0.292153375	-0.20277109375	-0.115683125	0.1728366875	-0.29930615625	-0.3320925	0.0879393125	-0.220566671875	0.20330809375	-0.10045225	0.105671640625	0.32737353125	0.21995978125	0.13800065625	0.22136965625	-0.237131390625	0.153549078125	-0.145464890625	-0.099157921875	0.194227828125	-0.11923003125	0.147178890625	-0.155916984375	0.30520384375	-0.17995865625	0.1880471875	0.088648390625	-0.22747065625	-0.186677859375	0.35920759375	0.0972949140625	-0.16877165625	0.161592203125	-0.171412171875	0.2221626875	-0.152535515625	0.254576375	0.157908046875	0.27077384375	-0.221797546875	0.176728484375	-0.25977096875	-0.278867625	0.3117063125	0.2491981875	-0.17661784375	-0.134294765625	-0.1653915	-0.2217185	-0.177613296875	0.1645015625	0.290128375	0.165135421875	-0.236654375	-0.236927875	0.134970078125	-0.154485640625	0.200762875	0.072339984375	-0.28646040625	0.24130746875	0.2081406875	0.2713308125	0.2000104375	0.18382059375	0.15069115625	-0.241669765625	-0.30073603125	-0.0456766601562	-0.171993546875	0.106977359375	0.2413930625	0.189392953125	-0.350123125	0.15169559375	-0.109667054687	-0.34282515625	0.0936916796875	-0.3209961875	0.175592265625	0.101986835937	0.0635460625	-0.1476495	0.1694194375	-0.235568328125	-0.37739725	0.241605015625	0.123214	0.076058484375	-0.29563721875	-0.0725299765625	-0.139217765625	-0.23072803125	-0.1694323125	0.083251515625	-0.06834053125	0.155218046875	0.41259609375	-0.067615546875	0.19216996875	0.10691071875	0.145234234375	5.75	0.12	1.7	0.0	0.204603159454
111	152	251	3.204399	2.510924	2.29103325	2.14869375	2.10586975	2.15953025	1.690679	1.763143125	1.626815375	1.7357145	1.62145775	1.560585125	1.096992625	1.18173725	1.278580125	1.139104	1.370970375	1.111099375	0.9777481875	0.962916625	1.053697625	0.9345126875	0.8694534375	0.9682111875	0.850133125	0.94516375	0.811444625	0.699068	0.789783625	0.7319235	0.745422	0.37158509375	0.8210494375	0.376349375	0.564122125	0.5715384375	0.4319696875	0.705082125	0.47185678125	0.5330930625	0.4739515625	0.40172078125	0.40655771875	0.265526125	0.33759375	0.192901609375	0.44094309375	0.3790631875	0.237519546875	0.179117578125	0.32911534375	0.28664471875	0.32036509375	0.38303025	0.38703628125	0.33149640625	0.29828725	-0.074128640625	0.18511684375	0.22555921875	-0.0320039355469	0.124874523437	0.10171178125	-0.17028728125	-0.10855965625	0.18969859375	0.30585759375	-0.0932313359375	0.25792146875	-0.092398046875	0.34988896875	-0.1051641875	-0.111640671875	0.20592940625	0.216998078125	0.128865085937	-0.06691396875	0.1411715	0.204033734375	0.255559671875	-0.195041046875	0.147242140625	-0.107675148437	0.182362390625	0.176358359375	0.107783429687	-0.0593662265625	0.1793346875	0.0709128359375	-0.243835953125	-0.17323078125	0.0973233515625	0.163732109375	-0.077577703125	-0.22784928125	0.2144735	-0.072134484375	-0.1928600625	0.169828390625	0.083315546875	0.264838875	0.244862203125	0.125596945312	0.18748296875	-0.107496078125	0.2676001875	-0.177128015625	0.223486	0.301106875	0.119959398437	-0.250464765625	0.156272125	-0.125190367187	0.19423946875	-0.128953789062	-0.15517903125	0.175149453125	0.118957914062	-0.0804779609375	0.225322859375	0.161434671875	0.2114865	-0.214031546875	-0.0986484296875	0.200300765625	0.26584003125	0.19435246875	-0.150237828125	-0.1344056875	-0.0424249375	0.040135984375	-0.21564371875	0.188447390625	-0.19770659375	-0.163955	-0.0594307929687	-0.29668290625	0.28532584375	-0.0907908671875	-0.06454571875	-0.198461703125	0.121983046875	0.28404090625	0.39103915625	0.2657135625	-0.0569588203125	-0.20912303125	-0.126027117187	0.217729796875	0.069609953125	0.3553651875	-0.0550682265625	-0.0288862480469	-0.16121665625	-0.154691984375	-0.265050125	0.244963015625	0.133789546875	-0.19894953125	-0.119846328125	-0.138627453125	0.27876525	0.29999328125	0.0357636523437	-0.18959215625	0.15898234375	-0.0447017734375	0.1498208125	0.107146265625	0.10548234375	-0.28930653125	0.35748296875	-0.09067321875	0.150430078125	0.0939661640625	0.107976484375	-0.147136078125	0.193415015625	-0.0936256875	-0.121241140625	0.072811203125	-0.0721174765625	-0.13641596875	0.13399140625	-0.15649846875	0.179750359375	0.178190125	0.182073234375	0.153668109375	0.165336984375	-0.1497735	0.117947945312	-0.106718210937	0.0374811484375	0.17534459375	0.220059703125	-0.068661578125	-0.08102090625	0.2773960625	0.262088296875	0.23302446875	-0.19764765625	-0.1108799375	-0.170257546875	-0.105976914062	-0.16995821875	-0.151069015625	0.1528610625	-0.115403351562	0.171588046875	-0.210345359375	-0.106443351562	0.2336504375	-0.013802109375	-0.29896471875	0.231588	-0.0986322734375	-0.0240024648437	0.24276371875	-0.062363171875	0.067188828125	0.076855203125	0.186472890625	0.0594287109375	0.254438890625	-0.040530234375	0.18613828125	0.177037953125	0.20513646875	0.239376328125	0.19801378125	-0.235609171875	0.29578015625	0.21320734375	0.230860703125	-0.205003515625	0.36020334375	-0.11038034375	0.16797446875	0.158622734375	0.106544359375	0.106482492187	-0.224260953125	0.0562615625	0.112555445312	-0.09298196875	-0.098263953125	0.0962613359375	-0.06956171875	-0.200244828125	-0.140022796875	2.81	0.09	0.00936	3.7E-4	0.167716144612
112	87	251	4.4550815	1.6273725	1.7346075	1.7309945	1.774769875	1.51217625	1.532430125	1.675195625	1.696976625	1.41725625	1.52843475	1.65044975	1.6816705	1.481939375	1.46401975	1.49861625	1.549159375	1.36644375	1.64902225	1.715560375	1.618215125	1.498238375	1.36499475	1.440966625	1.4694075	1.5966205	1.5342895	1.521133	1.625416	1.3761095	1.34168525	1.348741375	1.7843435	1.297216875	1.465323875	1.56497125	1.297437375	1.502906875	1.56589325	1.68408525	1.527656875	1.396439875	1.567999	1.33660225	1.389862	1.441965125	1.542561875	1.34514525	1.513151625	1.505435125	1.425235125	1.4334155	1.4022405	1.24787125	1.535506375	1.438882125	1.358239125	1.66719325	1.52990325	1.34762	1.415906875	1.35867675	1.370719	1.508250625	1.473802625	1.38420575	1.467032875	1.357776375	1.2076295	1.375456125	1.432299625	1.472276625	1.495844	1.4141515	1.393789875	1.429646625	1.3655055	1.236372625	1.317251125	1.307076375	1.442239375	1.428414875	1.350816625	1.51655425	1.32869775	1.369800125	1.254654875	1.3953925	1.415594875	1.44670075	1.31519125	1.47568	1.235135375	1.0579035	1.367250625	1.350421375	1.3405585	1.331512625	1.2344475	1.273264875	1.2700035	1.344567875	1.184452	1.097387125	1.40970325	1.392993875	1.4428245	1.171456875	1.2820655	1.37825425	1.1873865	0.9772084375	1.273468875	1.255837	1.29992875	1.47313375	1.4355765	1.295356625	1.20232025	1.187136375	1.209735125	1.164328625	1.232037	1.06431725	1.221303875	1.2485745	1.256978375	1.292276375	1.389487375	1.3024765	1.2248805	1.235314125	0.86495425	1.262835875	1.25700975	1.3926535	1.17998975	1.45371525	1.227189625	1.365567	1.28178225	1.176775125	1.142745625	0.9978619375	1.138074875	1.156461375	0.7560583125	1.09869075	0.9924895625	1.207877625	0.9796185	1.053867375	1.060362375	1.327531375	1.240391375	1.168017125	1.28474275	1.144546625	1.210737875	1.0426028125	1.159900375	1.0100365	0.8362506875	1.248655375	1.113930375	1.058437125	1.319097	1.222486625	0.9973469375	0.9755969375	1.076148125	1.155266375	1.178721625	1.097719125	1.179520125	0.920767375	1.23203175	1.20136575	1.172197625	1.16239825	0.988605375	1.12063525	1.09840225	1.1156785	1.124823625	1.2267045	1.059031375	1.057179625	1.15769	1.236165875	1.160444	1.2011785	1.07178975	1.19744925	1.0965105	1.0382898125	1.2132055	1.1225905	0.94970825	0.9944995625	1.054496	1.334152125	0.9495395	1.319236625	1.080759	1.126853625	0.9372860625	0.9137171875	0.9230623125	0.9910045625	1.08701725	1.07018975	1.0320115625	0.9028213125	0.9930100625	0.9966053125	0.8681330625	0.936466375	1.222994375	0.79447	1.0234756875	1.0569765	0.992360625	1.05997675	1.049092875	1.1450345	1.050658875	1.02118275	0.9437665	1.0029905625	0.8968395	1.00294325	1.157893	0.93180175	0.9133895625	0.8886036875	0.98757825	0.9350155625	0.8519590625	0.741903875	0.9439661875	0.898060875	1.10761625	0.8860366875	0.8721090625	1.13182075	0.96588325	1.008914	1.0479449375	0.9188613125	0.952405	1.678	0.031	4.73E-4	2.9E-5	0.209621578904
113	73	251	4.575453	0.17379684375	0.067563578125	0.306222	0.1878015625	0.229680046875	0.22338653125	0.086987046875	-0.159584171875	-0.162936875	0.2754799375	0.427274375	0.0883688828125	0.2823841875	0.24170784375	0.124985382812	0.22051940625	0.197418828125	0.3321439375	0.28034909375	0.228443796875	0.212677046875	-0.1846840625	0.257980015625	0.103123453125	0.199341890625	0.18939275	-0.229599453125	0.140065078125	0.11179715625	0.15921315625	-0.174036921875	0.23853171875	0.23703	-0.194855203125	0.1538935	0.153354765625	0.15285346875	0.12652728125	0.30061815625	0.173994875	0.21292484375	0.24356328125	0.218976859375	0.0599123046875	0.31926375	0.116800148437	0.32322665625	0.07774215625	0.2979981875	0.1260715	-0.161205984375	0.203215640625	0.149725609375	-0.15377578125	0.18662190625	0.115684015625	0.069438140625	0.153312265625	0.18713084375	0.3012750625	0.376313375	0.229777703125	-0.0256062851562	-0.0154223232422	0.24292209375	-0.172950125	0.230651734375	0.102820539062	0.2671100625	0.255811171875	-0.09885278125	0.296324125	0.203197375	-0.113304359375	0.2020209375	0.1453080625	-0.15439684375	0.68873875	0.214951109375	0.3012791875	0.270730625	-0.1334179375	-0.13263546875	0.121006789062	0.31703634375	0.168333125	0.22838209375	0.33727678125	0.19932090625	0.3825246875	0.36796028125	0.18338840625	0.154256578125	0.219372171875	0.29031709375	0.173774453125	0.155116734375	0.2140868125	0.099549125	0.13582609375	0.1498825625	0.2226440625	-0.0577832460937	0.27159903125	0.22027184375	-0.22411828125	-0.126148398437	0.0967074375	0.129368929687	0.26908078125	0.178474171875	-0.143927140625	0.2839268125	0.3079293125	0.0984449765625	0.281544	0.167447125	-0.0701876953125	-0.1744348125	0.209777171875	0.195285125	0.24540284375	0.3039999375	0.0808545859375	0.19143784375	-0.0537078320312	0.259520453125	-0.191256546875	0.2116974375	0.18384965625	0.212620203125	0.18998928125	0.216461453125	0.128075390625	0.43920109375	0.40981128125	0.274725125	-0.083431921875	0.272860125	0.11880484375	0.251941421875	0.288119125	-0.13999421875	0.225959765625	0.317438875	0.0688996953125	0.21065371875	0.18000796875	0.25969175	0.200468	0.10279153125	0.226014859375	0.28099303125	-0.147737109375	0.0567809140625	0.4179459375	0.28143140625	0.19069778125	0.163627234375	0.17358775	0.375547375	0.211543359375	0.37682671875	0.168640125	0.34189503125	0.115099976562	0.28350321875	-0.1892623125	0.2608244375	0.4071128125	0.235599015625	0.171817890625	0.3130320625	0.192077125	0.33537996875	0.222607109375	-0.0947739765625	-0.229018625	0.30646084375	0.29044396875	0.237312703125	0.2524260625	0.218156453125	0.152455328125	0.157302515625	0.2441735	0.15670928125	0.18462784375	0.207789484375	0.25082046875	-0.16706471875	0.12119446875	-0.0695158671875	0.21323521875	0.32909553125	0.166718984375	-0.0776707578125	0.27583625	-0.118786929687	0.219842546875	0.195042765625	0.185190140625	0.209204765625	0.1631073125	0.128719648437	-0.233605484375	-0.0881956796875	-0.22461075	0.0685951015625	0.11529728125	0.10308375	0.236280234375	-0.13246196875	0.1847679375	0.188406046875	-0.0916039609375	-0.0394747617187	0.106553765625	0.18324515625	-0.3842498125	0.150689515625	0.136047140625	-0.07381234375	0.253907875	0.3047663125	-0.21082953125	0.078825234375	0.142895828125	0.216369640625	0.070670828125	0.08027946875	-0.091964328125	-0.0931330859375	0.19948859375	0.200498796875	-0.09918815625	0.116308570312	0.1348068125	0.114600445312	0.152389875	-0.144920484375	0.201259265625	0.146305515625	-0.339360625	-0.193776171875	0.181799453125	0.3304525	-0.206313625	0.106667328125	0.126122679687	0.29	0.06	0.00108	3.8E-4	0.319825343933
114	97	251	4.09745575	-0.28603734375	0.130027960937	-0.255486109375	-0.0780540078125	-0.222734328125	-0.257604953125	-0.226530578125	-0.1553369375	-0.184120703125	-0.19695471875	0.234593765625	-0.169452359375	0.1464954375	-0.0995849921875	-0.29586846875	-0.107967429687	-0.22498259375	-0.2638	-0.15614465625	-0.148593953125	0.26092809375	0.1619981875	-0.1900591875	-0.206554125	-0.15675228125	-0.30462246875	-0.098228359375	-0.240159953125	-0.135835859375	-0.22139196875	-0.197827578125	0.172372734375	0.134937984375	0.29856378125	0.20904778125	-0.0824518828125	-0.186628484375	-0.17427903125	-0.254745375	-0.209352546875	-0.172076859375	0.073292265625	-0.0977588828125	-0.136044765625	-0.232564578125	-0.0703779140625	-0.0572369726562	-0.1447573125	0.13757259375	-0.235491390625	0.224729234375	0.184628671875	0.153196546875	0.121674351562	0.23338646875	-0.184990875	-0.129285304687	0.09246009375	-0.233841921875	-0.09823246875	0.14701471875	0.177768421875	0.0907713125	-0.166322453125	-0.116660625	0.1463955	0.0736245234375	0.148281046875	0.237886625	0.16971934375	-0.21396534375	-0.0643405664062	-0.09046021875	-0.2319430625	-0.103988304687	-0.14738240625	-0.167735703125	-0.064967828125	-0.129204367187	0.08059734375	-0.0337854375	0.122780796875	0.100960078125	-0.073621953125	-0.37834328125	0.20519971875	0.114114273437	0.166402265625	0.0284000703125	0.144884859375	0.130382703125	-0.19506621875	-0.101994953125	0.08658471875	-0.086592390625	0.073421578125	-0.14962609375	0.1240755625	0.159366390625	0.101703359375	-0.0497382421875	0.14675565625	0.0656562578125	0.115021320312	-0.28576115625	-0.152119234375	0.13370240625	-0.24121503125	-0.0977353515625	0.276180125	-0.106289648437	-0.0950384765625	-0.35822546875	0.238397078125	-0.0525665898437	0.184683390625	0.205967109375	-0.0325658144531	-0.169858046875	-0.1043215	-0.0723618984375	0.0428466796875	-0.127809429687	0.19254265625	0.130710070312	0.186509	-0.1626430625	-0.09820521875	0.140123890625	0.220186296875	0.128032296875	-0.15764978125	0.174128375	-0.19652903125	0.2181143125	-0.165856953125	0.0729671796875	0.151910890625	-0.26052684375	0.1767015	0.0933415625	-0.251638	-0.120259007812	0.19283465625	0.178918515625	0.14958353125	-0.240983140625	0.125822617187	-0.210803703125	0.0989105078125	0.076775984375	0.0821375234375	0.1588469375	0.226194953125	-0.220661640625	-0.184519875	0.181144796875	-0.1477323125	0.195684328125	-0.4733926875	-0.108997046875	0.188122578125	-0.145283421875	0.23327846875	0.21311309375	0.115860117187	0.233860234375	0.184280734375	-0.316251625	0.1120228125	0.126483171875	0.105077546875	0.1143536875	-0.36239109375	0.127449234375	0.17804725	-0.17285303125	0.249919125	-0.16692821875	-0.235726828125	-0.139331859375	-0.135512734375	-0.080434671875	0.121882445312	0.19711525	0.195525546875	0.171774625	0.130399	0.33335934375	0.203718328125	0.1811735625	0.138071328125	0.181814140625	-0.32230125	0.15714659375	0.3406853125	-0.112182570312	-0.158683875	-0.117231617187	-0.187665765625	-0.14334309375	-0.2110380625	-0.217268515625	0.132641046875	0.37519428125	0.069896828125	-0.0797097421875	0.116867390625	-0.0457849414062	0.135352625	0.073870171875	-0.0745722109375	0.089348484375	0.17952965625	-0.26194165625	-0.1305523125	-0.0937748828125	-0.29075475	-0.19257740625	-0.165478796875	-0.0625262734375	0.188767875	0.150951234375	-0.170249640625	-0.28870096875	-0.3371106875	0.1139868125	-0.2741225	-0.1397846875	0.101441359375	-0.122100695312	-0.0592786289062	0.16170334375	-0.170486390625	-0.160443875	0.14642125	-0.09445053125	-0.0436541914062	0.160863484375	0.190060046875	-0.26929946875	0.1529180625	0.142146515625	0.0827028828125	0.07484984375	0.1494345625	-0.180189296875	-0.235328625	0.13843709375	-0.0821759609375	4.1	0.1	1.8	0.0	0.17854947478
115	69	251	3.4150075	-0.26409278125	-0.17984096875	-0.184669203125	-0.266627	0.19868421875	0.0663893046875	0.153243859375	-0.083887171875	-0.21653796875	-0.0933883125	-0.164899515625	0.133441703125	0.3374010625	0.0598254921875	-0.127716539062	0.06210378125	-0.0568537109375	0.111614460937	0.16676215625	0.141252171875	0.079113890625	-0.3613421875	-0.10285346875	0.0497374140625	0.100483984375	-0.0653462695312	0.230072703125	-0.143692765625	-0.14289075	0.133419265625	0.17774925	-0.161189546875	-0.205437828125	-0.208448953125	-0.114677492187	-0.206051609375	0.160119765625	0.17655715625	-0.27018890625	-0.198505375	0.097302421875	0.19607015625	-0.088794203125	-0.185725625	0.19924334375	0.159113203125	-0.09311934375	0.0458033007812	0.30047246875	-0.19817028125	0.17509340625	-0.202260859375	-0.204546734375	-0.2121224375	-0.215905921875	-0.28464171875	0.11228484375	-0.19495990625	-0.31537896875	0.28578578125	-0.20133996875	0.11101721875	-0.24466365625	0.222466890625	0.259732609375	0.140484203125	-0.0640167226562	-0.122525476562	0.23250534375	-0.142642015625	0.177623109375	-0.213243203125	-0.07979275	0.180581390625	0.29038478125	-0.234476765625	0.253712765625	0.133009484375	-0.13995778125	0.29458825	0.222395546875	-0.2375401875	-0.2122899375	0.09160634375	-0.0433607421875	0.0461494492187	-0.0803600234375	0.3773255	-0.0983875	-0.0915822890625	0.30661640625	-0.156157640625	-0.14098759375	0.100792523437	-0.133868921875	0.28401003125	0.336078375	-0.189326953125	-0.34114109375	0.20700915625	0.1420594375	0.0580106914062	-0.132353265625	-0.0953221796875	0.17346221875	0.253210484375	-0.150944984375	-0.0977098359375	-0.0603559648437	-0.21842415625	-0.220325078125	-0.109286390625	-0.18647025	0.26408603125	0.1611795625	-0.113031023437	-0.26593975	0.127803765625	-0.274112625	-0.103177304687	-0.07498128125	0.120340703125	0.111005875	-0.16521421875	-0.18698278125	0.102156234375	-0.193360203125	0.195508484375	-0.11151165625	0.108157	0.262521375	-0.221597625	-0.2815010625	-0.188646953125	-0.170315046875	0.198358	-0.10229109375	-0.110320125	0.0912724296875	-0.102819460937	-0.07189753125	-0.0997568515625	-0.12183296875	-0.073821921875	0.145184640625	-0.260427921875	-0.0894621875	-0.0980749375	-0.3366113125	-0.109191375	0.167602640625	0.133771328125	0.2114669375	-0.1193798125	0.197193734375	0.241470171875	-0.151570828125	0.272735625	-0.174142734375	0.0328878476562	0.25785128125	0.0532083554687	0.269550375	0.199317546875	-0.31647775	-0.1902826875	0.20192821875	0.116073523437	-0.1809631875	0.378505875	-0.1927419375	-0.0822752109375	0.176550453125	-0.1698440625	-0.27665309375	-0.1690885625	0.0921199140625	-0.210118125	0.188595125	-0.2245080625	-0.159339875	0.23771240625	0.198464453125	0.28229934375	0.137128078125	0.17396684375	-0.187848078125	-0.13812484375	-0.09764834375	-0.187041703125	-0.156687625	0.237285203125	0.32232646875	0.0307942558594	-0.261327265625	0.177980875	0.17923459375	0.31888734375	-0.062066265625	0.174749140625	-0.193757953125	0.104466820312	-0.20217478125	-0.195261421875	0.28150684375	0.41938584375	-0.24072353125	-0.1716879375	0.163157375	0.225336421875	0.155280015625	-0.25742059375	0.10796775	-0.19036953125	0.25888640625	0.109088640625	-0.39209325	0.0524201328125	-0.211063203125	0.20445659375	0.230275703125	0.109351515625	0.32293490625	-0.1247668125	-0.120172195312	0.24038203125	-0.229778046875	0.14635521875	0.192275625	0.095026203125	0.207696671875	0.196323515625	-0.171622125	0.1714580625	-0.221501765625	0.2803314375	0.18101478125	0.15751909375	0.142016703125	-0.0804795234375	-0.04353253125	-0.10441334375	0.219249734375	0.23954228125	0.26793171875	-0.1731045625	-0.245500375	0.0894622734375	0.171063078125	0.262167375	3.42	0.11	1.7	11781.0	0.192336641974
116	15	251	2.18508475	-0.173523328125	0.23073421875	0.225044453125	0.117755203125	0.25358959375	-0.18892621875	-0.097189359375	-0.167312359375	-0.1631215	0.242258328125	0.132523703125	0.16681825	0.119670546875	0.29667909375	-0.147266375	-0.216104078125	0.251673390625	0.243211796875	0.191039796875	0.15239096875	-0.0809318671875	-0.177859203125	0.29507965625	0.153894609375	0.31762359375	0.146844640625	0.0795048125	0.21366084375	-0.183734984375	-0.24767725	-0.2201329375	0.0643622695312	-0.3135166875	0.35536171875	0.111773304687	-0.137464609375	0.200274203125	0.22992853125	0.05608515625	0.2329959375	-0.224878296875	-0.1587081875	-0.0969701953125	-0.173953734375	-0.14897353125	-0.1622810625	-0.17301728125	-0.22157590625	-0.198266203125	0.12567640625	0.284117875	0.13118184375	-0.15246521875	-0.1915204375	-0.12934359375	0.20801003125	0.2292945625	0.1863540625	0.20024753125	0.1773880625	-0.038475953125	-0.3457310625	0.215624734375	-0.28464053125	0.27339575	0.219915515625	0.333079875	-0.18202059375	-0.125861203125	0.18282146875	0.3189431875	0.27729659375	0.23032934375	-0.3266809375	0.177776171875	0.0823341796875	0.1021421875	0.0735610078125	0.122579945312	-0.17475765625	-0.147105625	0.240447453125	-0.23342915625	-0.194612140625	-0.147317046875	0.261738015625	0.2265499375	0.177020734375	0.034110265625	-0.104832796875	-0.2783809375	0.103711992187	-0.218636984375	0.0489688515625	-0.27139740625	0.14701125	-0.34726759375	0.19927434375	-0.3245145	-0.295002	0.31824746875	-0.124459421875	0.172672765625	0.0399239375	-0.095953171875	-0.11857928125	-0.141473078125	0.12472575	-0.196730125	-0.198267359375	0.164800953125	-0.15074034375	-0.13374734375	-0.192401671875	-0.0526278945312	0.119752171875	0.25952853125	0.1255165	0.107910398437	-0.132359125	-0.15630653125	0.171858328125	0.053857	-0.119594789062	0.193175421875	0.13146725	0.144838421875	0.125106898437	0.100112710937	0.4274376875	-0.2359566875	0.2122549375	0.258865890625	0.0740524765625	-0.257483265625	0.170557546875	-0.149931140625	-0.179496234375	-0.127618101562	0.101903804687	0.0912506640625	-0.119976242187	-0.059220046875	0.22006253125	-0.07907034375	-0.259995890625	0.1060585	-0.118653859375	0.192342109375	0.0859075859375	0.1012211875	0.2028314375	0.0937528828125	0.051585703125	-0.1773990625	0.121202382812	-0.10385128125	0.16053375	-0.27016109375	0.246312796875	0.211833140625	0.25026465625	0.29306696875	0.1896125	0.0924343515625	0.152041984375	-0.17921409375	0.31889765625	0.1359111875	0.0386142929687	0.155189203125	0.1369151875	0.112093078125	0.139752671875	0.184523015625	0.161654796875	0.180229296875	0.1902678125	-0.0526808867187	-0.120991273437	-0.17337475	0.1796499375	0.35520725	0.14230728125	0.2520398125	-0.22738865625	0.0910792109375	-0.250654953125	-0.176365046875	-0.11301575	-0.147052140625	0.226542296875	0.0915780234375	0.149220296875	-0.1167160625	-0.33641384375	0.119937148437	-0.26741434375	0.130241453125	0.3677505	-0.100492507812	-0.170066765625	-0.24261834375	-0.068009921875	-0.108880632812	0.25439296875	0.164965921875	0.0803255	0.302489125	0.2093870625	-0.28059978125	-0.259471421875	0.215433734375	-0.2019621875	0.0941009375	-0.36508734375	-0.15093984375	0.173255625	-0.0993070078125	-0.2516019375	-0.167500765625	-0.154020953125	0.13343521875	-0.10159675	-0.15690184375	-0.0841853671875	0.161208375	0.182845734375	-0.32398984375	0.07506175	-0.0650969296875	0.4934016875	0.20373953125	0.124749867187	0.139695484375	0.125948453125	-0.148018890625	-0.27484271875	-0.087284015625	-0.0779783828125	0.15329453125	-0.213961328125	-0.227712765625	0.249009078125	0.151163625	-0.130189992187	0.1339978125	-0.0981770625	-0.0457678398437	-0.122702054687	2.19	0.13	1.7	18213.0	0.19334331959
117	160	251	5.8567765	-0.13916309375	-0.08548503125	0.2820463125	-0.291067375	-0.39586690625	0.222376078125	-0.42684890625	-0.184337640625	0.0988077421875	0.110911421875	0.052106171875	0.104917757812	0.2432971875	0.123369960937	0.179740734375	0.153684046875	-0.169236046875	-0.14886540625	0.257346078125	-0.09256275	0.221435125	0.2307771875	0.17637525	0.203662078125	0.20161853125	0.166898453125	0.118651710937	0.36706653125	0.231021359375	0.263202	-0.2948873125	0.170785015625	-0.13714034375	0.239915890625	0.103058273437	0.147833171875	0.167704609375	-0.241067609375	0.214434734375	0.253946265625	-0.232850234375	0.12427703125	0.232896296875	0.0761363984375	-0.0682156484375	0.134917140625	0.079654734375	-0.195855640625	0.03894221875	0.16421996875	0.16774078125	0.0800349375	-0.0964584765625	-0.1410824375	-0.147151125	0.286317125	0.13287853125	0.178441984375	0.1730574375	-0.30834540625	-0.288696125	-0.175072015625	0.50546759375	0.199791875	0.35036684375	-0.0484738984375	0.37955215625	0.08811521875	0.20706128125	-0.140190421875	0.0868878125	-0.0571004609375	0.2079034375	-0.261459375	-0.103297210937	-0.1303365625	-0.20442603125	0.263286125	-0.1600525625	0.114565960937	-0.125260414062	-0.137606203125	-0.143432828125	0.157091046875	-0.0929755	0.223366546875	0.227614484375	-0.13892771875	0.13775234375	0.18593746875	0.1810084375	0.243764765625	-0.0629625390625	0.309555	0.33973084375	-0.2426918125	0.14095471875	0.2643705	0.2065725625	0.111452414062	0.0916019375	0.083276046875	-0.187499734375	-0.134977609375	-0.0557967617187	0.332835375	0.3816244375	-0.116635242187	0.228293546875	0.23132559375	-0.166213171875	0.2483749375	0.2297864375	-0.290991625	-0.31681040625	0.258873765625	-0.2067470625	-0.212131984375	-0.0531949257812	0.178518375	0.109062507812	0.20663328125	-0.229572796875	-0.10522721875	-0.101106367187	-0.142988828125	-0.1082960625	0.161101875	0.158414640625	0.357096375	0.18499184375	-0.19251196875	-0.250169453125	0.2381969375	0.25488215625	-0.13401665625	-0.163425640625	0.18458425	0.148150515625	-0.176532484375	-0.2442953125	0.102028617187	0.0679446328125	-0.128738070312	-0.244505171875	-0.16844734375	0.1146396875	-0.0660029140625	0.17967128125	0.150830859375	0.215417296875	0.28713096875	0.28756803125	-0.11868478125	-0.048237625	-0.242361	-0.172764203125	0.138035359375	-0.12259290625	-0.133108140625	0.14853828125	0.49509	0.146406703125	0.1512125	0.48144471875	0.141866078125	0.416060375	0.147672828125	-0.117606460937	-0.124613164062	-0.0750399296875	0.35820359375	0.0916327265625	0.244436046875	-0.208447140625	-0.28774303125	0.173924015625	-0.1420009375	0.28704975	0.194994140625	-0.31990709375	-0.144039171875	-0.18540021875	-0.29399678125	0.103585765625	0.0972630546875	-0.15591175	0.24376328125	0.240724984375	-0.166028046875	0.0596889140625	0.218650484375	-0.0437135664062	-0.0721605234375	0.17702853125	0.215507234375	-0.168899453125	0.164205328125	-0.21291240625	0.142316171875	-0.0548621992187	0.29362453125	-0.3030038125	-0.165518875	0.254316046875	0.2284860625	-0.0509363007812	0.22220465625	-0.33111621875	0.115294617187	-0.165126375	-0.0829498828125	0.10706334375	0.22664328125	0.071599953125	0.1387093125	0.0954055	0.167011453125	0.15361075	-0.228833796875	-0.15799053125	0.112503507812	0.135403078125	0.132942859375	0.20402721875	0.13854625	0.17245575	-0.199936578125	0.13331209375	0.149191390625	-0.1261043125	0.245083921875	0.12252328125	-0.2391431875	-0.48687159375	0.154024328125	-0.182325703125	0.183192890625	-0.156883953125	-0.252289578125	-0.115629820312	0.116234640625	0.2583795	-0.239227578125	0.22595965625	0.17104515625	-0.210153078125	0.143851109375	0.127770234375	-0.109878765625	5.86	0.11	1.9	0.0	0.203436475466
118	65	251	1.847488625	-0.0210389335937	-0.119469914062	-0.219406078125	0.27595209375	0.13032684375	-0.0839241015625	0.29283725	-0.17995953125	0.1752304375	-0.22397475	-0.100826890625	0.208937640625	-0.23813775	-0.24511059375	-0.15070790625	0.216401796875	-0.192896328125	-0.101843859375	-0.15628084375	-0.261775796875	-0.159873484375	-0.11155959375	-0.190583203125	-0.233137734375	0.120862375	-0.107044078125	0.09665603125	0.153910328125	0.27818134375	-0.117823046875	-0.130323992187	-0.33077140625	0.232508078125	-0.1104171875	-0.48357971875	0.111615734375	-0.23302215625	0.10419925	0.128333148437	0.27656559375	0.128529335937	0.06158259375	0.21092303125	-0.215179546875	0.27886690625	0.0499226679687	-0.23143415625	0.1813545625	0.1569136875	-0.2556446875	0.2894943125	0.20357621875	0.2479240625	-0.268168125	0.2581083125	0.164468	-0.1245961875	0.30291796875	-0.126522507812	-0.0547891796875	0.0761899921875	-0.32187046875	0.19447353125	-0.133437046875	-0.1912795	-0.13172725	0.20793340625	0.217754625	-0.0951520625	-0.145206484375	0.2399829375	0.187937703125	-0.3372520625	-0.18161303125	0.137518671875	0.192258484375	0.19332853125	-0.2740314375	-0.104199992187	-0.4249015	-0.0709456953125	0.17603890625	-0.2170909375	0.208410203125	0.170707890625	0.123012914062	-0.129285953125	0.223534171875	-0.186317640625	-0.091965640625	0.27351621875	-0.1283354375	-0.20925859375	-0.116806460937	0.075703375	-0.111019539062	-0.284438125	0.31273134375	-0.253276671875	-0.116057757812	0.194317328125	-0.156425625	-0.10348571875	-0.118228585937	-0.42088059375	0.10520615625	-0.147755546875	0.117212359375	0.31774534375	-0.136026875	-0.143837515625	-0.15827778125	-0.104292382812	0.131813109375	0.128850210937	0.124382476562	0.1865879375	-0.1464876875	-0.19322578125	-0.14382021875	0.101408125	-0.119619960937	-0.16178446875	0.08725128125	-0.126821007812	-0.241851	-0.3322116875	0.100656867187	-0.154503203125	-0.1061563125	-0.1709655	-0.146341375	-0.194634359375	-0.122903664062	-0.196027265625	-0.193354734375	-0.233708921875	-0.193104703125	0.0759446875	0.185013421875	-0.174643578125	-0.175571453125	-0.159027671875	0.080692625	-0.12748203125	-0.278476125	0.113219804687	-0.228812515625	-0.100198390625	0.27792121875	0.130279539062	-0.0917265859375	-0.25388946875	0.1736886875	0.0818510703125	0.0729102109375	-0.14764384375	0.26825909375	-0.20577421875	-0.14287275	-0.217738890625	-0.128896664062	-0.21880815625	-0.15080784375	-0.1020145625	-0.0902316640625	0.23714990625	-0.22271803125	0.214818734375	-0.126740492187	0.1469208125	-0.29494178125	-0.13772790625	-0.18546434375	0.140709	0.0213162148437	0.168114328125	0.0905454609375	0.130269625	-0.214536328125	0.17646971875	0.0744903046875	-0.064083390625	-0.180239421875	0.21387278125	0.205275984375	0.187115640625	0.124202296875	0.13675575	0.179331515625	-0.18728659375	-0.20511146875	-0.19881303125	0.18239809375	-0.1478894375	-0.08399903125	0.166183875	0.4246536875	-0.0978750234375	0.1124254375	-0.197188984375	0.250350140625	0.188678859375	0.37186196875	-0.133238546875	-0.14858459375	0.102343671875	-0.229204875	0.129415070312	-0.194403828125	-0.214026078125	-0.3137615625	-0.17274803125	-0.5411061875	0.1423764375	-0.1295351875	-0.11915421875	-0.209412640625	-0.2303855	0.2742115	0.152363453125	-0.23520646875	0.2049949375	-0.131317078125	-0.0494365664062	0.068972296875	0.13297503125	-0.133148890625	-0.124150859375	0.1566789375	-0.152550390625	-0.1692639375	0.25924578125	-0.175699671875	0.151751328125	0.19036834375	-0.13398253125	0.2449975625	-0.16469203125	-0.133081890625	0.235776765625	-0.1812566875	0.16137653125	-0.0866103125	-0.235939	-0.259897828125	0.27772734375	0.207124234375	-0.21658375	-0.065340890625	1.85	0.13	1.7	25044.0	0.193035256495
119	8	251	2.9523345	-0.183305765625	0.45219834375	-0.41663353125	0.2288313125	0.3085995625	0.35593725	0.104777859375	0.2783868125	0.18438759375	-0.182993859375	0.33680328125	-0.170539390625	0.195157859375	-0.2524511875	0.060341625	0.2467650625	0.13945678125	0.1885485	-0.1621209375	0.228326890625	0.29325409375	0.137790421875	-0.1634691875	0.233094046875	0.45812109375	0.225450453125	0.170665078125	-0.247434984375	0.197929171875	-0.236039921875	-0.1540869375	0.0723614921875	0.37406646875	-0.22583028125	0.30175196875	0.235081625	0.0681373125	0.15067778125	0.134462640625	0.234415625	0.0979499140625	0.17824059375	-0.096356203125	0.3042101875	0.4930145	0.3445153125	-0.077857328125	0.200436765625	-0.0827372890625	-0.3307439375	0.15278146875	0.200629859375	-0.18675984375	0.19753265625	0.32402278125	0.28665865625	0.1362539375	0.30087871875	0.2786066875	0.3962080625	-0.0873706796875	0.271404375	0.20397159375	0.2735594375	0.46698609375	0.246874546875	0.229646578125	0.18953903125	0.1598475625	-0.36505140625	0.2625178125	0.285200375	-0.184459609375	0.44717153125	-0.109553875	0.24222434375	0.2958614375	0.2350289375	0.402089	-0.10433496875	0.20614709375	-0.119031671875	0.28626571875	0.1453905625	0.103230601562	-0.156117890625	0.258590671875	0.20083859375	0.2683704375	0.428431375	-0.2702435625	0.239593875	-0.2373330625	0.212891359375	0.183914296875	0.0956125234375	0.123540765625	-0.149880421875	0.240152609375	0.1315130625	-0.106637992187	0.37429509375	0.144568234375	-0.16540771875	0.220003625	-0.23522859375	0.19299959375	0.30519209375	0.228143078125	0.28214875	-0.2165564375	-0.146941484375	0.223124984375	0.0571137460937	0.13707078125	0.33337903125	0.33451484375	0.43291796875	0.245469828125	0.185634453125	0.179638703125	-0.0755782109375	0.22249928125	0.21414725	0.2149624375	-0.21621784375	0.146970453125	0.226280171875	0.261273203125	0.2018419375	0.39021325	-0.127657929687	0.101736890625	-0.1689799375	0.154249546875	0.159415859375	0.32062840625	-0.18818571875	0.339034125	0.1598085625	-0.14784028125	-0.2259358125	0.27682790625	0.110213640625	0.18433409375	0.17429165625	-0.143001578125	0.238502375	0.32642371875	0.0780023828125	-0.173886640625	0.29226609375	0.30419153125	-0.16455053125	0.216841875	0.38275821875	0.1599899375	0.2652895625	0.14115740625	0.2280226875	0.319534125	0.28530015625	0.1348550625	0.191676421875	-0.0619420742187	-0.20925990625	-0.129072226562	0.149398359375	0.318923125	-0.299954375	0.142099578125	0.1397625625	0.240829359375	-0.33262715625	0.32387371875	-0.08812171875	0.141187296875	0.110947875	0.2800679375	0.32349809375	0.120128039062	0.3011909375	-0.098574125	0.24536853125	0.25164809375	0.35226025	-0.217888125	0.349728625	0.48534853125	0.216203421875	0.3946018125	0.29138728125	0.23803465625	-0.101770445312	0.202302671875	0.41238421875	0.3438759375	0.11269125	0.215723390625	-0.14345403125	0.39141828125	-0.1857063125	0.3072153125	0.24366675	0.156778765625	0.21456259375	-0.14329134375	0.250706890625	-0.131092140625	0.34291896875	-0.234537859375	0.109420351562	-0.27704540625	0.088249796875	0.10664803125	0.191685203125	0.334056625	0.29805484375	0.2413879375	-0.3640279375	0.239111734375	-0.26672109375	0.282821625	-0.13125025	-0.16771953125	0.13535978125	0.287435375	0.1997846875	0.21248134375	0.2235858125	0.174889578125	0.337073125	0.175363875	0.177490953125	0.179152390625	-0.1803569375	-0.30835740625	0.219703109375	0.2892819375	0.22322475	0.548258375	-0.25041084375	0.2955615	0.22720303125	0.216163578125	0.25222371875	0.32740184375	-0.2874300625	-0.0947437890625	-0.552168625	0.186	0.04	5.0E-4	3.6E-4	0.275857449979
120	116	251	4.833416	0.250539171875	-0.22531165625	0.067817890625	-0.113617398437	-0.286031875	0.0856332890625	0.14495784375	-0.141812109375	0.107298484375	0.0732635546875	-0.24372975	0.21672453125	-0.15544671875	0.138762671875	0.0745425234375	0.208984453125	0.128746078125	0.129580242187	-0.163352375	-0.26591296875	-0.138164890625	0.234900421875	-0.201401375	-0.20040396875	0.1636534375	-0.26101903125	0.1245156875	0.19357753125	-0.186295546875	0.2492779375	-0.22060153125	0.313163375	0.154996859375	-0.070059625	0.214224875	0.16133296875	-0.17374496875	0.120374734375	-0.20208321875	0.196835828125	-0.08937640625	0.17657225	0.14194925	-0.3012265625	-0.118818203125	0.254597140625	-0.18065215625	0.185463265625	-0.1749005	0.320396	0.125236078125	-0.1125635	0.2477186875	0.22855628125	0.17292865625	-0.146002609375	-0.181614296875	-0.14364746875	-0.12081465625	0.18160475	-0.157074921875	0.2487440625	-0.0994468828125	0.176235203125	-0.0767204765625	0.2413103125	0.102789203125	0.102232476562	-0.17537103125	0.189500625	0.25038775	0.231390828125	-0.20035015625	0.073181015625	0.2577051875	-0.19266815625	0.0571500976562	-0.21201040625	-0.1486974375	-0.187931796875	0.0776094765625	-0.32814596875	-0.1181156875	0.3416166875	0.21694071875	0.202441	0.112052984375	-0.23428428125	-0.0997426953125	-0.25607590625	-0.100314554687	0.190779265625	-0.173444796875	-0.255266765625	-0.34515015625	0.31598478125	0.2685525	0.20343115625	-0.13246671875	-0.144132546875	0.157488484375	0.1230499375	-0.2922891875	-0.173190546875	0.141876140625	0.2330765625	-0.16032440625	-0.29752059375	-0.2378005625	0.11603496875	-0.26043175	0.156863671875	-0.109079359375	-0.153846328125	0.3317625625	-0.43404325	0.0826206484375	-0.3207080625	-0.3426090625	-0.187897515625	0.1359370625	-0.26583634375	-0.100536117187	0.226946625	0.2221565625	-0.195395203125	0.100895359375	0.136588046875	0.1965416875	0.3110201875	-0.118465296875	-0.15146453125	0.0817046328125	-0.1960535625	0.180789046875	0.119245609375	0.1599821875	0.120918796875	-0.223097921875	-0.150137859375	0.128072859375	-0.14172909375	-0.131175640625	0.2827703125	0.30266359375	-0.28658515625	-0.36715059375	0.246904421875	0.202803234375	-0.0814371875	0.191191484375	0.104505070312	0.17142875	-0.15959790625	-0.27868003125	0.229570734375	0.146511546875	-0.243632078125	0.222906890625	-0.105675226562	0.1444071875	0.12481115625	-0.1276461875	0.076803375	0.206745640625	0.21924046875	0.1951388125	-0.146853296875	0.28760503125	0.17309778125	0.226532421875	-0.15970575	-0.1163740625	0.216594359375	0.469304875	-0.20525721875	0.0948968125	0.185233203125	0.131816046875	0.121773015625	0.1443313125	-0.18749159375	0.2304610625	0.26496940625	-0.249796328125	0.144693859375	0.136024734375	-0.176323484375	0.158401375	-0.1677429375	-0.1805854375	0.152502984375	0.189703265625	-0.194524796875	0.15075746875	0.140495734375	0.125944382812	0.27868415625	-0.13565865625	-0.199524265625	-0.23077834375	-0.1325693125	-0.086863796875	0.4453456875	-0.108444804687	-0.25845084375	-0.113412890625	-0.22322415625	0.110773351562	0.38721059375	-0.3277045625	-0.12857953125	0.27425040625	0.32341921875	-0.215512	0.144941078125	-0.178723625	-0.1294073125	0.117458960937	-0.3130574375	0.208950078125	0.145235921875	0.124724546875	0.291945375	0.15694	-0.20966265625	-0.121920476562	-0.201514140625	0.131945296875	0.152503328125	-0.1458568125	-0.2222295	0.33942984375	-0.36516175	-0.0991328828125	-0.0541052851562	-0.214866125	0.25754084375	0.0748681640625	-0.127343945312	-0.0742619375	0.26767190625	-0.17935421875	0.10607825	0.19103075	-0.238246703125	0.130805921875	-0.21746884375	0.20550778125	0.1834095625	4.83	0.22	0.2	0.3	0.20092301371
121	51	251	2.55461875	0.30087890625	-0.243814390625	-0.180076734375	0.101887265625	0.147184578125	-0.1154003125	0.24334803125	-0.25064978125	0.22384725	-0.1715685625	-0.176866625	0.111908210937	0.0863377265625	0.123695820312	0.0827110703125	-0.103392601562	0.2857088125	-0.2464086875	0.1252313125	0.0988626484375	0.1434140625	0.4908830625	-0.23898009375	-0.24676390625	-0.17166346875	0.086267609375	-0.30064225	-0.16547221875	-0.2629055	-0.16344809375	-0.212351640625	0.143228875	0.28977084375	-0.15021259375	-0.113122484375	-0.328046875	-0.123115421875	0.264360125	-0.17804965625	0.1570491875	-0.1897429375	0.069964875	0.17927371875	-0.102527296875	0.091842625	0.0929562421875	0.16253521875	0.29317475	0.15068	-0.258507890625	0.144498796875	0.186190953125	-0.09797103125	0.3108191875	0.168459765625	0.133745375	0.14311603125	-0.2804295	0.083018125	-0.213487875	-0.20148421875	0.305569625	-0.146098421875	0.09282346875	0.0485968046875	0.102829164062	0.10741546875	0.259355015625	-0.14969825	0.19858378125	0.1976586875	0.25899646875	0.171147609375	-0.178735515625	-0.219597578125	0.201299875	-0.191876796875	-0.134859546875	-0.227330515625	-0.19023846875	-0.228725578125	0.256517546875	-0.28433446875	0.17936821875	0.171233296875	0.0512506367187	-0.208257703125	0.204030265625	-0.1764575	0.211006234375	0.10532603125	-0.14048609375	-0.133339015625	-0.18747646875	-0.146954171875	-0.13343321875	-0.13512525	-0.27854978125	-0.076471546875	0.230913390625	-0.178662234375	-0.108695640625	-0.104605085937	0.0711308203125	-0.3277443125	-0.0618260898437	-0.0783070859375	-0.09272921875	0.137120921875	-0.15557515625	-0.235260984375	0.168667515625	-0.103470085937	-0.1992574375	0.14265984375	0.132800109375	0.096354078125	0.2215945625	-0.27235996875	-0.0624075117187	0.049264609375	0.260614078125	0.0770083984375	-0.256597734375	0.126187953125	-0.14386690625	0.22589515625	0.23774203125	0.2277673125	-0.113704984375	-0.1667490625	-0.211365703125	0.19133934375	-0.176245578125	0.23502703125	0.118233234375	0.135446765625	0.1431229375	-0.12140165625	-0.18270709375	0.0971847578125	-0.147279015625	0.3034261875	0.1620403125	0.0832280625	0.223249609375	0.0648155859375	-0.198731796875	0.143324796875	0.28743340625	0.280902625	-0.26452125	-0.0741348125	-0.188243171875	0.1979280625	0.123306609375	0.30209725	0.15172909375	0.211605796875	0.13305265625	0.19240684375	0.081927640625	0.07290784375	0.16640434375	-0.18579040625	0.3882125625	-0.09836571875	-0.125723257812	-0.10297515625	-0.194666484375	-0.214671984375	-0.125300054687	-0.119716492187	-0.14135028125	-0.16061090625	-0.20512896875	-0.0915627578125	0.2666125	-0.257877640625	-0.20740328125	0.31267978125	-0.128408992187	-0.0699615859375	0.17302515625	0.094957765625	0.18022259375	-0.16714209375	0.4387815625	0.147473765625	0.22794775	-0.28135084375	0.1723220625	-0.22260640625	0.159300484375	0.101304125	0.209729046875	0.241370015625	-0.17907465625	0.131847484375	0.0935018203125	0.068405578125	-0.143429328125	-0.242266796875	-0.1998650625	0.35165753125	0.0674385	-0.21306196875	0.150827578125	0.235484046875	0.25733715625	-0.2010834375	-0.0575467109375	-0.125291445312	-0.251370109375	0.231362859375	-0.208965515625	0.142177015625	-0.25014934375	-0.152773453125	0.21013334375	0.213008578125	0.305980125	0.1654181875	0.2069658125	-0.304332375	0.36250753125	0.3111981875	-0.231740234375	0.238937	0.151364296875	-0.148177703125	-0.0837638203125	-0.32083090625	0.21832621875	-0.07552425	0.12080634375	-0.133649796875	0.30303909375	-0.14738359375	-0.13247953125	-0.19107859375	0.30537834375	0.085826203125	-0.153623640625	0.04689659375	0.154500671875	0.162359015625	0.198688578125	-0.18319609375	0.160442734375	2.56	0.19	0.2	0.3	0.193712723819
122	40	251	2.86222	0.21522025	-0.152543	0.25076484375	0.17974	0.37446046875	-0.17756578125	0.0569280703125	0.24543959375	0.241292890625	0.175322171875	0.283773625	0.147465625	0.184763265625	0.20605375	0.21190559375	-0.210680359375	0.21750728125	-0.19885446875	0.2720359375	0.31697040625	-0.161168828125	-0.119595054687	-0.0517770507812	0.0753495078125	0.14471159375	0.1500883125	0.178807625	-0.256686515625	0.25984946875	0.2397791875	-0.29593946875	0.150474171875	0.245463015625	-0.198159609375	0.170761890625	0.24796640625	0.223637296875	0.22675175	-0.120137421875	0.151079953125	0.158316078125	0.30662865625	0.129300375	-0.1611296875	0.30947409375	0.3556065625	0.219500578125	0.222184921875	0.188963578125	0.2913578125	0.22408253125	-0.183536703125	0.28383175	-0.0831158515625	0.2327503125	0.152596890625	-0.10554128125	-0.2627195	-0.180260203125	-0.218644609375	-0.17896025	0.261448578125	-0.230046078125	-0.194676234375	-0.118363523437	-0.115771351562	-0.328626625	-0.24605828125	0.086046890625	-0.133348640625	-0.17026571875	-0.1782025	0.165659625	-0.188626453125	0.1364265625	-0.19141528125	0.07281484375	0.182626359375	-0.32445915625	0.19419371875	-0.3799788125	0.24577253125	-0.036864734375	0.1748401875	-0.139983421875	0.127499890625	0.20220596875	-0.122046140625	0.119495234375	-0.14054725	-0.19134028125	0.113454960937	-0.239160875	0.192037796875	0.1333545625	0.3400991875	-0.0524543789062	-0.154166453125	0.121792976562	0.039118125	0.108902765625	0.12436725	-0.119063195312	0.26909425	0.113483546875	0.244331609375	-0.1241168125	-0.15481828125	0.46532421875	0.225855671875	-0.10876625	0.223942515625	0.10619559375	0.28948009375	-0.153589125	0.174353546875	-0.11288803125	0.33771025	0.13300921875	0.17904775	0.0771238046875	-0.199189375	-0.140032359375	0.101439710937	-0.13745296875	0.125828382812	0.229551	0.29856340625	0.1616148125	-0.21683503125	0.178290328125	-0.426384125	0.237901109375	0.277345375	0.238844125	-0.112881828125	0.244359984375	-0.0975745078125	-0.133704328125	0.135924375	-0.166088796875	0.23378821875	0.14182071875	-0.11681984375	-0.221426421875	-0.20184709375	0.2672890625	0.165299375	-0.15446721875	-0.22838734375	0.214476375	0.123102695312	0.17176325	0.220898234375	0.26539525	-0.206890578125	0.167761421875	0.194410953125	0.242073109375	-0.35956146875	-0.18555996875	-0.206619296875	0.127980859375	0.079423359375	-0.411353	0.257030375	0.223518890625	0.3059874375	0.174309828125	0.22068409375	-0.2124260625	0.3004809375	-0.165333875	0.300143125	0.1274103125	0.144911796875	0.268748	0.195016	0.143588578125	0.209367390625	0.27094646875	-0.218994828125	0.19765046875	-0.08091084375	0.136077953125	0.141090734375	0.2507974375	0.210932921875	0.15354696875	-0.16969878125	0.34638290625	0.2362178125	0.216392265625	0.183667484375	0.3484913125	-0.231210265625	0.178589046875	-0.0869486328125	-0.128772585937	-0.103126601562	0.42191171875	0.15271946875	-0.130650242187	-0.189320734375	0.39373390625	0.251250546875	0.35491984375	-0.11431925	-0.30455646875	-0.250886125	0.125738039062	0.3513426875	0.12687596875	-0.109941601562	0.230631171875	0.204331203125	-0.206405109375	0.132173765625	-0.20195484375	-0.221262265625	0.27953325	-0.1163200625	-0.249478625	-0.222048578125	0.143243390625	0.32596128125	0.168187203125	-0.220621671875	0.31090409375	-0.19003525	0.135051484375	0.07434909375	-0.154501875	-0.21000440625	-0.36226690625	0.112738445312	0.243340515625	-0.131057101562	-0.32454315625	-0.0915488359375	0.0848511328125	0.310573875	0.1101815625	-0.141432	-0.148898375	-0.1759689375	0.0912867890625	0.105322015625	-0.27096940625	0.2595145	2.86	0.21	0.18	0.1	0.211198551549
123	79	251	2.40032075	-0.111980796875	0.27605490625	0.15964615625	-0.192146765625	-0.1462055	0.19830715625	0.185560734375	0.0751319375	-0.204203421875	0.122465703125	-0.261382171875	-0.0732676640625	0.14877471875	0.118981789062	-0.2523403125	-0.3008365625	-0.2321919375	-0.1522755	0.146243890625	0.32787628125	0.173176859375	0.11145325	0.13750653125	-0.202848375	0.159998390625	-0.3895191875	0.201049015625	0.23649871875	-0.277569125	-0.17724353125	0.1916676875	-0.07053503125	0.103606398437	0.15379265625	0.11181771875	0.10183828125	-0.1644674375	-0.101980109375	0.105837195312	0.121210492187	0.174283375	0.14563215625	-0.1505819375	0.216265859375	-0.210174171875	-0.178187390625	-0.133746765625	-0.0860467734375	0.190715953125	0.141896390625	0.15276446875	0.11784753125	0.167291703125	-0.176911328125	-0.2851818125	0.126123429687	0.245770921875	0.18424971875	-0.170675984375	0.141530921875	-0.192018921875	-0.187189921875	-0.125441429687	-0.19137578125	0.12458	-0.139833265625	-0.165207890625	0.138740125	0.1454810625	0.29382178125	0.101400398437	0.172117390625	0.198907609375	0.235478265625	0.156209953125	-0.1222998125	0.15419675	0.173066265625	-0.103395132812	0.03695453125	0.204442	0.0812565859375	-0.127032132812	0.142271140625	-0.151502234375	0.2497359375	0.153799546875	0.21347128125	-0.22859615625	-0.1326795625	-0.0493293984375	0.103287601562	0.1463663125	0.109957648437	-0.15727634375	-0.105418992187	-0.200192703125	-0.072743046875	-0.2149205625	-0.183687875	-0.33401878125	0.3183809375	0.0962245859375	-0.219860625	-0.178142328125	-0.1686574375	0.1622433125	-0.0906329609375	-0.181705390625	0.165335484375	-0.16693540625	-0.1238825	-0.1251324375	0.095642375	0.18137534375	-0.0593564375	-0.1616544375	-0.10927384375	0.11592865625	0.19513034375	0.143526296875	0.085345390625	0.192500375	0.231559984375	-0.248538125	0.34332390625	0.16281971875	0.121393578125	0.31611434375	0.2097000625	0.148002453125	0.115817882812	-0.145358234375	0.104278179687	-0.175701375	-0.202492609375	0.145613859375	0.126011796875	-0.096954828125	-0.06118603125	-0.13584034375	-0.079940625	-0.117442460937	0.46022465625	0.089409734375	0.082538921875	0.1172084375	-0.161276265625	0.0643324921875	-0.133996265625	0.055005015625	-0.27871034375	-0.18581659375	0.10899578125	0.232001421875	0.152968578125	0.23075525	-0.1944780625	0.118000429687	0.1647745	0.121330117187	0.22268484375	0.270598625	0.180914828125	0.28221659375	-0.0544211796875	0.0960398828125	0.193059953125	0.29529753125	-0.134885984375	-0.128755554687	-0.0727067890625	0.15199871875	0.102707367187	-0.30100890625	0.210009125	-0.15880853125	-0.0671909375	-0.224434390625	0.082093953125	0.10700790625	0.16966590625	0.191950578125	0.185045265625	-0.284567125	0.0887006328125	0.178779328125	-0.1558591875	-0.238496359375	0.16559125	0.059382375	-0.103165328125	0.08834153125	0.111698851562	-0.224795515625	0.075843375	0.34225928125	-0.20613265625	-0.1247445	0.25320284375	-0.1667048125	-0.32782071875	-0.0637336171875	0.2127495	-0.194931890625	-0.0615145273437	0.0580652578125	-0.18433925	0.1074620625	0.1213640625	-0.2910335	-0.09465671875	-0.085511015625	0.084528109375	-0.086845953125	0.185510859375	-0.0173037773437	-0.0576833046875	-0.232628703125	0.106519242187	0.169762671875	0.131025445312	0.189844046875	0.08154159375	0.154891140625	0.236773046875	-0.11865390625	0.102223445312	0.32150625	-0.3287824375	-0.164620640625	-0.077421625	0.109281148437	-0.21910684375	-0.204323140625	0.116032992187	0.154849640625	0.204866171875	0.085254140625	0.2351008125	-0.101546984375	-0.133804625	-0.099041796875	0.27659253125	0.0724267421875	-0.145158796875	0.10973090625	0.1655119375	-0.121590453125	-0.112089390625	2.4	0.17	1.6	13718.0	0.176496816872
124	16	251	1.89858675	0.268841875	0.3067685625	0.225673890625	0.20913896875	0.126537515625	-0.20387034375	0.220487375	0.13558421875	0.125176148437	-0.2083421875	0.166984828125	0.21676915625	-0.0702854609375	0.2856514375	0.130288828125	0.221124453125	0.118825234375	0.1704770625	-0.43210153125	0.097056328125	-0.141568640625	0.22256434375	-0.214663953125	-0.19027278125	0.1514695	0.35114740625	-0.109363101562	-0.0355393671875	-0.267736375	0.106689773437	0.2506119375	-0.269612	0.08535559375	-0.105569171875	-0.07000221875	-0.3907894375	0.155335734375	0.0834934921875	-0.1021790625	0.105185515625	-0.10719025	0.40260634375	0.129188359375	0.139351828125	-0.128859460937	0.129463289062	-0.21370340625	-0.189293921875	-0.074434328125	0.107629679687	-0.1317155	-0.216018171875	-0.0336012773437	-0.10728375	-0.094830078125	-0.107294492187	0.33586753125	0.30799034375	0.0257156699219	0.3420339375	-0.175591296875	-0.0869834765625	0.102238664062	0.093039515625	-0.20237184375	-0.1471180625	-0.0601827773437	-0.131041703125	-0.1869713125	0.227894859375	-0.0837765234375	-0.123396859375	0.137286734375	0.24177575	-0.205628640625	-0.189201359375	-0.11244775	-0.0733005546875	-0.07483621875	-0.10277375	-0.0475857265625	0.105761453125	0.311517375	-0.1488231875	0.073417453125	0.234391609375	-0.14438065625	0.15171603125	-0.109697953125	0.114238351562	-0.158538171875	0.294286875	-0.059409328125	-0.0875999140625	0.2255045	0.138772375	0.0890178828125	0.110151148437	-0.0726456171875	-0.260249140625	0.14924328125	0.23600221875	0.111905203125	0.209828578125	-0.226470015625	0.147447625	-0.208633453125	0.207344609375	0.5170410625	0.0931071953125	-0.117822617187	-0.240331125	-0.20656259375	0.044405671875	-0.104693515625	0.15591740625	0.133820953125	-0.07258359375	0.127131859375	-0.121047046875	-0.0354731953125	-0.129795859375	0.188473890625	-0.11937196875	-0.186811984375	-0.0441692578125	-0.132623015625	-0.1484436875	0.133502765625	0.234039125	0.17344375	0.115002976562	0.0652333554687	0.0521241132812	0.176193546875	-0.20908209375	0.0796378984375	0.154493765625	-0.14115984375	-0.21369678125	0.0648203203125	0.35544025	0.3748036875	0.147726109375	0.142437765625	-0.278626	0.0727548671875	-0.0629275	-0.2841834375	0.109954945312	0.041755875	-0.1512663125	0.171392	0.16992425	0.22828271875	-0.326536875	-0.126676117187	0.0187404824219	-0.207018484375	0.17106246875	-0.0205572011719	0.0617570664062	-0.15029084375	0.196819890625	0.353680375	0.2843403125	-0.0978299609375	-0.17800603125	-0.225951078125	-0.0598529882812	-0.0592812539062	-0.208088671875	0.107754921875	0.130334515625	-0.082692453125	-0.106003757812	-0.21029853125	-0.177337640625	-0.100964789062	0.16806134375	-0.38168615625	0.14589490625	-0.27796315625	0.238768875	0.49281971875	0.20259259375	-0.06927728125	0.1496038125	0.093639765625	0.156786046875	0.06792246875	0.18490359375	-0.0451923828125	-0.0973551640625	-0.214131578125	0.19478175	0.110796	-0.14927871875	-0.22201978125	0.120908242187	-0.0753120234375	-0.161993421875	-0.167266875	-0.134390125	-0.248182578125	0.33277596875	0.26306178125	-0.262902375	0.109193875	-0.165721625	-0.0932296953125	-0.13539675	0.057400921875	0.0801581796875	-0.24415525	-0.20018675	0.129108601562	0.182229890625	-0.0436811132812	0.12860034375	-0.20653975	-0.17100878125	0.138372015625	0.1067686875	0.202672203125	-0.112705054687	0.092988203125	-0.134113203125	0.05533296875	-0.155791328125	0.091727109375	-0.17297040625	-0.116677617187	-0.17096409375	-0.165325609375	0.20476878125	0.157416109375	0.1835500625	0.33550028125	0.234284171875	-0.08101928125	-0.034764625	-0.2486695	-0.0805047421875	-0.139726765625	0.077836578125	-0.16585090625	0.1463584375	0.0392779375	0.26384009375	1.88	0.18	0.099	0.02	0.179923532637
125	127	251	3.248223	1.639076625	1.81089375	1.729713875	1.720867	1.55410125	1.5898755	1.676769875	1.61864275	1.557880625	1.76639675	1.77004875	1.610670625	1.558868125	1.825845875	1.426238875	1.6489725	1.785976625	1.544163	1.420548625	1.5482635	1.6427555	1.821905625	1.648906375	1.767680375	1.873217375	1.66943025	1.50910975	1.55406775	1.692154375	1.639210125	1.919342	1.680309875	1.78240125	1.549923875	1.624139875	1.574697125	1.863908375	1.464521125	1.70801475	1.5235535	1.450617	1.708364125	1.495686875	1.64342325	1.876362125	1.734410625	1.584736625	1.559500625	1.724022625	1.496885	1.63342475	1.891439625	1.666681	1.479443	1.642063625	1.690116875	1.64315475	1.668918625	1.9379635	1.648274375	1.5749225	1.64389475	1.503607125	1.486704875	1.69769	1.582591625	1.67325825	1.593362625	1.631359625	1.881919	1.772065875	1.73581175	1.843516125	1.497405125	1.6023275	1.67789175	1.6489425	1.40129425	1.751952125	1.552148125	1.57217175	1.4981945	1.685797125	1.832762875	1.60616275	1.6967585	1.67188675	1.375190125	1.817159875	1.576845875	1.592804625	1.940607	1.727014875	1.84902425	1.712238375	1.690192	1.446853	1.509953625	1.6990705	1.60857875	1.8297285	1.861905375	1.725199	1.54793575	1.78961225	1.6392385	1.84844025	1.624379875	1.833133625	1.610138	1.3080745	1.74704775	1.4889345	1.74966225	1.48316175	1.441266125	1.500131875	1.621523	1.677903	1.743914875	1.56788825	1.689316375	1.77107375	1.587501125	1.62603475	1.627121	1.4615565	1.57875575	1.7770515	1.710114625	1.616963625	1.602250375	1.716810625	1.879623125	1.555269125	1.594032375	1.553023625	1.691052125	1.6568575	1.618164125	1.60878675	1.42968375	1.695744625	1.593091625	1.7952025	1.708142375	1.568820125	1.910945625	1.70865125	1.663334	1.745887625	1.72961625	1.61159125	1.37398075	1.548606625	1.482469875	1.4011085	1.703562	1.505822625	1.709647	1.636963125	1.616488875	1.58355225	1.74603625	1.578383	1.644872375	1.5220365	1.639336875	1.598214625	1.75218775	1.78057725	1.6148065	1.704189	1.516443375	1.776144375	1.679314875	1.708377125	1.5836265	1.536354375	1.708723	1.629968125	1.593131875	1.78057625	1.79521625	1.478269625	1.6146655	1.79708625	1.6456025	1.75376225	1.598276375	1.49083825	1.941890375	1.65781875	1.598353	1.581000375	1.544884875	1.699528125	1.71830425	1.81475375	1.785559125	1.822273375	1.717284	1.733589875	1.484177	1.7393045	1.890395625	1.697503625	1.540497125	1.654882125	1.645932875	1.836748875	1.758838875	1.676333	1.7588505	1.659086	1.5821305	1.6294055	1.5021975	1.788249125	1.73630775	1.471069125	1.7023815	1.561247	1.600363	1.4679325	1.721759625	1.79095525	1.81064625	1.43639875	1.670768125	1.70935875	1.69836225	1.475184625	1.544815125	1.70387225	1.637725625	1.844577875	1.464432375	1.832289625	1.667378625	1.7303695	1.519163	1.76962	1.698920875	1.614232	1.946145	1.707352625	1.682177375	1.752199625	1.597224875	1.673	0.021	1.0E-5	1.7E-5	0.158234664045
126	5	251	4.4550815	1.496952625	1.659862875	1.540115375	1.81053125	1.415278125	1.481078875	1.69754225	1.6661025	1.3481105	1.41675125	1.594091375	1.42339025	1.472097	1.29970575	1.500449625	1.535885375	1.437397	1.61193325	1.61523225	1.3622325	1.5000065	1.237846625	1.391162375	1.518060125	1.35362825	1.419802125	1.472493375	1.498598375	1.185376625	1.295783	1.247846625	1.64671575	0.9979458125	1.48232425	1.39168875	1.303533625	1.365880125	1.434915	1.558275125	1.570466	1.354039	1.43942925	1.2487395	1.2556445	1.454698625	1.4154615	1.436839875	1.478525125	1.385570875	1.371090625	1.292158375	1.408017875	1.227065625	1.420824125	1.5457725	1.234653625	1.572724875	1.523610625	1.35149775	1.40065075	1.413358625	1.202646125	1.52416425	1.49373825	1.3608685	1.296504	1.19434025	1.16127625	1.349844125	1.35795925	1.397263875	1.284121125	1.3183585	1.37901925	1.386356875	1.318141625	1.242265875	1.2694575	1.27997525	1.47885625	1.38137725	1.245752625	1.49713125	1.295249	1.357537125	1.28793	1.283159375	1.3833515	1.3353265	1.136052625	1.50070825	1.220264	1.081616875	1.40783925	1.19342075	1.379972625	1.2897715	1.211066875	1.34575075	1.325373	1.360075875	1.155896	0.9468895625	1.38692175	1.252074	1.458816	1.180240625	1.147204625	1.28022475	1.1158495	0.9303669375	1.208046375	1.231335875	1.0811185	1.271290375	1.432029125	1.2865185	1.091479375	1.0290993125	1.173386375	1.164734375	1.1655705	1.00861275	1.245903875	1.0895815	1.252357125	1.2235435	1.28841	1.321381375	1.269741875	1.279632875	0.906848375	1.17831925	1.274730375	1.37902075	1.2071895	1.43347975	1.16773125	1.119928375	1.192506875	1.125151875	1.039686625	1.01132375	1.160241375	1.116135375	0.77190975	0.86576725	0.94542625	1.0827935	1.0176933125	1.0390558125	0.960478	1.38545375	1.255130375	1.13215375	1.2955615	1.058805125	1.134477	1.0770865	1.131476125	1.0326506875	0.8208954375	1.230198375	0.9898546875	1.06968025	1.14463775	1.21043475	0.8019661875	0.9733226875	1.085111875	1.062053875	1.094421	1.067610125	1.001541	0.920939375	1.137288875	1.118758125	1.099592	0.969741625	0.938693625	1.09988025	1.170199	0.9949211875	1.06406225	1.13595275	1.138111625	1.05858725	1.107346125	1.286434625	1.0921495	1.119055375	1.149386875	1.1417125	1.0805455	1.00818925	1.137190375	1.098576875	0.7728025	0.9691263125	1.0289196875	1.256172375	1.14692225	1.395299125	0.99268575	1.119796875	0.949775875	0.8913329375	0.8562278125	1.05607125	0.976369	1.0391675625	0.998169875	0.877072	0.9397915625	0.95751375	0.7596716875	0.8687295	1.160324875	0.7407960625	0.97862775	1.00026475	0.8461803125	1.04602175	1.0095785	1.02615025	0.8049795625	1.1096155	0.9569454375	0.948415875	0.881724125	0.914272	1.095630625	0.762490375	0.9198184375	0.924192875	0.9414591875	0.9405453125	0.8614554375	0.6278261875	0.954011	0.943281625	1.0644035	0.723439125	0.797684375	1.090730625	0.907164	0.93480225	0.9783153125	0.891020125	0.931981625	1.603	0.03	4.68E-4	3.1E-5	0.220780224524
127	126	251	1.878206125	0.7858768125	0.823201125	0.9152971875	0.9689730625	1.013265125	1.213101375	1.16066325	0.9521825	0.878913875	1.11530275	1.10093425	0.88375025	1.198161875	0.90077375	1.358529875	1.16714275	0.909006375	0.74323975	1.03938425	1.0325799375	0.83607	0.965057375	1.0583955	1.4061975	1.02545675	1.1205685	1.1906715	0.969698375	1.143344125	0.700876	0.9816369375	0.7865578125	0.97439925	0.8950595	1.110979625	1.146960875	1.04605525	0.8976028125	1.019078875	1.047704625	0.95156725	1.13112625	0.8909035625	1.131605125	1.1048505	0.729072875	1.16056725	0.91936425	1.0000003125	0.8393375	0.9987773125	0.7668626875	1.191184875	1.0230126875	0.96687775	0.9445005625	0.9976838125	1.0419335625	0.9465399375	0.9918765625	1.0050655	0.9214895625	1.187830375	0.9891955	0.977069875	0.938587625	1.15761975	1.0458818125	0.985826625	0.73226475	1.0273989375	0.8858914375	0.98353525	0.948302875	1.0291164375	0.8127860625	0.9716713125	1.064399125	0.9890870625	1.198044375	0.9480236875	1.084261625	1.007156625	0.914577375	0.8696516875	1.117801125	0.867860625	0.9595584375	1.05738025	0.8590553125	0.9127798125	1.081079	1.100919125	0.88845325	1.067483375	1.024437375	0.9784280625	0.9063533125	1.032190375	1.101499	0.906117625	0.8962193125	0.985921375	0.7889774375	1.236073625	1.0760295	1.034496125	0.687637	0.9347985625	1.128004	0.92727025	0.8190410625	1.0014895625	0.9244851875	0.8755365625	0.9060546875	1.15571775	0.9744133125	0.9189949375	0.9196835625	1.006728875	0.9993225	0.9263385	1.116019	0.9558503125	1.073289875	1.06913	0.9487140625	0.7513339375	0.895850125	1.044503875	0.98889875	0.933630375	0.834765375	0.941246	0.93918725	0.76089025	0.9192878125	0.849898375	0.9262785	1.0471425625	1.062354875	0.9762815625	0.82654675	0.880501125	0.9299909375	1.0185015	1.158707	1.0146249375	0.9239731875	0.7749033125	1.1210585	1.274560125	0.81405425	1.01442225	0.961096	0.988022375	1.025784	0.8829155	1.163100125	0.9510793125	0.941260875	0.9461073125	0.852566	1.06645825	0.8182538125	0.9470908125	1.161901875	1.140249125	0.76909775	1.223828	0.9567945625	1.083359625	0.9417861875	1.064187625	1.1215975	0.837610125	1.041311	0.943238625	1.0982045	0.7505551875	0.8813918125	0.997518875	1.043473125	0.9207065	0.67433125	1.0047524375	0.9931430625	0.9609779375	0.85829725	1.05961775	0.7604775	0.8595915625	0.927726	0.81480225	0.846941	0.902210625	0.9318623125	0.9585874375	0.8550773125	0.801661625	1.14949575	1.289609375	0.9941589375	0.9679580625	0.981444625	0.9515450625	0.7406669375	1.033835375	1.0072764375	0.9264325	0.940027375	1.0369404375	1.0390081875	1.057830125	0.8412945	0.941164875	0.91342975	0.95379625	0.8419675625	0.7780754375	0.8786789375	0.8660970625	1.0589525	1.0063316875	1.059451125	0.9918820625	0.628877625	0.9445991875	0.9334931875	1.056167125	0.842370125	0.93113025	0.770284875	0.92720075	0.782143875	1.0417354375	0.92446	1.0249391875	0.98836525	1.12166025	1.010117375	0.8581755625	1.09822225	0.8993093125	1.065424125	1.15400125	0.917849375	0.96027175	0.90075825	1.024	0.018	7.5E-5	2.4E-5	0.133473164735
128	134	251	2.73276725	1.0122159375	0.8719949375	0.78471875	1.132619625	0.895872	0.7460585625	0.7482434375	1.01826775	0.984079	0.9984545625	1.011038625	0.9924068125	0.9014484375	0.9606175625	0.991072875	0.789443625	1.0463103125	0.943495	1.08547425	1.0303781875	0.9663356875	1.048965375	1.2073605	0.9562904375	1.035734375	0.939781875	0.9830901875	0.9180564375	1.020494375	0.88848225	1.0542885	1.0094445	1.0071978125	0.8553688125	0.918334	1.070631	0.8269689375	1.025278875	0.9445848125	0.8765635625	0.828785375	1.12747125	1.122487375	0.9712641875	0.9281508125	0.8624620625	0.9869509375	0.89213075	1.031474125	0.8373086875	0.922836125	0.874743125	0.928287	1.005123125	0.9240199375	0.9604474375	1.13526675	0.978744375	0.9662774375	0.8523285	0.9179213125	0.9179161875	0.9962099375	0.939579875	1.171775125	0.889890875	1.167804625	0.892862875	0.929347125	1.117996375	1.234327125	0.8672196875	1.057106125	1.045660875	0.7419255	0.95123225	0.9706495625	0.988378	0.902179625	0.8887545625	1.05878775	0.77677525	0.9005878125	1.111691875	0.8423045625	1.0835825	1.0476286875	1.03254725	0.9679800625	0.88884675	0.950127125	0.9567374375	1.0189281875	0.915875125	0.926770375	0.949666875	1.0203359375	0.8958336875	1.012408	0.9552034375	0.7966813125	1.0447016875	0.958568625	0.9832476875	1.0199808125	0.79334325	0.95073225	0.8757768125	0.8632418125	1.092026875	0.7797803125	0.8023080625	0.9960281875	1.07559175	0.98174775	0.712520375	0.8805580625	0.975954375	1.138669	0.8344030625	0.665941	0.833742375	1.16809125	0.9464094375	0.952795875	1.109100375	0.953911	1.0229849375	0.9471453125	0.9693796875	0.8654624375	1.12113875	0.8375028125	1.18337725	1.09343225	0.915553	1.296043125	0.9763238125	0.947814875	0.87032675	1.0544675	0.98906475	0.999235	1.0155990625	1.1592395	1.0274729375	1.00156775	0.7997971875	1.192372	1.08033075	0.984168375	1.1386555	1.03294675	0.9999116875	0.9112966875	0.885531625	0.8821213125	0.9975481875	0.7625718125	0.9092409375	0.8789884375	1.052651375	0.8915273125	1.265102875	1.074098125	1.000453125	0.8552521875	1.157285625	1.0215480625	1.0130801875	0.9002789375	0.9147114375	1.00613875	0.939109875	1.112163	0.81686	1.03063675	1.2150625	0.809867	0.9799859375	1.0078790625	0.7317995625	0.9652949375	1.009857625	1.26782325	1.051138	1.192081625	1.042253375	0.8784793125	0.8435865	0.911458875	0.9317221875	0.965819625	1.00946175	0.8454750625	1.077161875	0.928398625	0.8698545625	0.991695375	1.1568095	0.90177725	1.058079875	1.0352309375	0.86076175	1.061175875	0.630022125	0.867336375	0.866857	0.9974096875	1.0335680625	1.146097125	1.0343118125	1.105223	0.9634176875	1.0646185	1.0404085625	1.166866	1.0440179375	0.99246475	0.860640625	1.142234375	1.097756875	1.0236754375	0.8389263125	0.82032075	0.97	0.864333	0.9226770625	0.9009180625	0.8867054375	1.15452475	0.9949254375	1.00135725	1.044628125	1.06904875	1.15983575	0.780031125	0.8046588125	1.180077625	0.9719308125	1.041583375	0.9826310625	1.014273875	0.877496625	1.127484375	1.12364275	0.9669021875	1.24376275	0.9841200625	1.10052775	0.98	0.02	-6.0E-6	2.8E-5	0.159483197775
129	13	251	2.7048875	1.24767325	0.9183005	1.138522875	1.112048625	1.144826875	1.00444925	0.78717975	0.90679575	0.9112171875	0.761049625	1.0304583125	0.9049254375	0.6716173125	0.8151751875	0.684676125	0.8217005625	0.784179	0.5657790625	0.713792875	0.7012570625	0.616968375	0.6104428125	0.9102635	0.6252751875	0.5709115625	0.5603519375	0.5994471875	0.45906015625	0.625237125	0.52360515625	0.603391375	0.489844	0.29478178125	0.51392975	0.55940175	0.63545325	0.27233609375	0.42819178125	0.5450651875	0.327297375	0.4473008125	0.54204975	0.41100715625	0.42008853125	0.30508240625	0.49385121875	0.2924499375	0.29266446875	0.400174875	0.4789014375	0.296760125	0.4039213125	0.400497875	0.48799440625	0.444418125	0.278794625	0.359768875	0.245362359375	0.2596455625	0.222073015625	0.29224675	-0.08876309375	0.3544064375	0.192317640625	0.208575203125	0.24846440625	0.182951515625	0.37937784375	0.2859034375	0.20742446875	0.3906584375	0.274590625	-0.068549109375	0.2646169375	0.3565680625	0.1372299375	0.143887203125	0.3293798125	0.27218196875	0.1905694375	0.25060471875	0.167784640625	0.1121150625	0.23867934375	-0.095209109375	0.29815178125	0.186517796875	0.33502671875	0.122855179687	0.36457546875	0.172869859375	0.2954003125	-0.220077265625	0.13131665625	0.4924339375	0.16175125	0.2076493125	0.2945733125	0.419315875	0.22592153125	0.192439828125	-0.19870846875	0.25647240625	-0.134544921875	-0.24938771875	-0.095883609375	0.246034390625	-0.15387046875	-0.17057171875	0.330716875	0.123249085937	-0.102799476562	0.13294334375	0.323102125	0.1781404375	0.0937801796875	0.106094335937	0.3692250625	0.34740271875	0.42048809375	0.5000049375	0.248348328125	0.226665125	0.1693806875	-0.09245996875	0.180702046875	0.0567023125	0.19389534375	0.40100246875	-0.3220969375	0.16896546875	-0.224578328125	0.36226040625	0.1848996875	-0.1254600625	-0.209326125	-0.13287159375	0.219540078125	-0.068784296875	-0.071487078125	0.146659203125	0.42098896875	0.2242850625	0.36733965625	0.178631390625	-0.114029804687	-0.230081109375	-0.223180046875	0.0937584921875	-0.0299765546875	0.0635248320312	0.244504609375	0.18682940625	0.190056703125	0.114237546875	0.30735140625	0.229261265625	-0.154250375	-0.114882117187	0.213071828125	0.19141334375	0.164136875	-0.0150703291016	0.282244	-0.09524334375	-0.139296296875	0.15975378125	-0.27021678125	0.166668484375	-0.0499401171875	0.18508090625	0.214205859375	0.308689375	0.32973165625	-0.130127601562	-0.102998695312	-0.141132625	0.0721158984375	0.41452975	0.151794859375	0.213074078125	-0.24663765625	0.3249096875	0.097584953125	0.198110875	0.14878709375	0.17354284375	-0.0996811484375	0.20312471875	-0.248338046875	0.34445990625	0.1925249375	-0.219357703125	-0.137346984375	-0.27091496875	-0.1700173125	0.30660325	0.11111396875	0.219776	-0.10572334375	-0.37988375	0.15703590625	-0.189272265625	-0.128469171875	-0.147733546875	-0.12408234375	0.211744734375	-0.1366508125	0.103429414062	0.2983126875	0.157395796875	0.128001632812	0.2242418125	-0.190442203125	0.16983621875	-0.0991057109375	0.14852175	0.195123859375	0.322254125	0.09949784375	0.25468065625	0.11014865625	-0.2207790625	0.140199453125	0.23514421875	-0.110070796875	0.165122046875	0.188484484375	0.143264171875	0.2033525625	-0.121437304687	-0.2313585	0.33295353125	0.1635513125	0.0687716796875	-0.1000305	0.12400746875	-0.13639403125	0.150849234375	0.0889934765625	0.2807174375	-0.163218078125	0.256145953125	-0.0300763671875	0.1571653125	0.32835209375	0.24926215625	0.05927734375	-0.28135084375	-0.27884459375	1.28	0.07	0.00479	3.4E-4	0.199617528874
130	120	251	4.231599	2.73654	2.4693045	2.449606	2.50672575	2.31501625	2.22884625	2.25811875	2.038436875	2.31443925	2.24420875	2.2494575	2.1245865	2.115508	2.29450525	1.956249125	2.45895475	2.20900725	2.4646735	2.19153325	2.22413875	2.3198915	2.149941	2.398628	2.39934925	2.23314275	2.211921	2.2558405	2.300287	2.29994225	2.14950725	2.40169125	2.40254175	2.24567325	2.37375075	2.4542875	2.28185775	2.32560975	2.148244	2.24128125	2.35233825	2.2573265	2.13942025	2.366413	1.9779065	2.16236225	2.04338625	2.2889605	2.33349275	2.20477925	2.35493475	2.27974975	2.27029125	2.0734525	2.3286115	2.144639	2.3774935	2.19394	2.1310855	2.24771625	2.3851005	2.33208925	2.19848325	2.085184125	2.102553	2.23741475	2.11366075	2.198968	2.1665055	2.0921075	2.18836825	1.97739825	2.290622	2.1309365	2.12379975	2.2176535	1.96890175	1.884193	2.018636625	2.202781	2.025224875	2.089666125	2.018436375	2.1172865	2.11271775	1.986482875	2.3434555	2.1266805	1.824878875	2.02406375	2.037486125	2.008319875	1.881063125	1.96762375	2.1673095	1.944664375	2.079983625	2.2324875	2.05693725	1.853421125	1.9921	1.91856075	2.03320425	1.85125025	1.96816575	1.902962375	2.172423	2.03161475	2.124917	2.015314625	2.005278125	1.98559275	2.0478785	1.823241625	2.1384285	1.936943	2.039150625	2.060304625	1.823004625	1.91674925	2.18699325	1.791689625	1.9714165	1.6989635	2.14980875	1.854368875	1.876618875	1.912339625	1.942394625	1.812781875	1.8818545	1.80932975	1.900050125	1.86988925	1.735766	1.848615875	2.00053125	1.762959125	1.85644075	1.895681625	1.7863355	1.81830175	1.69443125	1.981494875	1.804453	1.5652285	1.791759875	1.94945425	1.688371	1.82604275	1.887008	1.759013875	1.912921625	1.819928625	1.794147375	1.862716375	1.98299825	1.897681625	1.682959625	1.86387325	1.87855575	1.761499875	1.714711375	1.825808125	1.67936275	1.513241	1.554326625	1.566873875	1.9052355	1.5624535	1.6908955	1.77894325	1.656632	1.64560075	1.67667075	1.877758875	1.61981875	1.597287875	1.664280625	1.813724375	1.568274375	1.64884425	1.490374	1.593133125	1.789382875	1.6083105	1.43022	1.79150275	1.570511625	1.575595875	1.538126875	1.50452375	1.711414625	1.587766375	1.742133625	1.6339405	1.709136625	1.649264875	1.476775875	1.642790375	1.6004285	1.6080185	1.58191225	1.517366125	1.670824	1.5260585	1.581611	1.714198125	1.4250665	1.433446	1.787379	1.544084625	1.397111	1.56499475	1.36829875	1.584338375	1.59514125	1.5339635	1.464499625	1.61987475	1.5940435	1.684014125	1.50813	1.512475	1.545820125	1.53056325	1.547512	1.68237925	1.43946	1.71595975	1.465373	1.57046125	1.640833125	1.575271	1.365565875	1.593855625	1.540663375	1.43100575	1.482480375	1.43467875	1.3246985	1.30713825	1.539064	1.52501525	1.615897375	1.668327875	1.535403125	1.5539555	1.313536	1.303148375	1.379625	2.475	0.025	4.24E-4	1.7E-5	0.163275544968
131	46	251	4.6288	0.27455765625	0.44726046875	0.15384334375	0.134445515625	0.197980796875	0.193040234375	-0.13158709375	0.108876085937	0.26742471875	-0.0386088046875	-0.098086265625	0.0946214375	0.0248592304687	0.18568153125	-0.067424234375	0.248616921875	0.101991476562	-0.240264578125	0.131473984375	-0.078062625	0.0704900625	0.067414625	-0.066425015625	0.0736795859375	0.142562484375	-0.0886986875	0.32268015625	0.13571865625	0.22575859375	0.24780803125	-0.139467390625	0.073392515625	-0.0801410546875	-0.119615070312	-0.2228015	0.078337109375	0.238347765625	0.18829871875	0.0342232382812	0.141184171875	0.16804165625	-0.16744934375	-0.103525359375	-0.13489146875	0.174686453125	-0.129077367187	0.1773556875	0.2045088125	0.2628903125	0.0116426650391	-0.206905359375	0.12118965625	-0.170204515625	0.156945421875	0.2550525625	0.141932375	0.094740609375	-0.1202410625	-0.0949544453125	-0.05302353125	-0.34421815625	0.0439513242187	0.231804265625	0.326423	-0.0843610859375	0.148079078125	-0.06672890625	-0.181027046875	-0.125453921875	0.1330840625	-0.181006515625	0.174943046875	0.11125425	-0.105764234375	0.1487896875	-0.079275484375	0.256473890625	-0.4126558125	0.0871718984375	0.29154671875	-0.07919328125	0.136392890625	-0.140138078125	0.15747321875	-0.120976351562	-0.0881521953125	0.151584078125	0.175835015625	-0.197706984375	0.112017101562	-0.154586	-0.0864373359375	0.178628265625	0.0784475546875	-0.27226734375	0.105857023437	-0.161331640625	-0.034807328125	0.106947367187	0.196737859375	0.13426328125	0.13704934375	-0.256695234375	0.33236434375	0.097751421875	0.145492515625	-0.2200718125	0.255432921875	0.1612769375	-0.070073203125	-0.28826640625	-0.259398671875	0.201831484375	-0.15274234375	0.2406474375	0.0495315976562	0.133226921875	-0.123638523437	-0.09096228125	-0.225504109375	0.1610326875	-0.179666203125	-0.107827054687	-0.083609578125	-0.1073106875	0.203374515625	0.140121015625	0.247077046875	-0.0670599921875	0.124760195312	0.108587289062	0.0387669726562	-0.13886815625	-0.102727820312	0.092102890625	0.0555988476562	0.050438546875	0.105794546875	0.14994971875	0.0453307890625	0.130016742187	-0.128458359375	0.155102359375	0.0909270234375	-0.18892090625	0.140390421875	0.06307815625	0.205016359375	0.0482611523437	0.089640296875	0.135798078125	0.208268484375	-0.27897703125	0.21603525	-0.1438956875	-0.0603083359375	-0.0647521679687	0.26373496875	0.1029790625	0.040367515625	0.080885078125	-0.0693659140625	0.095929015625	-0.25298884375	-0.14697725	0.149672625	0.22958771875	0.151051125	-0.1774519375	0.181188421875	0.06508146875	0.111163015625	-0.155970765625	-0.084932328125	0.08554909375	0.252542390625	0.237678421875	-0.080107875	-0.0955051015625	0.2180079375	-0.165276859375	0.1961051875	0.151424859375	-0.115240445312	-0.108919015625	-0.3027648125	0.19649821875	0.193573203125	-0.129659367187	0.16547940625	-0.1482806875	-0.0901350546875	-0.0298355566406	-0.0678317265625	0.2058359375	0.2022115625	0.15359521875	-0.221666078125	-0.15147865625	0.0572302773437	0.0612160039062	0.132976671875	0.086081640625	-0.12712465625	0.34108921875	0.154319390625	0.0957478984375	0.187612	-0.092911875	0.22557315625	0.0532593125	0.166910375	0.0967528671875	0.100410265625	0.1436666875	0.12746925	0.115130734375	0.169793609375	-0.182868328125	-0.171197359375	0.0980924296875	-0.1763739375	0.148942046875	0.145165453125	0.199412140625	0.0612324375	0.17698121875	-0.109903328125	-0.17652878125	0.2108128125	-0.073096	-0.26537446875	0.136607515625	0.165395859375	0.20038446875	0.2263380625	0.15432071875	0.0757395859375	-0.1686254375	-0.0707592890625	-0.101494398437	0.146967734375	-0.126112773437	0.18949765625	-0.170039828125	0.0438404609375	-0.188807609375	-0.080984953125	-0.15105790625	-0.146171375	4.62	0.17	0.151	0.017	0.161470496738
132	90	251	4.4960175	2.14917725	2.2569645	2.245526	2.037367375	1.93430125	2.081722625	1.749845125	1.479296875	1.966085625	1.48857225	1.552482125	1.15278025	1.337415125	1.455802	1.30775	1.274579625	1.191222375	1.123650625	0.79249475	1.04554925	0.882215375	0.825679625	0.94294775	0.8270734375	0.9073141875	0.7919016875	0.7758905	0.7378225625	0.46380878125	0.656452125	0.5744989375	0.865663	0.47457278125	0.3970689375	0.585435625	0.567388875	0.3684895	0.528003625	0.417714125	0.40174121875	0.4856934375	0.294435625	0.4799444375	0.2682734375	0.5522469375	0.30683934375	0.3991431875	0.32754871875	0.178524765625	0.49054453125	0.47465771875	0.2937419375	0.27555703125	0.185473640625	0.23330240625	0.224574109375	-0.16589475	0.2329319375	0.31245259375	0.1862215	0.13017825	-0.31303828125	0.127108351562	0.13305728125	0.11338128125	-0.098668921875	0.226381265625	0.172513859375	0.152322265625	0.109281265625	0.14648984375	0.149729015625	0.189234734375	0.170094984375	0.20291753125	-0.1725223125	0.0842911328125	0.213053	0.19483521875	0.0428857578125	0.26634296875	-0.0764942890625	0.176484765625	0.2555613125	-0.19195978125	-0.26553428125	0.174617765625	-0.103836507812	0.19670384375	-0.0959769453125	0.130182445312	-0.111608945312	0.071000046875	0.31908396875	-0.249929265625	-0.164359125	0.0877063515625	0.0808538046875	0.0522127929687	-0.122054515625	0.170058609375	0.243152078125	0.254394890625	0.193797203125	0.191668390625	-0.046959265625	-0.0842883828125	-0.223241578125	-0.1518973125	-0.1704310625	-0.1592453125	-0.256694546875	-0.110935617187	-0.161260828125	-0.23013934375	-0.28095828125	0.163216703125	0.0906662890625	-0.13902734375	-0.41386125	0.060923296875	-0.102592882812	-0.10653340625	0.16847690625	0.0173674296875	0.0895856640625	0.0199269667969	0.07175259375	-0.120247296875	0.181545671875	-0.147464734375	0.0938500859375	-0.14959028125	-0.160879953125	-0.131620859375	0.0770241640625	-0.102695054687	-0.184144484375	0.09283040625	-0.0454275742187	0.170488484375	0.158747890625	-0.29355453125	-0.15250675	0.2991315	-0.098465859375	-0.15788584375	0.10456403125	0.28044678125	-0.27197475	0.112254796875	0.23359609375	-0.3153668125	-0.169415390625	-0.2113459375	-0.076228703125	0.086174890625	0.118300679687	0.240330828125	-0.12270715625	-0.155700640625	-0.28911171875	-0.132798859375	-0.144646421875	-0.083088296875	0.33746640625	0.176186125	-0.34102503125	-0.216457	0.15756084375	0.165690484375	-0.0930456171875	0.130483867187	-0.09900296875	0.251195515625	0.14173725	-0.192038359375	0.0968402578125	-0.131283734375	-0.2315801875	-0.221806390625	-0.139467984375	-0.124654742187	-0.086793046875	-0.34587090625	0.20856565625	0.184423265625	-0.27323934375	-0.25600396875	0.13585559375	-0.07041346875	-0.147090109375	0.31907709375	0.2044420625	-0.135819875	0.103227226562	0.0448648554687	-0.129047976562	0.21921084375	-0.144396640625	-0.15769165625	0.297400875	0.054055671875	-0.23042253125	0.251334015625	-0.243543109375	-0.213062203125	0.23724396875	0.16856603125	0.10827696875	0.229489453125	0.08387825	0.090464390625	0.0992404453125	-0.205336078125	0.26414696875	0.19840528125	-0.14845403125	0.0723539375	0.20858209375	0.067971328125	0.182579484375	-0.17906146875	-0.13287303125	-0.28507390625	0.235537640625	0.178925015625	0.157552765625	-0.22451953125	0.211067921875	0.10107678125	0.0196488554687	0.103019882812	-0.105483085937	0.0679189453125	0.176293890625	-0.167136515625	-0.21425484375	-0.2338774375	-0.235884125	0.066894234375	-0.41369475	-0.0256105527344	0.228337984375	-0.22298915625	-0.1125530625	-0.0651314882812	0.284359	0.15159765625	-0.21315834375	3.11	0.09	0.01035	3.9E-4	0.197998023177
133	14	251	2.418573	0.18435953125	0.2012210625	0.1850390625	-0.19907409375	0.15248059375	-0.152269671875	0.161951546875	-0.3247186875	0.1566025625	-0.0282196601562	0.1989979375	-0.218365625	-0.056007171875	-0.097505046875	0.12368925	-0.28000825	0.14029346875	-0.1944875625	0.1422656875	0.0253774785156	-0.1316591875	0.25162684375	-0.110340039062	0.2946225	0.1665925625	0.1853004375	0.053779046875	0.0786938359375	-0.362309	0.0695914921875	-0.211439234375	-0.20187284375	-0.1313780625	0.065662359375	0.182900546875	0.220945515625	-0.2684015	0.0982659375	0.154964625	0.12473840625	0.242170421875	-0.0827986484375	-0.2241698125	0.37771540625	0.19693190625	-0.144542921875	0.133065890625	0.104659335937	-0.0910969921875	0.11205496875	-0.169634078125	0.16433496875	-0.259117359375	0.0963188828125	0.172870375	0.149761546875	-0.26985171875	-0.0470923320312	-0.098912890625	0.147217	0.151619625	-0.360768125	-0.315677	0.142252515625	0.188403484375	-0.0980544375	-0.0367796523437	0.125161320312	-0.0975055859375	-0.18285603125	0.22836934375	-0.00339200585937	-0.43887846875	0.28775884375	0.0685087109375	0.0438607421875	-0.15222334375	-0.1743118125	-0.33054909375	-0.13763146875	-0.151097140625	0.23580740625	0.2507940625	-0.0660317578125	0.183080734375	0.0611170585937	-0.129298054687	0.28867171875	-0.120378304687	-0.0856598671875	0.5130445625	0.16330678125	0.227414015625	-0.120356734375	-0.11542665625	-0.149551828125	0.103932570312	0.186506703125	0.24948375	-0.183970765625	0.139732296875	0.26452459375	-0.211461296875	-0.098043265625	0.18506971875	-0.1274403125	0.160125421875	-0.34085796875	0.13875640625	0.3032595	0.24391178125	0.20382771875	0.15947009375	-0.1603483125	0.140158875	-0.13028459375	0.18334853125	-0.23116678125	-0.18761671875	0.201004515625	-0.191768359375	0.2703129375	-0.17085346875	0.155716875	0.1354125	0.086950421875	0.180749484375	0.18920425	-0.18163825	0.15976609375	0.12841721875	0.2761959375	0.29765525	0.14889	0.117693289062	0.20571696875	-0.25759215625	0.10044046875	-0.140598609375	0.12879428125	-0.196049171875	-0.080430140625	0.0996042578125	-0.120476046875	-0.23753584375	-0.179306015625	-0.17056609375	-0.29638475	-0.25869778125	-0.118125523437	0.221709140625	-0.103457054687	0.07914428125	0.19552446875	0.0872671875	-0.15423834375	0.09760021875	-0.145653640625	-0.165577078125	0.0753216171875	0.32354653125	-0.176466625	-0.19391884375	-0.158653234375	0.198242875	-0.0654078476562	-0.0827947109375	0.16177103125	0.162275	0.252782671875	-0.148177171875	0.067233453125	0.1299024375	-0.10477621875	0.0896654921875	-0.16225725	-0.245608515625	-0.116740554687	0.156821578125	-0.113123671875	0.109123882812	-0.2459488125	-0.126464757812	0.223063515625	0.2899783125	-0.138156125	0.237905734375	0.113335453125	0.31685321875	0.171074765625	0.215884	-0.27276353125	-0.229214390625	-0.26356040625	-0.123499117187	-0.134566109375	0.1455765	0.0763701875	0.2249959375	-0.076230703125	0.205846703125	0.0525786367187	-0.1101649375	0.28634375	0.16159225	-0.125118273437	-0.145056734375	-0.14489190625	-0.155805265625	0.151925328125	0.050651078125	0.202576890625	0.14471253125	0.15791034375	-0.22954475	-0.15879109375	-0.20677378125	0.18891165625	-0.3358511875	0.188573015625	-0.29617665625	-0.234774171875	-0.1697634375	0.1240833125	-0.0613485898437	-0.1499083125	0.184863625	-0.31840125	0.17633621875	-0.136915734375	-0.2928804375	-0.102401515625	-0.3235179375	-0.0810689453125	0.25601271875	-0.24707453125	-0.137597	-0.105187570312	-0.205340390625	-0.0884019453125	0.24869175	0.1417211875	0.29040359375	0.160904859375	-0.20755178125	0.158911765625	0.188029140625	-0.1547425	-0.15358484375	-0.4031325625	2.42	0.2	0.15	0.05	0.189699777651
134	81	251	5.0773725	0.21170359375	-0.136581125	0.34389603125	0.139898390625	0.114927046875	0.0775904296875	-0.131336875	-0.0709499375	-0.1630829375	0.242567484375	-0.19733803125	0.205928875	-0.16319046875	-0.135225234375	-0.16461965625	-0.2027356875	0.14907415625	0.07181371875	0.0645052148437	0.055139546875	-0.115549007812	-0.14986778125	-0.158902625	0.122847507812	-0.217959875	-0.153514171875	0.117047226562	-0.32475828125	0.1939025625	0.064871546875	0.137000953125	-0.28115053125	-0.148172578125	-0.17486515625	0.191306453125	0.098190671875	-0.0643329921875	-0.2649708125	0.136099703125	-0.0191481601562	-0.142094875	-0.217243125	0.06617465625	-0.125577296875	-0.17118546875	0.10394665625	-0.0802184375	-0.2748816875	-0.215115546875	0.292237125	-0.227117953125	-0.202095359375	-0.178448625	0.326085	-0.09409140625	-0.117263695312	0.27728253125	0.14563365625	-0.109116109375	0.26840840625	-0.0978131328125	0.6845844375	-0.28869753125	-0.0893015859375	-0.1730573125	0.1283649375	-0.253070296875	0.102395515625	-0.27597675	0.1684169375	-0.073911203125	0.15563009375	-0.133540578125	-0.160046015625	0.180404421875	-0.222815515625	0.19908878125	0.093516578125	-0.39814378125	0.08118846875	0.111022546875	-0.124823257812	0.0564675859375	0.129714601562	-0.11427884375	-0.117466359375	0.207603140625	0.095088828125	0.109968054687	-0.1188368125	0.1986680625	0.05759065625	-0.0534427539062	0.0914629375	0.0400212890625	-0.124394984375	-0.0510247226562	0.101427109375	-0.12236925	0.142833359375	-0.0501027460937	-0.15444465625	0.17883984375	0.107777976562	0.30210425	0.0782717265625	-0.2072714375	0.072037265625	0.2035939375	0.08455075	-0.2354406875	0.208435078125	0.22698334375	0.0563219414062	-0.217007578125	-0.260692109375	0.22199571875	-0.3227263125	-0.227352	0.238604109375	0.225465671875	-0.181579921875	-0.120665539062	-0.0275255078125	0.285867375	0.133836515625	0.107414460937	-0.0722783984375	-0.1736543125	-0.18389953125	-0.123485867187	-0.047976265625	-0.18077540625	-0.139318953125	-0.205188609375	0.087234109375	0.087144515625	-0.2460785625	0.0264689140625	0.114725	0.0682006875	0.0632359414062	-0.109590625	0.242064421875	-0.140545984375	0.21225653125	-0.158587296875	-0.13793971875	0.18538221875	0.16330071875	-0.166033421875	-0.2470123125	-0.105626132812	0.20755753125	0.141981734375	-0.101641046875	-0.18243396875	-0.249756140625	0.1560630625	-0.0637751210937	0.26489103125	-0.186372015625	-0.17752921875	-0.180550703125	0.0640153710937	0.24579784375	0.084063890625	0.109779820312	-0.2069125	0.222677015625	-0.37262734375	0.116747398437	0.18873384375	0.243406734375	0.09565953125	0.0961184140625	-0.0260413046875	0.31407815625	0.148221609375	0.216961390625	-0.0301880390625	-0.110827375	-0.35400084375	0.08421396875	0.31611075	0.27565975	0.214154375	-0.148158296875	0.08778403125	-0.211922921875	-0.31282265625	-0.220876203125	-0.3887075	0.16940434375	-0.0634397109375	0.20988184375	0.17825525	0.153908	-0.159607484375	0.3502966875	-0.0478796328125	0.17570684375	-0.14408775	-0.078125359375	-0.130285523437	0.0866884609375	-0.129062085937	-0.25354584375	0.2361235625	0.30075128125	0.17093596875	-0.11422265625	0.217119328125	-0.152670109375	-0.061734953125	0.170814125	0.146980109375	0.135795734375	0.098223671875	0.37859721875	-0.163482078125	0.0501696914062	0.166925359375	-0.028177234375	0.34422171875	-0.221141875	-0.0774775625	-0.0916298359375	-0.09871303125	-0.0918337890625	0.241668859375	0.06519671875	0.18352821875	-0.322060375	0.0441704296875	-0.22854146875	-0.222216796875	0.24200121875	0.127491398437	0.123108390625	-0.187001859375	-0.0201607734375	-0.137553421875	-0.1047340625	0.101182195312	-0.0552464570312	0.161576390625	0.0839147265625	-0.168070484375	-0.22306759375	5.08	0.19	0.22	0.07	0.183391013873
135	76	251	3.33342925	2.1672875	2.070081375	1.989221875	1.867604625	1.91025475	1.862475125	2.11311875	2.078827375	2.141848	2.04224375	1.9618245	1.852488875	1.814577875	1.848852875	1.892146125	2.071224375	2.03	1.88336575	1.981706875	1.885015	1.820943625	2.099266	1.954521625	1.97025525	1.9917965	1.885254375	2.08924175	1.927840375	1.924420625	2.085688125	1.979825625	1.978774125	1.9131115	1.750221125	1.89149125	2.011787125	1.839571875	2.059465625	2.125968	1.92749875	1.962288375	1.990225125	1.991823375	1.859558375	1.978062875	1.969760375	1.906231	1.91414525	1.87860175	1.751876125	2.020485	1.837286	1.990821875	2.141292	2.068682	1.95647175	1.952132	1.73922325	2.014426	1.990351	2.0556235	1.8890715	2.27848975	1.900286	1.8860585	2.01979675	1.979382125	1.89173175	1.9158735	2.05288525	1.929255375	1.798679	1.963687875	1.758033625	2.00106075	1.91785975	2.077697125	1.896972875	2.423756	2.19115725	1.77066875	1.975317125	2.18080675	2.105668	2.002029875	2.04804375	1.834727125	1.901867625	1.915203875	2.105811	1.993912125	2.112723	2.069951	1.8305385	2.20628075	2.27712225	1.999912125	2.2051125	2.0312275	2.15765125	1.90008425	2.052255375	2.0108075	1.935316125	1.91228	2.131777	1.869089875	2.0482955	2.0220715	1.936972625	1.941989	1.95575475	2.074041875	1.92698175	1.909308375	1.944768	1.86444925	1.865062125	2.162818	1.9875115	2.11274875	2.014170375	1.98962625	1.919839	1.929434375	1.993156375	1.8305525	2.018874375	2.032261625	1.724734625	2.165598	1.67730325	1.83116925	1.991352875	2.076426375	1.836804875	1.99547125	2.06245675	1.937732625	1.806638125	2.030988375	1.9769965	1.9997595	1.821827625	2.07534775	2.02718075	2.029155	1.8624215	1.926657	1.926831375	2.03403375	2.10365175	1.657690125	1.815434	2.20599225	1.853756	2.006823375	1.838903125	1.978455875	1.90839275	2.134778	1.902334875	1.894159375	1.745369875	2.092630125	1.834692	2.09310925	2.00402825	1.893766125	1.994337625	1.750543625	1.812129625	1.907853	1.956271125	1.79711275	2.086955375	1.67974575	1.9701925	1.962668875	1.8740695	1.86295475	2.13144625	1.958704125	1.7734345	1.858653375	2.033280625	2.03843025	1.92252225	1.874520875	1.8342995	2.04992225	1.920437	1.990094375	1.6527305	1.786119625	2.050382875	1.901894125	1.903706375	1.8053445	1.887988	2.13818125	2.0670325	1.8666235	2.06634625	2.05372675	1.900602875	2.20083825	2.039648625	2.15067825	1.849474375	1.93620225	2.013251625	1.97109125	1.99093925	1.773553	1.94708	1.883186125	1.91080625	1.92491725	2.22149525	2.08037925	1.739607125	2.04151825	1.778022125	1.968811375	2.11423925	2.18986125	2.087858	1.907755375	1.939957625	2.000471875	1.828088	1.88518	1.938756875	1.920082875	1.9794555	1.995917125	1.816785875	2.01591025	2.31350325	1.82403575	1.954348125	1.996810125	1.943574125	1.9745105	1.702547375	1.762062125	1.925446125	1.89382625	1.866276875	2.005	0.018	3.0E-5	1.3E-5	0.148781054392
136	77	251	2.68798075	1.670771375	1.510142125	1.56639	1.387648	1.557046625	1.6724745	1.469119375	1.562517125	1.758037875	1.3806135	1.397890875	1.453292	1.600181375	1.57686375	1.50864225	1.510577	1.491357625	1.61664675	1.38655425	1.46522025	1.65161375	1.41831125	1.4489705	1.098378625	1.450760125	1.228142875	1.5061425	1.227298375	1.3951765	1.593193375	1.544784625	1.60331775	1.471301125	1.45229625	1.264226375	1.555196	1.350686875	1.3371495	1.446003	1.235953375	1.527555125	1.409911	1.517097	1.369341125	1.4626535	1.442541875	1.364021	1.23745	1.38597275	1.232497625	1.4414135	1.550061375	1.548885875	1.2732395	1.488821125	1.398273	1.32791925	1.561904875	1.185176125	1.573369	1.366999375	1.22248575	1.544022375	1.437100125	1.288826875	1.5518575	1.323778	1.361876875	1.482031375	1.47330525	1.413033375	1.36861125	1.443999875	1.38888625	1.293459	1.456641875	1.40857275	1.411901125	1.490573	1.52517675	1.677063875	1.19319125	1.38269875	1.430219375	1.246695875	1.18109	1.590865	1.225891625	1.2449	1.21845475	1.329767375	1.396708875	1.1414545	1.318365875	1.35292425	1.28778925	1.482522625	1.21192425	1.324677375	1.3421985	1.56146425	1.290246625	1.618060625	1.4570195	1.32714375	1.231662625	1.33881	1.350062875	1.3011815	1.292148	1.3980155	1.28794675	1.234467625	1.223831875	1.189731875	1.27070125	1.41332775	1.279172875	1.6032955	1.13967975	1.114238	1.501915375	1.240760875	1.270504625	1.43095575	1.1453465	1.158116375	1.492332875	1.546962	1.278555	1.280772875	1.43377775	1.22500025	1.22955375	1.100214375	1.542827375	0.990873625	1.486659625	1.0956955	1.111915375	1.378248	1.12957675	1.3505925	1.344756875	1.212034875	1.2063665	1.28422975	1.26263475	1.420249375	1.458994	1.2012655	1.21950075	1.2569615	1.495774625	1.139095375	1.24110525	1.374620125	1.0855605	1.25584525	1.18289675	1.299260875	1.146636125	1.100127875	1.298378625	1.19935625	1.208786	1.282639125	1.240755125	1.251984875	1.283917125	1.256982375	1.25998375	1.45012325	1.29825525	1.133717125	1.309594625	1.0194103125	1.37909975	1.211706375	1.268143125	1.170813375	1.267522125	1.3131595	1.0054855	1.17483475	1.169613875	1.184338875	1.38736325	1.4025765	1.166436125	1.1367425	1.0008668125	1.11309325	1.127509375	1.36674675	1.166238	1.222654875	1.304759875	1.1384935	1.187567375	1.102811375	1.151194125	1.246055625	1.128031875	1.254806875	1.13287525	0.974849	1.3035715	1.33799525	1.165943125	1.315058375	1.353666375	1.391026375	1.163969375	1.12363425	1.19090575	1.1287005	1.073065375	1.167504625	1.26104975	1.311708375	1.352086125	1.216559375	1.381652375	1.151709625	1.09031475	1.195691125	1.165527625	1.289781375	1.195028375	1.087549375	1.264314625	1.005261125	0.9780915	1.161611625	1.257401625	1.14228375	1.09954725	1.361047	1.170903875	1.004720625	1.181081875	1.225453625	0.984766625	1.0968195	1.1480275	1.131077125	1.348191875	1.110765625	1.204064375	1.527	0.02	2.38E-4	2.0E-5	0.140696877261
137	118	251	3.22271175	0.16503075	0.3262580625	0.28309425	0.39006715625	0.29451478125	0.130236546875	0.385002125	0.31698553125	0.3359426875	0.2451681875	0.29327984375	-0.197920890625	0.35060559375	0.227283765625	0.2641026875	-0.0604734414062	0.17510078125	-0.130897664062	0.406677125	-0.129023351562	0.2628925	-0.072550609375	0.364737625	0.35529334375	0.260230125	0.307598375	0.14348434375	0.2473085	0.2436016875	0.39943525	0.162116875	0.38254140625	0.35483709375	0.5148216875	0.577539375	0.411218875	0.16493425	0.227106109375	0.44085925	0.28094215625	0.2668315625	0.1682069375	0.19966340625	0.329339625	0.245159484375	-0.09826615625	0.29384303125	-0.247703875	-0.18775265625	0.37516040625	0.48736334375	0.340942125	0.4983955625	0.39418828125	0.20353178125	-0.215141328125	-0.047077609375	0.202361203125	0.37359725	0.171074546875	0.3922891875	0.2860575	0.239039015625	0.3629921875	0.256029921875	0.36096890625	0.21664875	0.4312245	0.2688290625	0.37705009375	0.33978884375	0.42134403125	0.3780274375	0.161585046875	0.259560421875	0.4444843125	0.201203984375	0.34983684375	0.2872985	0.35951440625	0.39665434375	0.4861244375	0.25180328125	0.199498578125	0.42036071875	0.29406796875	0.21489059375	0.34327471875	0.31971084375	-0.104631359375	0.2356571875	0.17102378125	0.29881446875	0.3130531875	0.29729140625	0.39500315625	0.22312828125	0.176273546875	0.2394926875	0.42189378125	0.270584875	-0.203359046875	0.3848305	-0.120235242187	0.30001640625	0.17752240625	0.27672321875	0.2718545	0.192521375	0.26301296875	0.35353928125	0.29456184375	0.43937696875	0.258443625	0.194746421875	0.34212825	0.3560821875	0.120323859375	0.17039128125	0.171395625	0.219397140625	0.148780734375	0.3551750625	-0.14344928125	0.26548234375	-0.069383578125	0.246945875	0.12367284375	0.261736953125	0.5196661875	0.22786025	0.153010609375	0.253020953125	0.468477	0.28861896875	0.310436875	0.34505284375	0.14994190625	0.47049103125	0.242239796875	-0.130188117187	-0.133215453125	-0.0920590625	0.3281129375	0.31182340625	0.235271796875	0.27421275	0.32764171875	0.448722	0.2813854375	0.196979671875	-0.0221961367187	0.185955625	0.3853215625	0.308211875	0.41277171875	0.15136325	0.31931846875	0.186560921875	0.259176234375	0.0609997226562	-0.0413067265625	0.47854	0.1720758125	0.17392146875	0.27420540625	0.149105765625	0.163602140625	0.2384066875	0.28050203125	-0.207933875	0.246023125	-0.0512145429687	0.2568886875	0.366557625	0.204857578125	0.1888500625	0.3376095625	-0.161706234375	0.32627796875	0.20954565625	0.177513953125	0.28996484375	0.15367675	0.173345515625	0.269310625	0.366269	0.23064159375	-0.1381655625	0.2800993125	0.19029003125	-0.162005234375	0.209088046875	0.33337159375	0.29316215625	0.26274796875	0.14807271875	0.199867234375	-0.171913921875	0.1472739375	0.201891203125	0.142058375	-0.1654375	0.159578625	0.300091875	-0.21057540625	0.22756990625	-0.13880396875	0.104557109375	0.27855340625	0.18291221875	0.2943563125	0.5256411875	0.3824204375	0.181448046875	0.19102790625	0.23144165625	0.3200255625	-0.120800953125	0.39540353125	-0.2528520625	-0.06715009375	0.1033549375	-0.109107203125	0.216461546875	0.403972	-0.130192632812	0.4266324375	0.29213496875	0.32772765625	0.199024015625	0.163282140625	0.31380121875	-0.0713234453125	0.4778083125	0.30021284375	0.147668078125	0.2627348125	-0.07816478125	0.35144846875	0.117388460937	0.271943375	0.168539078125	0.30929965625	0.2737208125	0.264581375	-0.120728101562	0.2756481875	0.43993690625	0.23463425	0.335	0.039	6.1E-4	2.1E-4	0.251389441853
138	150	251	3.506678	2.372379	2.260993	2.26913125	2.312499	2.30876375	2.15180725	2.22726825	2.4222125	2.33001875	2.20189975	2.3667405	2.3746825	2.42460175	2.323041	2.203698	2.366554	2.23077025	2.22952875	2.17700225	2.25206375	2.2474195	2.278102	2.0361715	2.185702	2.022443375	2.35089225	2.40739625	2.170773	2.0031255	2.013683375	1.968122125	1.95447525	2.29193975	1.829101125	2.21823725	1.940615125	2.1871215	2.047601125	2.03160125	1.9045035	2.13163225	2.002102125	2.02897975	2.1389	1.992475625	2.125712	2.061331875	2.01708825	1.900235375	1.793423	2.0867235	2.1038905	1.885383375	1.773391625	1.750019875	1.999843875	1.829666375	2.07784375	1.949693	1.929763875	1.7366235	1.7606855	1.740208625	2.076957125	1.910079125	1.938093625	1.857090875	1.71990475	2.10074375	1.689591625	2.11722575	1.863722	1.828283375	1.97505275	1.929453125	1.845768875	1.71711275	1.954030625	2.13465375	1.790794625	1.71999925	1.827283125	2.0126105	1.84108	1.667353625	1.9172535	1.786330125	1.63787625	1.903137375	1.754527125	1.54573325	1.80587225	1.8566515	1.692597	1.7211785	1.778229	1.597514625	1.70259425	1.654291125	1.620926625	2.0568075	1.754738125	1.655954375	1.8148075	1.581669625	1.77335125	1.790006	1.599829625	1.53438825	1.807548875	1.6153575	1.6260195	1.643563	1.687883125	1.581014	1.499338125	1.54918825	1.6377525	1.66705425	1.4587515	1.54466925	1.568388	1.34752475	1.506259375	1.444379625	1.558096625	1.45565325	1.466072125	1.553742875	1.481116625	1.49050475	1.5102525	1.442948375	1.707829375	1.275785625	1.5519545	1.580531375	1.536366875	1.6130735	1.529462375	1.57597025	1.5159785	1.579225	1.5923725	1.49989325	1.350908625	1.538844875	1.476071625	1.491981875	1.485134375	1.3586875	1.475075375	1.400792625	1.3534845	1.510015875	1.836046125	1.475103375	1.354640125	1.34139625	1.380814625	1.441261375	1.6511895	1.383520625	1.502604625	1.262286125	1.438687875	1.421488375	1.48334425	1.27883375	1.4423845	1.315693625	1.36335425	1.394357625	1.30580725	1.3225315	1.612435625	1.502132375	1.439533	1.072025375	1.62454675	1.5800675	1.691704875	1.355685875	1.572204875	1.357166375	1.254036625	1.351931125	1.3898635	1.412736375	1.38047975	1.39640675	1.539776625	1.282787125	1.338599125	1.268831625	1.328229375	1.558690125	1.19492475	1.271091	1.26062875	1.138716	1.262881375	1.204879	1.209572	1.37419725	1.21668525	1.365566875	1.156281375	1.281655	1.425573875	1.17783125	1.071524875	1.3271465	1.368817	0.938254	1.452370875	1.14511475	1.24200375	1.254762625	1.43768025	1.6459535	1.126798	1.213981125	1.42320125	1.383929875	1.114558625	1.29879	1.3320365	1.287301	1.21744	1.113457125	1.0700735	1.315899125	1.298888625	1.280346875	1.280476375	1.32569225	1.24744725	1.019592375	1.220678	1.30315625	1.278135125	1.285947375	1.16969	1.53701525	1.09680575	1.35781725	1.174204125	1.252526125	1.302892	2.331	0.023	5.72E-4	1.6E-5	0.148565176446
139	155	251	2.39895975	1.841280875	1.51356825	1.706412	1.565726125	1.50264175	1.432346125	1.47982925	1.6200615	1.41741575	1.313786375	1.327683375	1.441944	1.517984375	1.208489375	1.39052825	1.182945125	1.418445125	1.453007	1.354705	1.383596375	1.3302015	1.1946355	1.289392375	1.387603875	1.222036625	1.313681	1.5345215	1.188327625	1.321426875	1.1896235	1.105815	1.36073325	1.2614395	1.316940125	1.31561225	1.10391575	1.14336975	1.198491125	1.282877	1.398349375	0.982729	0.9972478125	1.2463345	1.268269125	1.218610125	1.25344825	1.26872725	0.9548448125	1.192275125	1.0924705	1.208560875	0.9275950625	1.090810125	1.06047125	1.17408075	0.9868875	1.07434325	0.89444025	0.888536875	1.245226625	0.915586625	0.90814125	1.0430051875	1.0240421875	1.080770625	1.104246375	1.11078225	1.090397375	0.8994425	0.9403905	0.9654754375	0.8634556875	1.05340875	0.8431995	0.9476094375	1.04737375	0.9748473125	0.962548625	0.9644951875	0.9687461875	0.78684925	0.7885333125	1.07918425	0.8391836875	0.904212125	0.840786875	0.7500365	0.68506175	0.5343423125	0.931623125	0.81971	0.751788125	0.842474	0.815474625	0.8784544375	0.5415154375	0.7630058125	0.92840825	0.741749375	0.652588375	0.7701395625	0.7581905	0.8447424375	0.785066	0.651504625	0.6409795625	0.6540841875	0.769793625	0.41407596875	0.69898425	0.8204083125	1.1527835	0.9936466875	0.6549673125	0.6253855	0.6615555625	0.6936525625	0.7348854375	0.848328625	0.27104753125	0.51402546875	0.708634875	0.666954125	0.52205025	0.795331125	0.5653161875	0.8329284375	0.5710044375	0.6008249375	0.7086205625	0.621304	0.62320625	0.45842525	0.6984638125	0.5010466875	0.527146375	0.6142530625	0.6317069375	0.67765025	0.5322403125	0.650254375	0.51944103125	0.5520315625	0.5741449375	0.6627643125	0.7108941875	0.705224625	0.60259675	0.7217356875	0.5654818125	0.36347384375	0.5327521875	0.5246613125	0.4875371875	0.44543765625	0.65677975	0.6998471875	0.5699016875	0.686647625	0.343207625	0.32754328125	0.5162364375	0.8073014375	0.414799375	0.5763004375	0.533737875	0.5632476875	0.3710163125	0.350074625	0.42276746875	0.42565825	0.39511	0.3219250625	0.4781885	0.5550865	0.39416259375	0.4369065625	0.45528115625	0.374421125	0.4544104375	0.39789971875	0.3420741875	0.2631808125	0.47497221875	0.5358600625	0.348580375	0.37823840625	0.5617160625	0.41885703125	0.648295625	0.31201109375	0.5439913125	0.7202934375	0.5925034375	0.28325275	0.6655218125	0.36196603125	0.3773155625	0.4716925625	0.39311821875	0.3269010625	0.5911673125	0.46859753125	0.44196196875	0.546126875	0.44869	0.3316313125	0.580138375	0.625606	0.48418090625	0.4427709375	0.40328625	0.116751453125	0.37923021875	0.52287621875	0.414697375	0.247822890625	0.44610634375	0.5618514375	0.33818109375	0.288483375	0.52171609375	0.45884903125	0.243869859375	0.3284081875	0.224862296875	0.37302484375	0.4102469375	0.27541125	0.216874796875	0.45751178125	0.431116125	0.21893303125	0.55555775	0.545704625	0.227803890625	0.3373321875	0.29785659375	0.34691121875	0.43623290625	0.42802959375	0.28784309375	0.42907778125	0.238942171875	0.33691575	0.31364475	0.2557986875	-0.111606109375	0.33039503125	0.2632655	1.596	0.026	0.001371	3.7E-5	0.133262081187
140	95	251	2.259639	0.9198440625	1.172605875	1.388805	1.202492375	1.040881125	1.065871875	1.451907	1.06637175	1.13066925	1.065296875	1.09336475	1.096891	1.257479125	1.0273658125	1.0591115	0.9845680625	1.282459125	0.9635395	1.147493	0.97397275	1.15814125	1.211617125	1.0367264375	0.9778636875	1.156624	1.131305375	1.116824875	1.15540375	1.126593625	0.96537025	1.11406275	1.174179125	0.970994125	1.0468464375	1.04394475	1.193601625	1.048452	1.0166298125	1.229695625	0.9843759375	1.11600875	1.1440185	1.094378875	1.182053	1.027900875	1.099985125	0.950275375	1.1361755	1.33942275	1.085690875	0.980363625	0.6940794375	0.9070759375	0.8342211875	1.196246875	0.84126025	0.7635586875	0.9396234375	0.948385875	0.8264751875	0.982447625	1.14406725	0.955292	0.813098625	0.966672875	0.9743760625	0.8538900625	1.179846	0.6190501875	1.0667475	0.9769735	0.834098	1.17850625	1.105332875	0.884078375	0.980972	0.9704120625	0.758529	0.861807625	0.87396775	0.936010875	0.839314125	0.8365978125	0.8401699375	0.9096611875	1.0534505	1.083958875	0.803061625	1.0469724375	0.977353625	1.080179125	0.9044044375	0.944297875	1.023983375	1.021572875	0.7595188125	0.9225139375	0.8624913125	0.8553948125	1.05838825	0.870029	1.0254956875	1.102100625	0.88581725	0.963878375	1.065058625	0.8647663125	0.973134	0.942203375	0.9222938125	1.006839625	0.869431	0.880737875	0.9617474375	0.953485375	0.8735106875	0.941288625	0.905182375	0.78927025	1.020698	0.9255746875	0.7977208125	0.96317125	1.149175625	0.5639765625	1.002456125	0.8686249375	0.785034	0.87509175	0.667890625	0.902620875	0.651875375	0.9695985625	0.9365928125	0.720601375	0.909146625	0.9199155625	0.779471875	0.944353625	0.7404516875	1.024896	0.73564825	0.9811801875	0.9773118125	0.981611375	0.9270145	0.6317170625	0.8586171875	0.9262083125	0.5744738125	0.986849375	0.8067170625	0.9342595	0.881858625	0.786320125	0.9499036875	1.07312325	0.9625126875	0.930851625	0.820903875	0.854092625	0.75636575	0.7696195625	1.0003190625	0.8269699375	0.649854	0.6016794375	0.8556806875	1.0453224375	0.903561	0.9378819375	0.652526875	0.9925286875	0.734684125	0.905792	0.8407494375	0.950571375	0.9071436875	0.9414120625	0.9941570625	0.7761670625	0.8766490625	0.8470125625	0.7112568125	0.8899116875	0.7845576875	0.6171991875	0.672492	0.584406125	0.87603925	0.9281408125	0.869419	0.9235354375	0.7445855625	0.929123875	0.8092395	0.602028	0.6086129375	0.7996033125	0.809911125	0.8789561875	0.7553908125	0.8757903125	0.8880179375	0.9077765625	0.79400025	0.997055875	0.5686580625	0.9633115	0.788796125	0.8854015625	0.8912543125	0.9517319375	0.7802155	0.74502225	0.7719364375	0.808998125	0.6281581875	0.8031030625	0.8032150625	0.8628323125	0.685209	0.8749733125	0.920715375	0.7293301875	0.695014375	0.87552175	0.671874375	0.68746025	0.8868041875	0.6770926875	0.887794625	0.941183	0.7579510625	0.5847231875	0.6964599375	0.811172375	0.752413875	0.801801	0.8471423125	0.8172705	0.627416	0.733748375	0.7453403125	0.8218355625	0.927136125	0.82435425	0.9021084375	0.47819225	0.81986625	1.138	0.021	3.49E-4	2.5E-5	0.140562319745
141	147	251	4.730093	2.787398	2.7563705	3.03401725	2.8297815	2.60624525	2.87028525	2.7926105	2.66009475	2.8783005	2.91808625	2.79011025	2.86502075	2.94534975	2.36522725	2.9015855	2.55450925	2.681634	2.61452575	2.6749455	2.6706355	2.79385675	2.780405	2.88623375	2.6655845	2.7326635	2.57770425	2.961842	2.6784045	2.7993805	2.73874625	2.6439415	2.75135125	2.90307075	2.67783175	2.42819575	2.65487325	2.679686	2.558995	2.545955	2.588912	2.9379535	2.572302	2.7489165	2.8081205	2.655426	2.58086575	2.70872575	2.743324	2.5139255	2.487237	2.66712475	2.66933175	2.8438135	2.781351	2.72268025	2.79972425	2.52325275	2.80974975	2.8906355	2.84107175	2.5858595	2.7777535	2.7522345	2.79707	2.604462	2.790633	2.868614	2.500601	2.52863925	2.702974	2.599337	2.738932	3.0059455	2.6045085	2.677575	2.80157275	2.6656465	2.81149125	2.81587575	2.58298025	2.75537575	2.7146235	2.8395115	2.84422625	2.7625455	2.74370675	2.579491	2.6933695	2.731302	2.6114915	2.86727175	2.86591575	2.7471185	2.53851975	2.906585	2.7409685	2.95999475	3.037795	2.687026	2.673319	2.69737	2.738579	2.69569125	2.991292	2.850236	2.89012775	2.8115015	2.872355	2.79279725	2.76496375	2.86088525	3.03592175	2.75083825	2.89563075	3.05303025	2.535342	2.98721775	2.75685375	2.80377075	2.9875215	2.723393	2.82711825	2.67592025	2.80499375	2.6365255	2.978122	2.672298	2.85310625	2.70045925	2.69326725	2.78726975	2.63751375	2.92531775	2.86346975	2.77192375	2.74163725	2.5916145	2.9604475	2.9813615	2.88277475	2.93860425	2.726932	2.89768025	2.8019555	2.768765	2.88961525	3.00998425	2.85948625	2.73332475	2.50976025	2.74607675	2.60456025	2.8954605	3.0448595	2.65383425	2.9466015	2.9232215	2.7565205	2.7184395	2.82917675	2.68976375	2.7919505	2.5447245	2.71460425	2.72049375	2.6068415	2.77149	2.711014	2.9906135	2.841514	2.6522785	3.015938	2.677413	2.80638275	2.71621275	2.62729925	3.04754625	2.77063175	2.74012425	2.77492025	3.01407725	2.53573275	2.83344575	2.93742925	2.78180675	2.67920875	2.934854	2.87364425	2.81654975	2.73141125	2.94175825	2.71982075	2.8151655	2.76079275	2.8532935	2.82063025	2.70705625	2.84149925	2.77033325	3.1322025	2.92432225	2.88061875	3.0752105	2.74357075	2.7216875	2.9430725	2.72512425	2.9651065	2.6825445	2.95115025	2.941218	2.835418	2.7231905	2.921373	2.77225525	2.817598	2.7920625	2.6449085	2.963944	2.66448575	2.8668675	2.8787025	3.03818025	2.70899925	2.73114125	3.02781	3.054453	2.89361675	2.7789485	2.8703125	3.01131725	2.6705815	2.89860325	2.7714415	2.61639425	2.9503655	2.69794125	2.88412425	2.8896995	3.04126425	2.75152625	2.801563	2.82156075	2.654191	2.81928675	3.01761075	2.7762565	2.7071255	2.69527375	2.60650775	2.748	0.022	-2.3E-5	1.1E-5	0.182796410621
142	100	251	4.4005675	0.2630418125	0.2047661875	-0.051685140625	0.2145059375	0.194103109375	0.26850721875	-0.0676973203125	-0.0560108242187	0.203787171875	0.206997078125	0.204301234375	0.2228823125	-0.160488640625	0.385832625	0.362887625	0.23974146875	0.28809921875	-0.13464840625	-0.12627284375	0.251596828125	0.24704575	0.34086453125	0.29719925	0.37266990625	-0.0442641328125	0.38870865625	0.33539865625	-0.0965588359375	0.3186578125	0.233192390625	0.2541160625	0.427048125	0.243125296875	0.230819	0.351656125	0.35378109375	0.33970059375	0.295926375	0.224643609375	-0.0752180078125	0.417343	0.36188090625	0.34868578125	0.32480090625	0.19380253125	0.32037709375	0.33236909375	0.3026315	0.27904946875	0.26242834375	0.15430334375	0.24387721875	0.29697103125	0.28058396875	0.454109375	0.42445903125	-0.1180519375	0.25219915625	0.31699078125	0.39671840625	0.33668553125	0.152051265625	0.243323734375	0.244248109375	0.38717915625	0.10805503125	-0.03548340625	0.27869415625	-0.0925337421875	0.325803875	-0.0852232109375	0.2578655	-0.245565046875	0.186470265625	-0.1592450625	0.310828	0.373778375	-0.122533429687	0.3462175	-0.130251804687	0.4137070625	0.421097875	0.141599125	-0.0998149296875	-0.174527875	0.25458815625	0.232271875	0.2794279375	0.404591625	0.23602346875	0.42522821875	-0.24982140625	0.41415978125	0.27687471875	0.29060884375	0.33058896875	0.3160924375	0.31251075	0.215238796875	0.4968003125	0.56581975	0.4190238125	0.220752125	-0.0754489609375	-0.116366773437	0.44711671875	0.368179875	-0.28719765625	0.6385491875	-0.178311625	0.266641125	0.355508625	0.255007953125	0.2835491875	0.23750740625	0.4333413125	0.39554709375	0.3061149375	0.233151375	-0.142412578125	0.3310486875	-0.0324102753906	-0.0509541992187	0.3290209375	0.3076760625	0.2631355	0.4225341875	0.184843984375	0.27337221875	0.34458796875	0.260166765625	0.3762845	-0.025086921875	-0.152626640625	-0.178874296875	-0.05471334375	-0.15534065625	0.376150625	0.15348415625	0.215213078125	-0.0525604609375	-0.166918046875	0.31568690625	0.225606421875	0.213025828125	-0.150877765625	-0.100257046875	0.5353345625	0.258892546875	0.30700634375	0.33401921875	0.240544546875	0.3544800625	-0.219337	0.202953484375	-0.143938203125	0.45553925	0.36115725	0.5100038125	0.222483296875	-0.205456453125	0.109553015625	-0.15758371875	0.3073633125	-0.00756175	-0.14497659375	0.1744593125	0.16451225	0.35957128125	-0.0880411328125	0.42692790625	-0.258200046875	0.3520668125	0.172655078125	0.37311065625	0.4281269375	0.28736703125	0.37141675	0.25364734375	0.5179798125	0.240815953125	0.2170125625	0.247707953125	-0.121598140625	0.218976140625	-0.128532898437	-0.173298734375	0.26677346875	-0.0205399707031	-0.176884546875	0.2867174375	0.2059895625	0.2985126875	-0.159565265625	0.11507103125	-0.186098359375	0.2507513125	0.28294175	-0.0772099609375	-0.0831999765625	0.36872425	0.328577	0.38874721875	-0.0852420859375	0.26228415625	0.2871326875	-0.130188523437	0.126336570312	0.161239375	-0.125246578125	-0.16095209375	0.3174395	0.28892540625	0.14021275	-0.180176765625	0.32426084375	0.1360256875	0.124426859375	0.2980060625	0.38979365625	0.456721	0.187931984375	0.40758984375	0.222982515625	0.219965328125	0.169226921875	-0.200294078125	0.101314820312	0.208110171875	0.256345421875	0.2663763125	0.2721794375	-0.080191828125	-0.05926990625	0.38631265625	-0.0591624648437	-0.0568704453125	0.2485025	0.52989525	0.31226234375	0.223858609375	0.227622	0.2477515625	0.2750495	0.339527125	0.14864075	-0.0269773359375	0.2397044375	0.16036178125	0.35399346875	0.32	0.05	7.9E-4	3.1E-4	0.328951879173
143	38	251	4.706775	1.1569665	1.325953	1.4450025	1.395817125	1.286873875	1.326701125	1.3695365	1.460258625	1.396508125	1.231126	1.49336975	1.52152175	1.690076375	1.70637725	1.82729225	1.30795075	1.34377325	1.25561275	1.693452125	1.642252625	1.62883225	1.473553875	1.550718	1.552327875	1.588247	1.58714675	1.5991635	1.71207925	2.062489375	1.52077025	1.415698625	1.420613	1.64025175	1.73664975	1.811727375	1.815767625	1.746512	1.625103125	1.605770125	1.705262125	1.540848625	1.517667375	1.540851625	1.6579455	1.902630875	1.5131685	1.553561375	1.311813	1.716144125	1.523700125	1.66340825	1.681263125	1.841564125	1.52186375	1.866084	1.616391125	1.592265625	1.667294375	1.6186015	1.7058385	1.606839875	1.654072375	1.625821625	1.9159845	1.64991375	1.511546625	1.563461375	1.599782	1.70401625	1.6265535	1.576223375	1.75003725	1.65269225	1.69297425	1.73735775	2.012065125	1.46349975	1.645164125	1.744021	1.568773	1.698356	1.787756	1.60961425	1.7657075	1.553745875	1.4377705	1.641293625	1.5566555	1.757298625	1.689663125	1.552694625	1.3770985	1.830048625	1.536424625	1.5059875	1.582842375	1.641395125	1.477437125	1.65022875	1.748867375	1.545193	1.750003875	1.682255625	1.556348625	1.7769605	1.46692825	1.568113375	1.78734975	1.533398	1.619927375	1.64323075	1.84293975	1.595878125	1.373741875	1.73622375	1.623145375	1.4268175	1.56383725	1.641628875	1.58641425	1.771969	1.51995375	1.88965875	1.806159625	1.65972425	1.8721795	1.5600615	1.76766925	1.568132625	1.59492075	1.7599615	1.58184175	1.448890875	1.460413625	1.527019125	1.5658745	1.714217	1.6007215	1.797302625	1.753245	1.66532975	1.474419875	1.61130725	1.73178725	1.616465375	1.61973475	1.539649625	1.779238375	1.60463275	1.539218625	1.564082625	1.429406625	1.77160025	1.749521375	1.648602875	1.720022375	1.36175025	1.646391625	1.89297925	1.735469	1.744883125	1.704004125	1.56712475	1.558565375	1.66066025	1.847673375	1.693883875	1.54024	1.676247625	1.698494375	1.508043375	1.794781875	1.577872125	1.680987375	1.714852	1.4233005	1.449813625	1.61927525	1.764606625	1.759514375	1.51107625	1.563887375	1.6983575	1.45593775	1.59831025	1.551846125	1.7339365	1.76487675	1.762901875	1.648979875	1.597507125	1.63676175	1.621447375	1.63288075	1.568175625	1.568459	1.6624075	1.5408205	1.570345	1.441269375	1.581876625	1.604352375	1.535565875	1.780506125	1.465918625	1.68312775	1.586275875	1.6245265	1.656461625	1.751319	1.601131125	1.638584875	1.67277775	1.732981	1.366577875	1.445704875	1.6837045	1.737895875	1.80186775	1.65840475	1.63684175	1.586343125	1.60016775	1.646716625	1.789886625	1.68843275	1.51546625	1.69310425	1.760008	1.54730275	1.469960375	1.73973925	1.349004625	1.426698125	1.758130125	1.347818125	1.69994475	1.5660215	1.620469625	1.51087975	1.590132375	1.53183475	1.60909625	1.581679625	1.601143875	1.8287535	1.399859	1.5726615	1.529761125	1.84598625	1.637	0.028	9.0E-6	2.4E-5	0.239297376655
144	94	251	4.6967055	1.175319375	1.238988125	1.381268375	1.30194925	1.20020825	1.259988125	1.3277785	1.38050075	1.367541	1.194008625	1.522097625	1.4722225	1.6334945	1.69055875	1.68524525	1.26131175	1.333955875	1.260029125	1.659961125	1.661167625	1.54508625	1.53310875	1.49744925	1.550275625	1.614219375	1.525200625	1.492857625	1.642020875	1.986288	1.36333675	1.42730025	1.360670375	1.648844875	1.8251655	1.765189375	1.737023125	1.604657625	1.6563515	1.52690075	1.746230125	1.5028625	1.590946875	1.52967875	1.66102475	1.795321375	1.493614125	1.561699125	1.270357125	1.771613375	1.523700125	1.76277875	1.57905975	1.871137	1.486652	1.7774435	1.529697125	1.591900125	1.715017	1.60696	1.706541125	1.648822375	1.68478425	1.681229875	1.84425	1.592205125	1.56163325	1.571666625	1.598074875	1.740604875	1.651694375	1.658352	1.699634375	1.687751	1.670277875	1.660115375	2.012065125	1.5195835	1.698700875	1.66298775	1.5896895	1.682143875	1.831682625	1.6683795	1.721311875	1.5060565	1.46972925	1.597833125	1.50931575	1.79859825	1.741792	1.526881625	1.39528125	1.89023975	1.55928675	1.480346875	1.530654625	1.606570875	1.510301375	1.66029025	1.7763435	1.529976375	1.73167625	1.69745225	1.544771625	1.740360875	1.426466375	1.489733875	1.771762125	1.55837975	1.666526	1.654506125	1.876010875	1.638220375	1.387439625	1.68435675	1.565604125	1.450826125	1.6343225	1.585486	1.58641425	1.6740125	1.58490375	1.905069125	1.678600625	1.7265165	1.89611925	1.520804375	1.7540255	1.511443	1.64839175	1.781597625	1.57074975	1.45450125	1.417282	1.53673825	1.61514275	1.628686	1.607265875	1.78341175	1.73952425	1.618363875	1.435283375	1.61130725	1.695151625	1.69934625	1.625772375	1.553654	1.816721625	1.486733375	1.615706875	1.568476875	1.52381525	1.735488875	1.71528925	1.614365375	1.660781125	1.31876225	1.70220375	1.88646625	1.664366375	1.709299375	1.66367425	1.626691125	1.4818025	1.677425375	1.8274545	1.74827175	1.547064375	1.665438625	1.696280375	1.49072325	1.6696985	1.577872125	1.744999625	1.739597875	1.4863975	1.359763	1.567045	1.807587875	1.7088475	1.542689625	1.594891875	1.7471485	1.503850875	1.632618375	1.514307125	1.78936125	1.7325345	1.768641875	1.54944225	1.5954045	1.685927375	1.587498	1.61920925	1.521645625	1.562446375	1.662714	1.538746	1.601217125	1.465983	1.53936325	1.57730575	1.56703525	1.760097875	1.462491875	1.69824825	1.609771125	1.601355375	1.53827975	1.59052225	1.651681	1.637015375	1.65506025	1.8143575	1.346938125	1.377688125	1.6691235	1.80145125	1.766757125	1.685448	1.6926405	1.6179175	1.431308	1.722923	1.792164375	1.7298545	1.4586205	1.66178825	1.661054375	1.557980375	1.475026	1.667675	1.338874875	1.43907575	1.771464875	1.388543125	1.699058375	1.543599375	1.584771375	1.42805525	1.669963375	1.51862625	1.647861	1.50515925	1.55582975	1.90616175	1.378306625	1.5218065	1.544759125	1.752257875	1.616	0.03	-1.0E-6	2.5E-5	0.243130622681
145	108	251	2.3494855	1.745814	1.777703625	1.618406625	1.91376975	1.8165245	1.645675375	1.50800375	1.65505025	1.5758215	1.7724905	1.764148625	1.66383375	1.581069125	1.56855525	1.659916375	1.6544435	1.721726	1.719663875	1.996134625	1.72889475	1.631385875	1.66062775	1.743201625	1.717865625	1.68302025	1.757362125	1.739778375	1.620552125	1.811720875	1.494671875	1.63085825	1.699439	1.822765	1.77364025	1.67962775	1.746396875	1.579619	1.810083625	1.656393375	1.871703125	1.657515875	1.8121575	1.641727375	1.643429375	1.500204	1.59817625	1.710876	1.5363685	1.4891555	1.58706225	1.483437	1.89911475	1.58182175	1.551508875	1.731716125	1.793796625	1.538903125	1.46394425	1.786973125	1.710571125	1.712672125	1.7346375	1.707211125	1.59837975	1.759506125	1.390318	1.724624125	1.44234425	1.597737125	1.67957875	1.671477625	1.484244375	1.54355575	1.688278375	1.749396	1.5752445	1.689179375	1.658906375	1.76787575	1.517474625	1.63964875	1.775027125	1.59356425	1.68713625	1.58274575	1.89581875	1.56803825	1.79600775	1.72100175	1.913452875	1.638677125	1.550057125	1.73000225	1.78944	1.66277025	1.672529625	1.56886775	1.7603925	1.6129415	1.75486475	1.67485025	1.86225425	1.67617975	1.914643375	1.7146435	1.77702175	1.511570875	1.567813375	1.757884625	1.548666875	1.63722225	1.823083625	1.808048375	1.588439875	1.712169625	1.751910375	1.678524625	1.495492375	1.59640625	1.671475125	1.773756875	1.74213325	1.658182125	1.7603265	1.780403625	1.45941675	1.359933875	1.615345	1.492308	1.530115875	1.65502925	1.4436345	1.551196875	1.636907875	1.66768525	1.578968625	1.669957375	1.691552625	1.643857625	1.530370625	1.79198575	1.625425625	1.5813635	1.785394875	1.620304375	1.7059195	1.784145375	1.5924635	1.78039925	1.537114125	1.837221	1.582576875	1.6112565	1.840936	1.678866125	1.788223125	1.6290335	1.617434625	1.45166025	1.397810625	1.438235125	1.6659985	1.673166875	1.5599075	1.9294525	1.4726405	1.70011925	1.683866	1.757442	1.798170625	2.027155	1.73169325	1.81764475	1.523738125	1.676501375	1.768143625	1.575576375	1.38422825	1.903043	1.664339	1.459375875	1.635060125	1.608176	1.918221375	1.517370875	2.006175125	1.668762625	1.606548125	1.496037	1.6110165	1.840042	1.584609	1.592355375	1.702790875	1.637117	1.6781075	1.951608625	1.61626775	1.533777125	1.552258875	1.7693275	1.57496675	1.5816665	1.562262625	1.68616825	1.6049905	1.66967925	1.741463875	1.667721125	1.628051375	1.51719925	1.763512375	1.708424625	1.702264875	1.727595625	1.683958	1.512696	1.620402375	1.78192675	1.623094	1.600915375	1.558899125	1.784656375	1.659572125	1.73038225	1.602057125	1.66297975	1.37752925	1.55515725	1.63286975	1.601587125	1.828556875	1.785616625	1.6664315	1.98575575	1.614302375	1.82309075	1.404309	1.3911475	1.736004875	1.832804125	1.565996125	1.58708425	1.48900375	1.430609	1.66938925	1.50705325	1.664399875	1.68399525	1.64512075	1.698	0.017	2.9E-5	1.4E-5	0.130451500273
146	56	251	3.4974765	1.995932	1.84535325	1.96683875	2.12617575	2.10470075	1.986268625	1.87424125	1.927525	2.0058245	2.065436875	1.86228025	1.907416125	2.013240625	1.836830125	2.06708325	2.066282875	1.961875375	1.875789375	2.1257355	2.060105125	2.005525375	1.88139425	2.312691	1.970190125	1.7616855	2.012841875	1.842501875	1.82362925	2.010201	1.97162225	2.04215	1.96255	2.011319625	1.9440915	2.025188875	1.942424	2.095235	1.975730625	1.91561475	1.931118875	2.040756625	1.891286125	2.014979125	2.1359155	1.900921875	1.933251875	1.9836185	1.9432955	1.978166625	1.993434	1.752414875	1.790748	2.0292505	2.2035705	1.970276	1.794313375	1.967417625	2.16086425	2.032359125	2.029762	2.0431685	1.973033875	1.900955125	2.01172025	1.882745	1.723974625	2.19754075	2.10204225	1.993645125	1.8645405	2.092542125	1.8451185	2.023117	1.828379625	1.95670125	1.89720175	2.2228125	2.00072325	2.063253375	1.861858375	1.82644125	2.0864925	1.886744875	2.084809875	1.946095625	1.97676875	2.04078325	1.953476	2.0517705	2.14313675	1.9567555	2.047100625	2.04173575	2.12446	1.944786	1.949221625	1.9321235	1.83957725	2.07115425	1.992319125	2.07078475	1.850414375	2.14516975	2.1189455	2.1783065	2.0215205	1.822656625	1.7484845	1.97385575	2.26369	2.1544195	1.980048625	2.179404	1.953788	2.09745375	1.85295875	2.17836525	1.925409	1.81509875	1.9014725	1.902886625	1.9330865	2.166952	1.900084	1.830969625	1.964319375	1.963023125	2.078193875	1.942882	1.938157625	1.959698625	2.09985775	2.06221225	1.915090625	2.169081	1.979598	2.039274125	2.0166285	1.887239875	2.19261875	1.99595275	2.018788875	2.27262725	1.883713375	1.988327375	2.003295375	2.175338	1.8968705	1.87105475	2.11506925	2.03356825	2.128394	1.892269625	1.86527775	2.20357525	2.1125075	1.651464875	2.0668065	2.0079875	1.9013675	1.9647525	1.889039125	1.870183375	1.9822135	2.0780515	1.89774275	2.03906025	2.30193525	2.14077675	2.11111325	1.980836	2.14056775	1.948455125	1.98917875	1.86908575	1.959828375	1.840302	1.97807425	2.01817025	1.8875185	2.404551	2.10088975	2.0700715	1.954933125	2.09837325	1.785941	2.085878	2.004934125	1.84391025	2.022768625	2.057161	1.98939925	2.07413275	1.80538675	1.89122375	1.869809375	1.930908625	2.03537675	1.956911	1.8801745	2.046149125	2.068692	2.186946	2.1097615	2.0043365	1.9638925	2.002960625	1.951338625	1.79339425	2.093304875	2.2581065	1.925449625	2.160684	1.817584125	1.806088875	2.09003675	2.15535725	2.180965	2.18111125	2.19931475	1.890783875	2.044758375	2.05124275	2.036993	1.960835375	2.03121025	2.188292	2.054773625	2.16011575	2.17057625	1.998938125	2.18237	2.16348275	1.98270275	2.010112	2.10701075	1.891659875	2.0955505	1.926511875	2.3328335	1.89497925	2.008299	1.8462425	2.1094085	1.9593695	1.95267075	2.2968585	1.97653475	2.092126375	1.829966125	1.991	0.021	-1.2E-5	1.3E-5	0.15388458354
147	62	251	3.00838575	1.703424625	1.406240125	1.676756625	1.568857625	1.340262625	1.690474625	1.301981	1.36906025	1.379961125	1.35180875	1.344988625	1.369382	1.342933625	1.343590875	1.314843875	1.082891	1.405807625	1.204282125	1.10621225	1.098094375	1.2867785	1.219618	1.184092125	1.106082375	1.179096625	1.131999625	1.150835625	1.293939875	1.161327375	1.07741125	1.02861	1.10038275	1.102726625	1.169042	1.02825075	1.171525625	1.0480079375	1.017493875	1.089485625	1.2205195	1.180914	1.0458446875	1.0916445	1.11730225	1.40415225	1.370256625	1.070035	1.03197575	1.204923125	1.17701975	1.123421875	1.0100236875	1.06391	0.9471525	1.0351748125	1.1599755	1.15237625	1.101543375	1.0749345	1.07873075	1.278871625	0.982881375	1.11826925	0.9684105	1.187265	1.226626375	1.132014875	1.22635775	1.097193	1.21409575	1.064498	1.15759525	1.227946375	1.162226	1.128310875	1.096115875	1.21407925	1.26003325	1.0138405	0.936679375	0.7911893125	1.0089715	1.054821125	1.2995895	1.03253375	1.274723	0.9594825625	1.060542375	0.9694065	1.129995375	0.9898774375	1.2789135	1.220919125	1.086190125	1.287433	1.0339274375	1.060228625	0.99503225	1.355752875	1.094625125	1.2097905	1.21232475	1.099	1.0347675	1.1302155	1.222011875	1.20834925	1.079415875	1.171367	1.076108375	1.145498	1.328296625	1.195414875	1.02770325	1.157190625	1.103751125	1.142049125	1.0086370625	0.7985571875	1.3464495	1.1419635	1.172593	1.0407648125	1.329369	1.34194475	0.990868125	0.9593145625	1.1106575	1.13692025	0.912997625	0.9341100625	1.0265745625	1.068735625	1.032751625	1.086976625	1.265141	0.8514174375	0.902914125	1.115104125	1.0607945	1.162697875	1.16285325	1.171357875	1.1043965	1.0338755	1.081215	1.225811875	0.8752228125	1.0018078125	1.349430875	1.11504525	1.25302475	1.496737125	0.84303325	1.33906925	1.064950875	0.90290475	1.08792975	1.25802025	1.118466125	1.050167	1.26366	1.071276625	1.216475625	1.136904625	1.0157258125	1.365888875	1.149603875	0.8825096875	1.183546625	0.9799438125	1.14583	1.18991125	1.174152875	1.178425	0.8891739375	0.942250375	1.547311	0.975395375	1.034214375	1.2683535	1.22723075	1.2909245	1.01591825	1.06364975	1.085640125	1.08948675	1.12825	1.20880125	1.100681125	1.231054125	1.223180625	0.8986495	1.194979	1.131454625	1.174965	1.269811	1.273880375	1.144748375	1.15681825	1.123299	1.303535875	1.28142325	1.27529975	1.132905	0.9383086875	1.287103625	1.15647125	1.0294665625	1.178027125	1.40707325	1.242258375	1.2457935	1.204015375	1.103639125	1.108331875	1.07239625	1.1632885	1.20945	1.21510025	1.14286475	1.093367875	1.22299325	1.190915	1.204303125	1.226692875	1.3039285	0.9690280625	1.051324875	1.19742675	1.224260625	1.257151625	1.13423725	1.066451375	0.9750861875	1.220199125	1.15688475	1.3459885	0.914975875	0.9380051875	1.2108815	1.12560225	1.355624375	1.059961875	1.236357375	1.142425875	1.13248175	0.9743285625	1.098870875	1.275283125	1.224	0.024	8.8E-5	2.8E-5	0.181887176054
148	125	251	4.981852	1.7203895	1.652930625	1.46076325	1.3046895	1.260205625	1.37092275	0.8634393125	0.7383346875	0.8329333125	0.6548461875	0.6960755	0.5905498125	0.460172875	0.561454375	0.32182190625	-0.110451132812	-0.14623675	0.3189889375	0.46714834375	0.3306049375	0.40849078125	0.4047688125	0.204670109375	0.28658540625	0.127981671875	0.1523958125	0.35261084375	0.31026275	0.244933859375	0.36438503125	0.1518323125	-0.23041003125	-0.163338328125	0.49478784375	-0.13992646875	-0.0855032890625	0.31357559375	0.36015315625	0.134566046875	0.33153796875	0.0313643203125	0.169841171875	0.224511171875	-0.290434125	0.2009486875	0.15302840625	0.26326521875	-0.156747453125	-0.218127765625	0.254981703125	-0.11734459375	0.203348203125	-0.25572278125	0.057965203125	0.11185584375	0.23268978125	0.180782765625	-0.26316659375	-0.201454828125	-0.0574471914062	-0.17395328125	0.1150205	0.215584171875	0.112419757812	-0.2571284375	0.31335321875	0.147028859375	-0.20524821875	0.0992493125	0.128138015625	-0.15797071875	0.22770565625	-0.0732729375	-0.16677840625	0.19069278125	0.270338625	-0.220888921875	0.0435197148437	-0.33233984375	-0.108056320312	-0.2461840625	-0.16373528125	0.085893765625	0.170860453125	0.2868921875	-0.127603757812	-0.155402515625	0.0855851171875	0.196721828125	-0.29543640625	-0.0132202148437	0.140978828125	-0.14896975	-0.233096875	0.18814090625	-0.0603102617187	0.079545359375	0.1125108125	0.257686203125	-0.2740690625	-0.30118671875	0.139583703125	0.139694859375	-0.33309025	0.111724382812	0.164876875	0.0977483359375	-0.163211640625	-0.29321453125	0.194322328125	-0.0960853671875	-0.0810153359375	0.258654671875	-0.26586134375	0.132656296875	0.238291578125	0.169233828125	-0.32475990625	-0.149410171875	0.26601196875	-0.204362734375	-0.113876976562	0.0214162070312	0.158825328125	-0.205054796875	-0.15895371875	-0.0499639335937	0.0486377421875	0.31038503125	0.152341640625	0.2485999375	0.100084601562	-0.129706484375	-0.178762234375	-0.22302915625	0.17212271875	0.28999546875	0.125631671875	0.3129514375	-0.23905121875	-0.144254265625	0.253226671875	0.170406265625	-0.31377721875	0.075496140625	0.174014796875	-0.150338046875	-0.171376359375	0.093567984375	-0.07673825	-0.26535484375	0.14414809375	0.249564	0.251683859375	0.121152796875	0.1135123125	-0.270789	-0.082779875	0.0859255078125	0.069550484375	0.1910344375	0.16711734375	-0.22896871875	-0.3398505625	0.22355528125	-0.133149421875	0.078189953125	-0.0935574375	-0.29984240625	0.27826240625	0.118813632812	-0.2368959375	0.145808484375	-0.2688799375	-0.20387253125	0.185702984375	0.27472178125	-0.0421768789062	-0.29717559375	0.2327274375	0.0915726796875	0.264189875	-0.16742165625	-0.106299976562	0.1427665625	-0.235562078125	0.27184746875	-0.0862595078125	-0.114400632812	0.0860542265625	0.0790101875	0.096264875	0.251130859375	0.293673125	0.2696678125	-0.44854071875	0.1928698125	-0.32982828125	-0.259360375	0.22216078125	-0.088361421875	0.146443765625	-0.158302515625	0.2751545625	-0.11765821875	0.128616585937	-0.2463630625	0.27991978125	0.150327390625	-0.14981309375	0.116026367187	-0.229156953125	0.098895703125	0.0930707578125	-0.19954746875	-0.130222789062	0.3049356875	0.327762625	0.06479809375	0.167264109375	0.146017453125	0.074008390625	-0.127691890625	-0.1613548125	0.1697630625	-0.34297165625	0.0636972265625	0.149916265625	-0.15731809375	-0.04621590625	0.096003546875	0.136795359375	-0.13399709375	0.18732859375	-0.196544734375	0.223441875	-0.069489734375	0.0710398515625	0.237932640625	-0.0686867265625	0.151560078125	0.0300530253906	-0.1862189375	0.256446625	0.22163575	0.124344492187	0.247135203125	0.0628681914062	-0.130833085937	-0.0184660820312	4.39	0.19	0.0367	0.0019	0.215098977318
