Peak	Residue	N	T1	T2	T3	T4	T5	T6	T7	T8	T9	T10	T11	T12	T13	T14	T15	T16	T17	T18	T19	T20	T21	T22	T23	T24	T25	T26	T27	T28	T29	T30	T31	T32	T33	T34	T35	T36	T37	T38	T39	T40	T41	T42	T43	T44	T45	T46	T47	T48	T49	T50	T51	T52	T53	T54	T55	T56	T57	T58	T59	T60	T61	T62	T63	T64	T65	T66	T67	T68	T69	T70	T71	T72	T73	T74	T75	T76	T77	T78	T79	T80	T81	T82	T83	T84	T85	T86	T87	T88	T89	T90	T91	T92	T93	T94	T95	T96	T97	T98	T99	T100	T101	T102	T103	T104	T105	T106	T107	T108	T109	T110	T111	T112	T113	T114	T115	T116	T117	T118	T119	T120	T121	T122	T123	T124	T125	T126	T127	T128	T129	T130	T131	T132	T133	T134	T135	T136	T137	T138	T139	T140	T141	T142	T143	T144	T145	T146	T147	T148	T149	T150	T151	T152	T153	T154	T155	T156	T157	T158	T159	T160	T161	T162	T163	T164	T165	T166	T167	T168	T169	T170	T171	T172	T173	T174	T175	T176	T177	T178	T179	T180	T181	T182	T183	T184	T185	T186	T187	T188	T189	T190	T191	T192	T193	T194	T195	T196	T197	T198	T199	T200	T201	T202	T203	T204	T205	T206	T207	T208	T209	T210	T211	T212	T213	T214	T215	T216	T217	T218	T219	T220	T221	T222	T223	T224	T225	T226	T227	T228	T229	T230	T231	T232	T233	T234	T235	T236	T237	T238	T239	T240	T241	T242	T243	T244	T245	T246	T247	T248	T249	T250	T251	a	asigma	b	bsigma	rmsd
0	119	251	2.4242885	1.18889325	1.6362365	1.37246675	1.224427625	1.320310375	1.219592125	1.52669575	1.2623805	1.11088425	1.4448365	1.29014125	1.31181775	1.184959375	0.9642769375	1.23408425	1.12972775	0.952850125	1.05454525	1.0144313125	0.84874225	1.126571375	1.10681925	1.104263375	1.245660625	0.9720280625	1.000696	1.34325775	0.945087	0.940440375	0.9213651875	1.311604125	1.120426625	0.783425375	0.757899125	1.0360108125	0.824835125	0.90360875	0.7588056875	0.7920554375	0.771431125	0.677611125	0.6304458125	0.6153123125	0.78661875	0.857681625	0.644257	0.7878835625	0.7510309375	0.4760264375	0.582585875	0.7206595	0.5350824375	0.660448125	0.70709075	0.631641375	0.6347103125	0.6998615	0.5302095	0.43079334375	0.893602375	0.6436701875	0.41837478125	0.582157375	0.541543	0.5241616875	0.5068640625	0.532023	0.299736125	0.39860765625	0.5365134375	0.578990625	0.5601329375	0.61865075	0.347187625	0.224657828125	0.5373388125	0.6118930625	0.5029790625	0.18801475	0.35927215625	0.5376689375	0.44334046875	0.31000675	0.37230890625	0.5390898125	0.6302464375	0.2891509375	0.4573295	0.337834625	0.305485125	0.398343125	0.586421	0.5267908125	0.554425	0.521739125	0.5835411875	0.442134125	0.38293525	0.705908375	0.33031471875	0.504997375	0.28540178125	0.155895546875	0.30082246875	0.5890175625	0.32289209375	0.5168723125	0.2722305625	0.34918753125	0.34359084375	0.445459	0.110242203125	0.213921640625	0.0696885546875	0.3727241875	0.164884328125	0.222360546875	0.43376259375	0.47273825	0.18256446875	0.098657390625	0.27674721875	-0.093610796875	-0.122645023437	0.161643890625	0.32615175	0.11832503125	0.26672653125	-0.145651515625	0.27081934375	0.210018328125	0.3253038125	0.119834578125	0.143148	0.36917765625	0.2788020625	-0.12481896875	0.3010325625	0.0484161640625	0.0953293359375	0.27075296875	0.435731625	-0.140021	0.078717046875	0.072556921875	0.2085419375	0.165495390625	0.164248546875	0.33248478125	0.166277578125	0.195375921875	0.137411375	0.3358484375	0.09023775	0.21173721875	0.189000984375	0.24635059375	-0.2841249375	0.23750325	0.1620635	0.081351125	0.3145218125	0.35228753125	0.31216478125	-0.14454978125	0.2547885	0.0507468867187	0.082908890625	0.235911703125	0.090238890625	0.0909334921875	0.101982617187	0.123794953125	0.116980546875	0.1446984375	0.02362296875	-0.080229078125	0.12011403125	0.32128775	0.31554528125	0.1587028125	0.106851890625	0.115183546875	0.160320453125	0.0650960742187	0.125393625	0.123040015625	-0.15293628125	0.11016859375	0.1319323125	0.117934421875	0.14093521875	-0.0408606757812	0.096912203125	-0.15380675	-0.136124984375	0.045209609375	0.145644359375	0.0102850371094	0.0527296835937	0.167788484375	-0.152834203125	-0.116574632812	-0.3039150625	-0.100052078125	0.159945484375	0.104615640625	0.0965137890625	-0.128126265625	-0.0796854921875	0.149247453125	0.1513168125	-0.157420625	-0.0597085859375	0.109679015625	-0.127335164062	0.15691559375	0.045342234375	0.0939294140625	0.161448921875	0.18024884375	0.0874390859375	0.07815140625	-0.0520349453125	0.186131765625	0.0624224492187	0.158610515625	0.12304871875	0.03718059375	-0.121849703125	-0.0828453046875	-0.26605453125	-0.103771554687	-0.0816666953125	0.1777633125	0.08096403125	-0.24056025	0.140653375	0.119139351562	0.0085978671875	-0.1100135	0.0646106171875	0.106026007812	0.2928475625	0.166623390625	0.10381925	-0.130294109375	-0.0846439609375	0.27466265625	-0.07290659375	1.558	0.035	0.00308	1.0E-4	0.153094864315
1	131	251	2.086667875	1.15730875	1.0058313125	1.01362825	0.951443375	0.7568781875	1.0222865	0.9745285	0.871251375	0.9282471875	0.929971375	1.0389153125	0.8027396875	1.145706875	0.9634956875	0.9305415	0.6414180625	1.076186875	1.06883425	0.856758125	0.9999394375	0.9756975	0.883495875	1.12743325	0.809426	0.9028769375	1.011794625	0.88585025	0.855939125	0.89855325	0.9493523125	0.7817871875	0.9390973125	0.741909125	1.059377625	1.22171	1.07855325	1.059723375	0.9707944375	0.995865	1.030457125	0.969877875	0.800376625	0.9133888125	0.986426625	0.94424325	0.57347975	1.0470123125	0.9602536875	0.9599781875	0.824776875	0.7495013125	0.843533	0.9195964375	0.987639375	0.820972625	0.864923125	1.12667375	1.001594375	0.902364375	0.764063375	0.7739829375	0.935613375	1.102279125	0.9717533125	0.931876875	0.85689325	1.05598425	1.0203291875	0.8032385625	1.0051628125	1.197527375	1.129059125	0.911212875	1.107236	0.94347875	0.71931725	0.9875769375	1.035468375	0.9468176875	1.063473875	0.8711643125	1.0248343125	0.929224125	0.898238625	0.9587414375	0.9364780625	0.9382225	0.81295825	0.8845081875	1.0752745	0.9788259375	0.8660881875	0.79918425	0.7696955625	0.941206	0.9307884375	1.106456625	0.9421736875	0.937896625	0.7880453125	0.9355575625	0.8029099375	0.88930125	0.90783	0.8165366875	0.958634125	1.0481704375	0.9324653125	0.925861875	1.0425021875	0.88399575	0.81298775	0.8252685	0.905290625	0.696886	0.860720875	0.8892206875	0.57669625	1.17850525	1.004358125	0.921346125	1.0136133125	0.9830005625	0.876420625	0.8838993125	0.958543375	1.1202335	0.7416603125	0.9696050625	1.15945125	0.849850625	0.943954	0.9084229375	0.9330025	0.8024145	0.8927826875	1.0061205	0.9785509375	0.8051470625	0.9923975	0.9774010625	0.9167209375	0.7629445625	0.9699068125	1.00546025	0.952714875	0.9194334375	1.075790875	1.015532625	0.819450875	0.8637443125	1.0115623125	1.035359375	0.856358	0.8163800625	0.859880125	0.835282125	1.157512125	0.914256375	1.066687	0.9095085625	0.9534480625	0.9402535625	0.7060753125	0.9802910625	0.92636475	0.8592645625	0.93664925	0.909118875	0.9024536875	0.921526	0.9175364375	1.0924975	0.8930325	0.8870046875	0.8614890625	1.14255175	1.1196055	0.852097375	0.8410171875	1.0155063125	0.962685125	0.8787494375	0.973791	1.08002025	0.8594625625	1.059041625	1.018727875	1.144516625	0.809584875	0.9434055625	1.154388375	1.059884625	1.010387125	1.121097625	0.7436245	0.725007125	0.86318075	0.9105236875	1.0237999375	0.7779155625	0.7775655625	0.7690533125	0.8861696875	0.8091390625	1.22861625	0.9110646875	0.91731275	0.8783365	0.7576695625	1.0159783125	0.980132	0.8741615625	0.9764161875	0.8265550625	1.108786375	0.7355253125	0.781879875	0.7224403125	0.776554	0.9691685625	0.9576249375	0.922932125	1.12368225	0.9953076875	1.066715	0.8359125	1.0093508125	1.05711875	0.9465999375	0.8673779375	0.9737458125	1.0054546875	0.73719425	0.8741146875	0.8747209375	0.88687375	1.107071375	0.9882241875	1.101738	0.960134	0.8006895625	0.9199035625	1.0172428125	0.9612726875	0.856134375	0.875226125	0.59849925	0.8256586875	0.6790318125	0.966	0.019	5.1E-5	2.5E-5	0.13728419175
2	133	251	2.45384575	0.875513625	0.9130250625	0.9549366875	0.81258425	1.010667625	1.00195625	1.022710875	0.862226	0.645066125	0.7408995625	0.7489491875	0.891472875	0.7428465	0.900720625	0.874883625	0.63758775	0.837568125	0.9539035625	0.753618375	1.058707	1.0106355	0.8946326875	0.8276841875	0.848794	0.833899875	1.213660125	0.6784155	0.631474875	0.6763155625	0.6700724375	0.7084936875	0.966012125	0.8746500625	0.79961975	0.8340720625	0.9832755	0.757799875	0.73799825	0.8626569375	1.11499825	0.938818125	0.80278125	0.7604575625	0.952854	0.5879996875	0.84868725	0.7700298125	0.86914225	0.9782058125	0.911638875	0.9480583125	0.7092005	0.95585475	0.965491625	0.870924625	0.9184678125	0.796801	1.030569875	1.061063125	0.75740625	0.8559078125	0.8036229375	0.9245965	0.93042725	0.9514374375	0.948819125	1.154725375	0.798537	1.0089355	0.869742875	0.922093875	0.68879275	0.8593936875	0.83979775	0.9587859375	1.0452091875	0.8886063125	1.017221625	0.9075233125	0.912835875	0.7159441875	0.9978484375	0.8627985625	1.071384125	0.9082225625	1.076331375	0.7805150625	0.5967920625	0.9235438125	0.9535944375	0.7888633125	0.8668555	1.062321375	0.80713625	0.91495875	0.6961035625	1.057347	0.864477	0.981897125	0.8999186875	0.7181661875	0.8113733125	0.8414598125	0.755488625	0.83912475	0.979118625	0.7801816875	0.55154025	0.821832625	1.10886625	0.812840625	0.7146525625	0.983715	0.906137125	0.6973055	0.9077395	1.079883625	1.0191559375	0.80344975	0.882303125	0.965965125	0.8362948125	0.9622379375	0.8119326875	1.109495875	0.8119750625	0.8206365	1.043028	0.9189815	0.726893	1.095119	1.16641225	0.98628175	1.13798	0.9302083125	0.8779613125	0.8692060625	0.658920625	0.907830125	0.8483801875	0.67262925	1.053775	1.077096	0.884265	0.8184094375	0.997049375	1.0131718125	1.22394425	0.8647470625	0.85385375	0.9091605625	1.027190125	0.926436875	0.8940141875	0.9569658125	0.7494955625	0.8270559375	0.8280005	0.9132879375	1.064204375	1.0078231875	0.716331125	0.7928624375	1.155820875	0.768205625	1.0226161875	0.847750875	0.7853223125	0.950694875	0.78405525	1.092002875	0.90303175	0.9556750625	0.9626929375	1.0066448125	0.909353875	0.7553223125	1.0237015	0.758502125	0.9604758125	0.8575519375	1.070009	0.85456175	0.7323871875	0.94923475	1.00797025	1.129190625	0.9827334375	0.6307875625	0.97407625	0.7181245625	1.010169125	0.8228461875	1.030364875	0.8164728125	1.0399671875	0.785112375	0.808455625	0.566499	0.9872110625	0.8144196875	0.7663454375	0.9303514375	0.8377656875	0.7245810625	0.7845876875	0.852386125	0.624266125	1.0118419375	0.843523625	0.7581359375	0.9914693125	0.893182625	0.54183725	0.8368905	0.753389375	1.0282304375	0.9284170625	0.873881125	1.20118825	0.9259638125	0.9307068125	0.817578125	0.822071375	1.0234035625	1.05419775	0.7405960625	0.9462488125	1.0213285625	0.872993625	0.9643893125	1.11858075	0.749416375	0.83518125	0.739716875	1.0277060625	1.0382445	0.8543033125	1.0946135	0.63900425	0.8411845	0.7730850625	0.8337399375	0.754660625	0.8185468125	0.8141946875	0.9700269375	0.831622	0.9230645625	1.0294675625	0.898	0.021	1.0E-5	3.3E-5	0.164101747268
3	59	251	2.476865	0.78615575	0.7641813125	1.06406525	0.8558529375	0.889259	0.831153	0.884672	0.8333755625	0.765669875	0.7052311875	0.7637801875	0.8540330625	0.906616625	0.874548375	0.9774414375	1.154483375	0.9468990625	0.770050875	1.074601375	1.097841375	0.896952875	0.9315584375	1.259747	0.849759625	0.8326956875	0.82139875	0.8359055625	0.9509545625	1.000854125	0.74723425	0.837092875	0.9061166875	0.8319323125	0.9066000625	1.062686125	0.8469434375	1.1182625	1.273335875	0.901884125	0.7574239375	1.088543375	0.818756125	0.9172959375	1.03252225	0.9080410625	0.7844941875	1.0093501875	1.0433553125	1.011640875	0.685952375	0.9736845	0.7450146875	0.811508875	0.793408125	0.7697853125	0.820339625	1.070834	0.7537584375	0.918435125	0.958578375	0.8049379375	1.0326235625	0.8143820625	0.8556776875	0.8173178125	0.958747	0.8568535	0.91963075	1.0176356875	1.022486	0.9362870625	0.8544359375	0.9699355625	1.09880675	0.799702375	0.90335575	1.133046625	0.93575375	1.148175375	0.7712253125	0.9397419375	1.051256125	0.9521493125	0.887766375	1.1825405	1.181919125	1.209264875	0.8942203125	0.8827453125	0.7792625625	0.9120581875	0.8371234375	0.95709125	0.9017054375	1.14548075	0.789687375	1.08147375	0.8289859375	0.91905025	0.838903625	0.933672875	0.9166733125	1.123427125	1.0382033125	0.800757875	1.0273104375	0.864657625	1.013359625	0.9330113125	1.052542625	1.054624125	1.059875	0.9019999375	0.9558009375	0.909139	1.036028875	0.7514316875	1.1119875	0.9477331875	0.9716128125	0.8597289375	1.13503825	0.91227525	1.0253891875	0.8781464375	0.771075125	0.7283980625	1.08936575	1.043737125	1.0241916875	0.6985326875	1.129539625	1.05493025	0.8948373125	1.194479	0.9296131875	0.9546533125	1.062412125	0.8951558125	0.931497	1.036100375	1.231337625	1.082889125	0.7500958125	0.9083300625	0.9505774375	0.7602505	0.8533986875	1.130511125	0.9238783125	0.9516273125	0.9472206875	0.9795188125	0.904678375	0.8989611875	0.792053375	1.081544625	1.12451525	0.6311756875	0.934932375	1.143123375	0.9145630625	0.9095321875	1.14880825	1.049307375	0.9724559375	1.2441065	0.9014456875	0.9918616875	1.109947125	1.10980125	0.6827623125	1.07250575	0.86852875	1.01469475	0.931852125	0.8806314375	1.0393751875	0.9739409375	0.9269493125	0.895950375	1.0218318125	0.6975913125	0.9413820625	1.207522375	1.1311755	0.93577075	0.955918625	1.025200375	0.9760798125	1.168790375	1.0279068125	1.172798375	0.6915444375	1.085676	1.12475025	1.063556375	1.046323	0.6822795	0.937454	1.117615625	0.892966625	1.0382131875	1.007138875	1.0265811875	0.7566493125	0.8644489375	1.099410875	1.033286	0.656676875	1.0113368125	0.9666605625	1.0277641875	0.8804443125	1.028552	1.035777375	1.173178875	0.8744993125	0.8583744375	0.8813799375	1.05172125	0.9391889375	0.86270575	0.932518125	0.9637851875	0.95205225	0.8414905625	0.9083339375	1.0530755	0.9454373125	1.040763625	0.9293593125	1.0128359375	0.852832	0.9040220625	1.0347844375	1.16039325	1.0362926875	1.05477375	0.8134856875	1.0922115	0.8776739375	0.926512875	0.84122725	1.061654125	1.091254125	0.87091775	0.813555875	0.9409899375	0.786872125	0.937	0.019	-2.9E-5	2.8E-5	0.15993981997
4	132	251	2.84229925	1.2109785	1.0264751875	1.111657375	1.2092435	1.236000375	1.185771375	1.17711225	1.391439	1.104324625	1.14708	1.0146719375	1.16091025	1.04392575	1.104499125	1.195451	1.06985425	1.25742675	1.052781125	1.097472625	1.113956125	1.22403525	1.085406375	1.195522375	1.227206	1.052250375	1.269257125	1.003089375	1.164111625	1.070698375	0.964427375	1.025404375	1.134548625	1.1235725	1.31503425	1.2350485	1.177987	1.240026375	1.062146375	1.14982825	1.050906875	1.14041575	1.25847925	1.20860025	1.150631125	1.180654375	0.9458389375	1.14036375	1.280382125	1.10353725	1.145345	1.0464796875	1.210447875	1.0166183125	1.1482655	1.244737125	1.34592375	1.266964625	1.100049375	1.3131995	1.021046125	0.880982125	1.107564625	1.18655125	0.946665	1.314550625	1.09173425	1.217955625	1.1912045	1.128399125	0.8081669375	1.23764925	1.09832475	0.8238513125	1.230769375	1.202675375	0.996923625	1.173166875	1.290167375	1.166127	1.0421965625	1.341186875	1.110057375	0.9129155	1.28885875	1.026512625	1.1064655	1.052744	1.05649675	1.288378625	1.0736495	1.360913625	1.219265	1.130444125	0.9605888125	0.9248930625	1.2218635	1.09251775	1.126625125	1.215992375	0.999059875	1.093488125	1.12222725	0.89992325	1.288884875	1.118594875	1.05275875	1.127211625	1.14720675	1.19411225	1.031551375	1.220924625	1.41869425	1.0712405	1.166654625	1.184164625	1.0883025	1.219095125	1.153016	1.275471875	1.203799625	1.084694	0.8292753125	1.26199675	1.376764875	1.3795165	1.0995005	0.917619	0.989793875	1.199949125	1.167577375	1.135483375	1.182644	1.0858965	1.090937375	1.141942625	0.952824625	1.085602	1.157007	1.16918175	0.695902875	1.253325	1.012721	1.1149475	1.19749675	0.9400320625	1.10474225	1.191177	1.23939425	1.076979875	1.20796725	1.16648425	1.18670725	1.133029375	1.170554875	0.9082876875	0.9892190625	1.132705875	1.245886	1.20214175	1.25121475	1.353904	1.237701625	1.11731675	1.0063098125	0.980127	0.9976279375	1.09749425	1.132968875	1.114669375	1.151378375	1.09097925	1.15000625	0.990861375	1.120134875	1.051365375	1.4645875	1.010014375	1.27303175	1.318109375	1.141366875	1.189459375	1.231744625	1.05873975	1.280749125	1.260896	1.016188125	1.3054585	1.24796125	1.100868	1.17844	1.000617375	1.0993155	1.002414625	1.055738625	1.1358775	1.21318275	1.112014125	1.0129868125	0.97178525	1.170427875	1.1921215	1.28863825	1.1963	0.8947925625	1.19550375	1.202148	1.183886	1.198656375	1.242766	1.160947	1.113656	1.076622625	1.16725	1.043373875	0.9834268125	1.043543875	1.030312125	1.105796375	1.25247175	1.132698875	1.125873875	1.160501	0.8956173125	1.058285875	1.15033225	0.954004875	0.9796885	1.223968125	1.0308595625	1.226663	1.162768	1.050720375	0.8957345625	0.8142056875	1.042138875	1.28091075	0.9944679375	1.0308768125	1.274262375	1.0353166875	1.365218375	1.078503875	1.069885625	1.233614375	1.158760125	1.0448269375	1.20264675	1.052954125	1.08726725	1.06839175	1.176	0.022	5.5E-5	2.4E-5	0.158731710888
5	2	251	3.261243	1.1647775	0.9730113125	0.8943744375	0.8591274375	1.0377388125	0.876386625	1.0301659375	0.8357836875	0.931743	0.8976586875	0.869742125	1.15493775	0.9438326875	1.16281675	1.0234966875	0.887677875	1.225477	1.27618075	1.1284705	0.790441625	0.9512824375	0.894517625	1.109888875	0.751338	0.981549	1.04336375	0.9578103125	0.9523743125	0.785291625	0.9307935	0.6526405625	0.759509125	1.063580375	1.086633375	1.035361375	0.7907821875	0.950924875	0.9313215625	0.7819515	0.872615	0.8369670625	0.8189536875	0.7047183125	0.8935600625	0.947805625	1.015064875	1.1964645	1.054433875	0.955271625	1.00416475	0.8908456875	0.9118703125	0.921549125	0.7249655625	1.0176594375	1.038573625	0.887899625	1.0264835	0.849482	1.079470125	0.788032125	0.81104425	0.9716110625	1.28177975	0.972522875	0.6677688125	1.1266875	0.86978925	0.7031808125	1.181836	0.9150180625	1.077575125	0.8393766875	0.9276054375	0.8006568125	1.0476273125	1.08856	0.8356455625	1.0429428125	1.04060525	0.873388	0.94851275	0.868723	0.6816918125	1.25765675	1.048798125	0.8453903125	0.853852125	0.972677875	0.9391604375	0.958174625	0.9778396875	1.046677625	0.9665214375	1.086442125	0.9685571875	0.5897976875	0.7961514375	0.8974914375	0.905876125	1.272500875	0.8153374375	1.07100025	1.097465625	1.10907125	0.665389375	0.8911573125	0.870183625	0.8527874375	1.218614125	1.082336375	1.0218966875	0.9477085625	0.91666525	0.8637181875	0.9271521875	0.83458925	1.1248845	0.93501575	1.053673	1.131823	0.889791625	0.914469125	1.13532625	1.066141375	1.04539775	0.7139275	0.5729738125	1.080016375	0.9808865625	1.092508625	1.1551925	1.0093800625	0.91280475	1.05588275	0.8321208125	1.171698875	1.0029741875	0.9581223125	1.036169875	0.8927670625	0.8978810625	0.844234125	0.775915	1.087268375	0.912691125	1.0275303125	0.9940490625	0.974839	0.8668076875	0.9072520625	0.988289625	0.8340985	0.88739525	0.8368915625	0.982903125	0.7718071875	1.132092625	0.8916924375	1.14351825	0.895924375	0.898872	1.103122875	0.8976819375	1.05975075	1.0140266875	1.008033375	0.803460875	1.229630625	0.7704405625	0.8671693125	1.0100285	0.883820125	0.8926118125	1.148543	0.6759049375	1.020764125	0.9035511875	0.9354728125	0.9107516875	0.9773360625	0.90020875	1.116278	0.8940176875	1.037507125	1.09868675	0.81120925	0.8521339375	0.9392780625	0.759439125	0.7883331875	0.8314331875	1.189915875	0.7971090625	0.97788125	0.77741175	0.95809725	1.0163260625	0.83539075	1.0145370625	0.98903775	0.824753625	0.901491	1.0502905	1.13455925	0.873859875	1.04819825	1.207382375	1.0205599375	0.6850465625	1.188036	0.8413171875	1.032438875	0.9175029375	0.8799098125	1.123543375	0.99594075	0.9615768125	1.092033125	1.162911625	1.019123	0.8951935	1.12238775	1.117041	0.7944515	1.0838495	0.96252125	0.7292019375	0.565275375	0.908787125	1.044286875	0.920787	0.734168	0.91496925	0.6038933125	0.934984875	0.816833875	0.78514525	0.9086059375	1.02384125	0.9769340625	0.75591	1.046531125	1.016139	0.783917875	0.808967125	0.8789419375	0.9590229375	0.710267375	1.12438575	1.0	0.028	7.0E-5	3.9E-5	0.199695816779
6	36	251	3.60690975	1.9996355	1.864061125	1.972540375	1.961845375	1.92026675	1.803009	1.974533125	1.788524875	2.088806125	1.798054375	1.65081525	1.8883515	1.97073675	2.043222	1.89209975	2.07994475	2.008434875	1.89588675	1.889356625	1.899720375	2.000053125	1.995683625	2.068556875	1.8798685	2.12615275	2.10523025	1.937248875	1.80994775	1.89831825	1.801777	1.921977875	1.79843275	2.043243875	1.925833	1.967468625	2.05418825	2.04454825	2.155859	1.932692	1.83049325	1.927104375	1.923681625	1.9538625	2.08588225	1.9964345	1.8609235	1.961013125	1.884190375	1.9050165	1.874918875	1.777766875	1.854580625	1.912007875	1.71251775	2.000536125	1.9486405	1.872186875	1.8922315	1.964561	1.959769625	1.86534825	1.920379	2.14115125	1.98736475	1.95977075	2.002276	2.032408125	1.988519	1.919484125	2.01309225	1.90816425	1.977677125	2.21005025	1.883942375	2.13414275	1.905478875	2.10104775	1.843543625	2.09535975	2.18751425	1.87028175	1.997711125	2.0119905	1.882663	1.959513375	1.87433625	2.1582445	1.80736975	2.12097875	2.041924	2.16591975	1.758861	2.10471025	1.94915525	2.11607975	2.08923025	1.95324525	1.852630625	1.708032875	1.991717	1.89892475	2.008810125	1.888509125	1.8690285	1.917844625	1.906917625	1.99716425	1.887721625	1.970190125	2.0124515	1.953142375	1.932851875	2.15830275	2.0432725	2.1871915	2.041189625	1.902358625	2.026476875	2.057017375	2.082572	2.183169	2.13067225	2.0766845	1.91138775	1.98785175	2.14309425	1.913210625	2.01032225	1.833891375	2.15826775	1.94488025	1.9252755	2.137419	2.1825895	2.046895875	2.090221625	2.18792225	1.918367625	1.8245555	2.18481275	1.883805875	2.031394375	1.83190525	1.941131	2.10556025	2.022604625	1.99988175	2.209776	1.993999	2.08540175	2.028189375	2.053482125	2.127342	1.73799075	1.783514625	1.90614425	2.1310205	1.97798375	2.012951875	2.056868375	1.976946375	1.9776815	2.088732875	2.07649425	1.890878875	1.9777855	2.17779925	2.0594335	2.059219375	2.011031625	2.01726375	2.03971025	1.95718575	2.2436855	1.918280625	2.19111225	2.07671025	1.86809825	1.93794775	2.066290375	2.053790625	1.893698125	1.786580625	1.974544	1.977673125	2.0694165	2.064491125	1.89359475	2.045838125	2.047933125	1.870863875	1.82431375	1.94427225	2.06063175	2.00150675	2.07841075	2.24225575	2.11749475	2.28253225	2.032049625	1.948557625	2.037725625	2.19375925	1.894650625	2.019348	1.916169	1.957835125	2.0407565	2.1986505	1.977340625	1.9134155	1.871875875	1.92907975	2.07088	1.915166125	1.920739	1.899951125	2.058668125	1.88783225	1.9570665	1.937008625	2.19941725	2.11828875	1.887498	1.961472375	1.9195155	2.052829	1.94403525	1.9861235	1.945136875	2.16011325	2.019171625	1.76272225	1.93373575	2.035287125	2.10006	2.06229275	2.077169625	1.988362875	1.9262125	2.0732725	1.9451285	2.11661575	1.86169125	1.915432125	1.917143625	2.22245475	1.91633	2.029063125	1.932679875	1.971	0.02	-1.6E-5	1.4E-5	0.151313131731
7	25	251	4.682968	1.649308375	1.227372625	1.053503625	0.83585025	0.391068	0.42028940625	0.151583390625	0.316302625	0.39414784375	0.2348079375	0.07627275	-0.141564328125	0.25253096875	0.190463875	0.0541207226562	0.09315875	0.0788863046875	0.254012234375	-0.18890715625	-0.232040875	-0.160714984375	0.21273271875	0.0880516015625	0.15151484375	-0.0922121796875	-0.165267296875	-0.107744570312	-0.0779795703125	0.215636421875	0.114542023437	0.191561234375	-0.175127265625	0.17416090625	0.330843125	0.159808375	0.191584890625	0.11999665625	0.16358440625	-0.1563431875	-0.30187446875	0.123354390625	-0.16844628125	-0.179358265625	0.09101653125	-0.19965646875	0.1417179375	0.23188128125	0.245225765625	0.19681190625	-0.2533411875	-0.421176625	0.12978834375	-0.0601122929687	0.16411240625	0.123427273437	0.1512560625	-0.117499359375	0.13550371875	0.1881866875	-0.15363328125	-0.243093125	-0.155038421875	0.1966145625	0.100570109375	-0.105352664062	0.26329209375	-0.131643265625	0.161839125	0.249673796875	-0.1317794375	0.231098375	-0.0524687421875	-0.095820140625	-0.110942789062	0.192768109375	0.1363760625	-0.0793855703125	0.105777367187	0.108569953125	0.15571134375	-0.169104921875	0.128228273437	0.209030671875	-0.17820284375	0.222430515625	-0.17066740625	-0.101918484375	0.132809078125	0.19779809375	0.111165921875	0.0972093359375	0.108603226562	0.137433359375	-0.193953703125	-0.070687265625	-0.087059875	0.15246571875	0.15994853125	-0.348815875	-0.20398384375	0.15838453125	0.0256674296875	-0.231315203125	0.12280603125	-0.156007078125	-0.10004346875	-0.14687059375	-0.069662875	0.191078140625	0.139128328125	-0.1788065	-0.0595498085937	0.34102715625	-0.12983640625	-0.149202171875	-0.10439384375	-0.23313225	0.23648640625	-0.229253265625	-0.125628039062	-0.27304734375	0.129219734375	0.168511625	0.077189546875	-0.204444890625	0.16830728125	0.143823421875	0.26525965625	0.14557115625	-0.32529759375	-0.14335759375	0.16907590625	-0.214470875	-0.13574128125	0.20170509375	-0.188362203125	-0.25981575	-0.207790046875	0.149646484375	-0.119018921875	-0.117436039062	-0.223134703125	-0.233168875	-0.172541828125	-0.14788590625	0.31051571875	-0.21437028125	-0.08029059375	-0.142606046875	-0.16581734375	-0.088455890625	-0.23614925	-0.148971765625	-0.177201953125	0.1746144375	0.200628453125	-0.1406226875	-0.116813203125	0.119603148437	-0.107718539062	0.0672461875	0.149792234375	-0.350243875	-0.144757234375	-0.16345475	0.16953346875	-0.120038625	0.148541609375	0.17393440625	0.237696609375	-0.203497515625	-0.161472796875	-0.16228003125	-0.17790521875	0.1448448125	0.0898376796875	0.2064045625	0.1764620625	0.33180471875	-0.126669203125	0.136046609375	-0.232453	0.19156540625	0.147519015625	0.122182953125	0.28363609375	-0.1922560625	-0.119478140625	-0.160323328125	0.10008309375	0.106702992187	0.15353990625	0.18956203125	0.129552171875	0.170546828125	-0.1786175625	-0.11009175	0.165218984375	0.383395	0.303853625	0.20632646875	0.115000265625	0.14477725	-0.161271828125	0.237934171875	0.0857755	-0.061904671875	0.04924603125	-0.30126621875	0.20574171875	-0.13022609375	-0.188364328125	-0.172651171875	-0.00632876953125	0.0844391953125	-0.0455020234375	0.19305503125	0.188326015625	-0.38726634375	-0.211721140625	-0.2693054375	-0.091460734375	-0.178061078125	0.117687828125	0.3800301875	-0.075245734375	-0.135038703125	-0.183961796875	0.174225671875	0.15960590625	0.1073056875	-0.199829296875	-0.189174125	0.222530265625	-0.205279265625	0.129775796875	0.28746515625	0.145351125	-0.224429828125	-0.0494859375	-0.18444171875	0.0865485	0.310710375	0.2368313125	-0.2771224375	-0.2701735	-0.0974372265625	-0.176964359375	0.0871791796875	0.129481804687	4.64	0.18	0.0629	0.0035	0.179969990147
8	122	251	4.0104245	1.726519	1.747651875	1.805553625	1.828672	1.619999625	1.730387375	1.45939025	1.722244	1.43191	1.41396325	1.62653125	1.744911125	1.409305125	1.449643375	1.414977625	1.295216	1.38941275	1.443604125	1.271146625	1.3698935	1.47923375	1.110764625	1.1007495	1.280343125	1.343602875	1.277005	1.097775625	1.25357475	1.296541875	1.074935	1.26856	0.914761	1.199760375	0.9463748125	1.0130581875	0.8629498125	0.94847075	0.88038425	0.948812125	1.0474873125	0.9290149375	1.0151898125	0.9321574375	0.7910659375	0.8690208125	0.69642225	0.8799446875	0.6987558125	0.8114766875	0.457304875	0.608741625	0.6546654375	0.6223775	0.7194933125	0.7056416875	0.9368170625	0.6842520625	0.6176740625	0.5873615625	0.7178168125	0.613523625	0.57556275	0.51368565625	0.6519094375	0.6150395	0.63985325	0.545594125	0.5881711875	0.3586603125	0.496106	0.37168940625	0.4452640625	0.531954	0.4514539375	0.72446675	0.37263940625	0.534283	0.56636625	0.39823234375	0.33622340625	0.4338475	0.37769378125	0.502736125	0.34152621875	0.38948803125	0.41647075	0.53921075	0.451798375	0.36994484375	0.4119205	0.3096534375	0.39551984375	0.45021953125	0.44948803125	0.388995875	0.32205946875	0.40441034375	0.534311	0.29895196875	0.40794775	-0.08941878125	0.229580734375	0.38626628125	0.35964821875	0.5567415625	0.3746919375	0.24196434375	-0.134852453125	-0.101229671875	0.240599296875	0.5024349375	0.3904073125	0.3275879375	0.1815289375	-0.14855903125	0.205391359375	0.5587663125	-0.089405203125	0.3451805625	0.29289909375	0.196200578125	0.30381578125	0.32481	-0.0661492265625	0.364392	0.3220390625	0.29198425	0.174326578125	-0.22933509375	-0.066213625	0.39382309375	0.1699920625	0.30106846875	0.161577265625	0.152238375	0.36462728125	-0.0762871640625	0.1397983125	0.31137203125	0.145294828125	0.36729740625	-0.06683090625	0.29770540625	0.0989393125	0.239646328125	0.222329578125	0.189233796875	0.147609359375	-0.111985484375	0.195744828125	0.2170488125	0.3336455625	-0.0907162734375	-0.0908454765625	0.264314875	-0.11923146875	0.149581578125	0.114651890625	-0.187271953125	0.08974121875	0.26296325	0.1394304375	0.205941484375	0.329365	-0.23825784375	-0.26518909375	-0.152379234375	-0.157775546875	-0.1995638125	0.1872025625	0.171434921875	0.178239203125	-0.13919428125	0.108226546875	0.172570734375	-0.16645546875	0.23902296875	-0.203980015625	-0.080254265625	-0.2667875625	0.28907578125	0.152144453125	0.15780475	-0.161266203125	-0.172039546875	0.126728890625	-0.105742828125	0.149606359375	0.1797651875	0.232230234375	0.267569	0.2907611875	-0.06330459375	0.26118946875	0.176086515625	-0.087485140625	-0.13954125	-0.2163773125	0.1517449375	0.209971953125	-0.209840546875	0.30216775	0.16039746875	0.31416996875	0.291975625	0.197815609375	0.13134621875	-0.15790125	0.25119021875	-0.235331921875	0.117210132812	-0.179091125	0.08296678125	0.1622251875	-0.071125828125	-0.1510425	0.127041695312	0.171747765625	0.0931223125	-0.078820515625	-0.1403121875	-0.097728265625	-0.056743796875	-0.143055421875	0.21252321875	0.150589625	0.128459492187	-0.146592796875	0.22227246875	0.1843289375	-0.15385821875	-0.191872234375	0.3568281875	-0.17895665625	-0.0487007070312	0.204169328125	-0.09207225	-0.2339661875	-0.10767340625	0.182253921875	-0.165787046875	0.061820859375	-0.080653578125	0.297927125	0.21266921875	-0.21653446875	0.205651640625	0.2631	0.129207257812	-0.25688090625	2.12	0.05	0.00394	1.5E-4	0.202502333602
9	129	251	3.5275445	1.777881	1.32167925	1.710209375	1.563419375	1.895892625	1.766993125	1.671149125	1.5354925	1.7745215	1.701837375	1.749312375	1.756014625	1.7424075	2.023452625	1.763653125	1.687387125	1.551384125	1.586851125	1.899233125	1.698642125	1.670331625	1.925755625	1.823506	1.619717	1.666349125	1.727360625	1.708448125	1.6034715	1.876462875	1.641095375	1.83255375	1.83076075	1.587445875	1.920740375	1.713241125	1.62633975	1.649594125	1.58066175	1.945990375	1.603285125	1.720913375	1.56750325	1.53877475	1.643776625	1.691508125	1.782878125	1.65660775	1.811440875	1.793372875	1.729620375	1.723405375	1.73356825	1.937607625	1.703768375	1.82842	1.48162125	1.735322625	1.67556125	1.484491375	1.562083875	1.744957625	1.680170625	1.68218275	1.6166375	1.565925625	1.72939975	1.472830125	1.736181	1.654443125	1.90675025	1.79973625	1.5665285	1.786361875	1.586596875	1.906605875	1.904475	1.806040375	1.568081	1.699413375	1.76570475	1.7346495	1.704890375	1.763101375	1.821691125	1.820805	1.8321995	1.631221875	1.797323375	1.825381875	1.80152075	1.7276065	1.743658	1.574527125	1.728278	1.794157875	1.6461125	1.716544125	1.68818225	1.678858625	1.72906875	1.607081875	1.683286125	1.82319875	1.602013875	1.755487625	1.937058625	1.521312875	1.584791625	1.867932125	1.77002425	1.771320625	1.51998925	1.8929615	1.825541125	1.60597975	1.628467875	1.694931	1.6316755	1.666574875	1.714878	1.790167125	1.5637235	1.69182975	1.826289875	1.748159	1.50946125	1.87089175	1.82771	1.772439	1.76134825	1.803856	1.74015825	1.81792975	1.71614025	1.827929625	1.504771	1.7228565	1.83073425	1.847712	1.723771	1.78514775	1.900070625	1.91142075	1.741809625	1.732691375	1.8031425	1.641517375	1.695164125	1.576238875	1.707761625	1.833614875	1.66274	1.82787025	1.761737875	1.629203	1.77530125	1.78715525	1.843094	1.794896375	1.74322675	1.916703125	1.694790625	1.61461875	1.811436625	1.535816	1.767749875	1.719042375	1.866209	1.849892625	1.629787875	1.704894125	1.73351975	1.835225375	1.74420675	1.759302	1.783053625	1.8256925	1.767456375	1.72475825	1.820202375	1.845279	1.721701375	1.630194375	1.494001	1.600376875	1.683879125	1.66671875	1.693073	1.5205555	1.733367375	1.902238375	1.858520875	1.653618	1.760158625	1.73689775	1.508856	1.713046125	1.742955125	1.702729125	1.65643075	1.802681125	1.51708075	1.820719625	1.76500125	1.80538275	1.60211175	1.880266	1.71113225	1.762239	1.741584	1.628132875	1.854978125	1.56384125	1.646633	1.8949345	1.9873955	1.6097495	1.76895375	1.652213875	1.767530625	1.661222875	1.793538375	1.586432875	1.596189375	1.649625	1.77705775	1.81760225	1.68801025	1.925698375	1.97947625	1.653038	1.520241875	1.743996375	1.695791	1.625896375	2.0121005	1.895397125	1.6024095	1.579269125	1.693480125	1.847046125	1.82117025	1.490941	1.605056625	1.66276075	1.691775875	1.66746525	1.778673875	1.8507075	1.607616125	1.743	0.021	1.1E-5	1.7E-5	0.161518261985
10	21	251	3.00437825	0.8259185	0.5561595625	0.41068303125	0.43407496875	0.0922021875	0.45757878125	0.131376796875	0.20034003125	0.32166640625	0.156936078125	-0.0219604140625	0.292719	0.1982464375	-0.29399090625	-0.172249296875	0.133006671875	-0.2827474375	0.136445625	-0.105888648437	-0.1462165	0.0879175625	-0.183659765625	0.0404224140625	-0.2425125	-0.210997875	-0.14978440625	-0.148519109375	0.154110171875	-0.0972519296875	0.20289753125	-0.3650844375	0.06763403125	0.17997959375	0.124978484375	0.109698984375	0.26402153125	-0.22006365625	-0.144061265625	-0.135267515625	0.174368625	-0.250126	0.131402484375	0.2466750625	0.173323609375	0.237126765625	-0.25382396875	0.15631290625	0.229058828125	-0.155063984375	-0.090618203125	-0.24084525	0.164063484375	0.146929734375	-0.10981378125	0.105831703125	0.115679765625	0.241278234375	0.1404164375	0.23725853125	0.0766331171875	0.25088934375	0.14103003125	0.1010665625	-0.1335034375	-0.17531725	-0.1412716875	-0.156974796875	0.168434078125	0.0900586015625	-0.1755995625	-0.191398125	0.1188670625	-0.333431375	-0.3673563125	0.160564515625	-0.150325484375	0.0789161875	-0.169615859375	0.160997390625	0.067197234375	-0.1714933125	0.220957359375	0.095192015625	-0.16306928125	0.116787523437	-0.162990234375	0.254596234375	-0.078429640625	0.15749478125	0.080091875	0.145820546875	0.21007284375	-0.26903103125	0.206986640625	-0.132046875	0.274643875	0.131390671875	-0.0622428671875	-0.13278884375	0.234463359375	0.119463070312	-0.176361921875	0.05424021875	0.199237328125	0.2779140625	0.0958870546875	0.36266334375	-0.22987228125	0.24372359375	0.208550078125	0.099978328125	-0.0859144453125	0.1503705625	0.239139703125	-0.1922720625	0.27977003125	0.305424875	0.14061725	-0.113739507812	-0.20769534375	-0.141608640625	0.16494925	-0.065786578125	0.0803334453125	-0.154543453125	-0.200398375	-0.19369234375	-0.282035125	0.149297484375	0.17852953125	-0.27855040625	-0.163420265625	0.117808234375	0.191918203125	0.41445840625	0.18593525	-0.223230140625	-0.216316828125	-0.18133225	0.25395921875	0.0736919375	0.12549759375	0.1408378125	0.108500273437	-0.180618234375	-0.1752205	0.28307059375	-0.139525875	-0.16568953125	-0.161816625	-0.0634241796875	0.293146875	0.21778803125	0.20703046875	0.1360013125	-0.20823209375	0.28961190625	0.195835796875	-0.197868046875	-0.204556875	0.0533129414062	0.13122215625	0.27368021875	-0.120582625	-0.26389009375	-0.178558125	0.233969296875	-0.0940295390625	0.29289934375	0.149050109375	0.196930390625	-0.127867492187	-0.122139414062	0.130535625	0.113385640625	0.297606125	-0.0825219921875	0.213630734375	-0.06785884375	-0.256240265625	-0.23761325	-0.19269146875	0.205648375	0.101938304687	-0.20761384375	-0.159864375	-0.13601409375	0.143682421875	-0.236670046875	-0.31811821875	0.175274171875	0.1924771875	-0.244809953125	0.2276800625	-0.0793487421875	0.160280375	0.25303803125	-0.09622834375	-0.114102039062	-0.18491840625	0.26395078125	-0.1904538125	0.21730996875	0.152309671875	-0.1561536875	0.14578971875	0.193705515625	0.168142375	0.163878625	0.074763125	-0.1357173125	0.108045367187	-0.30114421875	-0.09893253125	-0.120072796875	0.096702109375	-0.0863526875	-0.17996059375	-0.190206265625	0.112912742187	0.1320778125	0.33510678125	0.16052159375	0.25254046875	0.121076890625	-0.14601684375	0.1765576875	0.153786171875	0.12356115625	0.14025871875	0.125999539062	0.136777640625	-0.4158434375	-0.19152715625	0.17732625	-0.26772990625	-0.223550671875	-0.13434503125	0.173931109375	0.193570703125	0.24395465625	0.236659640625	0.0865148125	0.23457834375	0.14767834375	-0.0955860625	-0.12157684375	-0.190437671875	0.137161203125	0.15275175	2.96	0.2	0.075	0.007	0.187378277128
11	103	251	3.34184825	1.751229	1.683593625	1.49981025	1.504354125	1.53385	1.55395425	1.620139875	1.58630525	1.429136375	1.5606205	1.59409325	1.56500875	1.475716125	1.798484625	1.782909875	1.756332375	1.68925625	1.315621875	1.349837	1.602475	1.61980375	1.593879	1.389763	1.51772725	1.501897	1.653511	1.607517875	1.59928575	1.585012875	1.358477	1.634349125	1.5964765	1.628995375	1.432308625	1.497564625	1.521678875	1.61671375	1.531981625	1.569127	1.55249875	1.441836	1.5746325	1.58664425	1.649578625	1.546966625	1.52820675	1.6053325	1.47054475	1.426611875	1.555189375	1.488973	1.5300535	1.366342375	1.54294125	1.70106375	1.744949375	1.68207275	1.53338175	1.47524675	1.4329065	1.542775125	1.6544725	1.527209	1.56349325	1.65512125	1.61331825	1.711713875	1.60470525	1.4731235	1.527252875	1.673085	1.7864995	1.692519875	1.85553775	1.465596625	1.534412625	1.6545835	1.2802295	1.618497375	1.626440875	1.37791175	1.683085125	1.736506125	1.48875925	1.674178875	1.437052875	1.710444	1.486925	1.58421525	1.541268875	1.446287375	1.625308625	1.56858625	1.606329375	1.7454295	1.644826625	1.59238175	1.353356625	1.6040705	1.694901125	1.64422	1.699111875	1.627033125	1.585651625	1.827518375	1.649853375	1.790214375	1.613127875	1.4858725	1.635633625	1.497785	1.621342625	1.47204875	1.598851875	1.6033695	1.666004375	1.56289725	1.501279	1.64979125	1.601910125	1.573054875	1.747759	1.54793825	1.7911085	1.6529635	1.54626925	1.6317485	1.5940065	1.471238	1.6114895	1.521694625	1.6471185	1.625517	1.71691075	1.652414	1.808163	1.64117525	1.40076525	1.5147035	1.579457125	1.572242	1.512372875	1.681273625	1.528305125	1.742737375	1.4163715	1.4320815	1.667544875	1.582166625	1.26236825	1.7474285	1.552043875	1.558679	1.410700875	1.675725125	1.68012975	1.62005275	1.4437905	1.59791575	1.56631825	1.3534975	1.479239125	1.36425	1.6104295	1.479215375	1.499933	1.668233125	1.5267655	1.627774375	1.710419	1.579165125	1.4257785	1.793869125	1.683696	1.616719125	1.682103625	1.501467375	1.44918875	1.688671375	1.442780125	1.538951625	1.842879875	1.627313125	1.474198	1.329728875	1.357488875	1.502294	1.57575975	1.453867875	1.45284375	1.534131375	1.460837125	1.537068625	1.696574875	1.734304125	1.438719375	1.6238695	1.529511125	1.58766375	1.60471675	1.526488125	1.270362625	1.636154875	1.75450925	1.52501525	1.421895	1.711310875	1.685375875	1.5161915	1.69982225	1.56765175	1.661717125	1.634777125	1.675950125	1.60514425	1.644486	1.5106765	1.636521625	1.36674925	1.57756	1.386997	1.6476595	1.59668825	1.5187315	1.574034875	1.747095625	1.690819875	1.513590625	1.455085125	1.743528125	1.491418625	1.65929475	1.540434375	1.48637775	1.610402125	1.518890375	1.486263375	1.702399375	1.510451625	1.554932	1.569328875	1.758876625	1.577708625	1.499763625	1.52610575	1.498428875	1.6235475	1.369150625	1.787934	1.456998875	1.608	0.019	2.5E-5	1.7E-5	0.157990228742
12	98	251	3.26289325	0.8643066875	0.9093353125	0.9313256875	0.81162975	-0.34602603125	0.9169585	1.11839575	0.692492625	0.8969026875	0.8050875	0.8405694375	0.8300146875	0.721164625	0.93593825	0.7351455	0.895735125	0.9315275	-0.31959221875	1.0177485	0.811212125	0.925099625	0.8064314375	0.69468625	1.05157675	0.88452525	1.055016125	0.8005830625	0.8610163125	0.8777159375	0.860242	-0.2642965	0.7148640625	0.8617395625	1.0233075625	0.6849795625	-0.3650108125	0.853995125	0.846468125	0.9806631875	1.0107283125	0.9064665	1.036080375	0.9543605625	0.8366975	1.0542975	0.8076241875	0.7474836875	0.8985505	1.1046455	1.0370729375	0.8116755625	0.9527035	1.080870125	0.96736275	-0.3563920625	1.18298375	0.8555686875	0.92823175	0.9329870625	0.8343585625	0.9179264375	0.9379604375	0.9430415	0.839818125	1.003659	0.9149581875	0.8005405625	0.955258375	0.984223125	0.7375119375	0.9520136875	-0.183136765625	0.9568339375	1.1181665	0.8413106875	0.726159375	0.82625825	0.9030233125	0.875138625	0.9192686875	0.88764775	-0.33975525	0.861964625	0.92289775	0.7752650625	0.944027625	0.826992125	0.8645155625	-0.296838	0.792552875	0.7490243125	0.754969375	0.6799644375	0.899793	0.7992881875	0.920656625	-0.34178253125	0.862889375	0.845592625	0.9046165	0.77590425	0.8722415625	0.900994	0.89986575	0.986155875	1.100182125	0.699956375	0.910209625	0.9784485	0.9366214375	1.17157	0.8217805	0.855895125	0.9861684375	0.91184325	0.9445001875	0.9022248125	0.940267125	1.0556565	0.9429705625	0.7931039375	0.823392625	0.8650636875	0.8528514375	0.9232224375	0.8376358125	1.084754875	1.0246738125	0.915706	0.711039625	0.750677375	0.883869	0.9533883125	0.8328825625	0.9414111875	0.8885013125	0.825095625	0.8563109375	0.83704775	0.8111965	0.8044794375	0.933350125	0.862054125	0.8271931875	0.9000755625	1.053710875	0.89385325	0.89567275	0.726442	0.77412125	0.8966015625	0.9034188125	0.8464319375	0.8826745625	0.7948385	0.7202025625	0.860936875	1.014371	-0.37970740625	0.8987916875	0.777142875	0.8331394375	0.9605165625	0.75586475	0.9288554375	0.715281375	0.8949648125	0.81401425	0.8783404375	0.8738833125	0.8184175625	-0.3039906875	0.82342475	0.80319675	0.9692839375	0.8623679375	0.790632375	0.9462576875	0.59015525	0.9628703125	1.06700425	0.991787375	0.930521375	-0.21466128125	0.9335188125	1.0086355	0.80923	0.6672730625	0.8636074375	0.722636375	0.8735494375	0.705034875	0.860343875	0.995264125	0.997795	-0.38161275	0.9906454375	1.080218625	0.732596875	0.89077825	0.8249255625	-0.27133409375	1.06974325	0.814768875	-0.41310490625	0.8787459375	-0.24558115625	0.8392020625	0.804770625	0.9943801875	1.082868875	0.9129114375	1.107284625	-0.3494233125	0.8252953125	0.7494463125	1.00013325	0.9708059375	0.7044585625	0.790052625	1.117717875	-0.5395595	-0.372423125	1.0192005	0.861864625	0.9825735625	0.7476230625	0.6912715	0.9753680625	0.9647099375	0.8823973125	0.9786235	0.85905075	0.872268625	0.6564434375	0.808945875	0.841577375	0.8483531875	0.847855375	1.0053741875	0.8162679375	0.91482475	0.97846775	0.9328276875	0.751035375	0.8726785625	1.145128625	0.8123556875	1.049552125	0.780262625	0.852	0.049	9.0E-5	9.0E-5	0.371614582631
13	203	251	3.769465	1.52902575	1.906457125	1.605926375	1.820470125	1.985113	1.77184025	1.824828625	2.03828925	1.848467125	1.63149825	1.717255	1.7349305	1.851716875	1.99850175	1.63756925	1.6975465	1.829047625	1.87330225	1.674947125	1.851431375	1.9134825	1.8169675	2.02581025	1.65260675	1.84746775	1.803774	1.77362525	1.626869625	1.989558125	1.810992	1.731427	1.83287525	1.82611425	1.792231875	1.808637	1.8043265	1.842556875	1.7814655	1.63222475	2.11132825	1.912285875	1.731841875	1.969737125	1.724703625	1.7881225	1.669218625	1.813539	1.690182875	1.751057125	1.724194625	1.7268925	1.632303875	1.920599625	1.943924875	1.65589225	1.549811125	1.777384875	1.512954875	1.71576625	1.840369125	1.613639375	1.919333625	1.85802475	1.7218955	1.771118875	1.875726875	1.909175625	1.76617625	1.735643625	1.755456625	1.823923125	1.884032625	1.760424	1.7229375	1.615435	1.8463215	1.731930375	1.887311625	1.920572125	1.70035225	1.6580315	1.89752375	1.83066225	1.730462125	1.7762165	1.833780875	1.591717	2.06972825	1.60361325	1.739826125	1.772046	1.8741505	1.696219375	1.726387875	1.81580325	1.736935	1.81006375	1.984561375	1.806693875	1.60020625	1.772156875	1.779964875	1.550736375	1.741649375	1.800143125	1.937282	1.723936375	1.782949875	1.8935485	1.819961625	1.677701125	1.875414625	1.59494975	1.6950675	1.734200625	1.682584375	1.798856625	1.973472625	1.73204475	1.9338885	1.748389875	1.778001125	1.84623625	2.071986375	1.8003125	1.870669875	1.878666875	1.650934875	1.637315375	1.722511625	1.811585	1.96419625	1.88267325	1.828472875	1.861366125	1.694268375	1.86514775	1.820821625	2.035822125	1.777748625	1.7416415	1.87382025	1.8262795	1.800808125	1.659224625	1.899764125	1.807832875	1.6981675	1.782461125	1.856801	1.56560375	1.825415875	1.967525125	1.8350855	1.85252425	1.572866	1.759084875	1.851170125	1.729699	1.929428375	1.7467405	1.844695375	1.93099725	1.810876625	1.894400625	1.970713875	1.6858665	1.72910125	1.79781725	1.663927875	1.726833	1.9798075	1.750472625	1.794617625	1.809164125	1.699042125	1.739207875	1.7679855	1.755226375	1.824514625	1.703244	1.80067775	1.74514775	1.7089095	1.907372625	1.723819875	1.7865275	1.84699375	1.597148875	1.68792425	1.966980875	1.581447875	1.9826615	1.744382875	1.947114625	1.956204875	1.758144875	1.846253625	1.85837525	1.611560625	1.935089	1.602292	1.904232875	1.67534025	2.041635375	1.852954	1.80649275	1.861187	1.80270275	1.634044125	1.777315625	1.7036815	2.088109125	1.77597075	1.849414625	1.656829875	1.718388625	1.793349	1.662579	1.62712225	1.593964375	1.732682625	1.797523125	1.7332805	1.8117895	1.635118	1.747758375	1.824566375	1.6095515	1.71899175	1.717268875	1.907954125	1.634034875	1.61026575	1.68092725	1.7125975	1.825560875	1.735649875	1.73161875	1.840881125	1.74104075	1.828933625	1.803463875	1.76779925	1.716093375	1.716365	1.7644195	1.627840125	1.68748525	1.68121	1.835	0.022	3.7E-5	1.6E-5	0.166990048666
14	10	251	4.76924	0.881565	0.881228125	0.86639975	1.1874405	0.8064124375	1.125288375	1.021451125	1.13989275	1.15933875	0.756668625	0.859206375	1.03455325	0.9735705	1.052137875	1.048776625	1.0443143125	0.9081160625	0.9006955	0.990796	0.934136625	1.08087025	0.830407875	0.8577799375	0.9531535	0.9520789375	1.0500145	0.9269193125	0.9864616875	0.9171290625	1.105168125	0.9484099375	0.8921814375	0.985158625	0.92638225	0.9075731875	1.0248834375	0.72648175	1.024909375	0.9505560625	0.99826625	0.748867625	0.988210875	0.887662	0.952242125	0.8497964375	0.7280855625	0.8277498125	0.820884625	0.8548595625	0.8503605625	0.860359375	0.986615875	0.92402125	0.62939725	0.65927625	0.87656125	0.703229375	1.242191625	1.116524625	0.6514523125	0.70012125	0.811735375	0.7134764375	0.7661175	0.82119275	-0.206092	0.682078125	0.6419099375	0.7143096875	0.6067025625	0.9618295625	0.9377835625	-0.208931515625	0.8164825625	0.96064075	1.052727375	0.79600975	0.8854178125	0.6538683125	1.0040075	0.66405025	0.6813315625	0.7943151875	0.8124128125	0.84836375	0.736187	0.799445875	0.76722075	0.8708506875	0.7574040625	0.795772125	0.95537475	1.0228963125	1.060773375	0.9746725	0.8824455625	0.8852474375	0.802841125	0.726225	0.720188875	1.11988525	0.947963	1.06157675	0.786779	0.7518541875	0.7862375	0.875330375	0.7740644375	0.682353	0.7072773125	0.822308375	0.5892398125	0.7292011875	0.83200225	0.937195	0.805034375	1.13194175	0.9451201875	0.550430625	0.97329925	0.8395614375	1.0151155625	0.9398428125	0.91458375	0.982463125	0.895389375	0.893648875	0.816398375	0.852124375	0.63233625	0.9877726875	1.021535375	0.8276920625	0.7892956875	1.00953625	1.0102625625	0.6175314375	0.937425125	0.6996846875	0.9566873125	0.7934635625	0.9364876875	1.004541375	0.7683991875	0.80915925	0.89885425	0.894678875	0.9296275	0.9190069375	0.660256125	0.7760313125	0.863392	0.743940875	0.7433599375	0.823356125	0.750879375	0.77909275	0.9771855	0.7902771875	0.809995625	0.5845013125	0.96498825	0.9244278125	0.82114225	0.7565888125	0.7304325	0.837118125	0.9667771875	0.799135625	0.647169875	0.7243613125	0.743886875	0.82004075	0.937752875	0.8290518125	0.707865625	0.6457525625	0.5395979375	0.735899375	-0.235869265625	0.9616035625	0.7876055625	0.882926	1.00541775	0.721633	0.9733575	0.708234625	0.838377125	0.951657625	0.8318656875	0.8560169375	0.670124125	0.6395696875	0.802536875	0.69953475	0.8194703125	0.8507539375	0.8484205	0.772145875	0.784258125	0.8380646875	0.7293275	0.8375413125	0.893323375	0.943009125	0.7530978125	0.8572075625	0.748396625	0.71508125	0.9022014375	0.5739366875	0.662872	0.9118493125	0.8008985	0.9086930625	0.8577094375	0.971197625	0.81055375	0.9541891875	0.906239	0.8127638125	0.80408375	0.7917158125	0.8734168125	0.780066875	0.6965258125	0.597294	0.9221221875	0.7102845625	0.8016086875	0.8644695	0.9618081875	0.7702676875	0.683610625	0.8747098125	0.7844610625	0.6082340625	0.86329425	0.921081375	0.726188625	0.8053923125	0.81566925	0.9959138125	0.772008	0.8029383125	0.51324134375	0.7899549375	0.7816660625	0.80541775	0.943103125	0.981	0.04	2.3E-4	6.0E-5	0.294646267109
15	144	251	2.6730685	1.2235605	1.214714375	0.9729095625	1.287948375	1.18742925	0.85923825	0.9998945	1.1626015	1.049710125	1.264532125	1.1133	1.0337068125	1.27682975	1.299138375	1.18124375	1.243193375	1.261378375	1.048324875	1.092636875	1.0476315	1.07199375	0.966909625	1.287071375	1.0298668125	1.0154063125	1.3690885	1.349620375	1.2451215	1.236110625	1.19353575	1.282978875	1.20151175	1.129026	0.99582625	1.188461125	1.0091060625	1.2405265	1.14086575	1.074262125	1.1193695	1.049837125	1.233599625	1.18837475	1.08682975	1.215867	1.20060175	1.114798875	1.15315175	1.372090375	1.239311	1.274019625	1.239718125	1.009119375	1.224067875	0.8678649375	1.0760335	1.10564475	1.23303525	1.129695125	1.20815925	1.0277989375	1.00979825	1.253614375	1.1507815	1.157033125	1.214335625	0.8434738125	1.186741875	1.338318375	1.2261545	0.9838618125	1.024989125	1.13753725	1.26608075	1.318364875	1.1000645	0.99095325	1.0477696875	0.9469573125	1.20709425	1.270660375	0.99684525	0.8749944375	1.032215875	1.120191375	1.193604875	1.097278125	1.15316525	1.20569025	1.068520375	1.1988585	1.06162525	1.0172443125	0.9571455625	1.103716875	1.049293875	1.366461875	1.0347465625	1.207511875	1.1771505	1.1469445	1.031579	1.254187875	1.2110795	1.086576875	1.210340625	0.990143375	0.88597025	0.9311934375	1.0359229375	1.083771625	1.0082961875	1.1575355	1.056421	1.2251465	1.18922875	1.171779125	1.080804625	1.15911675	1.30750175	1.006787875	1.1924215	1.246401625	1.203859	1.23743425	1.0435933125	1.012839625	1.324591375	0.973270375	1.05399475	1.29751625	0.970449375	1.220561625	1.004855125	1.259513625	0.8421129375	1.31568225	1.156494625	1.009375375	1.2038395	1.239151375	1.143300875	1.21445525	1.141974875	0.8314830625	1.234491375	1.209509875	1.3007875	1.247753375	1.295187375	1.262869625	1.14926775	1.090560875	1.1597485	1.240134625	1.14169625	1.196552625	1.182618125	1.384169625	1.46048	1.227459125	1.35092875	1.16624125	1.326806	1.082225375	1.221989625	1.3183685	1.1043705	1.056202375	1.1470385	0.99261825	1.25640575	0.9975659375	1.201915	1.105821625	1.191874	1.080952625	1.184144375	1.08733225	1.280980375	1.171883625	1.280889125	1.134153	1.18368725	1.2802985	1.1297635	1.203131	1.238957625	1.13222825	1.363367	1.244497625	1.089459125	1.40769825	1.214998125	1.12579275	1.17913725	1.372207	1.359324625	1.3193795	1.160029	1.164374	1.099298375	0.971320625	1.266993875	1.132665375	1.15423075	1.222473625	1.095946375	1.079107625	1.118090125	1.143252375	1.0414511875	1.068059	1.18872825	1.0289761875	1.160814125	1.112848125	1.13664875	1.362048	1.20251425	1.151535375	1.162933625	1.13699	1.02859725	1.285754875	1.23964375	1.157395875	1.200290875	1.095342625	1.145912	1.152486625	1.1910785	1.368755875	1.189666125	1.1244795	1.17832925	1.188374	1.362534875	1.38657975	1.1502655	1.1006505	1.150043375	1.211748125	1.140546375	1.288225125	1.08029	1.02734725	1.4471945	1.207996	1.155305625	1.149	0.02	-1.9E-5	2.4E-5	0.15085295648
16	35	251	4.044716	1.891751125	1.838007	1.894549375	1.653515875	1.610619375	1.530124	1.614456375	1.337271625	1.144820875	1.301758125	1.2237505	1.07655525	1.146365	0.879811875	0.91889	0.9644205	0.6330306875	0.6866234375	0.602777875	0.5345585625	0.445716375	0.7250466875	0.46282596875	0.6293289375	0.6051349375	0.473432375	0.5469024375	0.321621125	-0.092279078125	0.34111571875	0.3992570625	0.47154275	0.4412964375	0.477343375	0.35999584375	-0.17790840625	0.33780053125	0.32796925	0.385194	0.43369940625	0.38086134375	-0.141347640625	0.374291	0.3262030625	0.24856628125	-0.3207464375	0.18521496875	-0.158565609375	0.27274375	-0.14768265625	-0.155321	-0.29762659375	0.24754446875	-0.0792884765625	-0.27033515625	-0.209617609375	0.22101590625	-0.255116546875	-0.165024984375	0.17571034375	-0.28806284375	-0.41776228125	0.20666671875	-0.1747955	-0.16033909375	-0.236998	0.33123159375	-0.22828615625	-0.238345734375	-0.0903543359375	0.2722909375	-0.22348103125	-0.43904559375	-0.09346540625	0.139261765625	-0.38702778125	0.28078503125	-0.148472890625	-0.091564890625	-0.222707828125	-0.137704984375	0.31414971875	-0.203628984375	0.16406321875	0.37513453125	-0.107331914062	-0.26533678125	0.27892309375	-0.203503546875	-0.34803840625	0.131639140625	-0.33333925	-0.2040568125	0.414627875	-0.1005195	-0.0746318046875	-0.103881414062	-0.23859753125	0.53040775	-0.104732226562	-0.27425890625	-0.185834953125	-0.46514153125	-0.31801671875	-0.271371875	-0.27585778125	-0.25447159375	-0.14625590625	-0.28177734375	-0.193870203125	-0.143101984375	0.134851015625	-0.322056875	-0.123814179687	-0.2708704375	0.40426846875	0.35846859375	-0.1531155	-0.35447309375	-0.259524671875	-0.31285759375	0.16875253125	-0.32837025	-0.113084898437	-0.38912315625	-0.48639134375	-0.205361171875	-0.23646084375	-0.102284914062	-0.3587994375	-0.3784631875	-0.100374320312	0.210466828125	-0.119239390625	-0.18059228125	-0.231038125	-0.28500721875	-0.18386315625	-0.209858	-0.204506828125	-0.215678453125	-0.336743625	0.183775046875	-0.14841028125	0.24037346875	-0.19786453125	-0.1982939375	-0.1663186875	-0.14057975	0.26871071875	0.187056765625	-0.219216890625	0.237431328125	-0.193855	-0.3353195625	0.15764521875	-0.258035609375	0.208375234375	-0.2709613125	-0.145427703125	-0.184255109375	-0.0258379433594	-0.147880078125	-0.159564421875	-0.18205140625	0.344013125	0.143363921875	0.19684765625	0.140270703125	-0.40482503125	-0.372207625	-0.39572971875	-0.250539921875	0.27663584375	0.34153121875	-0.26672896875	-0.128460289062	0.234298453125	-0.204702703125	-0.163340578125	0.227861328125	-0.33860596875	0.33079284375	-0.0923351484375	-0.088316859375	0.217949328125	-0.100985796875	-0.2976820625	0.16263046875	0.194940375	-0.15949565625	0.37756771875	0.219042171875	0.201359125	-0.268316375	-0.252597046875	-0.20961365625	-0.215575296875	0.29715540625	-0.1669208125	-0.193125125	-0.1326841875	0.11484346875	-0.203429015625	0.27891265625	-0.29530346875	-0.180761234375	-0.24770453125	-0.244219546875	-0.128255367187	-0.191859234375	0.241689109375	-0.27433625	0.19197265625	0.203917453125	0.09040003125	0.246021828125	-0.27666353125	-0.132927703125	-0.203094921875	-0.108125	0.2271131875	-0.109765335937	-0.24697653125	-0.150078234375	-0.28133134375	-0.27561890625	-0.14545875	0.120572617187	-0.2629924375	-0.2149091875	-0.3279841875	-0.239892078125	-0.27272375	0.104130375	-0.19415	0.31030621875	-0.121483445312	-0.28315659375	-0.412611375	-0.25099234375	-0.2915965625	-0.31657065625	-0.2828914375	-0.2059510625	-0.145853578125	0.178555546875	0.2848363125	-0.159815140625	0.116362179687	3.05	0.15	0.0152	0.0011	0.247418525667
17	149	251	2.4873685	0.92016875	0.957153875	0.9110778125	0.85256425	0.776489	0.953906875	1.066470625	1.0449138125	0.8833309375	0.723521875	1.0137651875	0.8418110625	0.674314625	0.8217973125	0.9062796875	0.6487615	1.0123878125	1.096592375	0.8643099375	0.993246625	0.8976659375	0.913610375	1.064361	0.8862549375	1.007664125	0.902756875	0.9283218125	0.911953	0.92613925	0.8145730625	0.839308875	1.0367665625	0.9608184375	0.9762559375	0.987516375	0.9507729375	1.022002875	0.980069375	0.892504	0.829936875	0.8920860625	0.79207875	0.93305925	0.7635293125	0.872382875	0.923708875	0.891676375	0.72166725	1.0273921875	1.057497625	0.9795395	0.766171875	1.006501625	0.94639075	0.9849076875	0.8181381875	0.980435875	0.884467125	1.1092225	1.0089775625	0.8864565625	0.99482525	0.9756131875	0.899952	1.0426654375	0.977710125	0.7077970625	1.144512875	1.07090825	0.969399625	0.85759575	1.0154974375	0.9260309375	0.748062875	0.8255965625	0.9410574375	1.06993175	0.835033125	0.9124811875	0.8575280625	1.0873535	0.8821200625	0.9927584375	0.727282	0.9747450625	0.957743375	0.9579264375	0.897097	0.8390123125	0.9023713125	0.64176	1.0904985	1.070949125	0.805308875	0.9842158125	0.881964375	1.125866	1.0111845625	0.964256625	0.7805489375	0.8565808125	0.9184679375	0.84405925	0.99324625	0.905185625	0.9113398125	0.897069125	0.841543375	0.8879100625	0.94090225	1.0758705	1.014878625	0.9950465625	0.89934	0.861597125	0.876277	0.91577725	0.6970224375	1.009526375	0.959669	1.176446125	0.9756391875	1.027908625	0.8866459375	1.028118625	0.872102625	0.9851830625	0.7664626875	1.085437375	0.9783590625	0.8241005625	0.9830019375	0.9038231875	0.861824875	0.8213645625	0.83352875	0.8283215625	1.0353203125	1.123844375	1.0817875	1.09434825	0.7603404375	0.9030848125	1.0192185625	1.114151	0.87711425	0.9647983125	1.134545375	1.100912375	0.872606375	0.84450425	1.026697125	0.573094875	0.792604625	0.816209875	0.8385444375	0.9729095	1.061457125	0.721935375	1.037608875	0.943050375	0.9376234375	0.8250288125	0.7360591875	0.821464875	0.705511625	1.0346058125	1.168490875	0.97662225	0.7591799375	1.0164528125	1.113817125	0.8382305625	0.9279240625	0.935046	0.8654513125	1.0143589375	0.896032875	0.8940168125	0.757512125	0.9216954375	0.9495805	1.0280086875	0.9081358125	0.7796785625	0.958881125	0.967117375	1.0069424375	0.7472745625	1.0225005	0.9236485625	0.8291415625	0.89514625	0.9897078125	0.702351375	1.0434029375	0.9238403125	0.8904444375	0.88302775	0.9361305	0.54759025	0.9579243125	1.048584625	1.0067171875	1.099445375	0.6941298125	0.840565125	0.941354875	0.87467225	0.887511625	0.8733194375	1.0338695	0.8706131875	1.10359175	0.937122125	0.94681775	0.666963125	0.7693204375	0.8422515625	0.8553198125	1.154342875	0.942144875	0.9692404375	0.954711875	1.0576935	1.0205270625	0.879842	0.7228246875	0.8741303125	0.888748125	1.110219	0.9601984375	0.738357125	1.0686495	1.0444515625	0.838838	0.8788798125	0.8858823125	0.8873989375	0.845135375	0.9704144375	0.7753535	1.1887145	1.080441375	0.9173939375	0.80118525	0.948132875	0.965734625	0.81617075	0.962431875	0.949	0.02	3.4E-5	2.8E-5	0.150425471864
18	146	251	3.02910525	1.707631625	1.732198625	1.72109825	1.402372125	1.5647765	1.63608425	1.71231925	1.741273375	1.697382375	1.324648875	1.586388375	1.670253375	1.742038375	1.532567375	1.436371875	1.7557135	1.755453	1.57683225	1.63627175	1.2367855	1.615102625	1.5764765	1.68924025	1.671643625	1.539198	1.580734375	1.647390625	1.648609375	1.53802425	1.596675875	1.524312875	1.62710425	1.7144895	1.76759175	1.598872875	1.695608375	1.675249875	1.657721375	1.686776875	1.703506875	1.554636875	1.754435	1.65608875	1.499429	1.494464875	1.640210375	1.506832125	1.704837375	1.56252275	1.693545875	1.49059075	1.619651625	1.58604575	1.543628125	1.68858975	1.693223625	1.60494	1.710200125	1.430046875	1.483772125	1.711656125	1.626128375	1.75895775	1.780792375	1.4367365	1.451364	1.68521025	1.533168125	1.53002775	1.60704725	1.573288625	1.4080445	1.55623575	1.665479375	1.580147125	1.40509275	1.674383875	1.5273215	1.697957625	1.6085235	1.383376375	1.675304625	1.64620775	1.732438375	1.790300125	1.693406375	1.673182875	1.60962825	1.596474	1.462861375	1.620669	1.525920625	1.421537375	1.829879875	1.753847	1.439308125	1.592853625	1.502529375	1.726151125	1.604848875	1.627500375	1.677550875	1.54189075	1.613413875	1.390603	1.8406705	1.56884675	1.51002025	1.504504375	1.648146	1.510591625	1.591467375	1.50794725	1.593004	1.7499225	1.609766	1.59178525	1.6555015	1.61344775	1.8198315	1.62677025	1.47478975	1.37802225	1.807993	1.715671875	1.56879425	1.91559775	1.642768125	1.726438	1.792272125	1.6457435	1.5456065	1.796986125	1.635332625	1.475702875	1.593027875	1.65403225	1.564259	1.53491275	1.62149875	1.686488	1.753091	1.5819365	1.413300625	1.717873375	1.572524125	1.553053625	1.39784275	1.492132125	1.59246075	1.426226	1.455246625	1.57572725	1.7754895	1.477718125	1.538758625	1.694912375	1.5936225	1.557448125	1.628610625	1.820223375	1.6784475	1.5226755	1.621845125	1.6763465	1.610173625	1.585773875	1.552626875	1.617341875	1.679440875	1.506908125	1.576501125	1.761812375	1.489506375	1.56616275	1.695853375	1.794967875	1.594918125	1.5881065	1.613314625	1.478963375	1.622405875	1.6760035	1.623990625	1.398941	1.3929735	1.67892275	1.77498975	1.48878275	1.508308375	1.523444375	1.563742	1.616771125	1.690148625	1.624344875	1.54502525	1.66619875	1.740780375	1.648606	1.779517625	1.68965175	1.494506875	1.455743	1.71129775	1.656311375	1.5991215	1.597636125	1.372882	1.608195375	1.529880125	1.400356	1.72029925	1.65694025	1.719456875	1.8712725	1.448230625	1.576353375	1.55063725	1.481395625	1.632396	1.640005625	1.71863475	1.72437425	1.456011	1.50230925	1.52949275	1.51042525	1.67171225	1.490835	1.512401875	1.51071575	1.5710155	1.553303125	1.724212125	1.659068125	1.39679125	1.74622275	1.601964	1.551946375	1.568590375	1.430477625	1.536120125	1.6078875	1.53080025	1.564873625	1.46445	1.626571125	1.711714875	1.432881375	1.38034675	1.646	0.018	3.7E-5	1.6E-5	0.141806236521
19	28	251	4.229184	1.69625825	1.68102475	1.761751375	1.8625295	1.62855625	1.77529575	1.815751625	1.741420875	1.6406725	1.792998375	1.9146685	1.571439125	1.6845235	1.94889475	1.786461	1.70718025	1.748360625	1.763700625	1.8769995	1.68647	1.747033875	1.79749325	1.660899375	1.66653425	1.570801	1.83787125	1.69746625	1.7054155	1.847938875	1.624419125	1.6202265	1.709440125	1.679169	2.07197625	1.47998125	1.763016625	1.693538375	1.59899675	1.617431	1.714204625	1.674989	1.815214875	1.696625625	1.7390995	1.513173125	1.67797425	1.5703405	1.69636825	1.596482625	1.665530125	1.734632125	1.67511575	1.635175375	1.6470555	1.566387625	1.491437375	1.5876825	1.67848875	1.744511125	1.567623375	1.6127405	1.6336485	1.591649125	1.640817625	1.508756125	1.39489375	1.5786375	1.68602	1.5592055	1.546736375	1.665431	1.550166625	1.476887125	1.75808575	1.624031	1.575276375	1.634041	1.76409575	1.642547875	1.61847875	1.538659125	1.674985875	1.5301465	1.50957625	1.494879125	1.49607925	1.714738375	1.59730475	1.64925675	1.759413875	1.64127725	1.573985	1.580700375	1.630864875	1.727966125	1.613744	1.630948875	1.539452375	1.596833125	1.341155625	1.438474875	1.5195635	1.6129365	1.475456875	1.509878125	1.539574125	1.426662875	1.495565125	1.503003375	1.428470125	1.283353	1.417497125	1.616521125	1.50413475	1.413842	1.505799375	1.6935965	1.610802375	1.497875375	1.42800325	1.695995625	1.79518	1.52458975	1.303671125	1.45336725	1.40475925	1.301754875	1.565445125	1.605106375	1.467516	1.3315945	1.533691625	1.551076125	1.406575125	1.546964875	1.316715375	1.24764	1.33453025	1.464278875	1.584172875	1.60438475	1.297869125	1.390671125	1.36320325	1.524383375	1.37186175	1.423508125	1.61615525	1.352607	1.511043125	1.35321325	1.28699325	1.5037905	1.497244	1.334956875	1.554614625	1.418246875	1.39088275	1.60220725	1.65028075	1.403725375	1.5215725	1.16963525	1.1848495	1.5608685	1.641341625	1.544891	1.368431	1.58977475	1.30735775	1.374453875	1.41624825	1.453790875	1.54416425	1.4522505	1.38544475	1.396579125	1.212777375	1.444563625	1.30584925	1.510504875	1.315285875	1.64579225	1.129616	1.485767875	1.315054625	1.492880625	1.397724125	1.386385	1.37995975	1.50491875	1.35178475	1.434490375	1.385784875	1.3330145	1.2845965	1.328388625	1.294354375	1.2484585	1.600738875	1.399818375	1.332608	1.363486	1.401875	1.400489375	1.440361	1.442880375	1.390142375	1.365008375	1.36592625	1.325228625	1.308644125	1.47245975	1.24998175	1.348806375	1.347395875	1.237188875	1.2182355	1.214179875	1.15953425	1.4102285	1.386900375	1.436262125	1.3093915	1.436633125	1.216010625	1.186782	1.38081775	1.40262825	1.476293	1.150922375	1.211485875	1.235536375	1.350796625	1.35623	1.253959125	1.312422625	1.3637405	1.298622375	1.077758375	1.2972345	1.238102125	1.483449375	1.133454	1.233769	1.284455875	1.118549	1.398652375	1.407550375	1.204741375	1.82	0.026	2.97E-4	2.1E-5	0.186774545003
20	37	251	4.3410135	0.107549054687	0.089836796875	0.203625234375	-0.14694671875	-0.30912771875	-0.17666734375	0.1220800625	0.2689798125	-0.185500984375	0.225742328125	-0.30865621875	-0.196598203125	0.147256046875	0.142044453125	-0.16165675	-0.260619375	0.1811965625	-0.15236815625	-0.32241140625	-0.2806688125	-0.247861234375	0.080785625	-0.29698003125	0.109694320312	-0.3336845	-0.2745180625	-0.16936946875	-0.28712753125	0.212390484375	0.101648765625	-0.1507631875	0.107019835937	-0.203262609375	-0.42286221875	-0.260050921875	0.259311203125	-0.33938171875	-0.2306735	-0.178537296875	0.122314390625	0.19279425	-0.101321523437	-0.27727365625	-0.0862047109375	-0.109560375	-0.203952984375	-0.189088171875	0.184600875	-0.257574734375	-0.147988171875	0.09627178125	0.1698678125	-0.173834828125	0.217192125	-0.3098273125	0.27480003125	-0.1981800625	-0.274411875	-0.1973365625	-0.170810703125	-0.21823425	-0.149882546875	0.148648671875	-0.247532828125	-0.073150890625	0.150707640625	-0.3672708125	0.34821721875	-0.33407553125	0.238645625	-0.117511898437	0.27157034375	0.137470828125	-0.201031015625	-0.253532921875	-0.119753734375	-0.141442953125	-0.15527625	0.13295509375	-0.18152978125	-0.203395765625	-0.183348546875	0.098163625	0.193859203125	0.34915590625	0.140696984375	-0.150712	0.134994375	0.11457025	0.186879015625	0.203898453125	-0.30690390625	-0.34549059375	-0.305808625	0.29876228125	-0.226755359375	0.30249353125	0.195576421875	0.0270373652344	-0.0893801796875	-0.185857453125	-0.1793065	-0.098378359375	0.22276328125	-0.2844396875	-0.199107984375	0.17362265625	0.164253546875	0.15205846875	-0.46304515625	0.23084484375	0.127651289062	0.358525625	-0.211851015625	-0.3103645625	-0.124084671875	-0.3671479375	-0.106196976562	0.22886884375	0.1656811875	-0.187156421875	0.2581423125	-0.1635809375	-0.166912984375	0.23076146875	0.09202590625	0.107208484375	-0.1809525625	-0.156061125	0.18619296875	-0.185184390625	-0.161594890625	-0.200354421875	-0.32984109375	0.3634878125	0.119295976562	-0.188057046875	-0.17356921875	-0.308555875	-0.23885103125	0.17541484375	0.1895685	0.25383109375	-0.194914125	-0.1885353125	0.0547938320312	-0.31039184375	0.215076078125	-0.180819625	0.150999578125	-0.26959121875	-0.205692734375	-0.259493578125	0.117927421875	0.0904966328125	0.19847503125	-0.342000625	0.08414221875	-0.182893734375	0.08222034375	-0.256806875	-0.22988190625	-0.163309	-0.13408584375	-0.30391153125	-0.17603509375	0.102754710937	-0.191976578125	-0.0537886367187	0.13690340625	0.1039575625	-0.192344375	-0.33118178125	0.21319434375	-0.2943430625	-0.367615625	0.159880015625	-0.20219175	0.230666953125	0.245048078125	0.12341559375	-0.221646328125	-0.2669193125	-0.177259328125	-0.212099703125	0.1979660625	-0.3225889375	-0.158152015625	-0.187045171875	0.148648859375	0.163457484375	-0.32910878125	-0.21604165625	0.089983546875	-0.242007390625	-0.257735171875	-0.103915515625	-0.0829938125	-0.22570878125	-0.33796653125	-0.05754553125	0.109568015625	-0.37036390625	-0.182880609375	-0.227503671875	-0.154591171875	-0.2987399375	-0.215550421875	-0.103181765625	-0.0809796640625	-0.106413679687	0.113465507812	-0.0961667734375	-0.34630234375	-0.14794903125	0.152005890625	0.2771615	0.145479453125	-0.190510046875	0.135631171875	-0.2407780625	-0.20441928125	0.0968270703125	-0.26457046875	0.0959344609375	-0.177897859375	-0.321146	-0.26488775	0.179060421875	-0.218371296875	-0.2687905625	-0.1630829375	-0.105315953125	-0.1403483125	0.229958421875	-0.11106903125	0.09178525	0.29213115625	-0.170457484375	-0.15491996875	0.196166328125	0.29605915625	-0.12964828125	-0.169631796875	0.2439869375	-0.215972203125	0.27527153125	0.2148625625	0.183400390625	0.1592193125	4.34	0.21	0.2	0.3	0.21387921052
21	156	251	6.6895055	1.744002125	1.520141375	1.415541625	1.70252825	1.781424875	1.84766	1.79414675	1.624906375	1.6906375	1.52314925	1.564244875	1.796008	1.589992	1.50222475	1.590603	1.562103875	1.572386	1.67022875	1.47349875	1.707685875	1.59013775	1.8020865	1.553008625	1.44024675	1.59770375	1.744718375	1.75188325	1.647832375	1.79407375	1.646182625	1.825844375	1.792462625	1.707635625	1.629460125	1.562125875	1.46429575	1.517103875	1.68199325	1.730777875	1.80961775	1.833071125	1.58713925	1.580381	1.788553	1.609582875	1.532371375	1.789013875	1.777940125	1.717774375	1.758430375	1.6195995	1.602128625	1.753048	1.755979875	1.59998375	1.86203425	1.5515325	1.804885375	1.795895625	1.636226	1.639419125	1.485213375	1.622886875	1.701638875	1.594566375	1.6883595	1.64824525	1.72809825	1.777774	1.67720075	1.694243375	1.713290625	1.60981925	1.631778	1.539473375	1.8813505	1.851206125	1.839164875	1.87250175	1.541881	1.781596875	1.70724675	1.7412555	1.791927875	1.5609135	1.586500875	1.705746	1.779123875	1.66787775	1.871135375	1.635323	1.658553	1.81071225	1.7931375	1.80045575	1.772628	1.795675625	1.601661375	1.705405875	1.750092125	1.696662375	1.568651625	1.62620975	1.6722695	1.849715375	1.626687	1.7020495	1.71476975	1.80229125	1.65487725	1.680758	1.688269875	1.75881225	1.785181375	1.583010375	1.748101	1.909097625	1.61770575	1.573886	1.933233125	1.557455375	1.513582625	1.730216	1.718528125	1.82960225	1.850479	1.80881925	1.72577325	1.782258125	1.778390375	1.63532425	1.87042425	1.8033905	1.7042	1.79041	1.871920875	1.58958775	1.591958875	1.59433275	1.900527375	1.745235625	1.913940875	1.871629125	1.81037125	1.7378535	1.67610225	1.574038375	1.754997875	1.46311175	1.74328225	1.853195875	1.892822625	1.60703875	1.641210625	1.616194625	2.007093	1.50928875	1.966401625	1.843108875	1.637675625	1.745600375	1.7139375	1.609101	1.7618355	1.650193375	1.67089675	1.77928875	1.819853375	1.858206875	1.77847775	1.70582875	1.849678875	1.85630575	1.797675375	1.666056875	1.807878875	1.83722025	1.701342625	1.946447375	1.731814625	1.814532875	1.767848	1.74500275	1.649218875	1.7181265	1.649565125	1.557569	1.84674	1.697465625	1.802631875	1.799381125	1.535943125	1.824486	1.9152485	1.732246125	1.776531	1.708734125	1.59809025	1.623545375	1.5652145	1.63752975	1.660769	1.62086325	1.708272625	1.514730625	1.624242875	1.802408375	1.727988625	1.653357	1.701341375	1.769684	1.776731	1.780961625	1.8030315	1.55837675	1.76832075	1.8127885	1.715855125	1.504649625	1.64396325	1.689123375	1.73094575	1.5137565	1.785094125	1.622700625	1.933326125	1.813254375	1.652537375	1.840921625	1.848588125	1.591928375	1.8649405	1.73239025	1.708465375	1.68269225	1.69831275	1.81441425	1.702248	1.704617125	1.66055525	1.386935	1.695718625	1.690956	1.63248225	1.554630125	1.52482875	1.77795925	1.558158375	1.55071725	1.845269	1.758	0.047	3.1E-5	3.5E-5	0.33360370088
22	34	251	3.40595825	1.301055375	1.387066875	1.4848235	1.475895875	1.475480375	1.599680875	1.291281375	1.543655875	1.33081275	1.391917375	1.371537625	1.426792625	1.55045275	1.769801	1.441979375	1.278151625	1.50495075	1.539290375	1.52677375	1.587521	1.581418375	1.4791715	1.355033125	1.41550225	1.566725625	1.40886475	1.508227375	1.34460825	1.477899875	1.493806	1.5288445	1.446085625	1.69097675	1.34993225	1.47346275	1.430039875	1.527487	1.40809875	1.477809375	1.2264145	1.504367875	1.32464975	1.4838305	1.603686125	1.474252875	1.42305675	1.273610625	1.427679625	1.444055625	1.32927425	1.43741725	1.590253875	1.2516215	1.322563375	1.441525875	1.38928775	1.46240975	1.507878375	1.587721375	1.427592	1.42087775	1.450664375	1.220156875	1.482108	1.508694125	1.51873275	1.32593275	1.330825625	1.499565375	1.398698625	1.422867125	1.278838875	1.400009625	1.378801625	1.424651875	1.435107375	1.559172375	1.52774875	1.4456695	1.40087425	1.466359875	1.32003525	1.452737625	1.601576125	1.2317685	1.369333125	1.527742	1.292098125	1.125740875	1.391949375	1.366601375	1.47997075	1.403798625	1.319951625	1.28481175	1.33791625	1.54450475	1.287404625	1.183262	1.551971375	1.373661	1.5410515	1.28202175	1.262605375	1.382957125	1.313022875	1.3737525	1.187191625	1.352668375	1.421616625	1.141695375	1.33632825	1.258775	1.449890125	1.402602125	1.329524125	1.2140815	1.24841425	1.41972275	1.20906625	1.35999875	1.048395125	1.271261875	1.454591375	1.296713625	1.391481125	1.11275425	1.178747875	1.3667985	1.4323695	1.257353375	1.259088875	1.181737875	1.32655875	1.14138625	1.503198875	1.244218125	1.15561075	1.473147125	1.264305875	1.344356375	1.389382	1.303322	1.173462875	1.371198	1.018189375	1.25308425	1.182743375	1.34513025	1.0260506875	1.197624875	1.251217	1.119772875	1.24084975	1.043556875	1.249215375	1.251307	1.289559125	1.183582625	1.3166535	1.304010125	1.0687935	1.125874625	1.131037875	1.3441375	1.2715535	1.149285375	1.193831	1.233816	1.308010375	1.251599875	1.106636	1.2148425	1.213830875	1.266647625	1.42684775	1.0311826875	1.215938875	1.193529875	1.267116125	1.0233426875	1.3526875	1.16485775	1.069234625	1.176441875	0.99182475	1.301936125	1.1775955	1.0941515	1.14961825	1.312583375	1.075291875	1.1422645	0.913473125	1.168739125	1.1759595	1.192660125	1.270748875	1.234528875	1.150837	1.314865	1.06897525	1.1316585	1.210488375	1.304977625	1.260013625	1.402954125	1.15280975	1.249339375	1.35769375	1.075853125	1.126783125	1.121236	1.4251325	1.0938975	1.171099125	1.22747475	0.9973333125	1.482652875	1.074965625	1.094649625	1.276583	0.9366170625	1.254865625	1.360643375	1.033613125	1.300198	1.27329975	1.09802775	0.870912125	1.0193658125	1.112825375	1.10196625	1.0339808125	1.248070375	1.071525875	0.9572666875	1.089494	1.267402125	1.069671375	1.17497175	0.8621660625	0.951194125	0.974121625	1.16629975	1.0080975625	1.0419165625	1.2285115	1.27497075	1.0121934375	1.559	0.022	2.86E-4	2.2E-5	0.164214500322
23	115	251	6.367889	0.24694221875	0.182429921875	0.123173179687	-0.1551005625	0.30207565625	0.170532453125	0.261513796875	-0.1197315625	-0.0644871992187	-0.29495815625	0.1366215625	0.110153320312	0.21611540625	0.132926484375	0.2881964375	-0.2559446875	-0.136833875	0.152187	0.28733215625	-0.14681125	0.24180340625	0.173967875	-0.193793625	-0.076480171875	0.115556984375	0.20777328125	0.10022378125	-0.0788171328125	0.112744867187	0.21612721875	0.23420396875	0.110287554687	-0.078867359375	0.30347009375	-0.0677143671875	0.16727984375	0.254004640625	-0.17601196875	-0.247373875	-0.16878571875	0.185625125	0.160243625	0.128018515625	0.288401625	0.18755121875	-0.222097625	0.166708125	0.256893484375	0.29883621875	0.22014590625	-0.0250891484375	0.2653090625	0.18848584375	0.2823675	-0.14915475	0.091435203125	0.19509290625	0.0714767109375	-0.1468326875	0.18274784375	0.11976303125	0.1176735625	-0.170377328125	-0.223546609375	-0.15006146875	0.2186375625	0.112960546875	0.122366390625	-0.15070284375	0.23532190625	-0.04777340625	-0.0527918359375	0.25600253125	-0.130717398437	0.128281023437	-0.174338171875	0.16391453125	-0.271892875	0.160562734375	0.1634821875	0.106842148437	0.0625691875	0.140554515625	-0.0431919335937	-0.126929859375	0.16915284375	0.220904640625	-0.092493046875	-0.085146203125	0.262099890625	-0.238827375	-0.0789295625	0.172114359375	0.19770665625	-0.04950078125	0.1299806875	0.175402109375	-0.087462265625	-0.34447959375	0.148530375	0.239812953125	0.0953609296875	0.27613990625	0.105143953125	-0.19469696875	0.16383521875	-0.16366553125	-0.0795123515625	-0.30364484375	-0.152143234375	-0.227579078125	0.33140428125	-0.175371765625	-0.1872395	-0.129379820312	0.176502828125	-0.177560859375	-0.15006159375	0.256695765625	0.122782875	0.204219484375	0.202111078125	0.317804	0.2540264375	-0.21987190625	-0.2973774375	0.2389798125	-0.211797859375	0.19025928125	0.25680815625	-0.161291859375	-0.183098296875	0.113738585937	0.15033359375	0.0605797382812	0.137419109375	0.07243434375	0.27083259375	-0.223646125	0.17838190625	-0.2382265	-0.0722909296875	-0.28172878125	-0.036441859375	-0.130199820312	0.32325934375	0.1982046875	0.26872096875	-0.0671636015625	0.2524525625	0.0827642109375	-0.0178991601562	0.29381715625	0.161969515625	0.20221959375	0.31394084375	0.2558385	-0.0516823515625	-0.108223789062	-0.237107515625	0.3168985625	0.1570883125	-0.148480328125	-0.26679625	0.138481703125	-0.20452878125	0.128875023437	0.2683446875	-0.111110242187	-0.102800125	0.197290515625	0.11635365625	-0.214677171875	0.221342640625	-0.1903181875	-0.128322078125	0.15499846875	-0.2134135	-0.0901816875	0.279569125	0.3232055	0.1361546875	0.0692422421875	0.228989296875	0.0673725625	0.27782746875	-0.114727523437	0.23126471875	-0.202059109375	-0.222018890625	0.209158109375	0.1428460625	0.113731921875	-0.109219023437	-0.258789109375	0.1508820625	0.0249773007812	0.089696671875	-0.278092375	-0.1169414375	0.34052775	-0.121428359375	-0.081155796875	0.1446108125	-0.18526803125	0.2031031875	0.196132484375	0.221022515625	-0.261481375	0.29353584375	0.27908790625	-0.2025540625	0.096346	0.104555546875	0.143322078125	0.40171703125	0.0873810703125	0.278736375	0.125591726562	0.133495828125	0.202896828125	0.21844434375	0.25684221875	0.127769375	0.132057453125	-0.0463564960937	-0.219445625	-0.13241409375	0.165811140625	-0.091889875	0.192394359375	0.113766640625	-0.1993493125	0.0703521796875	-0.0270485917969	0.16196125	-0.154705515625	0.105527171875	0.095634859375	-0.20221553125	0.124704921875	0.0928424765625	0.123963742187	-0.233804625	0.155747421875	-0.0358392304687	-0.3072496875	-0.0596813203125	-0.150123703125	-0.103909523437	6.37	0.19	0.204	0.045	0.188010130159
24	63	251	5.184919	2.40265375	2.31358975	2.22523725	2.18168925	2.2208885	2.19079125	2.03714275	2.324298	2.0486205	1.897391375	2.11490775	2.3127115	2.053993375	2.00948775	1.95080675	2.27331775	2.05611725	2.16829075	2.036772	1.97791325	2.14982	2.00557325	2.129829	2.013431	2.092435	2.39865025	2.195395	2.19820975	2.17968775	2.19576575	2.22952675	2.182684	2.2518765	2.24651375	2.29674125	1.991967625	2.18815375	2.14369625	2.087907875	2.06985475	2.2309685	2.1690235	1.98911575	2.41702825	2.1814135	2.1598145	2.17189725	2.20084925	1.995657375	2.071422875	2.221652	2.03482225	2.032529	1.982300125	2.18543725	2.17814875	2.100859	2.061613125	2.195527	2.0311815	2.124473	1.969687875	2.36184	2.03797575	2.17055375	2.19268225	2.0289015	1.8990215	2.043698875	2.02330675	2.064972375	2.13229	1.97833075	2.2621945	1.997363125	1.81884825	2.07861725	2.2249675	2.21839025	1.834175375	1.971505125	2.0581455	2.144419	2.0304565	2.16506875	2.22830125	2.080916125	2.1992675	2.138842	2.10377125	2.092830375	1.973823625	2.16004825	2.25184725	2.20769675	2.11806575	2.1667675	2.2214745	2.063284625	2.18984625	2.1457945	1.958534	2.265994	2.063926	2.324705	2.001613375	2.082351375	2.11409775	2.046449375	2.240578	2.089155625	2.18240525	2.072561625	2.014857375	2.4388585	2.0287905	2.16134475	2.3014965	2.28711175	1.93732175	2.02914575	2.06310375	2.006409	2.19038775	2.22604525	2.24857325	2.24643575	2.3369045	1.889648875	2.27601775	2.044511125	2.047895375	2.25864225	1.985951625	2.180018	1.974407375	1.95821575	1.993670125	2.13844675	1.977069625	2.27993475	2.08024625	2.104662	2.164159	2.17682075	2.091791125	2.0192035	2.22235075	1.977962875	1.92239575	2.22542675	1.868235125	2.339414	2.3135565	1.873230625	2.04587125	2.2537955	2.15882625	2.26854925	2.026439375	2.20230225	2.2616715	2.15657025	2.067437625	2.20049225	2.3121745	2.1636105	1.894833625	2.113134	2.17134175	1.999933625	2.092934625	2.1717395	2.21462825	2.1486345	2.25120225	2.05403375	2.087477125	2.12813525	2.22807725	2.25114625	1.956167875	1.987524625	2.088509375	2.18326075	2.0678815	2.045507375	2.228369	2.33110625	2.024208	2.17133175	2.109701	2.1065175	2.19413575	2.29673075	2.032574125	2.027027875	2.31776825	2.017845875	2.087082875	2.11561225	1.970109625	2.28795875	2.314349	2.07630525	2.11247925	1.9944905	2.304761	2.021790125	2.14751225	2.025663875	2.2908185	2.33054	2.187669	2.21671725	2.21489075	2.077176	2.02140275	2.043231625	2.27170825	2.18295575	2.21386675	2.17380425	1.95932675	1.997099	2.2173645	2.1804515	2.0973535	2.195892	2.25338675	1.944061	2.1009555	1.885905875	1.9778175	2.09368525	2.037037625	2.0167965	1.95612075	2.11554675	2.103477	1.999609	2.19833775	2.0026105	2.1350755	2.21034225	2.12633925	1.943041375	2.045087125	2.20180975	1.9291905	2.19	0.029	3.9E-5	1.8E-5	0.224672516226
25	106	251	4.391055	2.374317	2.50805275	2.41425275	2.122587	2.344502	2.180054	2.46149475	2.39090425	2.38602625	2.2614475	2.4502725	2.33038675	2.4211845	2.38873975	2.4333885	2.43260725	2.38329	2.20783025	2.27831475	2.293044	2.55204675	2.3084195	2.54117625	2.38257775	2.26851975	2.45419925	2.428955	2.39730775	2.42043125	2.29241025	2.48321825	2.40772025	2.26007325	2.1855995	2.39959475	2.3544	2.55465425	2.28768675	2.360413	2.31887675	2.49406125	2.5045625	2.5211285	2.3724885	2.23466975	2.2918265	2.2832815	2.39018375	2.43636375	2.5571565	2.31210975	2.469838	2.3819175	2.415362	2.42861175	2.559444	2.565741	2.3972445	2.37207	2.39647925	2.37491175	2.2675655	2.6030185	2.455789	2.437365	2.45641975	2.374627	2.2348915	2.34565425	2.3422385	2.35119275	2.46720875	2.3929015	2.2016675	2.51172925	2.50443425	2.45892525	2.29516225	2.41896075	2.021727875	2.54762025	2.55035725	2.347003	2.2601355	2.357349	2.42859525	2.45863025	2.4971275	2.344042	2.38721525	2.457295	2.43502325	2.4317365	2.46057725	2.57305975	2.412593	2.283149	2.4457235	2.70748825	2.30683475	2.2729005	2.13668375	2.369788	2.4533765	2.5638475	2.23295875	2.38436275	2.32566875	2.30506025	2.5981015	2.1398085	2.301054	2.329734	2.49805275	2.75626	2.45637675	2.44745	2.3050685	2.18590675	2.3396115	2.28956675	2.63900325	2.2187755	2.50879175	2.3631915	2.43694275	2.314493	2.49585825	2.3646275	2.36857025	2.239982	2.51984775	2.3727945	2.33348525	2.27968775	2.28120625	2.31666775	2.2076295	2.65477425	2.50239725	2.119388	2.28454425	2.4735785	2.46112775	2.29128325	2.5027705	2.3329145	2.33310975	2.49490825	2.55228725	2.42208225	2.2747265	2.2262835	2.495511	2.28998275	2.37516175	2.408885	2.38839775	2.33859375	2.414707	2.36571975	2.3137285	2.261926	2.5719135	2.335903	2.33162	2.44011425	2.47404325	2.4502995	2.58749125	2.66533825	2.378601	2.378634	2.31261775	2.45991175	2.2458145	2.19944525	2.44837575	2.39897975	2.37284	2.42670625	2.4378025	2.55635925	2.14785025	2.351196	2.253768	2.430316	2.53563625	2.325199	2.2656655	2.53251725	2.28698975	2.3506545	2.35935325	2.48824075	2.451055	2.5055205	2.36727225	2.48410575	2.2871835	2.324575	2.42020725	2.401899	2.32691675	2.34342275	2.51791875	2.38964925	2.31088725	2.45988975	2.47895025	2.1739805	2.39085775	2.17735675	2.141725	2.2681365	2.56889175	2.5415855	2.24629425	2.38769625	2.4455185	2.372273	2.29902925	2.56048675	2.32431875	2.5681585	2.458236	2.271661	2.4693485	2.2183465	2.42709625	2.55899725	2.313203	2.23394675	2.3050165	2.4784835	2.32227025	2.6195765	2.3915725	2.477994	2.77838325	2.53300925	2.34565575	2.277118	2.2805945	2.3991295	2.34766875	2.33167975	2.15473125	2.37219	2.481917	2.418	0.022	1.4E-5	1.2E-5	0.172841208204
26	105	251	6.0721075	2.8149765	2.75606175	2.8386765	2.79785225	2.82424875	2.76816675	2.76977175	2.890193	2.777924	2.73805375	2.816907	2.94301825	2.724685	2.7685555	2.72270925	2.840256	2.72827525	2.900046	2.63296525	2.689624	2.83400225	2.669565	2.71920775	2.8090755	2.82756775	2.914535	2.73097	2.9445385	2.90546675	2.724133	2.75302125	2.717531	2.81124075	2.793884	2.8419485	2.75701675	2.788503	2.769326	2.824553	2.6511355	3.00678275	2.7476255	2.60123075	3.02176925	2.73299875	2.72351175	2.94022825	2.75943225	2.7600285	2.67013425	2.8505715	2.64124275	2.66743025	2.673623	2.71930375	2.78699725	2.809941	2.8857485	2.83519125	2.6410535	2.80067425	2.782713	3.02623	2.794273	2.825006	2.673151	2.8714735	2.644931	2.71006875	2.81138525	2.6487165	2.854275	2.65814925	2.78620825	2.66578075	2.62175825	2.82532975	2.88012525	2.888785	2.684061	2.568429	2.7510895	2.63267575	2.70510425	2.8417515	2.9848975	2.66151075	2.64675125	2.90821975	2.678277	2.7993035	2.656319	2.75456525	2.945226	2.777157	2.7943535	2.80865125	2.82000825	2.77228	2.812565	2.76459175	2.625014	2.86104425	2.57335225	2.838226	2.7579225	2.6803525	2.8329595	2.75275825	2.81086425	2.794887	2.893971	2.76691225	2.65115675	2.940509	2.76254125	2.892503	2.96303175	2.75934775	2.64817425	2.68883325	2.75448625	2.69243075	2.785645	2.84384175	2.89560375	2.948277	3.01298325	2.61816	2.77691775	2.62417475	2.70375975	2.77072725	2.71356825	2.942448	2.63548025	2.6964065	2.711757	2.816521	2.60601775	2.839181	2.62682675	2.6990475	2.86372825	2.682378	2.7355395	2.718049	2.878979	2.7201565	2.572928	2.9111575	2.63042325	2.81462025	2.95261125	2.64988375	2.630599	2.884174	2.75598	2.794465	2.698526	2.73685375	2.952256	2.78765225	2.755608	2.76426025	2.852643	2.73839725	2.7303835	2.730741	2.88233475	2.642726	2.757025	2.92506225	2.83075475	2.908173	2.76894575	2.7267535	2.65439225	2.682877	2.96066675	2.76625575	2.56743625	2.78110025	2.79854075	2.91859375	2.72388925	2.8749305	2.78181075	2.8570465	2.629891	2.96843425	2.72906375	2.75922825	2.716285	2.89553825	2.67458525	2.7406495	2.9284675	2.59519825	2.85796875	2.85402325	2.654048	2.91686925	2.8049915	2.82737225	2.89127825	2.63582225	2.7900965	2.7139575	2.79410275	2.706423	2.9053775	3.0378285	2.72673	2.74837675	2.84197825	2.8682635	2.74972625	2.72655275	2.83400975	2.8093445	2.81640575	2.90560975	2.61218525	2.774267	2.9138125	2.81851675	2.73189275	2.808556	2.790454	2.7727385	2.7837555	2.64622425	2.72262575	2.70901325	2.70899025	2.75274075	2.59782775	2.9580385	2.7189315	2.65087	2.90026	2.65849975	2.81706925	2.83596675	2.8775425	2.79198375	2.6859785	2.82817675	2.63148475	2.833	0.032	2.4E-5	1.6E-5	0.229208695418
27	121	251	5.425364	0.926843625	0.692639	0.25333878125	0.4191179375	0.38844015625	0.4503018125	0.2955936875	0.3554245	0.30865878125	0.32720590625	0.240147625	0.3795531875	-0.200512515625	0.46684684375	0.299111125	0.25674890625	0.29462434375	0.20670215625	0.31838078125	0.23835778125	0.37440634375	0.46258646875	0.33267359375	0.3092196875	0.3963131875	0.16422678125	0.33714746875	0.4461866875	0.35643521875	0.232495109375	0.399235625	0.18263396875	0.30442765625	0.451755875	0.14238684375	0.3468619375	0.27847078125	0.51761475	0.1927988125	0.35578021875	0.4280980625	0.233306953125	0.33909759375	0.2190676875	0.3766016875	0.32316796875	0.38353178125	0.29259621875	0.264547125	0.37464571875	0.4609235625	0.4109595625	0.24815203125	0.300317125	0.323071875	0.3396193125	0.204635515625	0.36178478125	0.2865100625	0.20791228125	0.3843826875	0.3515315	0.187347421875	0.5254985	0.3589050625	0.170973875	0.33313915625	0.3928155	0.50378325	0.4149094375	0.321238875	0.18601325	0.38180521875	0.34636546875	0.283311	0.3230143125	0.151767484375	0.3482181875	0.46504965625	0.40372771875	0.41146303125	0.38765796875	0.513806875	0.44494440625	0.314275625	0.39735359375	0.35610134375	0.376225125	0.4462198125	0.319290875	0.2675594375	0.392106625	0.400520625	0.36714778125	0.5600013125	0.24076246875	0.46289540625	0.36056625	0.2762938125	0.2716244375	-0.0890655703125	0.36926015625	0.219938140625	0.33383575	0.38935615625	0.3236005625	0.384657125	0.35919753125	0.41422190625	0.259742453125	0.20792121875	0.45950734375	0.515271375	0.369626375	0.39626853125	0.3951179375	0.5113355	0.3960776875	0.4087131875	0.57351225	0.28115340625	0.35280453125	0.3024773125	0.23875440625	0.33406828125	0.535802125	0.43920815625	0.30632878125	0.3013701875	0.28143240625	0.4304910625	0.43921271875	0.3723039375	0.43389803125	0.3441463125	0.46699665625	0.34583740625	0.5160965625	0.15357084375	0.279774625	0.125060835937	0.5289013125	0.383806625	0.36282590625	0.30699934375	0.34891934375	0.4666281875	0.3235149375	0.3025400625	0.288200125	0.4544414375	0.5328408125	0.4599674375	0.221456765625	0.39218996875	0.384992625	0.2323595	0.47976909375	0.318755	0.35507775	0.48568509375	0.38641625	0.369143375	0.30843121875	0.40529540625	0.326640625	0.5339399375	0.2262136875	0.252464859375	0.31637278125	0.40570240625	0.39427490625	0.46810728125	0.3246928125	0.220597359375	0.38350634375	0.3341971875	0.20882796875	0.248168328125	0.1740990625	0.47782675	0.36411478125	0.28394725	0.3643723125	0.5065268125	0.329841125	0.34429559375	0.20965415625	0.551797	0.33318340625	0.46867946875	0.6592495	0.174247546875	0.270115875	0.32847175	0.24695025	0.247264328125	0.5233025	0.41580240625	0.34356496875	0.3438624375	0.4120293125	0.41037640625	0.2640921875	0.355708875	-0.148916578125	0.32764715625	0.41631553125	0.38632003125	0.43204425	0.26881453125	0.4809368125	0.20322475	0.19828896875	0.42576825	0.35357584375	0.37004753125	0.48830340625	0.4462595	0.39641490625	0.252423765625	0.375488125	0.51199971875	0.590295	0.3389025625	0.369313875	0.30740053125	0.539845125	0.6463081875	0.4177538125	0.41800375	0.6198199375	0.5357240625	0.314788875	0.227253796875	0.3030031875	0.4060788125	0.375554875	0.4099785625	0.42881365625	0.46037946875	0.41683784375	0.4858473125	0.2637228125	0.29102	0.2793396875	0.3298755	0.5732729375	0.33913515625	0.3884939375	5.39	0.37	0.103	0.014	0.366704180391
28	78	251	2.7693475	0.50781790625	0.34310775	0.3957023125	0.223913921875	-0.112220820312	0.450047125	0.4368349375	0.5436636875	0.597533875	0.38861015625	0.4773870625	0.26547140625	0.549969875	0.17553984375	0.166042640625	0.31530771875	0.4736730625	0.24283565625	-0.0860889453125	0.37628528125	0.27251359375	0.5025403125	0.291081125	0.3344399375	0.227829078125	0.35603915625	0.31394996875	0.51206946875	0.26204165625	0.42384415625	0.39939525	0.3024876875	0.36168990625	0.394706	0.22092965625	0.551189625	0.33589046875	0.299588125	0.383140125	0.29769509375	0.308871875	0.34507784375	0.19355796875	-0.195158921875	0.3608185625	0.56501975	0.4855833125	0.407736375	0.30699809375	-0.120056359375	0.35107003125	0.2852239375	0.48488725	0.2067680625	0.206074234375	0.4235415625	0.44590065625	0.320024375	0.3749301875	0.3648035	0.3446259375	0.54376	0.329907125	0.30373465625	0.49516665625	0.2847733125	0.38135571875	0.36991921875	0.363513	0.26659965625	-0.113062835937	0.29946675	0.40402746875	0.42045740625	0.3640274375	0.366136875	0.527058625	-0.167506	0.23411134375	0.27249609375	0.40068546875	0.34877821875	0.4545431875	0.5723579375	0.2886419375	0.187367625	0.5954066875	0.2986190625	0.33420740625	0.48977940625	0.49793053125	0.21982690625	0.50578125	0.3834638125	0.5227961875	0.577142625	0.44533796875	0.4025555	0.3882098125	0.403706875	0.52755575	0.38618559375	-0.0535851679687	0.33422415625	0.30918340625	0.22682728125	0.37862071875	0.37842675	0.373593	0.3792419375	0.23808971875	0.3912199375	0.219620234375	0.34050521875	0.569846625	0.46996684375	0.442114375	0.36947309375	0.34748690625	0.5414009375	0.5619049375	0.5289844375	0.30346878125	0.4406203125	0.42011025	0.47956625	0.212089703125	0.259593125	0.42766290625	0.40412159375	0.35371053125	0.45425640625	0.44580540625	0.34778490625	0.47355565625	0.40756146875	0.40766959375	0.3776766875	0.48029465625	0.355237	0.359032	0.239676703125	0.34688721875	0.4276073125	0.2903673125	0.39273121875	0.3173155625	0.24513253125	0.28843765625	0.2840860625	0.4407495625	0.31446928125	0.34099778125	0.2640219375	0.35020696875	0.26779503125	0.44340078125	0.421562	0.43565065625	0.133914515625	0.30727984375	0.40244546875	0.213770578125	0.290159	0.35246409375	0.27423696875	0.41889234375	0.348830125	0.184054109375	0.26585853125	0.4035633125	0.34267325	0.36101503125	0.31954021875	0.43485184375	0.1609341875	0.36313175	0.34060246875	0.39795453125	0.203716734375	0.211931421875	0.14292559375	0.32191265625	0.4314423125	0.433211875	0.3121068125	0.374147	0.18111528125	0.227540171875	0.389865125	0.3017173125	0.42769115625	0.3716713125	0.248596703125	0.2301921875	0.22662971875	0.252765859375	0.266382875	0.6031395625	0.388518	0.35903478125	0.249079859375	0.3177165	0.42616459375	0.30349521875	0.26592759375	0.325369875	0.41716959375	0.4077128125	0.375611125	0.44084203125	0.33605034375	0.33282709375	0.257935625	0.317571375	0.41433121875	0.48145496875	0.26937034375	0.3625849375	0.249406796875	0.46849859375	0.41571884375	0.371556	0.479864625	0.28164071875	0.28659228125	0.372002375	0.28394759375	0.36495996875	0.2276466875	0.39090325	0.30538946875	0.209195328125	0.4886471875	0.2656438125	0.3793230625	0.235980390625	0.33226965625	0.3199484375	0.2291874375	0.32129440625	0.39226003125	0.49881846875	0.27446090625	0.512581625	0.5615018125	0.4020740625	0.191210671875	0.33945990625	-0.208937484375	0.392	0.028	1.6E-4	1.1E-4	0.200041382521
29	166	251	15.163986	-0.4182123125	0.22724815625	-0.324749125	0.32871078125	0.280410375	0.47275375	-0.37947209375	-0.21910996875	0.155004484375	0.23817175	0.26987196875	0.37622890625	0.217671421875	0.38140203125	0.50484046875	0.21327428125	0.132126875	-0.27390803125	-0.4526585625	-0.24208840625	-0.34593309375	-0.144401609375	-0.2160073125	-0.184692921875	0.25263490625	0.19576965625	-0.214055140625	0.245451703125	-0.230016421875	-0.30831	-0.165825578125	0.182850453125	0.1439594375	-0.271334	0.36149803125	0.2869078125	0.43018996875	0.32675275	0.2639933125	-0.373948625	-0.16965978125	0.26517753125	-0.2776275625	0.29390675	0.32557321875	0.19802378125	0.39555365625	0.236161828125	0.4116055625	0.35961075	0.27841665625	0.124827640625	0.41249559375	0.574588875	0.15978278125	-0.37748265625	0.1443215	-0.232305140625	-0.306669375	0.174588546875	0.42954175	0.3676485625	0.185328140625	0.114367867187	-0.149560203125	0.2432548125	0.261375828125	0.3040748125	0.37353421875	-0.3074104375	0.28649478125	0.3235039375	0.0668889375	0.42600428125	0.43055715625	-0.210930921875	-0.36992665625	0.3607776875	0.33360771875	-0.13814521875	0.303281375	0.31132753125	0.34272471875	0.30479909375	0.1831010625	0.181323890625	0.14346840625	0.34602184375	-0.2623749375	-0.28655703125	0.16967084375	0.30467525	0.20145315625	0.2213360625	0.202549796875	0.48176796875	-0.16665359375	0.34103275	0.32984409375	0.48677503125	-0.088604546875	0.42455765625	0.179808140625	-0.5411970625	0.23269634375	-0.3665795	0.41319140625	0.28526009375	0.49133465625	0.26751046875	0.3553829375	-0.3774451875	0.24472059375	0.156469796875	-0.32789153125	0.278899125	-0.30910875	-0.38892796875	0.2915398125	-0.09128646875	0.210687125	-0.253688796875	0.120152921875	0.247594	0.1981964375	0.1876156875	0.2220521875	0.2474433125	0.083626359375	-0.147694546875	0.200520015625	0.160520953125	0.46324390625	0.22585159375	-0.39446971875	0.35070540625	-0.094061953125	0.30445815625	-0.29017165625	0.28654546875	0.3568460625	-0.320747625	0.162534890625	0.123490523437	-0.1142994375	0.192686734375	0.26479275	0.15406453125	0.3143974375	-0.1905221875	0.238179015625	-0.3019819375	0.238183296875	0.34478175	0.224384234375	0.525775875	0.231842875	-0.27277503125	0.2701250625	0.4733245	-0.30210525	-0.3035190625	0.169921703125	-0.3839793125	0.3145380625	0.074142484375	0.20960903125	0.3863813125	0.24755775	0.43530984375	0.189563828125	0.3811844375	0.205302234375	-0.46676121875	0.199823921875	0.189253875	0.246155828125	-0.2939168125	0.239413	-0.374439375	0.19456625	-0.213321515625	0.31886621875	0.301444	0.227023765625	-0.1437124375	0.195258109375	0.3396615	0.183097375	0.2841049375	-0.49042284375	-0.223144703125	0.27020171875	0.3809263125	-0.098325609375	0.274352375	-0.31211790625	0.214853453125	-0.254971109375	0.205692828125	0.20599209375	0.1543684375	0.1413165	0.158722625	0.17068121875	0.257123578125	0.28960384375	0.3211770625	0.161814453125	0.25895109375	0.2403061875	0.183538796875	-0.205178546875	0.30793384375	0.2954695	0.126169203125	0.16289475	0.24900375	0.23510715625	0.36762946875	0.248827296875	0.2888983125	0.178699984375	0.214449390625	0.261014375	-0.179653515625	-0.116750304687	0.138954625	-0.219573046875	0.3501585	0.40692509375	-0.629234875	-0.26861640625	0.33927928125	0.19121884375	-0.19558946875	0.43934409375	0.3257530625	0.14551396875	-0.26465346875	0.251382359375	0.196330296875	0.22692265625	0.170394984375	0.38865615625	0.22402090625	0.220088453125	0.132062765625	0.35184890625	0.0578587460937	15.16	0.1	1.9	0.0	0.286989769794
30	145	251	2.066548625	0.7917865	0.8819858125	0.8631910625	0.8338096875	1.097277	0.69999025	0.8758103125	1.038914875	0.7025141875	0.6619960625	0.865854375	0.889305125	0.593965375	0.9264675625	1.013475875	0.8836645	0.826821	0.7546563125	0.993424875	0.846711375	0.77081175	0.9202686875	0.894401	0.5675196875	0.7919381875	0.9319624375	0.7321991875	0.710746	1.05003425	1.071746625	0.78429825	0.83545675	0.750559125	0.9892789375	0.943130875	0.88410275	0.675525125	0.930975	1.0021009375	0.8139215625	1.0012020625	1.0080498125	0.8468155625	0.706588375	1.03203125	0.8875488125	0.9212868125	0.9106449375	0.8989525	0.7111765	0.7561075625	0.878208625	1.008712	0.9635391875	0.823605375	0.720385375	0.733423875	0.682646125	0.625403625	0.6111911875	0.84440675	0.92431525	0.761263375	0.7973975625	0.830354625	1.0249225625	0.9384054375	0.8949643125	0.8820773125	0.8553705	0.82541625	0.8355926875	0.9548725	0.87285675	0.722679125	0.722101375	0.5686563125	0.591004625	0.768878875	0.9535060625	0.78293625	0.703779625	0.773865	1.0514505	1.0378345625	0.72943275	0.790162	0.7743103125	0.9529035625	0.9713114375	0.783092375	1.0093111875	0.63597025	0.918202375	0.910197375	0.8981353125	0.8879225625	0.978002	0.7937449375	0.9773136875	0.7500279375	0.720138625	0.862121625	0.7871695	0.752497125	0.9262175	0.88157775	0.96777575	0.77394125	0.9566278125	0.7579624375	0.857663625	0.89012175	0.84554025	0.98482525	0.8833768125	0.8967486875	0.90507175	0.7741678125	0.58372975	0.80180725	0.9385729375	0.7808246875	0.9176050625	1.0137525	0.8609566875	0.6894104375	0.735540375	0.9983860625	0.6155744375	0.74789725	0.8703766875	0.8460068125	0.661647375	1.0251139375	0.8562840625	0.81163425	0.9157389375	0.99205925	0.5763275	0.75233875	0.879279875	1.05704425	0.8560926875	0.783057875	1.0303056875	0.9173825	1.056623375	0.6973439375	1.0512065	0.8471404375	1.0266099375	0.9206803125	0.8442985	0.729465	0.7686236875	0.6050845	0.8566	1.0393645625	0.850358625	0.8378468125	0.8677623125	0.8897274375	0.7238474375	0.8312519375	1.0429600625	0.84043	0.879544	0.690383125	1.0315414375	0.78205575	0.67238175	0.803978	0.8444941875	0.7979551875	0.7743535	0.9607784375	0.957900625	1.174242125	0.9048879375	0.8482543125	0.79203925	0.8503285625	0.9386560625	0.9058030625	0.9577168125	1.03264475	0.8359638125	1.01778475	0.92490525	1.078610375	0.894613625	0.9263183125	0.8562225	1.088863375	0.797379	0.93163675	0.872582	0.8609278125	0.9209069375	0.9243070625	0.97972625	0.9252704375	0.86491325	0.806613125	0.7852148125	0.680531375	0.663397875	0.787105	1.020329	0.832529875	0.9229506875	0.7846633125	0.6800196875	0.9516168125	0.779599	0.9177184375	0.920027	0.8455135	0.9862515625	0.877092875	0.7648055625	0.77675675	0.7590101875	0.946546625	0.8669068125	0.79211875	0.8192976875	0.9956848125	0.6952951875	0.65885425	1.0430618125	0.8008616875	0.7762744375	1.001482375	0.6661524375	0.733279125	0.95028075	0.84388	0.8999915	0.910481875	0.6892994375	0.91612925	0.672013625	0.8438675625	0.7941083125	0.8069348125	0.9208405	0.9458804375	0.6215268125	0.867	0.018	1.7E-5	2.7E-5	0.141069125275
31	101	251	3.83055875	1.3836265	1.69515475	1.612715875	1.5067545	1.678560125	1.808668625	1.34603025	1.4957995	1.574695125	1.354636	1.625574375	1.72486675	1.664747625	1.745926	1.587631375	1.627726	1.720815	1.714043375	1.397219625	1.654956125	1.623936125	1.4021325	1.537282125	1.263173375	1.497461	1.66301825	1.43439425	1.709559375	1.6680085	1.452538375	1.48747625	1.47992875	1.500696875	1.778771625	1.60905325	1.56911075	1.330594625	1.75726725	1.66856075	1.638105125	1.69795625	1.696635375	1.65702825	1.641173375	1.383423375	1.50146425	1.591230875	1.668359875	1.739391375	1.518702125	1.4070325	1.56715275	1.61436325	1.606494375	1.6354365	1.6567245	1.67572175	1.360426125	1.50368875	1.6778675	1.611726	1.621691	1.545177875	1.693218125	1.72016575	1.6008915	1.330978625	1.6378875	1.5975045	1.449379625	1.560206375	1.759213125	1.5100385	1.624163125	1.77360225	1.581467875	1.66915225	1.532619625	1.342588	1.632227125	1.512422125	1.61326075	1.718687875	1.69391575	1.583453625	1.480697125	1.716972875	1.61523525	1.58949525	1.572091875	1.4606975	1.526440125	1.62797975	1.378703125	1.48520525	1.45376175	1.749512125	1.629663	1.473984875	1.715741125	1.5518825	1.660886125	1.536712125	1.488373625	1.52851325	1.521990125	1.66850875	1.44446625	1.520677625	1.64474975	1.533496	1.647067	1.39035925	1.5234115	1.512190375	1.506904875	1.537638125	1.49920525	1.567752375	1.568453125	1.475864125	1.69986575	1.71025675	1.602794625	1.66869075	1.486835	1.628174625	1.481450875	1.596673875	1.675568875	1.593145	1.597982375	1.611682625	1.840486875	1.503588125	1.741634	1.612148875	1.503373875	1.617460125	1.472304625	1.52910275	1.59841425	1.613505375	1.619455	1.49484075	1.410728	1.6184885	1.525421625	1.584757	1.37807575	1.713520375	1.513400625	1.61503175	1.45824175	1.483383125	1.40572375	1.697132375	1.489004625	1.6398965	1.424684	1.378900625	1.527162375	1.575724875	1.66518275	1.62100725	1.462239625	1.571118625	1.481117	1.584247875	1.521976875	1.468248	1.552164375	1.496561	1.523268875	1.54742125	1.368966875	1.352484875	1.529207	1.489661375	1.697901	1.392790375	1.4959015	1.580224625	1.484823375	1.575263375	1.639126875	1.5438705	1.546658	1.668824375	1.399851	1.544262625	1.628978625	1.38111075	1.580386125	1.546043625	1.548576	1.50590175	1.504878875	1.544959375	1.41375425	1.401248375	1.649368875	1.52308	1.561602375	1.723801625	1.350993375	1.53255325	1.501103625	1.45944025	1.87527025	1.507414625	1.81286625	1.632953375	1.35296225	1.44960425	1.61258	1.588501625	1.707936625	1.83456775	1.500891375	1.492838375	1.621079375	1.657946375	1.554539375	1.3666315	1.60672225	1.49140925	1.405035375	1.456371875	1.538683	1.637598875	1.47349375	1.745375125	1.5563355	1.38331775	1.63910975	1.562927875	1.49521125	1.69559325	1.685032625	1.536366125	1.547403	1.57956525	1.6540015	1.443730875	1.421420375	1.482197625	1.58343175	1.6199735	1.588221	1.625	0.025	5.1E-5	2.1E-5	0.178450070953
32	109	251	6.5229415	3.19642075	3.57184075	3.490012	3.46612925	3.53054325	3.52093025	3.56742175	3.45530075	3.43617275	3.30925975	3.18301975	3.41883825	3.71831775	3.47390875	3.401169	3.30340625	3.30315675	3.255557	3.2978895	3.252687	3.39856125	3.519986	3.34961075	3.1335745	3.509259	3.5090945	3.3875355	3.5210085	3.277287	3.29412775	3.29266125	3.28256825	3.285553	3.39516525	3.51003825	3.41176825	3.345095	3.3315785	3.337828	3.55052375	3.2855195	3.40595125	3.337157	3.23384975	3.3388715	3.495613	3.505089	3.313203	3.297616	3.41082925	3.41475775	3.38855275	3.2937105	3.4617215	3.5451195	3.4419325	3.20654525	3.46027475	3.4162815	3.5293455	3.35816675	3.52598875	3.42509875	3.45246625	3.37083775	3.399435	3.4206255	3.23350675	3.48576075	3.48426425	3.47350825	3.531523	3.3078555	3.364682	3.38515175	3.640937	3.5493525	3.33256175	3.42328525	3.5066965	3.2516225	3.384241	3.4249545	3.47733075	3.6879295	3.454291	3.245116	3.51973475	3.43572325	3.434803	3.6371655	3.23003975	3.427239	3.56486625	3.50508775	3.42725525	3.392172	3.43552	3.36680725	3.32776025	3.45777225	3.39644475	3.38836325	3.39390875	3.468053	3.51477025	3.451354	3.38108175	3.3846435	3.4303995	3.3508575	3.58710325	3.26973325	3.461336	3.5030735	3.4098095	3.49436125	3.388106	3.448217	3.393134	3.50435425	3.487109	3.3180595	3.4783555	3.57054975	3.29737075	3.3205865	3.37799	3.21119975	3.3315005	3.32369	3.3876685	3.33783575	3.3753745	3.25687175	3.37277575	3.26041925	3.49324975	3.56432275	3.19947625	3.4011365	3.52618775	3.34743725	3.40989875	3.31890925	3.2614125	3.58107625	3.38384425	3.316402	3.2285535	3.329912	3.43375575	3.407908	3.4132055	3.112415	3.5092375	3.36072625	3.31097	3.475462	3.40022625	3.40551375	3.2316675	3.42542075	3.3300865	3.526153	3.52091775	3.099592	3.3760585	3.346979	3.53903875	3.53383025	3.2827125	3.40126725	3.23811525	3.570059	3.2801325	3.607699	3.4378355	3.377642	3.46606575	3.3648	3.48104975	3.383386	3.53736825	3.46874975	3.442445	3.593426	3.55377875	3.32951	3.3656605	3.25641475	3.5319605	3.3142385	3.31991975	3.4105155	3.591996	3.2253785	3.6307795	3.37773575	3.519617	3.45445575	3.59093675	3.4714775	3.61826625	3.28806075	3.33290675	3.61762225	3.57670275	3.336149	3.40871325	3.46136225	3.4687715	3.486751	3.424803	3.45292625	3.35984325	3.48267025	3.43250025	3.57224075	3.2813035	3.41307	3.461543	3.43389825	3.48972375	3.473122	3.4162445	3.5880415	3.51504	3.49462175	3.55661325	3.42912925	3.29851625	3.3277845	3.4275175	3.349794	3.6029455	3.5343265	3.452568	3.484354	3.59656425	3.40684925	3.28642	3.3943045	3.4881545	3.28680125	3.45432575	3.5038465	3.25208375	3.26910725	3.37955325	3.445	0.028	9.0E-6	1.1E-5	0.224206723032
33	53	251	2.60133125	1.3764905	1.223555	1.34816625	1.270337125	1.24824025	1.234619875	1.0107016875	1.0410483125	1.077794	1.094162125	1.0463210625	1.132812875	1.09844025	1.046968875	1.05185675	1.12616025	1.33098275	1.070237375	1.2625175	1.125796125	1.059847625	1.112797375	1.179755875	1.266853375	1.03858875	1.18985475	1.218450875	1.205787125	0.92663025	1.0185759375	1.15692925	1.189158125	1.079808375	0.94069925	0.9099815	1.232514375	0.9474814375	0.967018375	0.849865125	1.05167475	0.945347125	1.216968625	1.124953125	0.9265725	1.06456975	0.804902375	0.9409075	1.08210725	1.399727625	1.07444225	0.816739125	0.803547125	1.008548875	1.105231	0.8725684375	1.0002496875	0.7696470625	1.107635125	0.94705075	1.0594415	0.913504625	0.940012875	0.8547048125	0.773131875	0.88914475	0.8305605	1.013891625	1.013185625	0.9923874375	0.9108266875	0.8593144375	0.87930125	0.8266664375	1.04472525	0.871098875	0.8952646875	0.609987125	0.7784395	0.924998	0.792036625	0.7519435	0.848803875	0.8291975625	0.6645470625	0.8039791875	0.7213539375	0.8403434375	0.8782655	0.922726625	0.801558	0.86342225	1.049188	0.6628778125	0.90715525	0.7726395	0.9124709375	0.7949746875	0.8236305625	0.851386375	0.9943374375	0.7664836875	0.80708925	0.702097375	0.674728875	0.6706788125	0.7651996875	0.4277944375	0.6828590625	0.695033	0.7284223125	0.8484523125	0.6141115625	0.72737425	0.7121218125	0.7329848125	0.47943321875	0.8734385	0.853583625	0.9833110625	0.6927546875	0.933962875	0.7357540625	0.6803979375	0.832565375	0.5725094375	0.7689708125	0.7182558125	0.624513625	0.824075125	0.47750290625	0.610731	0.665764125	0.637837875	0.7093655	0.759929625	0.6682263125	0.4949393125	0.696299	0.5251715	0.7263245	0.51212315625	0.78164075	0.628010375	0.57440425	0.54320375	0.4403145625	0.7589766875	0.6372111875	0.531564125	0.6833905	0.751067875	0.729802125	0.574891625	0.7014583125	0.4844635	0.49347478125	0.36850709375	0.6324531875	0.62846525	0.5605945	0.49696928125	0.580740625	0.7185805625	0.71440925	0.4984275625	0.510602	0.6275245625	0.5315635	0.7874588125	0.789228625	0.6507290625	0.4970448125	0.4703145625	0.504715	0.43532884375	0.5959915625	0.55033825	0.704760125	0.47037009375	0.37870634375	0.41114621875	0.4608645	0.7075640625	0.565302375	0.7195034375	0.7046016875	0.8147694375	0.6923550625	0.4534181875	0.6950466875	0.30156596875	0.30819865625	0.43650990625	0.636912375	0.4998508125	0.7512436875	0.4732718125	0.55765625	0.57228275	0.50690028125	0.5393314375	0.6581511875	0.608843	0.50585825	0.4935380625	0.5347243125	0.3993675625	0.40486921875	0.53766475	0.679452375	0.49097846875	0.321113	0.6072763125	0.4603116875	0.570008125	0.49833353125	0.6091883125	0.4958839375	0.3167838125	0.243352390625	0.339411625	0.30290478125	0.295234	0.41167821875	0.479659	0.28145	0.544794625	0.46967496875	0.239958453125	0.623725	0.4119913125	0.3214310625	0.5638141875	0.24003325	0.47694765625	0.59126175	0.394653875	0.30465334375	0.446171625	0.3731683125	0.41666253125	0.28458334375	0.21436015625	0.43389828125	0.4516335	0.179682953125	0.4132200625	0.42325115625	0.252378921875	0.31272334375	1.282	0.026	9.57E-4	3.8E-5	0.145140784563
34	24	251	3.964581	2.4888285	2.410646	2.46434875	2.39068625	2.31526425	2.284776	2.39531325	2.47810275	2.50219325	2.43891225	2.519944	2.4588255	2.52743625	2.50582125	2.240813	2.4110095	2.14760575	2.26565275	2.35826825	2.28339975	2.35480425	2.56310575	2.343332	2.157216	2.39582125	2.45768975	2.23704425	2.40644775	2.4272415	2.2461985	2.37655975	2.2261235	2.242759	2.5170675	2.26681925	2.30900075	2.20621225	2.24675575	2.447357	2.19783125	2.30890025	2.30427325	2.2752985	2.4307915	2.28874125	2.22944975	2.46028925	2.42320175	2.24343225	2.14832375	2.36255875	2.3042035	2.29331075	2.43279525	2.18770025	2.3062955	2.2845835	2.337135	2.3374055	2.42871425	2.25610225	2.3300615	2.27595875	2.38877925	2.38383925	2.11198975	2.22441275	2.32936075	2.23119625	2.37908625	2.184105	2.39914975	2.48401325	2.4044585	2.14297975	2.44723225	2.268224	2.4195345	2.3854805	2.428546	2.31249725	2.19359275	2.2671135	2.218871	2.55603725	2.60923175	2.25541875	2.4183235	2.44704325	2.3339975	2.38310175	2.1623595	2.370867	2.63296875	2.206068	2.356609	2.4325145	2.4152385	2.24255375	2.066529875	2.28407275	2.47876575	2.22891975	2.5030985	2.39157925	2.28675875	2.4578295	2.28960025	2.281534	2.63629275	2.15049375	2.59959825	2.297381	2.5437915	2.18142775	2.38348875	2.2611115	2.431963	2.440581	2.4447455	2.43989825	2.4290255	2.16667225	2.429921	2.41226675	2.21196125	2.175322	2.35753475	2.4059835	2.43837325	2.4771885	2.40264525	2.41989275	2.162532	2.31349775	2.3089315	2.39606275	2.408983	2.1993875	2.259086	2.26449525	2.393309	2.35983025	2.36053875	2.4031455	2.369922	2.4183815	2.29758625	2.3202905	2.17245125	2.32497825	2.38377925	2.41819325	2.239861	2.18480975	2.33242475	2.227078	2.23043825	2.3297775	2.36170925	2.30112625	2.17344975	2.294365	2.137724	2.28390425	2.361776	2.18619725	2.20636	2.45271	2.49756575	2.37779675	2.25993275	2.2559435	2.32966825	2.50216625	2.401044	2.32534675	2.5006595	2.379898	2.298618	2.137945	2.34914475	2.20886625	2.1957335	2.4726945	2.4042025	2.452091	2.26109875	2.459193	2.29704725	2.36284525	2.26328625	2.250782	2.252128	2.31140975	2.5819405	2.3017875	2.50899275	2.36247925	2.42019125	2.40552375	2.57275125	2.41843375	2.552151	2.38090725	2.2737375	2.5030145	2.4423025	2.3128805	2.34407775	2.30122	2.212851	2.42990475	2.35221075	2.3877805	2.43103175	2.17425575	2.2756485	2.40844125	2.22040125	2.491164	2.4864805	2.2203745	2.3019665	2.30818875	2.33906575	2.485152	2.37855025	2.218818	2.337016	2.33710275	2.443788	2.302053	2.32313575	2.3396395	2.41989225	2.38282	2.27375775	2.47086	2.402927	2.300764	2.1743035	2.4071465	2.4491145	2.268317	2.3306695	2.18982725	2.35920875	2.344041	2.212835	2.375	0.019	1.6E-5	1.1E-5	0.148748602693
35	140	251	4.300624	1.285330875	1.348749375	1.547015	1.38421725	1.222042125	1.193362875	1.169611125	1.469367125	1.161279625	0.98970625	1.174396	1.206824375	1.262756875	1.1974285	1.22224075	1.14020875	1.110729375	1.116736375	1.186872125	0.958604875	0.96373175	1.0159218125	1.112046125	0.9462106875	1.069346625	1.09050625	1.13441025	0.8702855625	0.8651191875	0.9943094375	1.0116246875	1.001287	1.0034853125	1.074816875	0.9593761875	0.9317668125	0.824104875	0.8980749375	0.5793115	0.973255875	1.152439625	0.87618825	0.81878125	0.6699075625	1.069055625	0.807508	0.9010758125	0.7857340625	0.9213810625	0.8613293125	0.86021675	0.871996125	0.734573875	0.774743	0.7382885625	0.6746665	0.626312	0.6164010625	0.7847005	0.78567825	0.7060661875	0.796484125	0.539721125	0.6960204375	0.6014288125	0.805281875	0.8636474375	0.5787528125	0.55357075	0.6908714375	0.71743525	0.4747351875	0.5571951875	0.5681104375	0.7070506875	0.63277275	0.6964755	0.4465205625	0.40079484375	0.6662686875	0.606633375	0.4995028125	0.54811225	0.6448114375	0.6260173125	0.6250034375	0.4927369375	0.6377370625	0.6189	-0.121632882812	0.6044698125	0.64908375	0.56747675	0.6597304375	0.4290163125	0.43298575	0.5317206875	0.722338	0.443259	0.562247625	0.7633705	0.596069125	0.607275125	0.7969786875	0.361349	-0.25219340625	0.558124875	0.547504	0.36847678125	0.4894545625	0.43729109375	0.53139925	0.610854625	0.5313851875	0.42783265625	0.33190290625	0.3133820625	-0.126727578125	-0.155404484375	-0.0788831328125	0.46432715625	0.419347375	0.47678090625	0.424279375	0.244128546875	0.3972848125	0.54761925	0.463528375	0.4212565625	-0.24364165625	0.48086240625	0.4909621875	0.40636228125	-0.115322867187	0.41077675	0.4067176875	0.34792684375	0.212477	0.396022125	0.192981046875	0.35659175	0.204543828125	0.3677574375	0.174647234375	0.5072125625	0.552846	0.2706325625	-0.14795878125	0.34527984375	-0.20163565625	0.250658421875	0.3953558125	0.178605046875	0.29802346875	0.23908309375	0.250662703125	-0.138972484375	0.258309125	0.4136020625	0.270364	0.26975515625	0.3919760625	0.405414375	0.3044415	0.28229259375	0.241513203125	0.2668451875	0.241900046875	0.36444034375	0.2739375625	0.309637	0.32512240625	0.2029931875	0.32087090625	-0.0780087890625	0.334150375	0.246856609375	0.163639375	0.359561375	0.29547328125	0.14264565625	0.3611584375	-0.1539011875	-0.148780703125	-0.228004984375	0.2047244375	0.2963145	-0.14036803125	-0.0909271796875	0.31957540625	0.40283878125	0.177076171875	0.188575953125	0.18335290625	-0.13533146875	0.07928096875	0.330497625	0.29341065625	0.153880234375	0.255092484375	-0.0494033828125	0.3270370625	0.191798890625	-0.187301328125	0.113498921875	-0.2246425	0.151058625	-0.100636359375	-0.201574671875	-0.1998593125	-0.106723765625	0.168779015625	0.23699340625	0.263576375	0.18369584375	-0.20523228125	0.35160971875	0.2757249375	0.18129815625	0.388524875	0.17201521875	0.197301125	0.240620359375	-0.140484703125	0.0560557421875	-0.256272265625	-0.130604648437	0.179074375	0.2878129375	-0.12772959375	-0.202098703125	-0.218597859375	0.193085109375	-0.16475825	-0.106185710937	0.129314539062	0.0559377304687	0.12020321875	0.205961265625	-0.1960915625	0.178702734375	-0.125875632812	-0.181178734375	-0.26630678125	-0.19324678125	0.0953861171875	0.18062928125	-0.223158109375	0.36892103125	-0.1624665625	1.58	0.07	0.00254	1.4E-4	0.251791119961
36	89	251	4.606499	-0.077613875	-0.23680353125	0.0455833789062	-0.16355734375	-0.0501865	-0.201215453125	-0.336319625	-0.13539909375	0.17682190625	-0.204792	0.0982403125	-0.095018171875	0.099835578125	0.26367721875	-0.096842328125	-0.205487921875	-0.144869953125	-0.1484514375	-0.0917328984375	0.0111443515625	-0.100578351562	-0.1787410625	0.211505859375	-0.194759734375	-0.1785869375	-0.157384515625	0.172469171875	0.0915438828125	0.0599848203125	0.276357625	0.148193265625	-0.160144796875	0.324157625	-0.08581828125	0.115463929687	-0.1707151875	0.0481242851562	-0.097694078125	-0.2009609375	0.130898742187	-0.1475054375	-0.1520736875	0.144788078125	-0.22091203125	0.032259375	0.2643911875	-0.130269234375	0.13766796875	-0.29842834375	0.10303278125	0.14676828125	-0.2773230625	0.123512460937	0.043952953125	-0.180931875	-0.103566875	-0.218537875	-0.18650484375	0.220486765625	-0.2871781875	-0.192122046875	0.0810382578125	0.27104071875	-0.138724453125	-0.1854065	0.083195546875	0.216860265625	-0.18635359375	-0.0951107578125	0.0829323125	-0.244253125	0.0630389453125	-0.0504697460937	-0.24617021875	0.167191140625	0.117206609375	-0.125685546875	-0.31200040625	-0.30495971875	0.0957209609375	0.0720730390625	-0.1301298125	0.05254659375	-0.115899085937	-0.167782875	-0.21351475	-0.159693671875	-0.0707758125	0.096003375	-0.1321740625	-0.0811135546875	0.128144171875	-0.142440140625	0.1786493125	-0.160426171875	-0.107358148437	0.106456648437	-0.160369125	0.108038921875	-0.387293625	0.149910140625	0.178955953125	-0.0696160625	-0.31038534375	-0.06957084375	-0.133753046875	0.0357945234375	0.105116625	-0.0615182226562	-0.0411478007812	-0.1965923125	-0.188692265625	0.20431684375	-0.103956484375	-0.0983726015625	-0.115913210937	-0.220302	0.0385811835937	0.098979390625	0.036127890625	0.188567984375	0.071887671875	-0.145271953125	-0.21955159375	0.101164210937	0.0706774453125	0.106638789062	-0.157232015625	0.09694790625	-0.149656375	-0.1504321875	-0.3296241875	-0.16674890625	0.08736528125	0.1279416875	0.0540853554687	0.0988683984375	0.123228617187	-0.0863314453125	-0.19258546875	0.16800009375	0.2105078125	-0.122944945312	0.164177625	-0.221249875	0.21099275	-0.26107525	-0.167723625	0.176914046875	0.129290390625	0.10618975	0.214445234375	-0.1423498125	0.169749875	-0.39766496875	0.0595236914062	-0.2022879375	0.165270875	0.2354026875	-0.2352896875	-0.22832590625	-0.119085078125	0.1370126875	-0.134980796875	0.0598035117187	0.097441515625	-0.31082675	-0.20720228125	-0.236526546875	-0.0663595546875	-0.215599546875	0.056535796875	0.156128671875	-0.16395815625	0.1720783125	-0.13475153125	0.33000490625	-0.176129671875	0.116328960937	-0.1790269375	0.1123499375	-0.171636328125	-0.2251041875	0.3317156875	0.069181515625	-0.11240465625	-0.199537578125	0.223136046875	0.199372765625	0.26574134375	0.100926695312	-0.134908296875	0.16412984375	0.1618431875	0.0793623125	-0.0670661640625	-0.067597953125	-0.16996984375	-0.197141734375	-0.21792503125	0.166600546875	-0.052857953125	0.08477215625	0.0854393515625	-0.0405329492187	-0.1014301875	0.091941234375	-0.0807846875	0.2018881875	0.0375742382812	0.1036570625	-0.173860390625	-0.157801609375	0.0444372109375	0.121843765625	-0.154897078125	-0.17841084375	-0.203113484375	0.178741875	0.24232196875	-0.26283403125	-0.21167615625	0.0902097109375	-0.3681121875	-0.191741640625	-0.143934375	-0.176716515625	0.1214856875	-0.12686778125	0.102998835937	0.197205171875	0.0420378867187	0.186035578125	-0.0613509765625	0.129544328125	0.203318328125	0.146961625	0.0902838046875	0.230895734375	0.0151062041016	-0.171243421875	0.130908015625	0.0877746015625	0.113140820312	0.13236275	-0.19455034375	-0.12790653125	0.17617471875	-0.121827226562	0.1695445	4.61	0.16	1.6	13268.6	0.168054232755
37	20	251	3.5373355	1.60654375	1.737341375	1.731058875	1.5076685	1.567803625	1.61301775	1.753256125	1.53024775	1.84873875	1.500262125	1.643688625	1.692203375	1.470755	1.59057325	1.736314375	1.684467125	1.72896475	1.53499125	1.541362125	1.68231575	1.460821625	1.77019475	1.62787825	1.684191875	1.75386075	1.85329925	1.743273625	1.996783375	1.56840625	1.429170375	1.5426135	1.556608125	1.768087125	1.59895775	1.553074875	1.6143385	1.75292225	1.62111975	1.79515875	1.816641375	1.736711625	1.84590925	1.527959625	1.781645	1.917369875	1.701949625	1.69600625	1.801373	1.763335	1.726412125	1.529975	1.498959625	1.602269875	1.852222875	1.6612185	1.749814375	1.557426375	1.71347	1.747069625	1.741966	1.695632	1.587169125	1.544371375	1.75017825	1.474598875	1.573574	1.70269875	1.665367625	1.860727	1.737933625	1.6156095	1.568419875	1.564741875	1.8940795	1.52607925	1.707207875	1.656302875	1.693241375	1.799638625	1.7698835	1.71507325	1.566279	1.678582375	1.668109125	1.653207875	1.75407325	1.519875625	1.772789125	1.5632255	1.492880625	1.931271375	1.812518875	1.70727525	1.910050625	1.63217125	1.95562575	1.448888875	1.5188165	1.908368375	1.56177775	1.7418335	1.634639875	1.750235875	1.87116975	1.420052125	1.950199375	1.800822375	1.80017625	1.72632925	1.77393575	1.603660625	1.701262	1.551439375	1.728060875	1.82746475	1.652509875	1.694278	1.887811125	1.583525125	1.802822875	1.659461125	1.569580125	1.499601625	1.615987875	1.733605625	1.722207375	1.899376625	1.529194875	1.620067125	1.721185875	1.752786	1.716903125	1.548697625	1.607785	1.753233875	1.902731375	1.766776875	1.785526125	1.669158	1.594320875	1.68598975	1.565781625	1.767036625	1.741071125	1.956962625	1.729693875	1.44285075	1.7183035	1.763458	1.729293875	1.6486165	1.66084725	1.5443265	1.644843625	1.6277715	1.663651875	1.622852	1.728673875	1.42793825	1.7855	1.61843425	1.59992925	1.71301925	1.568722	1.656697875	1.64097375	1.755270625	1.6587225	1.516107	1.759603875	1.584749125	1.675508875	1.72330375	1.642501625	1.705995125	1.55303925	1.673087375	1.664143125	1.795584125	1.742350375	1.59388	1.542448875	1.64712275	1.68500275	1.521677	1.63820075	1.666342875	1.617444	1.654989	1.521634	1.59697725	1.554326625	1.6057245	1.64569375	1.6536275	1.665048125	1.79668	1.71668375	1.647407375	1.794083625	1.698222625	1.549103	1.621953125	1.84518225	1.7761895	1.56527725	1.726498125	1.560659625	1.459282625	1.76028325	1.680290875	1.6604175	1.635816625	1.528391	1.523873375	1.682800375	1.66785125	1.675266625	1.670081	1.843337875	1.684769375	1.660109125	1.814315375	1.724352	1.7224985	1.744012375	1.78829325	1.469829125	1.746020875	1.390671125	1.685343375	1.681768875	1.672387125	1.870357625	1.57637875	1.58089075	1.659431375	1.73391	1.595519875	1.432559625	1.613481875	1.68731625	1.490015875	1.808920125	1.645316625	1.667255125	1.7719835	1.57748875	1.687156375	1.7932315	1.712	0.019	2.9E-5	1.5E-5	0.163304559593
38	148	251	5.639809	2.24097475	1.94056775	2.016911	1.962142625	2.013482875	1.912292875	2.11395975	2.007916875	2.07135875	1.963662875	2.16037625	2.1902885	2.3037915	1.91056125	1.926231625	2.21345475	1.972226125	2.1516235	2.086166125	2.064281625	1.82541775	2.16296325	2.19010375	1.965365625	2.07007825	2.035923875	2.140698	2.102997	1.848288625	1.9573225	2.0981775	2.017233875	2.155793	2.00153525	1.84360775	1.98447775	2.13700975	1.83243975	1.944359875	2.01984125	1.7997465	1.849613875	1.897328875	2.05974325	2.277461	2.033327875	2.020838625	2.0577635	2.01678825	2.28557975	1.955348875	1.879550125	1.917467	1.968171875	1.871807	1.911936125	1.9902815	2.167158	1.944735375	2.20046625	2.111268	1.75141425	1.991351625	2.080089125	2.1032495	2.015129625	1.983622875	2.010885875	2.011878125	2.22086225	1.868513875	2.22492975	1.875574875	1.908229875	1.766810375	2.12250675	1.773816	1.939696875	2.0490835	2.080659875	1.954509875	1.99209025	1.8874085	2.039772625	2.121583	2.17233425	2.023529625	2.103918	2.03750675	2.086861875	2.1565915	1.986714	1.999214375	2.030204	2.093818375	2.081044375	2.091962375	2.15755875	1.952188875	2.11349325	2.078133375	2.016406	1.8575	2.01224125	1.98931175	1.948209375	1.944651125	1.989489625	2.15588	2.061834625	2.010899	1.92500575	2.04016825	1.897546875	1.919075	1.896767125	1.955556125	2.075023875	1.982675625	2.04588725	2.087762875	1.928585125	2.04238425	1.981428625	1.99235	2.01203025	2.01287375	2.05036	2.01262925	2.051265	1.921318	1.9183145	1.917964375	2.02737525	1.92793075	2.08563075	1.9628245	2.0708695	2.063229875	2.035735125	2.061295375	2.090361625	2.14787475	2.00374875	2.13539575	1.817706125	2.061409875	2.13165125	2.2487085	1.90677425	1.901052625	1.817937375	2.1492275	2.17594775	1.965070625	2.001403375	2.1929135	2.236492	1.872867125	2.2061665	2.013136875	1.886432625	2.23031925	2.105356	1.695124375	2.12131875	2.02533675	2.1504515	1.99736325	2.12118575	1.914253625	1.913554625	2.15329625	1.86710725	1.99183175	2.10830375	1.891750375	2.143809	2.22755275	2.1209465	2.011150875	1.993093125	2.04464225	1.984083375	1.907335125	1.931535	2.119177	2.194294	2.04335725	2.0616545	2.058788	2.035157375	1.8805745	2.2492095	2.027082875	2.082378375	2.02983025	2.07809975	2.064411125	2.197483	2.04175325	2.13265325	2.075516125	2.12462875	2.00165875	2.140411	2.10334225	2.132814	1.90375575	2.1270075	2.06783825	1.740524375	2.06114125	1.930048625	2.16698325	2.230608	2.18608825	1.981564125	2.053582125	1.93677625	2.09569825	2.052014875	1.9635265	1.978518875	1.8468	1.720668125	2.009969875	1.974595375	2.149017	1.955070375	1.958776875	2.17315075	1.975081625	2.28477025	1.755100375	2.13593925	1.96818475	2.09114075	1.903724625	1.931137125	2.11918775	2.09270875	2.001193625	2.024649875	1.849991	2.10410525	2.03331925	2.039578625	1.966554375	2.09291025	2.081	0.029	3.1E-5	2.1E-5	0.253538259591
39	23	251	3.050239	-0.095697484375	0.171004625	-0.31345878125	-0.093299	-0.135061078125	-0.2781065625	-0.27659946875	-0.07604334375	-0.255138578125	-0.16926203125	-0.23099484375	-0.1967026875	-0.0475237617187	-0.16265903125	-0.2810059375	-0.30543140625	0.145370484375	-0.20349509375	-0.25218790625	-0.41861759375	-0.26015565625	0.175349484375	-0.0818540546875	-0.172634125	-0.0420336679687	-0.111446882812	-0.177310890625	0.18070840625	-0.191682375	-0.3012871875	-0.225735625	-0.2844605625	-0.21691890625	-0.255720125	0.107886984375	-0.22833303125	-0.117410078125	-0.239075921875	0.101846554687	0.30304865625	0.0616402929687	-0.241586609375	0.127134078125	-0.165208453125	0.083799828125	0.193541640625	-0.221974296875	-0.112406648437	-0.259599	-0.31024609375	-0.25617471875	0.147239203125	-0.102443140625	0.164872921875	-0.261470703125	-0.215007703125	0.28344909375	-0.113995585937	-0.131985046875	-0.30157121875	-0.31277553125	-0.13779065625	0.27773771875	-0.20397453125	-0.27600128125	0.0979778828125	-0.226725125	-0.2678038125	-0.28672784375	-0.113258460937	-0.37534178125	-0.10957971875	-0.108516828125	-0.2005281875	-0.1839740625	0.179652328125	0.121007429687	-0.11830215625	-0.160423203125	0.148662328125	0.35214528125	-0.107136015625	0.170071140625	-0.1845276875	-0.14543340625	-0.1950585	0.1340819375	-0.0978977265625	-0.0805425	-0.1238116875	-0.2059186875	-0.132258453125	-0.0947107578125	0.26234446875	-0.248831046875	-0.175996328125	0.15521765625	0.1365568125	-0.26586775	-0.068421859375	-0.146490703125	-0.175513421875	-0.165541703125	0.190361609375	-0.0566982773437	-0.0911481171875	-0.2764314375	-0.127447773437	-0.36396696875	-0.111889914062	-0.32754853125	0.34551525	-0.20090671875	-0.1932011875	-0.093748828125	-0.110678148437	-0.160933234375	0.14052628125	-0.201814453125	-0.211615265625	-0.08914309375	-0.148677765625	-0.22745284375	-0.29387784375	0.220847546875	0.199844828125	-0.14520365625	-0.087354484375	-0.16060103125	-0.25276175	-0.24155103125	-0.29017275	-0.062255375	-0.244022609375	-0.129880859375	-0.151014125	-0.176013796875	-0.190056984375	-0.17121990625	-0.242300828125	-0.10777746875	-0.0610928085937	0.155027828125	-0.204273640625	0.223065828125	-0.15634953125	-0.0794955703125	-0.129539882812	-0.28318490625	-0.2502651875	0.10169021875	0.116902765625	-0.30858390625	-0.27761825	-0.31334384375	-0.26951284375	-0.0121635175781	-0.2116374375	-0.277302125	-0.130651148437	-0.307964375	-0.2729569375	-0.37268815625	-0.14718346875	-0.181009296875	-0.1553138125	-0.1191601875	-0.2722215	-0.163309046875	-0.110294757812	-0.20881471875	-0.20386671875	-0.142569703125	-0.3133018125	-0.0323225136719	-0.205324328125	0.193867828125	-0.096561828125	-0.198577046875	-0.22650809375	-0.17122771875	-0.1486301875	-0.35959409375	-0.122216828125	0.175465109375	-0.20911271875	-0.29850728125	-0.327681625	-0.12207134375	-0.18405459375	0.26905159375	-0.245404015625	-0.107416625	-0.101184929687	-0.39591965625	-0.1367584375	0.21670665625	-0.124275492187	-0.38564	-0.201489640625	0.117207203125	-0.23375525	-0.274783	-0.163882703125	-0.13367028125	0.097589015625	-0.250151390625	0.137858828125	0.206706859375	-0.2166840625	-0.20398203125	-0.133585765625	-0.242185890625	-0.1337234375	-0.20099975	-0.22075696875	-0.3995325	-0.18877165625	-0.16625446875	-0.34997675	-0.220820484375	-0.12599428125	-0.1251355	0.24385546875	-0.147951453125	-0.076201546875	-0.30439625	-0.17916796875	-0.294576	-0.2369566875	-0.3597653125	-0.125562046875	-0.114357851562	-0.2114815	-0.131696078125	-0.197181140625	-0.15327353125	-0.216316734375	-0.13818415625	-0.0990552578125	-0.3087191875	-0.18850409375	0.16118871875	-0.114615804687	-0.061496734375	0.112933296875	-0.123446460937	-0.127404992187	-0.253535984375	0.161167640625	3.05	0.1	1.8	0.0	0.206034792124
40	54	251	3.13677425	0.97252775	0.8214955	1.17470975	0.989369	0.89036725	0.9620083125	1.19367075	0.990276625	0.9435365	1.017852125	1.06449475	1.127788375	1.022322375	1.06395775	1.243750875	0.99500025	0.98351125	1.0793665	1.08587425	1.054809625	0.7218881875	0.9686633125	0.9512783125	1.09904925	0.58962975	0.899175625	1.13574825	0.844990375	1.097442375	0.986320875	0.9479599375	1.059966125	1.097583125	1.250123	1.079294875	0.919654	1.0532795	1.227210375	0.9732711875	1.135985125	1.06012125	1.19025675	0.965191	1.01136625	1.056628875	1.153047	1.00304675	0.9145920625	1.088574125	1.2399735	1.101285875	0.87336325	0.8040584375	0.8310375	1.097582625	1.1322805	1.137878625	1.0194234375	1.128188125	1.0051186875	0.980636	1.144595625	1.19384225	1.081646375	1.0370534375	1.038956375	1.0393491875	1.166411625	1.0274548125	1.093095875	0.8358344375	0.977519875	1.0482434375	1.18260125	1.138021125	1.10354	0.891870375	1.0058245625	0.996977	1.093062	1.0215946875	1.055049125	1.311903125	1.23067425	1.09003975	1.0225565	1.2057845	1.09612525	1.052155125	0.989308875	1.25077475	1.102499	1.069264	0.904947125	1.208685375	0.9458955	1.082892625	1.078283625	1.128985625	1.321605125	1.291404375	1.24356075	1.0245569375	1.33354775	0.91116775	1.174475125	1.08227275	1.113728375	1.158611625	1.11307975	1.23244725	1.0078265625	0.9225295625	1.276417875	0.9333233125	1.087523375	1.16620375	0.957269875	1.124559	0.8479535	0.9444555625	1.248107	1.297525625	1.0421235625	0.929143	1.042647875	1.149185875	1.174892	1.38654175	1.11091925	0.8827315625	1.03557525	0.981554625	1.143702625	1.205816875	1.152385375	0.9485775625	1.222655875	1.0154659375	1.0191661875	1.0311330625	1.10914225	1.103036625	1.153312375	0.7715564375	1.07563125	1.25189875	1.32027025	1.1747755	1.145324	1.050482625	1.163241	1.143914375	1.0283265	1.226875375	1.15674375	1.200537875	0.9380954375	1.254905875	1.118542375	1.139661875	1.050921625	1.3652595	0.9498473125	1.33261525	1.32074925	1.173032375	1.245620125	1.369902	0.9560551875	0.926677375	1.032132875	0.9240854375	1.0300091875	0.918860875	1.389862375	1.1218315	1.35782275	1.230777375	0.943233625	1.046058	1.346362125	1.179786	1.018477375	1.16216475	0.838688125	1.29183125	1.25099225	0.99246675	1.3294205	1.22368225	1.231713	0.9114449375	1.2235815	1.382437	1.291970875	1.312013625	1.18558925	1.1891455	1.21088975	1.0074634375	1.021414625	0.9502323125	1.132429125	1.201716875	1.205322875	1.135364	1.251263625	1.171234625	1.0389738125	1.063423875	1.173715625	1.120960125	1.2498055	1.26646575	0.9931754375	1.134081875	1.104916125	1.108330375	1.1213135	1.076206875	1.245227625	1.12682425	1.326413625	1.309262875	0.910047875	1.233295625	1.1715825	1.179101375	1.348303625	1.226589375	1.27897275	1.235893375	1.02057875	1.205105125	1.089404875	1.3291975	1.108480375	1.286821375	1.150928	1.068498125	1.161385875	1.149675375	1.2654035	1.403754625	1.488788	1.38742275	1.055204875	1.207905375	1.203226875	1.039	0.022	-1.07E-4	2.7E-5	0.18427124143
41	57	251	3.4896805	1.52064725	1.730960125	1.7128145	1.539496375	1.77633625	1.64915125	1.679336	1.68467575	1.676914	1.523885625	1.644777875	1.74441275	1.6001435	1.63413225	1.6467905	1.918051	1.613891625	1.551162375	1.57369725	1.757641875	1.8002165	1.623771	1.600709625	1.76605025	1.601453875	1.714374125	1.67025025	1.66556425	1.589929875	1.6900455	1.569752	1.877297125	1.901294	1.754902375	1.72116825	1.625144625	1.714547	1.895059375	1.60099675	1.482676625	1.691816	1.554944	1.852678625	1.596986375	1.78957625	1.629828875	1.4445835	1.635986875	1.78920375	1.77302275	1.731975875	1.705305875	1.637909125	1.60167775	1.825061875	1.66584075	1.70988975	1.636218375	1.51500975	1.65020675	1.691379125	1.6278645	1.61579325	1.736299375	1.67448825	1.7338235	1.768166625	1.903444	1.747722125	1.530378125	1.7884875	1.614619125	1.871378	1.740153	1.734564625	1.7758915	1.764830875	1.695306125	1.686104875	1.762895375	1.620595625	1.86247025	1.655878375	1.88680625	1.827448625	1.66336125	1.552436625	1.71381275	1.781976	1.88955	1.532034875	1.511446375	1.681562375	1.517053875	1.746749	1.7107365	1.784806125	1.63901175	1.648273875	1.701200875	1.77842925	1.486257625	1.652808125	1.516920875	1.708467375	1.7405415	1.68655425	1.688149375	1.719863	1.73590825	1.765699625	1.695223	1.69503675	1.592379	1.698869125	1.58429075	1.687149	1.71671925	1.8345175	1.822148375	1.745752875	1.689288125	1.80186675	1.751776125	1.61634775	1.69229175	1.797753125	1.656969375	1.755151125	1.6801955	1.861156125	1.866629625	1.839490125	1.801000375	1.72716925	1.6523705	1.55234325	1.677414375	1.527042375	1.464623	1.711102125	1.621914625	1.6909145	1.63518275	1.696660375	1.770510625	1.56360575	1.57204475	1.828512875	1.75689675	1.56855525	1.893175	1.55463575	1.81277525	1.6547185	1.795422625	1.73042825	1.658293875	1.642114875	1.86694	1.629137	1.56599675	1.63172525	1.80411725	1.814089	1.9289495	1.816900625	1.59778075	1.67693075	1.6632315	1.770560625	1.90223175	1.674032875	1.685821625	1.73070975	1.609359625	1.7249835	1.619706875	1.690663625	1.6903405	1.674023375	1.722672625	1.637245875	1.7024325	1.681296	1.927234	1.7297035	1.81452725	1.760469	1.77033425	1.600619125	1.508115125	1.7290785	1.670693375	1.69119275	1.746413375	1.866523125	1.839839125	1.5929535	1.893227875	1.77312	1.42089875	1.637316625	1.726862875	1.722481625	1.662787125	1.648257625	1.601421625	1.599011375	1.66584675	1.672542	1.6869655	1.42010575	1.796283375	1.840918875	1.57183475	1.598934125	1.6295895	1.697534	1.84275825	1.70037875	1.462076625	1.756999	1.68342875	1.770823375	1.73895225	1.683889875	1.682918625	1.644905	1.676297125	1.705263875	1.578391875	1.74880575	1.693727625	1.89099	1.89807025	1.7797885	1.772582625	1.8029355	1.68677175	1.481618375	1.747123875	1.5150225	1.80970175	1.684450875	1.830396125	1.727182375	1.6988905	1.5791105	1.70947675	1.712	0.02	9.0E-6	1.7E-5	0.153300376556
42	52	251	6.7390495	3.2491975	2.9174205	2.95868225	2.752497	2.9721075	2.753217	2.48719475	2.51284725	2.691005	2.40170675	2.5770395	2.41261225	2.52098375	2.44694725	2.45301	2.567108	2.3093345	2.58571275	2.2995245	2.288163	2.1706435	2.432103	2.3559435	2.329947	2.32618875	2.24771625	2.3565135	2.32470575	2.178049	2.21155175	2.44314975	2.39068175	2.453423	2.4202695	2.165454	2.58336725	2.33118075	2.3416345	2.47509225	2.237389	2.2671505	2.214191	2.458366	2.276074	2.3270485	2.42962175	2.38261225	2.07094275	2.35243375	2.35233725	2.33625075	2.294228	2.2661285	2.31913075	2.30310475	2.3757395	2.2478855	2.28806625	2.24206125	2.35321775	2.22046025	2.42412425	2.14278625	1.934329875	2.244549	2.109045	2.12053175	2.1564425	2.13187775	2.320714	2.097056375	2.1350455	2.10799325	2.2803945	2.13336375	2.292768	2.002251375	2.31793	2.00148	2.14864	1.8232925	2.16563025	2.24644325	2.1197535	2.234608	2.14738375	1.979195375	2.00639675	2.26505775	2.05956975	2.062846125	2.21453625	2.14100625	2.19682	2.2417825	2.2147905	1.9492925	2.15481225	2.06779875	1.939689875	2.087694875	2.16906975	2.23105375	2.18097225	2.041932625	2.22732975	1.989250125	2.328533	1.892554375	2.08488225	2.17373875	1.972684875	1.933967	1.835517	2.00580875	2.0223615	2.072275625	2.070556125	1.969113	1.98747625	2.060986125	1.982419875	1.924208	1.973039375	2.0276365	2.10495625	1.869115375	2.0305255	2.05615525	1.746223375	2.040181	1.854190625	1.925052375	2.172474	2.01035775	2.19718025	1.912685125	1.93114625	1.816230375	2.0245955	1.79319175	2.064568875	1.902395625	2.049327	2.047566125	1.90758625	1.9667855	1.921236	1.992499	2.025732125	1.81211175	1.939072875	1.869213625	1.9602155	1.994025125	1.92346075	1.788092125	1.973391625	1.852183875	1.8222225	1.804736	1.901033625	1.632824875	1.944337125	1.988499125	1.907365375	1.55360175	1.831835125	1.856401625	1.856138875	1.937961875	1.9779505	2.048441375	1.774679875	1.850959875	1.92462	1.851542	1.88159775	1.724971875	1.913929125	1.984482125	1.861582875	1.607548	1.939757375	1.6187305	1.83246575	1.676305375	1.749420875	1.63336525	1.770655125	1.867953375	1.850462375	1.814690875	1.68016	1.96323925	1.885764375	1.473553625	1.778212	1.764164125	1.70193625	1.633712125	1.59869575	1.78139425	1.706638875	1.929113875	1.800348875	1.689064625	1.741672875	1.778909625	1.580945375	1.8679195	1.7500795	1.82821775	1.631807	1.779087625	1.92389925	1.89803325	1.742558	1.642830125	1.813446875	1.757203125	1.7929015	1.62982775	1.8715465	1.70562175	1.80712775	1.5703995	1.70666125	1.702096625	1.407380375	1.732169125	1.7918105	1.64820575	1.72397825	1.467013125	1.71315475	1.8855895	1.861798	1.436740625	1.782663125	1.54679625	1.78430825	1.68295525	1.775732	1.441081875	1.360404625	1.4077435	1.671794625	1.681381125	1.459993	2.637	0.043	4.15E-4	2.6E-5	0.294778919516
43	43	251	2.59966825	1.0371051875	1.217886375	0.9002461875	1.062465625	0.88730075	1.065341125	0.9963106875	0.9469831875	0.6882828125	1.0073890625	1.1146795	0.93206775	0.987155	0.9482205625	0.8539693125	0.8123146875	1.093158875	0.87319525	0.996474375	1.131691625	0.9888993125	1.080440625	0.93082075	1.01740275	1.0047876875	0.9947751875	0.9733805625	1.002669625	0.9233555	0.950625375	1.0052489375	0.8613604375	0.95021975	0.9174661875	0.9387390625	0.98706325	0.9402911875	1.109654875	1.10656075	1.092953125	1.044759	0.968202375	1.0273479375	1.056517625	1.12856875	1.031438875	1.05118325	1.108073375	0.9810571875	1.127436125	0.9823545625	1.145148625	1.08995425	1.036178	0.8828258125	0.992476125	1.0738865	0.944052625	1.161650125	0.976284625	1.181954625	0.9510793125	0.91725725	1.093165125	1.12246925	1.09719325	1.0736945	0.900319125	1.023496125	0.943333875	1.038578875	1.005783125	1.07447875	0.8855634375	0.9879513125	0.9144666875	0.97244675	1.1491925	1.050493125	0.9462535	1.0030489375	0.8118848125	1.0050828125	1.045258	0.990604125	0.949900875	1.202561625	0.98323475	0.85255775	1.275313375	1.0062095	1.31856875	0.91819225	1.08876025	0.94562625	1.1302015	0.9649275625	0.8494619375	1.0152130625	1.0291930625	0.9404398125	1.158340125	0.936240875	0.9978404375	1.196312875	0.9758198125	1.130816625	0.93009175	0.94425225	0.8459541875	0.983664625	1.1186255	1.14825	1.06762775	1.12224525	0.817712125	0.956638125	1.20303475	0.930974125	0.956891625	0.919952875	1.084182625	1.06916825	0.9265631875	0.9981694375	1.092898375	1.0317048125	0.947803	1.0028299375	1.22286325	0.88720075	1.032265625	1.084607875	0.9863766875	1.00753925	1.135829875	1.0280338125	0.91344675	0.9069635	1.124827625	0.9004303125	0.8832788125	1.085785875	0.9431049375	0.9987175	0.8653998125	0.919538375	0.97378	0.7981870625	1.083645125	1.06876925	0.9859131875	0.9992464375	1.18902225	1.0273184375	0.979873125	1.091459875	0.90229725	1.060008125	1.121300125	0.998046	1.108522625	0.925036625	1.1591845	1.10403775	0.963347125	1.07964825	0.9346570625	1.0337293125	1.0731175	0.8421594375	0.8538999375	1.00077875	0.9735956875	0.95538	0.9278143125	1.051431875	0.7968135	1.205691625	1.08656475	1.0371540625	1.18077325	1.024476875	1.029493875	1.0111245	0.9778225625	0.966749375	0.9446641875	1.072474875	1.0083044375	1.03563875	0.9205584375	1.098727875	0.967343	1.209576	1.03063475	1.0294756875	0.932588375	0.89505375	0.9453954375	1.168575875	1.074279625	0.9451839375	1.195844375	1.167132125	0.96188075	0.988904875	0.832206625	0.8978591875	1.079655	0.9898404375	1.269328875	1.0082085	1.053616625	0.9822215625	1.07216975	1.016295375	0.9133629375	0.9385445	1.032318625	1.32030825	1.044298	0.9632015625	0.8888665	1.0173929375	0.98626275	1.092564125	1.163267375	0.89876625	0.9409425	1.06203925	1.070159	1.05696075	1.0119920625	0.965017875	0.9674103125	0.933228125	0.96694775	1.150517375	1.01911625	1.104548125	0.876409875	1.155946375	0.9856378125	1.0032393125	1.0034005	1.0100471875	1.051138125	0.8766098125	0.957510875	1.029	0.018	1.6E-5	2.4E-5	0.140495450375
44	142	251	4.0281425	1.95831325	2.05111875	1.8315385	2.07319775	1.763164375	2.14904175	1.974803	2.051131625	1.903436875	2.067926375	2.16574525	2.09313825	2.053235	2.03238725	1.91466825	1.927196625	2.04773725	2.11939175	2.087527	2.20347175	2.27602	1.991058	2.006079625	1.896658	2.094912	2.060624125	1.949386125	1.94737125	1.93373125	2.199309	2.031327	1.896296125	1.993066125	1.94278575	1.985642125	2.067982375	1.973069125	1.95714525	2.03265425	1.859558625	2.11147425	1.8398235	2.11936	1.97531925	1.9634025	2.187796	1.9917495	1.737213375	2.053419	2.1202755	1.812350625	2.214614	2.1137375	2.359438	2.1842635	1.9109275	2.086937375	2.0047635	2.02676025	2.09049525	1.86834775	2.088403875	2.00070975	1.9980095	2.055557125	1.85120125	2.166918	2.101825	2.074935125	2.0447005	1.8623055	1.937457625	2.155208	2.15712375	2.03538125	1.91280675	2.354182	2.004240125	2.066123875	2.1023875	2.07654975	1.973906125	1.905348	2.11943825	1.949489625	2.00314425	2.124069	2.048231875	1.924626625	1.970302625	1.832852875	2.15734575	2.1563445	2.098001	2.1559335	1.784267	2.12335675	2.024232875	1.9896365	1.95393025	2.03846325	1.942755	1.964387625	1.952451	1.924255625	1.952174625	1.906947375	2.18127225	1.90960025	1.915870875	2.010271875	2.0619135	2.00488525	1.872363125	2.3555545	2.04446325	2.027301125	2.182689	2.23255525	2.1280995	2.20978125	1.891409	1.8721935	2.280998	1.85508675	2.1230745	2.21477575	2.08638675	2.01438825	2.2537585	1.96142625	1.969509375	2.0297655	1.903059375	2.174521	2.173451	2.06359325	2.026126375	1.81928825	2.22276375	1.798016875	2.021188875	2.087833125	2.059763625	2.18396775	2.05139025	1.95270675	2.028894	1.856607625	1.9351205	2.161588	2.016747375	2.095789875	2.0835115	2.017318875	2.000962875	1.95370375	1.9666005	2.1659845	2.1380455	2.059339875	2.043019625	2.0100745	1.864526875	1.87766375	1.9393005	2.014374375	1.923630625	2.090139375	1.842812125	1.99284	2.001298125	1.986659875	2.12405	1.98991525	2.15059	2.24921275	1.770819375	2.11544125	1.942652875	2.031733375	2.16780875	1.967331	1.919448	1.9255	1.987982375	2.275982	1.991343125	2.019686375	2.065650375	2.17355275	1.94920575	1.818480375	2.0660365	2.02185975	1.89704775	2.019876	2.17262375	1.980340875	1.9939155	1.961443125	2.053358125	2.012406125	2.103393	1.990602625	2.12750975	1.957689375	1.979157	1.994044875	2.3057425	2.036256	2.072772875	2.24511825	2.16771875	2.042839125	1.896758875	1.979090375	2.073301875	2.063748625	2.04160225	2.050810875	2.019466375	2.02913	2.1113055	1.895649375	2.000257	2.055459875	2.084597625	2.11310625	2.003581625	2.114034	2.0787375	1.943587125	2.15672925	1.92326425	1.838647	1.862854	2.084128625	2.054212375	1.855747125	2.21253225	2.056798125	2.23605025	1.979403625	2.041344125	2.056949375	1.926786875	2.16274875	1.98463025	2.17748925	2.055	0.022	1.2E-5	1.5E-5	0.170025909407
45	47	251	3.72029925	2.028215875	2.0939795	1.848180625	2.065574375	1.92229025	2.2528475	1.92948675	2.04303525	1.956985	2.0403325	1.938185125	2.08345625	2.04356875	2.06264375	2.051544375	1.86961125	2.064942875	2.16164975	2.19366425	2.1852765	2.21171775	2.088913375	2.071953125	1.971513375	1.996954	1.763255875	1.98960525	1.8570975	2.0342605	2.1781115	1.775306125	2.0167565	2.10920675	1.93700525	1.772193375	2.057043625	1.98373475	1.954913375	2.043455	1.88112925	2.074845	1.79665275	1.990657	1.87438	2.00761775	2.01228525	1.851858125	1.824682625	1.88656275	1.969351875	1.77228125	2.070229375	2.09994875	2.18346825	2.06661825	2.082149	1.84461	1.923573375	1.93964725	2.209544	1.969893375	1.766745125	1.90686375	2.053753875	2.01656675	1.909308125	2.120688	2.01762375	2.209753	1.900269375	1.79740325	1.93880475	2.25297825	2.15286975	2.031940625	2.0346735	2.254875	2.056965625	1.946275625	2.10160875	2.14313325	1.89268825	1.933358125	2.168464	1.743635	1.955603375	1.9898455	2.025006	1.966247	1.928084125	1.831065	2.1501455	2.19428975	2.051996375	2.2002355	1.7682365	2.094611125	2.13636175	1.879890125	1.9750235	2.035092	2.05823375	1.91111475	2.001128	1.914599	1.807963	1.8732025	2.19715225	1.930588125	1.879597375	2.0272325	2.04667	2.060422	1.888888875	2.3286185	2.1787285	2.01731125	2.00445275	2.1965165	2.14093475	2.08171975	2.007555875	1.9670995	2.182589	1.777906125	2.111661	2.11184975	2.074549125	1.909391375	2.1802905	1.959971875	2.07321975	2.10171425	1.95925275	2.114974	2.03302425	2.05951875	2.000418375	1.685908625	2.15639675	1.826403375	2.04825525	1.942265	1.871518	2.20280525	1.7991865	1.934278375	2.004909625	1.7759445	1.92320625	2.062551	1.98042025	2.024214625	2.016894375	2.0219415	2.01775375	2.0268315	1.888856625	2.082979875	2.23106175	2.04689675	1.93132275	1.8616595	1.8320025	1.94512275	1.88596075	1.6774925	2.02025825	2.15145875	1.874635	1.990859375	2.029982125	1.918813625	2.1152425	1.966018625	2.115249	2.085697	1.802115375	2.19665625	1.871957625	2.12420925	2.012147875	2.08658975	1.85606375	2.05248975	1.869133	2.14087925	1.877890375	2.025530625	2.025266875	2.15241875	2.008427125	1.77533725	2.2192805	1.956034625	1.997436	1.960309625	2.16295625	2.063063625	2.08322	1.938195	1.91670125	2.00392475	2.10380125	1.945602625	2.035370625	2.014933875	2.075284375	1.942862125	2.2908755	2.10656	2.19597475	2.1524385	1.99463325	2.02780475	1.90658575	1.992449375	1.956498375	2.016932625	2.10373325	1.89260425	2.10098825	2.07719425	2.1892705	1.92651675	1.92217425	2.051839375	1.971201375	1.985709125	1.7638225	1.992357375	1.904157125	1.869056375	2.1809155	1.801017625	1.786387875	1.878567625	2.07416	1.889034	1.88770675	2.17541075	2.07214875	2.159196	1.888292875	2.11337975	1.999634375	1.9843845	2.189519	2.0375005	2.0709935	2.033	0.022	1.6E-5	1.4E-5	0.163623271941
46	137	251	3.565193	1.49401925	1.313911625	1.740078125	1.745914875	1.43993275	1.721069375	1.577610125	1.64875125	1.466528875	1.584770625	1.537843375	1.632169375	1.545142625	1.496982375	1.544621875	1.618050375	1.240744125	1.532131625	1.48158525	1.197577875	1.52057625	1.57624675	1.454726625	1.297614375	1.68254075	1.34744975	1.336025	1.335665125	1.401945875	1.202583875	1.313383	1.29076175	1.43094775	1.23675575	1.30296475	1.23295925	1.363062375	1.15873075	1.216913125	1.230549375	1.114768875	1.17431575	1.37246575	0.998364125	1.15876525	1.093711875	1.057803375	1.253555625	1.266912875	1.205544125	1.2572435	1.33900175	1.156183	1.1674015	1.08545975	1.0340135	1.205447875	1.327916375	1.0529445	0.9334285	0.987302125	1.299153125	1.14446875	1.09473075	1.216019	0.9050703125	1.159664625	1.11015325	1.145590125	1.010986875	0.8837565	1.09364425	0.9411566875	1.071133875	0.97220475	1.1271725	1.1119045	1.1759655	1.052756375	0.875005	1.087992875	1.12465775	1.064909	0.9029078125	1.25306175	0.962220375	0.9410083125	1.150131875	1.196840125	0.8869064375	1.076626	1.15936875	1.05100125	0.9922921875	0.859791	0.9365203125	0.9445966875	0.94106025	0.8519916875	0.8808601875	1.1073845	0.831016875	1.03203375	1.09501725	0.968806875	0.9323420625	0.907300625	0.8140933125	0.942859125	1.05193625	0.8941429375	0.7854125625	0.914439125	1.186533	0.993762875	0.8537665	1.0174568125	0.780252125	1.05676425	0.9840458125	1.051516625	0.917679375	0.979586875	0.834690625	1.01237275	0.6771925625	0.97867775	0.7300311875	0.88546625	0.8250068125	0.6919845	0.7471003125	0.7708639375	0.7571019375	0.7512666875	0.970672375	0.888840375	0.8825265	0.8315546875	0.84837275	0.8273350625	0.8101495625	0.9108825625	0.740101125	0.6632326875	0.817397875	0.7912084375	0.7005263125	0.64389375	0.6785615	0.9014598125	0.6506320625	0.696224125	0.671975125	0.6977091875	0.8703115625	0.887725125	0.806102625	0.8540080625	0.7084165	0.7245741875	0.777796	0.812551	0.870667375	0.7702135625	0.7169314375	0.9440606875	0.731526	0.762062	0.879015875	0.688705375	0.7523256875	0.7150601875	0.757426125	0.811058375	0.6531923125	0.6590621875	0.8035983125	0.82017325	0.7365295625	0.88535825	0.6760566875	0.732447625	0.8002184375	0.7658095	0.6822548125	0.6470914375	0.7598650625	0.727504	0.8451144375	0.710517375	0.49088715625	0.8651636875	0.769057	0.90501825	0.7155058125	0.801387	0.6486960625	0.461026375	0.852554125	0.84463175	0.664541	0.7610423125	0.682749375	0.826095375	0.5478429375	0.663726125	0.5812055625	0.52052759375	0.454076375	0.5904511875	0.5382026875	0.613201625	0.5818511875	-0.0404513984375	0.6202995	0.792415	0.5913330625	0.53614425	0.7722555625	0.5759810625	0.802897875	0.6333800625	0.6976883125	0.5484454375	0.5168736875	0.6632	0.6128756875	0.654340125	0.632213	0.5879406875	0.527777375	0.4620115	0.6025044375	0.8519689375	0.7237479375	0.7260905625	0.529179875	0.70889975	0.5382958125	0.7957920625	0.752789125	0.5779079375	0.569538625	0.734491	0.578793125	0.6021693125	0.4502605	0.6356225625	0.49903634375	1.579	0.029	8.84E-4	3.5E-5	0.176521098057
47	246	251	2.3247925	0.9300676875	0.829346625	1.0438446875	0.869303	0.9190465	0.965284375	0.793868625	0.925743625	0.9454764375	0.91651425	1.120244375	0.808591125	1.003755125	0.80964625	1.138874625	1.071842875	0.9852785625	1.00762725	1.205111875	1.1655935	0.951452	0.9406711875	0.736410125	1.101023125	1.057908125	0.8296479375	0.8570966875	1.046736875	0.9233350625	1.003924625	0.812544	0.9652535625	0.842324125	0.945689375	1.182795	0.9371285	1.051365875	1.15954275	0.628841375	0.8045254375	0.750379375	0.930492125	1.1534295	1.16233375	0.9405673125	0.9922614375	0.892652875	0.836334	0.913993125	0.870835375	1.1532565	1.149473125	0.8787888125	0.9208860625	0.968488375	0.973905875	0.9975265	0.942998875	0.912251375	0.8221150625	0.7086580625	1.064620375	0.920307875	0.94894875	0.8812930625	0.870105875	1.09178625	0.851486375	1.08187125	0.9179750625	1.061545625	0.695257625	0.93449025	0.96384975	0.843071875	1.0909305	0.7798239375	0.8437528125	0.8746866875	0.913104125	0.968929375	1.001502625	0.826693625	0.8350594375	0.996725625	1.18347975	1.2553555	1.127551	0.8880443125	0.90361725	1.0158478125	1.247483875	1.0101175	1.064709625	1.0242286875	1.0857105	1.011455	1.226683	0.901902875	1.166094	0.8981978125	0.9170229375	0.931246875	1.17639875	1.121745625	0.8849415	0.685286625	1.107371625	0.8967441875	0.989159	1.0910985	0.7805195625	1.060544875	0.907971	1.0104711875	1.07047575	0.956293	0.9790738125	0.8293340625	0.7934314375	0.93786225	0.92622475	1.00347075	1.098257375	1.121081125	0.91900625	1.139233	0.9279741875	1.05685025	1.231300125	1.06110875	1.060849625	0.99853075	0.9314389375	0.7598190625	0.8030381875	1.025429125	1.11275525	0.7653104375	0.892723875	0.8746035625	1.146481625	1.0270120625	1.116226375	0.9137383125	1.005556875	1.05886575	0.937725625	1.0171263125	0.9548679375	0.7717600625	0.9396754375	0.9913010625	0.782180375	0.8541593125	1.110425875	0.932045875	1.01200325	1.08547125	0.603969	1.09808475	0.957354125	0.776755875	0.962298125	1.0229396875	0.81561775	0.994023	0.93589525	0.8670824375	1.042385125	0.7795799375	0.91218125	0.7319003125	0.918219875	0.8352708125	0.9710451875	1.081546	0.6954408125	1.0083579375	1.203272875	1.016006	1.051218625	1.06286025	0.792347125	1.0220099375	0.958390375	1.04745375	0.8518924375	0.82695275	0.88354025	1.2748915	0.8350871875	0.960729625	0.7778905	1.05254725	0.8344698125	0.8910746875	1.205924375	0.8623269375	1.173805875	1.002103375	0.876515875	1.159504875	0.799933	0.955423875	0.8203256875	0.7945950625	0.935186375	0.8445833125	0.914196125	0.8582566875	1.070751375	0.8205668125	1.086447625	0.93643925	0.72911025	0.8916874375	1.050178375	0.9508074375	0.888325625	1.199125375	1.178831125	0.809099625	0.9079110625	0.988934875	0.8735810625	0.936842625	0.837813625	0.930640625	1.1023865	0.8417769375	0.999966125	0.898651375	1.14924	0.678621	0.955589875	0.9739036875	0.87389475	1.0008215	1.171106375	0.795611625	0.965395125	0.7556714375	0.6779081875	0.902255	0.7799363125	0.8137685	0.9062870625	0.8964715625	0.9545284375	0.997	0.021	5.9E-5	2.9E-5	0.154477044287
48	6	251	3.55524575	0.180538015625	0.07058803125	-0.37603396875	0.090790625	-0.20333128125	-0.252033046875	-0.118726046875	0.139844265625	0.114781625	-0.34546325	-0.3072208125	-0.202612421875	-0.19335103125	-0.398930375	-0.25775990625	-0.5263361875	-0.369987875	-0.139435578125	0.1467391875	-0.150684703125	-0.281702125	-0.1792279375	-0.19144796875	-0.34341946875	-0.2126728125	-0.34675140625	-0.2936438125	-0.2557183125	-0.19429525	-0.242871546875	-0.35232859375	-0.26690046875	0.31143275	-0.0637772421875	-0.344032875	-0.28851046875	-0.0789515546875	-0.194294875	-0.09077484375	-0.164381234375	-0.223134375	0.2444623125	0.20882725	-0.305421625	-0.114807421875	-0.194293265625	-0.3167093125	0.074404734375	-0.108579445312	0.1363660625	0.123998046875	-0.21578371875	0.125329265625	0.218176421875	-0.32046521875	-0.202917484375	-0.20234515625	-0.138322671875	0.0615764609375	-0.21963740625	-0.103480859375	-0.302475375	0.128040195312	-0.110254328125	-0.177418625	-0.157067828125	-0.238594828125	0.102176578125	-0.0868211953125	-0.125260492187	-0.232509	-0.233665828125	-0.309127	-0.2796268125	-0.3371246875	-0.2623154375	0.149019515625	-0.155411265625	-0.164757875	-0.148190375	0.157120734375	-0.4140149375	0.10298825	-0.21501015625	0.2619380625	0.232058609375	-0.185626515625	-0.3027664375	0.0859877265625	-0.24487025	-0.0580750703125	-0.299300625	-0.35673771875	0.29400653125	-0.07650653125	-0.3174820625	-0.2958933125	0.1062616875	-0.283078125	-0.2367180625	-0.3474405	-0.07910134375	-0.173603609375	0.163603015625	0.102053648437	-0.067047078125	-0.160522234375	-0.265726125	-0.147468296875	-0.3641671875	-0.210678171875	-0.176519109375	0.20506946875	-0.21692584375	-0.16381409375	-0.19652809375	0.0931678125	0.177602703125	-0.079653640625	0.238582328125	0.100010742187	-0.174097625	-0.118002195312	-0.136338921875	-0.19249921875	-0.3380584375	0.0684660078125	-0.116925023437	-0.28762228125	-0.42291340625	0.098156734375	-0.30720953125	-0.1963421875	0.136395453125	-0.23948109375	-0.28407928125	-0.204975171875	-0.193052234375	-0.120840414062	0.1607955625	-0.107209609375	0.214083875	-0.320873875	-0.22196515625	-0.244536171875	0.0696332734375	0.15825146875	0.104799617187	-0.261297484375	0.170776578125	-0.16766871875	-0.1196195	0.156558203125	-0.2861663125	-0.153574546875	0.227950375	-0.12548028125	-0.190462984375	-0.145815890625	-0.108335015625	-0.06713490625	-0.222245203125	-0.201546890625	0.0615504414062	-0.3931388125	-0.196144734375	-0.208789296875	0.174372828125	-0.215343921875	-0.242839890625	-0.082131421875	-0.221505640625	-0.251874921875	-0.2681435	-0.3980171875	0.079203078125	-0.04143190625	-0.124542	-0.17603109375	-0.5371301875	0.0823538125	0.08693515625	0.0731597109375	-0.34206525	-0.0696698671875	-0.1549896875	-0.115219546875	-0.40353975	-0.16457575	-0.2620803125	0.0656150703125	-0.169607375	0.10272065625	-0.0842389140625	0.076198359375	-0.158338375	-0.224781859375	-0.368940375	-0.16226321875	-0.220535765625	-0.095742375	0.0581172929687	0.2194820625	0.240977609375	-0.2226801875	0.21037559375	0.079677703125	-0.247206046875	-0.09097365625	-0.34842003125	-0.38689490625	0.133020375	-0.18754371875	-0.170235703125	-0.116565039062	0.2267081875	-0.1272873125	-0.244774453125	0.110100851562	0.203362015625	0.205444328125	0.1552285	0.077897109375	-0.111114960937	-0.1542058125	-0.161095328125	0.077121	-0.157057625	-0.333115625	-0.0595644023437	-0.15953653125	0.2056273125	-0.24155040625	0.209162734375	-0.0862532734375	0.144836953125	-0.232864046875	-0.17491328125	-0.25052328125	-0.211835703125	0.111755640625	-0.12431503125	-0.23565921875	-0.16223021875	0.0550634609375	-0.17652796875	-0.220119875	-0.20824734375	0.0583329609375	-0.35805365625	3.56	0.22	0.2	0.3	0.215705538718
49	138	251	3.36197	1.18624875	1.134734375	1.131326125	1.313068875	1.229352875	1.17340025	1.102360375	1.23138	1.29060775	1.337382625	1.080932125	1.165242125	1.020523	1.273169	1.233704875	1.11285825	1.0046989375	1.14149575	1.20842275	1.14197875	0.9892114375	1.075385625	1.2614675	1.284542625	1.0132679375	1.073916625	0.895546125	1.15314975	0.8402569375	1.00174575	1.057625375	0.9909803125	1.0097889375	1.21171375	1.0138394375	0.99862275	0.9881811875	0.7890309375	0.848027375	0.9853274375	0.871653125	1.07131375	0.8927760625	0.8070749375	0.687453375	0.91656625	0.9140985	0.9341786875	0.781529625	0.97160925	0.940698375	0.8537513125	0.8222868125	0.6201624375	0.7824074375	0.837441375	0.7921191875	0.9075994375	0.8991633125	1.076187375	0.7454764375	0.9167981875	0.7616745	0.7472056875	0.983698875	0.879480125	0.7691271875	0.7310135	0.8903633125	1.011084125	0.624500875	0.7720728125	0.6895581875	0.7275481875	0.8544861875	0.6568995	0.8064405	0.772142125	0.6541468125	0.7953078125	0.639358625	0.685083625	0.813415	0.582060875	0.7876200625	0.5564238125	0.792747625	0.783008375	0.557315375	0.595178875	0.45861828125	0.8862434375	0.5841755625	0.4763855	0.45005553125	0.5477994375	0.61641425	0.6420008125	0.559179875	0.7458089375	0.7332574375	0.59557475	0.725508875	0.611307125	0.619963875	0.5188559375	0.6412875625	0.60817375	0.43848559375	0.6426728125	0.548152625	0.6015911875	0.51553278125	0.4969158125	0.41976128125	0.6305683125	0.552825625	0.30933153125	0.64585075	0.54391875	0.6166139375	0.5600981875	0.78984825	0.4836375	0.7856743125	0.536585125	0.6466174375	0.5500874375	0.569030875	-0.079234859375	0.46943740625	0.54155275	0.7134075625	0.42383325	0.49785359375	0.463707	0.3453675625	0.41570975	0.525870875	0.3891391875	0.4931699375	0.47121403125	0.609847375	0.4416681875	0.550297	0.488559625	0.6225696875	0.5624589375	0.6430204375	0.68925325	0.536432125	0.49724875	0.38194815625	0.36256390625	0.3146561875	0.4532753125	0.4589970625	0.48075025	0.44890921875	-0.136791578125	0.3177966875	0.45733153125	0.48130625	0.29891328125	0.3246636875	0.56522625	0.457162875	0.4703748125	0.48226996875	0.3738668125	0.50425415625	0.405397125	0.45468925	-0.133978328125	-0.1193279375	-0.0849785625	0.35426184375	0.37738146875	0.706383	0.43343209375	0.45751203125	0.369499375	0.59475025	0.3945901875	0.25573915625	0.45212559375	0.39668521875	-0.153981921875	0.404148375	0.3917283125	0.364909625	0.36907890625	0.43705578125	0.43489025	0.37492059375	0.5561354375	0.4533785	0.3053231875	0.47969003125	0.48004396875	-0.2477219375	0.29729615625	0.43030328125	0.268195	0.309782	0.3266245	0.4727254375	0.412100125	0.3426399375	0.5143991875	-0.168653828125	0.38696165625	0.27034034375	-0.34746896875	-0.19640028125	0.33427359375	-0.23839065625	0.34171671875	0.260730515625	-0.083654171875	0.32266703125	0.3194669375	0.38945275	0.249068671875	0.259289515625	0.227062171875	0.230585984375	0.220352546875	0.3447218125	0.5540289375	0.26925909375	0.2774154375	0.35058675	0.19414203125	0.238159234375	0.423314125	0.35791346875	-0.115929726562	0.38439125	0.40927778125	0.42878365625	0.25187371875	0.30824140625	-0.08220521875	0.33432875	0.38546646875	0.19119575	-0.191698984375	-0.39313746875	0.162229109375	1.362	0.039	0.00153	7.0E-5	0.20743058624
50	18	251	5.664883	3.0570575	2.98951375	2.96504475	2.94487875	2.803075	2.92477925	3.0330495	2.92476875	2.85829025	2.800214	3.03591075	2.7876375	2.918067	3.05419425	2.95061375	3.0607645	3.02130575	2.9175475	3.124753	2.839723	3.14733975	3.08755525	2.89957325	2.85524475	3.1828615	2.8944445	2.90583725	2.8750575	3.22639975	3.120712	2.79283525	2.8173245	2.94199025	2.83809575	2.90135175	3.1548145	2.6873385	2.88509075	3.12028825	3.0854935	2.902626	2.93298825	2.84228875	3.1403885	3.02207125	3.15543275	3.12576725	2.94114075	2.8447225	3.176281	3.10190725	3.0712515	2.9960565	2.981442	3.06656075	2.95051575	3.13094225	3.12669	2.7890875	2.93248425	2.68604025	2.96111	3.04136875	2.9844525	2.9838375	3.0908475	2.910912	3.10535125	2.88912875	2.917191	2.91457725	2.76428175	3.1076895	3.05846975	3.0542975	3.0837355	2.95027225	2.8624655	3.10601775	2.91411825	2.946623	2.91222675	2.87893025	3.0196015	3.12452	2.949424	2.9103075	2.99364225	3.02914125	2.972889	2.87798475	3.0008845	3.16175525	2.97994275	2.8962805	3.0735845	3.08771775	3.0669905	3.1293735	2.90869975	3.1084015	3.08320875	3.0385685	3.05338625	3.087678	3.05792675	2.87328475	3.148027	2.91828475	3.24670325	3.1934745	3.00351975	3.069692	2.954127	3.00253225	3.02836175	3.211026	3.3043395	3.00175475	3.096788	2.74438325	3.25827375	3.02188225	3.08866825	3.101279	2.9695565	3.23244125	3.065041	2.92986875	2.93807725	3.011194	2.9583975	2.96250925	2.962357	2.985059	2.964414	2.89228725	3.0577615	3.06261975	2.87974275	2.92027375	3.233581	3.14874925	2.99970675	3.097132	3.0399505	3.18113025	3.0718785	3.101549	3.103328	3.1499955	3.02813975	2.9811555	2.94985375	3.01166825	3.11164675	3.30838375	3.073292	2.95728475	3.0448465	2.9488145	3.12860975	3.18304675	3.068572	3.1374135	2.85473575	2.94993375	3.0800645	2.96376775	3.07688325	3.13648925	3.10745	3.17639375	3.101732	3.06917775	3.06328025	3.15942075	3.30089475	3.1277405	3.12298125	3.16699625	3.05962275	3.19702075	3.08320475	3.12454875	3.06824325	3.068274	3.01759475	3.12949575	3.118193	3.0868895	3.0655685	3.07334725	3.06357	3.063997	3.2157215	2.790467	2.985253	3.154791	2.929637	3.05545475	3.1316525	2.84207675	3.014029	2.9765395	3.08709675	3.0128735	2.97755775	3.22666275	2.9228725	3.34728275	3.133886	3.302168	3.2492775	3.14362525	3.12137925	3.1481485	3.0457005	3.0427655	3.05594575	3.0098985	2.976836	3.2085005	3.12304475	3.1744005	2.90748925	3.2676705	3.10741775	3.010278	3.16324075	3.22790275	3.08292325	3.254545	2.99044725	3.21349975	3.02604075	3.168456	2.97685675	3.39935075	3.12649275	2.89155175	3.1452865	3.08063125	3.336986	3.09252725	3.0639135	3.276493	3.01878075	3.266001	3.0169625	2.991	0.025	-3.0E-5	1.1E-5	0.204159727993
51	130	251	3.05162975	1.402377	1.557410625	1.396604625	1.438499625	1.43826575	1.469794125	1.425004	1.410516375	1.352948875	1.622318625	1.440711875	1.636421125	1.557854625	1.223354	1.36114425	1.642075125	1.470469875	1.50531675	1.53275325	1.364525875	1.472817125	1.488255875	1.593395	1.520093875	1.6082485	1.516605375	1.36356875	1.350602125	1.5360905	1.509378875	1.574085	1.413617125	1.388626375	1.532540125	1.541297125	1.54419025	1.537014875	1.5554045	1.340187375	1.59430575	1.40334025	1.5454205	1.372867125	1.560652375	1.596026125	1.56116775	1.509576625	1.412568125	1.428998	1.515411375	1.477077875	1.39588325	1.459735875	1.438912375	1.496849875	1.229981	1.394913375	1.44275175	1.4617905	1.657277125	1.48396775	1.671417875	1.543034875	1.4988485	1.47686525	1.336386125	1.549222875	1.5883045	1.3879185	1.62002475	1.444667375	1.464926	1.625742375	1.515382625	1.3168365	1.496230625	1.288953625	1.433765	1.44229475	1.434071125	1.477072	1.379634375	1.27261125	1.509042125	1.629275625	1.39061725	1.436565125	1.2813675	1.488236125	1.525779	1.686284875	1.545269	1.527266375	1.51503525	1.564810125	1.3609775	1.537201375	1.449861375	1.506696625	1.54413725	1.510673125	1.5557205	1.536515375	1.6410645	1.315586625	1.315332	1.564535875	1.399928375	1.4388685	1.54785125	1.60578525	1.5616585	1.520513375	1.61622525	1.58686575	1.514665375	1.535835375	1.422967125	1.72883425	1.49261175	1.41612125	1.448864375	1.661124375	1.464883375	1.61884775	1.54194675	1.488572	1.476813375	1.585340125	1.353801375	1.500036375	1.3842155	1.39815	1.521676375	1.557294625	1.397132625	1.619608	1.70978	1.48411575	1.5998355	1.34180825	1.68896425	1.558140375	1.35132475	1.36624825	1.516408	1.606099875	1.6419685	1.472368875	1.4381105	1.546664875	1.534255875	1.671127875	1.60468225	1.509082125	1.602020375	1.33661225	1.57033225	1.6348985	1.42279	1.478474	1.72736625	1.576297625	1.64784975	1.440233625	1.372485125	1.479645875	1.621266	1.392968	1.5268845	1.4229835	1.577630625	1.558884375	1.675305	1.6176785	1.521017	1.381080875	1.576599125	1.835491125	1.52701775	1.59160125	1.5965205	1.4552765	1.662280125	1.69355775	1.624628	1.322801125	1.516554	1.419991125	1.417803625	1.675160375	1.59419425	1.60623475	1.53792225	1.523028625	1.534638625	1.786459875	1.5094195	1.583533625	1.43129475	1.669954	1.371382875	1.590161	1.60455225	1.534740375	1.607500125	1.43914475	1.577086625	1.4949285	1.435416125	1.55998125	1.5995675	1.485354625	1.838087	1.78111775	1.589658875	1.6309925	1.470383125	1.549171375	1.528101875	1.53705525	1.525830125	1.453454125	1.642828125	1.233706625	1.43951125	1.625642125	1.40315475	1.53914525	1.498030125	1.537556625	1.68764725	1.439070125	1.625225375	1.2789265	1.472313875	1.58406025	1.548905875	1.533842125	1.5839215	1.63653375	1.6192625	1.488862875	1.54662475	1.6185965	1.648022875	1.479108875	1.40813075	1.42176275	1.644636	1.489	0.018	-3.0E-5	1.8E-5	0.143759862386
52	93	251	4.686804	1.71147675	1.885452875	2.2496285	2.11337575	1.82372025	1.973433875	2.01519625	1.99756025	2.13263125	1.988035375	2.035884625	1.7404	1.825134125	2.116641	1.80525575	2.064432125	2.11077275	2.043973625	2.03327525	2.12223625	1.767986	2.029017125	1.790998125	1.993025625	2.083994875	2.0805235	2.00760025	1.892421375	2.001107625	1.85615925	1.908386375	2.01895825	2.105318	1.781120375	2.156292	1.985412375	2.07677225	1.95852775	2.0525895	1.87443125	1.926366	1.898847125	1.906012	2.045240625	1.7571025	1.945015875	1.88894875	1.891434	2.028978	1.85788275	1.89238875	1.97173075	1.959867	1.833607375	2.110597	2.044501625	2.068526125	2.08341425	1.879917125	2.1182935	2.0686245	2.05803575	2.2961615	1.82884025	2.064859	2.026611625	1.89955375	2.1690725	1.972168	1.92797225	2.1144255	2.0366125	1.8533225	1.9555045	2.0611865	2.092049375	1.65427675	1.919987125	2.05317925	2.1140275	1.87603575	2.01734925	2.16919925	2.19394225	2.060681375	2.105891	2.15911475	1.9898495	1.7902925	2.08712	2.1262895	1.899299	2.026982625	2.017627875	1.956721875	1.950222	2.21895875	1.929618625	1.83581325	1.900578375	2.0754695	1.980219125	2.254224	1.91437025	1.947523875	1.980495125	2.1116605	1.853774875	1.924524375	1.95766875	2.078942	1.922071875	1.981814	1.90102225	1.980022875	2.02171175	1.975567	1.88510625	1.881530375	1.913062	1.819611	2.0949845	2.03452325	1.99478975	2.10073725	2.1326225	1.91370425	1.90234075	2.1425755	1.946561125	2.019020375	2.019377875	1.769055	1.952732375	1.809947	1.875161875	1.9927435	1.913963125	1.94188825	1.896147375	1.842408625	2.054866125	2.056220375	2.168881	1.804258125	1.975763125	1.81002575	1.899019875	2.0581105	2.042194	2.0194445	2.0140685	1.785029375	2.0838675	2.161092	2.1662095	1.890356875	1.980235	2.0971905	2.080120625	2.00714775	1.889707625	1.891577375	1.939966375	1.922044375	2.003089375	1.940950875	1.876507625	2.0422505	2.21015075	2.16940025	2.14536525	1.839314	1.933488125	2.07109275	1.9390295	1.98465425	2.24735975	1.93473625	1.880657	2.097066375	2.09566725	1.866621	2.10295925	2.012725875	2.13106875	2.057878375	2.0196715	2.051207125	2.077743875	1.8416865	1.8937835	1.913925875	1.90004025	2.1943725	2.07499275	2.124705	1.982190625	2.11490925	1.928773	1.98212425	1.848683125	2.172657	1.99294125	1.92812975	1.9082115	1.888719875	2.10030975	2.04645	1.973533875	1.99207	1.906499	2.02222025	1.993017375	1.9501245	2.09570475	1.892139875	1.998049375	1.988445	2.005780625	1.936690625	1.9479525	1.961531875	2.10757	2.1026925	1.86637375	1.949884125	1.864484	1.979927875	1.967317375	2.1282365	2.04362725	2.07292125	2.000387	2.05375675	1.90336525	2.093315625	2.01484175	1.88308825	2.14983325	1.891836375	2.007273625	1.82980125	2.064749	2.09983525	2.18779125	1.880881	2.04035625	1.95919675	2.12162025	2.021	0.027	1.5E-5	1.9E-5	0.202862092595
53	29	251	4.843964	2.41672075	2.625314	2.56176575	2.15777625	2.047425875	2.178373	2.168818	2.016233625	1.9695155	1.755051	1.913528625	1.62502275	1.83570175	1.762097875	1.55820725	1.4994775	1.309360375	1.55844725	1.586972	1.356258	1.207937875	1.3096925	0.9644686875	1.106174625	1.142795	1.107273	1.0171740625	1.2513205	0.979111625	1.000204375	0.799113	0.6940183125	1.014478375	0.7644508125	0.847764375	0.9281285625	0.5319323125	0.7553823125	0.48503803125	0.46583915625	0.645228625	0.47608409375	0.43631975	0.649862375	0.51531275	0.37170703125	0.5046038125	0.6476753125	0.5723156875	0.3451670625	0.4110315	0.410318	0.5170211875	0.47477571875	0.462140375	0.31622040625	0.47332584375	0.20571065625	0.5504228125	0.435356625	0.2395826875	0.43117690625	0.557592625	0.383820875	0.4958410625	0.455714625	0.401397625	0.28113753125	0.30751140625	0.1716025625	0.10976059375	0.16837509375	0.111251703125	0.29711296875	0.117783085937	0.19820978125	0.211433140625	0.2064109375	-0.0429430703125	0.176500109375	0.15128703125	0.3047300625	0.193712078125	0.0609171015625	-0.119303226562	0.29595890625	0.24077190625	0.204909625	-0.139975796875	0.126476304687	0.16145709375	0.2314250625	0.15911190625	0.3299404375	0.240664890625	0.08261646875	-0.0933035390625	0.20454409375	0.134864328125	-0.178244375	0.1571971875	0.35044140625	-0.106245625	0.13879978125	0.247884484375	0.1935855	-0.142506125	0.184610703125	-0.19556684375	0.0606147890625	0.2481946875	0.133464046875	0.1942545625	0.127521492187	0.130673976562	-0.16861665625	0.188204765625	-0.23393021875	-0.0961843046875	0.16449553125	0.199626140625	-0.24657784375	0.0623899882812	0.065440953125	-0.1728754375	0.108748054687	0.072509796875	0.139839390625	0.0721043515625	0.14464875	0.159280015625	-0.16367384375	0.1087694375	0.11653121875	0.13443403125	-0.12356815625	-0.129606757812	0.144446546875	-0.13810178125	0.13366646875	0.280831375	0.17187034375	0.14202834375	0.18648190625	-0.124683585937	0.11231628125	0.0731393359375	-0.18578540625	0.0719770546875	-0.209415578125	0.17045075	0.112019078125	-0.225140546875	0.101960734375	0.225311734375	-0.1719096875	-0.14124753125	-0.24516259375	-0.236013765625	0.197716125	-0.086521421875	0.1660465	-0.14851028125	-0.070627671875	0.114127054687	-0.12332109375	-0.0518798671875	0.0641139375	-0.1670356875	0.254395484375	-0.123317	0.184700421875	-0.098423265625	0.248134421875	0.152929921875	0.17432559375	0.1003609375	0.148048609375	0.189899578125	-0.14473790625	-0.0433614492187	0.19031565625	0.08925571875	0.23358390625	0.1906983125	-0.196782546875	-0.2614100625	-0.2581321875	-0.102221765625	-0.0798948203125	0.28766190625	-0.119492695312	0.158097453125	0.0298008925781	0.0923888828125	-0.1802725625	-0.28193209375	0.25065815625	-0.148302625	0.0669079296875	-0.100107117187	-0.300362375	-0.101207632812	-0.14599646875	0.114008976562	-0.174630375	-0.18144159375	0.117014179687	0.141790671875	-0.194653984375	-0.137909890625	0.123925359375	-0.171594375	-0.15879721875	-0.28252990625	-0.12383309375	0.34276728125	0.084419046875	0.0460042773437	-0.28333546875	-0.162929359375	-0.114848617187	-0.180792359375	-0.146476109375	0.07099528125	-0.108136984375	0.12714575	-0.0634885429687	0.188394328125	-0.12417946875	0.31434653125	0.179202375	0.1885115625	0.1590023125	0.125542289062	0.114526648437	-0.176134921875	-0.128755226562	-0.13431271875	-0.055686453125	-0.0749815	0.248185890625	0.0884523671875	0.18736478125	-0.13891096875	0.133936953125	-0.130614726562	0.115401367187	0.086549203125	0.19816059375	3.19	0.08	0.00773	2.5E-4	0.189438369077
54	4	251	3.578214	1.659482375	1.86109775	1.618592875	1.7908455	1.783454625	1.725301	1.465863875	1.447667875	1.74065675	1.6079155	1.720464125	1.73633225	1.762413625	1.596084125	1.663265625	1.665154375	1.44447925	1.699826875	1.5590795	1.4998825	1.5663565	1.66759525	1.592665125	1.690248125	1.708636875	1.6060275	1.54510975	1.6082085	1.882346375	1.525568625	1.8631035	1.76001375	1.55717575	1.684593875	1.724808	1.823775125	1.688891	1.585598625	1.576535375	1.998578875	1.688251375	1.64598925	1.53534	1.743775625	1.542389375	1.676219	1.86158825	1.711066875	1.68547225	1.69009175	1.876320875	1.534925	1.8571345	1.634700375	1.67806275	1.470882875	1.7825555	1.831901875	1.529855875	1.797728875	1.655488125	1.890396	1.600314625	1.589079625	1.710088375	1.710504125	1.74635075	1.640751875	1.7158615	1.83204525	1.76123675	1.762664875	1.822677625	1.7017335	1.56436325	1.612757125	1.59592575	1.54849125	1.571359125	1.619793875	1.724644	1.680910375	1.687005	1.74467475	1.63147825	1.69029975	1.67172575	1.6195765	1.651437125	1.6175465	1.799496875	1.52466975	1.491771125	1.737051625	1.719698375	1.719549875	1.5898875	1.855519	1.645235625	1.506407	1.6258135	1.65144525	1.7243665	1.525185375	1.5778375	1.660499625	1.464727875	1.901526125	1.870824	1.70972175	1.621050125	1.60971725	1.748430125	1.48000225	1.6683925	1.675318125	1.510674	1.674176	1.69293075	1.495305625	1.73853525	1.4808725	1.731206125	1.7067695	1.676447625	1.509692125	1.55893325	1.66163525	1.661268375	1.841725625	1.76601725	1.55703175	1.571364875	1.571883	1.575205	1.419299375	1.6367395	1.7623865	1.69937525	1.601796625	1.692895625	1.738968875	1.573093375	1.96555275	1.591619	1.5771135	1.521911125	1.521551375	1.728380625	1.6602675	1.641730375	1.456228375	1.6025655	1.8145025	1.817305375	1.687214375	1.67698225	1.49935425	1.791363875	1.634355	1.60496975	1.87796925	1.64294425	1.63600875	1.5687165	1.585574	1.5485405	1.73746925	1.41421375	1.7551985	1.663591	1.63867175	1.7449685	1.583998125	1.793155125	1.442862875	1.6043795	1.761788	1.83222275	1.5191595	1.5394	1.817182875	1.72465175	1.638410125	1.72819175	1.616659875	1.6291465	1.561254	1.56981325	1.566354125	1.70763	1.79504275	1.559223875	1.772300375	1.829999	1.898677875	1.55466175	1.510248125	1.9248975	1.638327625	1.685987875	1.763171875	1.603965625	1.7073995	1.75333825	1.45596875	1.5981105	1.568788125	1.675063125	1.64025675	1.524313625	1.717991875	1.629016625	1.796099125	1.66076375	1.685366625	1.74201725	1.647548125	1.543038	1.7683445	1.6981905	1.60114975	1.600488375	1.597880125	1.536728625	1.65439875	1.621923	1.594596625	1.693888375	1.565484375	1.639102375	1.63505625	1.653967625	1.532864625	1.6897345	1.759559875	1.726403375	1.620337875	1.6673635	1.628268875	1.706181875	1.69689925	1.70671825	1.69790325	1.52020175	1.679876625	1.614000875	1.907193375	1.6905875	1.58432325	1.704	0.021	3.3E-5	1.7E-5	0.161623339479
55	141	251	3.17033425	1.088850375	0.811107625	1.031799125	0.726877125	0.78597375	0.6565126875	0.665185375	0.71840625	0.756652625	0.6835013125	0.755259375	0.7326414375	0.731302375	0.7211088125	0.7538988125	0.732587875	0.5588356875	0.59682	0.7377636875	0.742092625	0.710040625	0.6345795	0.7585450625	0.51569065625	0.5254259375	0.5389451875	0.738389625	0.6790374375	0.5951835	0.6636035625	0.6282561875	0.47477071875	0.58316625	0.686185	0.601094875	0.592275125	0.52694425	0.404043625	0.561531375	0.602172625	0.4283663125	0.6739851875	0.6255585	0.36013059375	0.689897375	0.595531	0.6582580625	0.51551075	0.428133875	0.608222125	0.42477853125	0.3473605625	0.6155629375	0.38528609375	0.5033989375	0.15479515625	0.353438125	0.48092809375	0.4081515	0.64253725	0.42568259375	0.525364875	0.579587	0.366340625	0.53340225	0.4305418125	0.533201125	0.45373409375	0.4047373125	0.4166409375	0.5597876875	0.41993340625	0.3837519375	0.478385125	0.24479296875	0.23001396875	0.47376984375	0.29888415625	0.382767375	0.3013759375	0.49728675	0.4873144375	0.4958915625	0.37803546875	0.4281324375	0.28770028125	0.37215184375	0.4215076875	0.168112953125	0.220965296875	0.3025165	0.3529999375	0.42207990625	0.208477	0.28088790625	0.4893368125	0.45494490625	0.227406875	0.1426060625	0.37143621875	0.2798875	0.29336865625	0.3262589375	0.28679946875	0.225905453125	0.3059146875	0.31563721875	0.31790990625	0.226784421875	0.32587375	0.244802265625	0.47555865625	0.158455	0.176359859375	0.4503548125	0.30666628125	0.4378398125	0.31178790625	0.2132320625	0.235564765625	0.32277971875	0.167390578125	0.23264109375	0.121289054687	0.245824390625	0.3284175	0.2514346875	-0.15040784375	0.34390115625	0.2138805625	0.28240196875	0.225894265625	0.1289385625	0.174668546875	0.14858540625	0.29979421875	0.11071896875	0.2731675	0.29740940625	0.35640784375	0.128462195312	0.266942875	0.210160484375	0.0961653359375	0.2867861875	0.2319170625	0.234509828125	0.17900765625	0.187728453125	0.390619375	0.17104653125	-0.141128390625	0.2405685625	0.129103898437	0.0627206015625	0.32895071875	0.2181695	0.22845984375	0.14159815625	0.10451984375	-0.181712625	0.248037125	0.3357005	-0.123574328125	-0.10329140625	0.199250875	-0.163120640625	0.21627903125	0.128881960937	0.186351296875	0.231705421875	-0.2818603125	0.2604019375	0.210503578125	0.165885515625	0.276342125	0.223974328125	0.159512734375	0.173434109375	-0.082422328125	0.1546438125	0.263713125	-0.195613921875	0.157616953125	0.30950765625	-0.15251325	-0.131804421875	-0.167302703125	-0.111734882812	0.251044328125	0.219199375	0.16107959375	0.20588325	0.2544210625	0.293407875	0.0191371601562	-0.2722769375	0.105377976562	0.162211078125	0.1329740625	0.0965562890625	0.14596203125	0.13335109375	0.23665603125	-0.147955171875	0.125926039062	-0.170333546875	0.0560342890625	0.112663859375	-0.18336309375	0.29634784375	0.15913296875	0.085136015625	0.2870095625	0.080547578125	-0.177514625	0.127904546875	0.123427296875	-0.071283328125	0.156504234375	0.114317921875	-0.09453053125	0.06717309375	-0.168726671875	0.353211125	0.17897203125	0.3818545	0.17411746875	0.192060078125	0.23697090625	0.0737673828125	-0.117351484375	0.21462934375	0.101479929687	-0.154366890625	0.08514225	0.119970828125	-0.062902171875	-0.1888960625	-0.0363293359375	-0.0888905625	-0.239723875	-0.2704646875	0.16243978125	0.130550640625	0.1632925625	-0.112820179687	0.21821390625	0.124879414062	0.3188895	0.984	0.042	0.00242	1.6E-4	0.194061266525
56	154	251	3.8317765	1.88072325	1.82572	1.89307225	1.94967425	1.93243075	1.757765125	1.874718625	1.9941035	1.72858975	2.02327175	1.919753125	2.023201875	1.994182375	1.74771675	2.04094725	1.809449125	1.97684275	1.915209625	1.9838285	1.811285	1.948548375	1.94419875	1.9673125	1.871427375	1.896380125	1.627661	2.11706725	2.13427775	2.087516875	1.83030275	1.974266375	1.855661375	2.08605025	1.976977125	1.70056025	1.890289875	2.087769875	1.870555375	2.12756175	2.050672	2.162248	1.986748625	2.065504	2.024629125	1.838964625	2.025153625	1.829753125	1.895259375	2.008001125	1.889666875	1.84620775	1.824804375	1.883431875	2.06426	2.029916375	2.094498875	2.1175765	2.005803625	1.95609825	2.075793625	1.9987315	2.0224035	2.00272125	2.002478125	1.971572625	2.053209375	2.071241375	1.818056125	1.699950875	2.066271375	1.85549875	2.029929375	1.82955475	1.998061625	1.850144	2.07824775	2.19595	2.006786375	2.0688615	1.996187875	2.005593	1.78157825	1.9227935	2.0265845	2.104286	1.90874175	1.87240525	1.913305375	2.0197845	1.980573375	1.835347625	1.937713875	2.144378	1.981555375	2.15487375	1.847091	2.1614745	1.95292925	1.99328475	1.983266625	1.94569125	2.068027375	2.0235875	1.872299375	2.10120925	2.053741125	1.727783625	1.968589375	1.920864125	1.87738075	1.909756	2.12665425	2.085130125	2.0381735	2.0874425	2.036707375	1.940409	2.126791	2.143881	1.95105575	1.899634125	2.21070075	1.988808125	2.45831175	2.047849	1.92557625	2.181012	1.951336	1.83974525	2.17341575	2.16343075	2.029288	2.152388	1.973643625	1.971188	2.050441875	2.208752	1.99057025	1.961918625	2.0506555	2.1316985	2.1186485	1.9774085	2.00091925	2.121311	2.01420175	2.09042025	2.006712375	2.018757375	1.87369125	1.970784625	1.94743525	2.17570475	2.1486645	2.217255	2.048002	2.14314625	1.81996525	2.055021125	2.049672375	2.05715025	2.1432045	1.862081125	2.039554125	2.0400915	2.0363435	1.88309975	1.82145575	2.07288975	2.07862825	2.1589195	2.02712425	1.948567125	2.159884	2.045458875	2.067191375	1.88412275	2.16282725	2.095609625	2.11975675	1.927143625	2.02489775	1.943576125	2.060442375	1.995360125	1.903608875	2.06451075	1.935237625	1.926134875	1.97244525	2.072115625	1.826088375	2.1004145	2.2056115	2.083376875	2.181474	2.061971125	1.98313525	2.25783525	1.902703375	2.0732715	1.96439925	1.78486225	1.93027925	2.11957975	2.1275715	1.792562125	2.1437655	1.986417	1.898901625	1.971811875	1.995335875	1.91833225	1.899595	1.885809125	2.067755875	1.909606125	2.02838725	1.92644	2.16351675	2.12142125	1.8720225	2.15892225	2.13401275	2.07941325	1.972743875	1.73668925	1.93453025	2.033278125	1.974309875	1.96313975	2.086976375	1.9518885	1.953026625	1.972451875	1.99362175	2.25046725	2.093754375	2.0425475	2.059610625	1.95827575	2.167319	1.923800375	2.06834125	1.93951375	2.1450325	2.088485875	1.90623225	2.125508	1.744216625	1.979	0.023	-2.0E-5	1.4E-5	0.164822241876
57	55	251	3.21002475	0.9673375625	0.6197999375	0.783107375	0.95894975	0.8461585625	0.93483875	0.8167364375	0.8047761875	0.8810948125	1.017263875	1.092730875	0.9334300625	0.924413375	1.055929625	1.0133865625	0.9822893125	0.624873625	0.773221875	0.9959166875	0.82383425	0.794033	1.0439266875	1.0643165	1.043192125	0.869091625	0.988326625	0.9406360625	1.067256875	1.0011335	0.923704875	0.9134796875	0.8663068125	0.7566275	0.953417125	0.7696710625	0.8232883125	0.8442055625	0.9675569375	1.0385065625	0.9618235	1.168424625	0.7413328125	1.0149586875	1.0242425625	0.8004171875	1.0317975625	0.999670875	0.9073558125	0.930323	1.0295626875	0.77298125	0.7956361875	0.79825175	0.877392125	0.8948706875	0.836637125	1.108863625	0.885379875	0.9481448125	1.119281875	0.956964	0.8542144375	0.6398975625	0.972375	0.7710380625	0.9584821875	1.046258625	1.015771625	0.9836955625	0.944488	1.23100375	0.8884159375	0.8835305625	0.9167349375	1.082962625	0.8682566875	1.011917125	0.9329725625	0.895557625	0.8875738125	0.8294843125	0.9497479375	0.9200616875	1.093902875	0.957295	1.061254375	0.8515590625	1.121417	0.984403	0.847545	0.8543553125	0.864838125	0.8845676875	0.8412230625	0.946313375	0.9101943125	0.947741625	0.89029275	1.1674055	0.8262291875	0.84478675	1.0208885625	0.8300090625	0.9649861875	0.9526856875	0.9039060625	0.9873864375	0.8123835625	0.987805875	1.0139145	0.7005911875	0.82716	0.8749794375	0.893246375	0.876241625	0.9831478125	1.181541625	0.7114316875	0.799725375	0.896146625	0.97153775	0.944029	0.8268209375	1.0145564375	1.0175766875	0.989173125	1.031451875	0.866629625	0.979814125	0.9806531875	0.84449375	0.8465361875	1.193844125	0.903128	0.85990575	1.14950525	0.79430125	0.9813536875	0.9676725625	0.95639325	0.8575344375	0.9252384375	0.8313875	0.7892040625	1.021030125	1.0063499375	0.73722475	0.8340851875	0.936481875	1.0263561875	0.89494875	1.029257875	0.8675215625	0.972714875	0.792223875	1.0059688125	0.8991293125	1.063220375	1.089403625	0.881258875	0.8538994375	0.810798875	0.93524175	1.044525625	1.120565	0.9539413125	0.950204875	1.09842125	0.8142331875	1.162690875	1.091861125	1.0986505	0.9626918125	0.9185558125	0.9379015625	0.9472595	0.96936375	0.83448525	0.895357875	0.8694980625	0.7662413125	0.8283530625	0.87102975	1.053113125	0.90453625	0.8248500625	0.96331375	0.9110746875	0.806275125	0.8089080625	0.8986295625	1.017468125	0.7889746875	0.92955525	0.856985	1.101511375	0.917366375	0.94096825	1.100049375	1.1058545	0.9724786875	0.9627020625	0.9644864375	0.9571434375	0.9639266875	0.8369695	1.0076160625	0.9194208125	1.09923925	0.7808566875	1.111012875	0.9704554375	1.09447625	0.7435639375	1.055590125	0.8677356875	1.071797	0.867788875	0.7763945	1.0213838125	0.800470875	0.9860413125	1.0119271875	1.145832625	0.9720496875	0.799526625	1.063738125	0.9398161875	0.985792	0.8249900625	0.9022030625	0.753513875	0.816248875	1.0360403125	1.06356375	0.750498125	0.845304125	0.833795875	0.8568693125	0.7219269375	0.9216171875	1.078421125	1.084143875	0.8406240625	0.791950875	0.9587653125	0.950838125	0.663533	0.92627125	0.9436616875	0.961	0.024	3.8E-5	3.5E-5	0.18129572453
58	39	251	5.503787	2.320236	2.185984	2.28564875	2.213367	2.13789525	2.15685825	2.152847	2.20347675	2.235456	2.20263875	2.2410335	2.0771315	1.922723875	1.866482125	1.9974	2.064536375	1.748205125	2.012984375	1.711847	1.67277625	1.937978625	1.857596	2.0042775	1.748675	1.6803255	1.842056	1.926300125	1.523463625	1.730548375	1.743639625	1.91057425	1.735419625	1.68247375	1.804794375	1.466359625	1.52872075	1.5899065	1.661735	1.636744375	1.4245855	1.415327125	1.473174375	1.490162625	1.5193005	1.498926875	1.27560325	1.318925125	1.528766625	1.46892725	1.47156975	1.43054825	1.497259	1.376553	1.29076525	1.26662825	1.2221735	1.4586525	1.260429875	1.33872125	1.267926125	1.221280625	1.299038	1.104432	1.235066375	1.446367125	1.329407875	1.34678275	1.2228105	0.8597908125	1.095616375	1.102417125	1.092767625	0.9260058125	1.159779875	1.0050086875	0.9525339375	1.09004725	1.20536175	0.9907345625	1.142694625	0.83812675	1.0063188125	1.142487	0.91575975	0.987690125	0.869201875	1.0857355	0.917496875	0.97601025	0.769443375	1.076860625	0.91567125	0.990171875	0.998727625	1.0024481875	0.8448328125	0.7651784375	0.828318375	0.7867413125	0.8983881875	0.994618625	0.8920688125	0.93040225	0.897642	0.8947939375	0.8103015625	0.7960846875	0.90496025	0.7362545	0.708096625	0.871274375	0.739979	0.7900426875	0.7371226875	0.829510125	0.692158875	0.67421925	0.577165875	0.7560981875	0.7914930625	0.8313041875	0.7309524375	0.701204375	0.731336375	0.69220175	0.73417425	0.6636431875	0.5370461875	0.7100005625	0.601167625	0.674894125	0.5695325	0.50577553125	0.676396125	0.72496175	0.699405625	0.5083275	0.67715975	0.569530375	0.6798783125	0.74922625	0.5708371875	0.6212655	0.587239	0.706882125	0.666523375	0.7106255	0.6551121875	0.455372625	0.6106928125	0.53092175	0.576577375	0.8423555625	0.58842475	0.7169078125	0.6683568125	0.5448035	0.65340925	0.45790084375	0.72246225	0.525040125	0.5435051875	0.636646125	0.6739180625	0.6528659375	0.53187275	0.795044125	0.6718341875	0.7778475	0.6388730625	0.539851125	0.6427739375	0.5383929375	0.3325028125	0.45641009375	0.510364875	0.5382635625	0.6370531875	0.597379125	0.6136343125	0.5819633125	0.7524480625	0.523572125	0.43040540625	0.57643425	0.553402875	0.37335371875	0.465813	0.31250478125	0.5976686875	0.6185456875	0.54168875	0.746673375	0.460395625	0.563979125	0.49896209375	0.459168	0.64505975	0.460403875	0.5725234375	0.7902043125	0.4896950625	0.5878061875	0.623463375	0.63392875	0.6462496875	0.4943229375	0.6446350625	0.46248353125	0.6073425	0.5078275625	0.41011490625	0.50222725	0.61850225	0.691240125	0.50550559375	0.53947375	0.38108696875	0.48247390625	0.7149305	0.4435568125	0.48888215625	0.44424928125	0.40760621875	0.538492875	0.4163263125	0.423223125	0.4520425625	0.44050165625	0.499816125	0.38080271875	0.560567875	0.45709365625	0.5017779375	0.3681001875	0.5098980625	0.40255559375	0.64857225	0.6083334375	0.44972446875	0.6585163125	0.49210921875	0.42234928125	0.499029125	0.6524889375	0.4530666875	0.6161351875	0.50810671875	0.58698975	0.2844479375	2.31	0.044	0.0017	6.0E-5	0.249476219835
59	11	251	4.6800395	1.67090875	1.79840275	1.656932375	1.690574375	1.78806125	1.712294625	1.517938	1.6234475	1.515406125	1.509899125	1.555799125	1.501258625	1.667538375	1.61507	1.7452685	1.4446805	1.716650125	1.509055125	1.68249875	1.606283125	1.738368875	1.733596875	1.410128375	1.776804125	1.71193675	1.608280375	1.7156265	1.6515485	1.5760835	1.578069375	1.577522125	1.632376	1.57619225	1.641669625	1.562467375	1.288245125	1.604880875	1.54676575	1.667925125	1.39622125	1.71185575	1.713167375	1.637724125	1.634461	1.58587275	1.667419875	1.671659375	1.43645675	1.3978725	1.6069165	1.7105805	1.622179	1.742402625	1.8904955	1.790820375	1.550942625	1.571239625	1.689121875	1.8111	1.473827	1.640658625	1.541223375	1.748992375	1.628228375	1.916877	1.765960375	1.485065625	1.793442125	1.68851175	1.668995625	1.51781375	1.63313325	1.693936375	1.69176975	1.674044875	1.607891125	1.65750775	1.685477625	1.560988	1.699643375	1.6338625	1.8024165	1.551350125	1.576687	1.495948625	1.6345525	1.5531165	1.45670125	1.70187475	1.575095125	1.548821875	1.686412125	1.40906075	1.61802525	1.6111695	1.75972675	1.728128875	1.615382125	1.722051	1.515376375	1.90476475	1.55923475	1.69648175	1.762527875	1.659869875	1.674174625	1.586749375	1.346602875	1.685725125	1.609405	1.6561385	1.629893	1.8134885	1.57632475	1.632303375	1.72799225	1.65755525	1.667152875	1.58830625	1.871914375	1.623332875	1.656924	1.776113875	1.660552125	1.786219625	1.602047375	1.896419375	1.46387225	1.53891975	1.555393125	1.687993	1.617769625	1.8888145	1.7907125	1.886054875	1.600286875	1.559813125	1.612579375	1.757133	1.61077625	1.609662	1.879428375	1.778982125	1.580852	1.690405	1.736964125	1.531061	1.851564875	1.68124	1.659939125	1.537567375	1.573678	1.613047625	1.825773625	1.80335225	1.745129	1.737884125	1.51893425	1.5555165	1.726497375	1.69394975	1.76765175	1.768937875	1.70606975	1.60202375	1.77183625	1.852694875	1.687220875	1.668523625	1.918619	1.528327875	1.4197595	1.657923625	1.545187875	1.821278875	1.5242625	1.91052375	1.608404375	1.7468295	1.517027	1.63593925	1.79329125	1.545065375	1.79009075	1.7154245	1.40571775	1.7451325	1.55644975	1.623981	1.4304205	1.729072625	1.82965675	1.752312625	1.37640975	1.512657375	1.687017875	1.66010825	1.870202	1.50669975	1.640980125	1.5652735	1.812268375	1.50515775	1.534818875	1.677785125	1.665956875	1.743312875	1.771489875	1.660168375	1.661842875	1.721701625	1.518853875	1.812976	1.534902875	1.471729875	1.573812875	1.754701	1.698046	1.606586625	1.596217625	1.5898025	1.862999875	1.8527855	1.73196675	1.5040965	1.76489075	1.61352675	1.65213925	1.701388375	1.709769375	1.848581	1.809155125	1.45043175	1.580059125	1.830153375	1.691161375	1.6669795	1.638726875	1.80149625	1.645870375	1.574026125	1.543516375	1.526718875	1.64784525	1.618103375	1.49722525	1.668428875	1.721143875	1.741347625	1.616450375	1.679	0.031	1.4E-5	2.5E-5	0.224101802379
60	110	251	3.18162075	1.609638125	1.696883625	1.555501125	1.51873975	1.705545	1.474538625	1.663919875	1.6402085	1.684190875	1.48644725	1.5285015	1.729274125	1.66741425	1.60489175	1.515592125	1.7474545	1.475768375	1.780378625	1.680145875	1.520828	1.6428705	1.611746625	1.581759875	1.467922375	1.60246775	1.525793625	1.7839715	1.5136415	1.748815875	1.48218075	1.71294725	1.975345375	1.553690375	1.908971375	1.507532125	1.4789715	1.35164375	1.449441875	1.60280875	1.673440375	1.5270245	1.780667875	1.4053515	1.5492285	1.606013625	1.683728625	1.587170375	1.86249825	1.690485	1.37563725	1.559088375	1.600427375	1.502099875	1.605068	1.704210375	1.472438125	1.557842375	1.588000625	1.645819625	1.581248375	1.49868375	1.502249125	1.40158375	1.62664725	1.760567125	1.661560875	1.77997	1.48506375	1.424791875	1.69785875	1.41806125	1.59618275	1.719006375	1.522293875	1.6118795	1.46751425	1.632452625	1.34913475	1.52199975	1.464799875	1.666717625	1.46170525	1.758571125	1.61062925	1.555329125	1.678950875	1.3831305	1.329253125	1.540189	1.606606375	1.62839775	1.61600875	1.49066025	1.57479025	1.5028755	1.5227585	1.711156875	1.586883125	1.490589375	1.557402875	1.594712625	1.5043925	1.690856375	1.403241375	1.6363085	1.599539875	1.708585875	1.486944375	1.300388375	1.520687875	1.5722645	1.480993875	1.6193995	1.56185525	1.551411125	1.621544375	1.500196375	1.484153875	1.554764875	1.56841925	1.707578625	1.445606625	1.47394	1.803887375	1.665656625	1.545865375	1.714956375	1.489137875	1.728717375	1.5539825	1.5462865	1.758059375	1.462235125	1.65308425	1.436302625	1.353475375	1.618615125	1.346278875	1.446512375	1.508953375	1.558370125	1.67657525	1.573239	1.67043275	1.517133125	1.788979625	1.606040375	1.590539375	1.54330375	1.65594075	1.38845	1.42056175	1.633402125	1.70638225	1.43971675	1.679598625	1.50048475	1.478555125	1.56933025	1.4460165	1.680749125	1.559314125	1.7296845	1.574868625	1.46261975	1.63582	1.65897925	1.642801875	1.6922675	1.46189225	1.53766525	1.66907175	1.51881775	1.5168625	1.6113805	1.634940375	1.612632875	1.548867875	1.523056	1.569432	1.60925025	1.726043875	1.68193325	1.66927625	1.5593315	1.452167625	1.59775775	1.510217375	1.57863925	1.61133825	1.56879825	1.553263375	1.481794	1.488943125	1.55326375	1.4696285	1.692354125	1.396456625	1.630485625	1.469909125	1.51033525	1.41398825	1.678209	1.50787925	1.5163605	1.4970255	1.50216275	1.540850375	1.595858375	1.451333375	1.3862335	1.558265625	1.54556925	1.70595525	1.595667875	1.500935625	1.539959875	1.602078125	1.4618525	1.6833725	1.62175225	1.667905875	1.745346625	1.437326	1.56113275	1.74485425	1.717352	1.6884385	1.383650125	1.551207	1.65688	1.563863	1.515991625	1.53814275	1.586540625	1.53599075	1.44841425	1.54048275	1.539154875	1.5802005	1.424612875	1.561533625	1.657252375	1.443481625	1.483486625	1.75062275	1.67653525	1.529668125	1.430035	1.393691375	1.626	0.018	4.6E-5	1.6E-5	0.14689483924
61	58	251	2.18466675	1.088380375	0.7716381875	0.96864725	0.97782925	0.685888375	0.7828060625	0.891042	1.086781875	0.94853025	1.049654625	1.044192875	0.802143375	0.818207875	0.8423573125	0.8000724375	0.8596545625	0.8500406875	0.8830338125	1.1223845	0.7226601875	0.83748775	0.8789415625	0.9900265625	1.0101449375	0.8992153125	0.9730959375	0.762618	1.10751	0.9842899375	0.9572736875	0.915251625	0.99342025	0.886643125	1.16041875	0.9640753125	1.0059614375	0.965973875	1.0107045625	0.7936746875	0.709339375	1.055467625	0.9672619375	0.9653515	1.143660125	0.664831	0.8204305625	1.016361625	0.7752928125	0.833028125	0.900700375	0.94986425	0.884214375	0.9779693125	1.0451734375	0.9758993125	1.0349150625	0.88877525	0.9101138125	1.274015625	0.9718161875	0.8904896875	0.8599023125	0.7403995625	0.97288175	0.999790375	1.103861375	1.0050533125	0.846843125	0.9142045	0.8679715	0.8387215	0.7555218125	1.0200378125	1.0164509375	0.8626813125	1.082651625	1.003571375	0.9013923125	0.97331	1.0076108125	0.7788075625	0.9489585	1.1023525	0.7722355625	0.7314525625	1.0148710625	0.96508525	0.9472125	0.9409475	0.97274	0.832864625	1.05962575	1.123542875	1.202439	1.148747875	0.848476375	0.9131054375	0.967399625	0.939900875	0.9523766875	0.8352505	0.911581375	1.014000375	0.9132021875	1.0305420625	0.8153545625	0.969067	0.6666348125	0.8859149375	0.87619225	1.080820875	0.971412375	0.73386375	0.9411560625	0.8789335	0.8987636875	0.927238	0.9175285	0.910993125	0.858813625	0.8956526875	1.13953775	0.953413875	0.851813375	1.00298675	1.026024875	0.906028875	0.79816625	1.0423839375	1.103912	0.955073	0.9259969375	1.08516525	0.9698116875	0.892171125	0.8691615625	0.900137375	0.869417625	1.10568675	1.031728875	1.047833125	1.101188375	1.0256060625	0.8072333125	0.8380483125	1.0201381875	1.167293875	1.088641875	1.15489975	0.9313138125	0.9967379375	0.837886	1.0356529375	0.8112525625	0.898893875	0.707937875	0.9281621875	0.8751125625	0.819590875	0.910465	1.0171221875	1.056195375	0.8874389375	1.004282375	1.133064875	0.8274725	1.095377125	1.0104825625	1.059188625	1.048213	1.001853625	0.849445	1.0080714375	1.0088589375	1.158216	1.01923725	0.98743275	0.9857685625	0.84714675	1.010432125	1.01741525	1.119995375	0.9720463125	1.073492875	0.9667333125	1.116022125	1.080208	0.8482811875	0.9434203125	0.963238125	0.94772775	0.8132060625	0.9715380625	1.01876625	0.9951801875	0.833645375	0.8263025625	0.867150125	1.0187434375	0.886702125	1.084702375	1.065888125	0.9812233125	1.0133284375	0.9517794375	1.023779625	0.8733870625	0.873243	0.98314175	0.9933271875	0.9962473125	0.974227125	0.7841435	0.9400368125	1.13022525	0.743809	0.9076138125	0.89185075	1.1956775	0.977844125	0.727822375	0.8813404375	0.981305375	0.87975075	0.89910825	0.8866696875	1.0765755	0.8780746875	1.0144205	0.9273356875	0.9012141875	1.0438915	1.0392018125	0.9772230625	1.220961375	1.236121375	0.998957375	0.812268375	0.9193108125	0.83245325	0.87559225	1.0188696875	0.821366375	0.891716	0.909366375	0.963868125	0.834528	1.0461005	0.95677525	0.90060875	0.946	0.019	-1.2E-5	2.7E-5	0.135831260012
62	107	251	3.60005	1.961690625	1.871552375	1.96801025	1.95243825	1.889921375	1.834171125	1.964013875	2.0796765	1.90723575	1.79915825	1.793025625	1.76627175	1.820279	2.022651	1.80934225	1.836126	1.932781375	2.002941	1.941589375	1.86121325	1.88028425	1.835538125	1.864970875	1.70183275	1.873177125	1.7660235	2.0885735	1.98425025	2.03872825	1.850893375	1.969445875	1.850189875	1.877476125	1.8576495	2.038607625	1.852565	1.891573375	1.814903625	1.834311625	2.056408875	1.81630175	2.073704	1.939628125	2.05879275	2.010296875	2.04919175	1.9097245	1.94566	1.86084375	1.917976	1.813249125	1.8171675	1.96351125	2.0757415	1.819854375	2.1092525	1.88272375	1.838991875	1.9727585	1.865038125	1.88397825	1.874734	1.82263275	1.8459405	1.941826125	1.76825275	1.886726375	1.874927625	2.007681625	2.019183375	1.751339625	1.7818055	1.88084475	2.041660625	2.057024125	1.83364875	1.971145125	2.096430625	1.825043875	1.85043475	1.9241255	1.897326875	2.112598	2.06955975	1.721970375	1.851364125	2.051099125	1.809012625	1.825521375	2.0925775	1.693662375	1.99510275	2.051805375	1.893026125	1.96634425	1.756979	1.779500875	1.96490175	1.820216625	1.820729	1.915559875	1.960326125	1.7361245	1.824404875	1.994578625	1.83808075	2.14238275	1.985864	1.7375805	2.10053925	1.989344	1.972998375	1.972085625	1.9266595	1.86316275	1.808626375	1.949549125	1.866190375	1.982370875	2.023231625	1.847193875	2.00107075	1.85114175	1.870791	1.882729	1.6592825	1.8858405	1.915806375	1.683888125	1.882050625	1.85919775	1.9928975	1.893757125	1.97015675	1.75609025	1.8561555	2.158926	2.090393125	1.9442775	1.75561075	2.010784625	2.073490375	1.968485625	2.057203625	2.005900375	1.935914625	1.97978525	1.817619125	1.90903775	1.90942375	1.91350725	1.9968725	2.034539125	1.871600875	1.76427025	1.910185125	2.0010725	1.916657	2.0660765	1.946365125	1.970967375	1.73164775	1.94882775	1.782268125	2.031666	1.917157625	1.781247125	1.92493	2.04389	1.938902	1.892455875	1.923230875	1.786574375	2.02604775	1.8246	1.95950325	1.937704875	1.900299875	1.975043125	1.93432825	1.787056375	2.0388585	1.931038625	2.042360125	1.96023675	2.02612275	2.076598625	1.540245125	1.906606125	2.1262915	1.83096825	1.90778175	1.848740125	1.752906375	1.86983475	1.96245525	2.0493825	2.03342725	2.081039	1.896758125	2.040224	1.91966825	2.019023375	1.92342125	1.8380525	1.951875875	1.754860125	1.87283275	1.835508625	1.95714225	1.941533625	1.91522125	1.856952125	1.865859875	2.064206875	1.983143375	1.819386	1.962757	1.948585875	1.82677725	1.956900625	1.98211125	1.95032575	2.05931675	2.057557	1.98355425	1.846691875	1.991640625	1.700356875	2.03968375	1.948444	1.899295375	1.908325375	2.117661	2.063464375	1.894283375	2.011835625	1.798520625	1.897001	1.8446755	1.81996675	2.01878775	1.797163125	2.05347225	2.0814965	1.848776	1.957493625	1.72933125	2.048765125	2.1268125	1.927	0.018	1.0E-6	1.3E-5	0.1492265554
63	151	251	4.1383755	1.987067875	2.05928475	1.803088875	1.96449225	1.862042875	1.8458415	1.745226625	1.87029225	1.9508345	1.747981625	2.0776415	1.792000625	1.82529125	1.852442875	1.72939125	1.938319875	1.920148	1.93656475	2.031470625	1.8481015	1.881544125	1.772531	1.747155	1.976556375	1.98039675	1.87193975	2.067579875	1.948624125	1.876661875	1.898463375	2.09821575	1.84593625	1.9024245	1.831255	1.976193125	1.9074625	1.98983375	1.927257	1.814351875	1.7010425	1.9398005	1.70599275	1.849389375	1.846804375	1.802053875	1.8612865	1.732211625	1.754423625	1.907639	1.7098225	1.9108555	1.956799125	1.88084325	1.7450035	1.94648425	1.82780275	1.70979425	1.7249265	2.0172515	2.065753875	1.951744	1.788104375	2.0769275	1.781291375	1.792552625	1.738159125	1.958283125	1.78038725	1.931337375	1.8026105	1.854300375	1.649406375	2.001464875	1.88951825	1.90525275	1.7766445	1.71727925	1.788245	1.81121225	1.87165125	1.693793375	1.712122	2.035866625	1.776397625	1.76244975	1.858619625	1.79124625	1.8684165	2.08801875	1.8014265	1.786297875	2.062889875	1.925183625	1.915505	1.84650975	1.783706	2.01034325	1.761232	1.767505625	1.95165875	1.751899625	1.773647125	1.80609725	2.07217525	1.706098625	1.851648	1.8344385	1.849155875	1.714966625	2.022145375	1.819730875	1.844999375	1.77346125	2.080979	1.914760625	1.773126	1.9281265	1.873455375	1.819773375	1.813615125	1.78416625	1.853682375	1.684975875	1.845406375	1.92838975	1.939022125	1.749836875	1.847795875	1.764949125	1.97461225	1.8172035	1.905234375	1.783797875	2.004850125	1.81179	1.781325625	1.716916	1.81232625	1.835705875	1.76008925	1.99763675	1.637512375	1.821057875	1.834668	1.9759515	1.620058625	1.8901835	1.920133625	1.771576875	1.627889	1.909323	1.707993625	1.7178535	1.9057415	1.8076465	1.902997375	1.870241375	1.76167525	1.691772125	1.767039125	1.768316	1.83939375	1.828679125	1.507374	1.940318125	1.899926125	1.705250125	1.76343275	2.10068125	1.8781515	1.776517125	1.98651975	1.63181975	1.76199975	1.89363625	1.730228	1.835612125	1.871701625	1.844453875	1.926323375	1.805272375	1.782630625	1.83203575	1.984297375	1.73671925	1.81095225	1.66658275	1.742073125	1.9601045	1.724771875	1.680807625	1.718218	1.723558875	1.7979355	1.5737835	1.742042125	1.870087	1.67406625	1.88188275	1.675242375	1.774265875	1.892196875	1.819969125	1.709029	1.624089875	1.886067125	1.92069775	1.718287125	1.555558625	1.650347	1.90265175	1.784975875	1.8443075	1.591631125	1.7750075	1.740690375	1.79008325	1.94014425	1.824887875	1.674808625	1.87513	1.781961375	1.7271785	1.9721105	1.691989875	1.718857	1.851416125	1.781062875	1.69468525	1.945781375	1.599774	1.7261925	1.780216	1.69971825	1.9508345	1.80423875	1.647036	1.698752125	1.593766625	1.606537	1.6352945	1.636778	1.6962785	1.7221305	1.61296375	1.666553	1.553223625	1.83641675	1.870951875	1.694712375	1.946	0.022	9.5E-5	1.7E-5	0.175859994586
64	32	251	6.340355	3.97782975	4.05325275	3.8966845	3.5517895	3.48631975	3.4621265	2.99535575	2.9952555	2.7747015	2.87286225	2.5849575	2.5957885	2.51558175	2.5627635	2.34751	2.39202875	2.336095	2.019981	1.988077625	1.9077	2.070850125	1.86950075	1.922242375	1.501116625	1.67084325	1.6269985	1.489653625	1.330183875	1.354151125	1.311312	1.356045	1.345775625	1.259921875	1.26373425	1.352638	1.17841475	0.9293699375	0.9894568125	0.7679306875	1.061071125	0.730946625	0.758835	0.716929375	1.077542	0.874373875	0.8311729375	0.59115325	0.6376825	0.8244498125	0.595349375	0.468105125	0.5660574375	0.7462140625	0.6555361875	0.514125	0.5189845	0.6451508125	0.552564125	0.35548796875	0.46093496875	0.49951553125	0.442590875	0.6999355625	0.3704914375	0.35462784375	0.334888875	0.3279066875	0.38078203125	0.23371559375	0.4548435625	0.31240803125	0.237059125	0.3208760625	0.298325375	-0.1162829375	-0.099049109375	0.339445375	0.314993375	0.27859315625	0.4673595	0.242380265625	0.2921365	0.14952925	0.260257671875	0.23418853125	0.3577654375	0.33731103125	0.27902065625	0.151004875	0.43439965625	-0.107462195312	0.143699140625	-0.0679398359375	0.109872507812	0.13221775	0.180689265625	0.28696096875	0.11076734375	0.27699015625	0.1828915	0.3886479375	0.195790515625	0.17071996875	0.25074803125	0.16466078125	0.30679790625	0.21135475	0.43106125	0.16223890625	0.0810701484375	0.3458738125	0.17049628125	0.16347353125	0.198442609375	0.0740688984375	0.3195533125	-0.16057590625	0.3246991875	-0.198311359375	0.1806071875	0.161126125	0.321932125	0.33531515625	0.29077271875	0.27522178125	0.256699375	0.263007625	0.1944945	0.37740140625	0.128294992187	-0.230195078125	0.244595828125	0.176122890625	0.187490296875	0.384864625	0.122859882812	0.0338435390625	0.131783921875	-0.137585890625	0.182105078125	0.136734625	-0.15812246875	0.27186471875	0.2312201875	0.2178394375	0.178780953125	-0.075244421875	0.081517578125	0.06565634375	0.118487242187	0.3080930625	0.127752109375	0.19792021875	-0.1405498125	-0.128316234375	0.2793348125	0.23283915625	-0.25313	-0.185408765625	-0.373478375	0.215676765625	-0.2274979375	0.101500734375	-0.134853078125	0.23504028125	-0.12133778125	0.20093821875	0.2293230625	0.206198765625	-0.28932125	0.1252856875	0.15676584375	-0.0602358789062	-0.13167409375	0.115361671875	0.19258596875	0.185909515625	-0.137948578125	0.309066125	-0.146196609375	-0.199983765625	0.199120609375	0.18515534375	0.30872853125	0.13882809375	0.1686599375	0.2870775	0.3506235	0.379288	0.09314990625	0.30575934375	0.1314324375	0.11641984375	-0.253632203125	0.200205796875	0.206172546875	0.250352234375	-0.15950815625	0.239945234375	0.14367953125	0.2848801875	0.16812115625	0.31311215625	-0.1614844375	0.119816203125	-0.157633828125	0.0575498046875	0.118536375	0.208993828125	0.251821140625	0.150765328125	-0.125854828125	-0.072599765625	-0.105280375	0.21348103125	-0.159604265625	0.31821621875	0.1766283125	-0.259577859375	0.0828016953125	0.094737859375	0.20807715625	0.44843103125	0.124307953125	0.30714015625	-0.31990865625	-0.114490734375	-0.1933969375	-0.1561558125	0.113602382812	0.133550515625	0.195293546875	0.104474578125	0.0719139921875	-0.28654871875	0.27363171875	-0.139887921875	-0.08455628125	0.180608640625	0.16598909375	0.2960925625	0.2101440625	-0.068568390625	0.1649736875	0.152535359375	0.0665354140625	0.216734671875	0.185013890625	0.2986591875	-0.2598135625	4.77	0.08	0.0078	1.9E-4	0.207884083053
65	67	251	4.6878225	1.78078575	1.734417125	1.535719125	1.22554225	0.98625675	1.103507125	0.7952486875	0.9914598125	1.07167325	0.9803856875	0.9047533125	0.66405625	0.8401689375	0.661172875	-0.0805499609375	0.906815375	0.569678375	0.49625678125	0.7434301875	0.6779155625	0.76844775	0.618245375	0.6455894375	0.5450155	0.6347613125	0.596895375	0.586155375	0.5586278125	0.6248353125	0.647545875	0.715849375	0.5026333125	0.516995375	0.550121375	0.64186925	-0.069429921875	0.8941103125	0.516487375	0.676442125	0.6241275625	0.6556291875	0.7659561875	0.6630868125	0.37468928125	0.7107111875	0.43920025	0.6767904375	0.830762125	0.522110625	0.6737864375	0.585348	0.59536625	0.7087080625	0.60582325	0.5895416875	0.8002649375	0.57448875	0.5958225625	0.596475375	0.606934375	0.7183155	0.49146815625	0.6554220625	0.600322	0.660021625	0.5901151875	0.8675416875	0.50029371875	-0.219163046875	0.8005530625	0.698071625	0.8125794375	0.6677371875	0.914043375	0.623249625	0.8860735625	0.3773058125	0.6490523125	-0.043971921875	0.63949575	0.59477925	0.563953625	0.7443711875	-0.0837064140625	0.689026625	0.52188059375	0.6225160625	0.863657	0.528420875	0.562808125	0.704335	0.6822036875	0.5290481875	0.7355741875	0.5394459375	0.78083225	0.4399305	-0.191549625	0.696250625	0.5285324375	0.7149744375	0.7369045	0.59399325	0.7095440625	0.586864125	0.79696675	0.7383978125	0.68011125	0.64500325	0.6305028125	0.737440875	0.6702260625	0.6474799375	0.5519525	0.625890375	0.8063556875	0.6515665625	0.688821125	-0.0508019609375	-0.105388335937	0.785419625	-0.099960796875	0.77772725	0.7898216875	0.6266519375	0.582770125	-0.32491925	0.699701	0.738445375	-0.0960365390625	0.7089790625	0.549800625	0.5428656875	0.615369125	0.506915625	0.69022075	0.6265238125	0.5720798125	0.583293	0.51672221875	0.6828505625	-0.11385078125	0.588830625	0.54786425	0.739440625	0.531582625	0.7069961875	0.46340178125	0.647681375	0.5663896875	0.528397	0.7026664375	0.653824125	0.6223739375	0.787225625	0.6928713125	0.73275325	0.6631076875	0.6461424375	0.8492691875	0.70211775	0.6197679375	0.58473125	0.65923575	0.6375921875	-0.0828732578125	-0.138134421875	0.6550581875	0.5860411875	0.650789875	0.6710838125	0.606502	0.41354084375	0.5931729375	0.6695845	0.6184044375	0.613580375	0.8963695625	0.5990004375	0.6351188125	0.8219341875	0.68266825	0.57362875	0.616811625	0.6079185	0.535790375	0.67572325	0.682807875	0.50746428125	0.5786105	0.7473938125	0.763374125	0.6239793125	0.71718075	0.7619416875	0.546857125	0.51542721875	0.795471	0.71039675	0.5444169375	0.78075025	0.9027318125	0.645029375	0.6469546875	0.6427705	0.5211849375	0.55272725	0.5761054375	0.5649779375	0.6327870625	0.69751875	0.790495125	0.46763840625	0.6424799375	0.6414488125	0.669265125	0.5175095	0.695461125	0.73955625	0.6476251875	0.713987	0.583464375	0.611311	0.51914459375	0.5656535	0.5268258125	0.5605414375	-0.126475757812	0.7181255	0.5299489375	0.5268506875	0.7897081875	0.8600583125	0.701552125	0.988306	0.695815375	0.668426875	0.520984375	0.528115	0.7917890625	0.72823875	0.72959575	0.773986375	-0.0255544042969	0.651923375	0.82750625	-0.119472640625	0.834710375	0.682347625	0.610961875	0.78	0.06	3.3E-4	1.1E-4	0.35673374816
66	75	251	4.14489375	1.940463375	1.878464125	1.675185375	1.78987675	1.960269875	1.929201375	1.643381125	1.65043975	1.611939875	1.83404575	1.943624625	1.816737375	1.782111625	1.895007125	1.771692375	1.7833415	1.7020235	1.828027875	1.723111875	1.90217225	2.086719375	1.71530875	1.653776375	1.748505875	1.712401625	1.9631945	1.663865	1.711939375	1.794230125	1.5971945	1.764354375	1.52995825	1.802493	1.722613375	1.70298025	1.621734	1.719455375	1.599851375	1.6966295	1.699651875	1.719157125	1.776259625	1.807946	1.688361	1.6648105	1.945729625	1.653407375	1.8077235	1.775190125	1.932285375	1.773720625	1.770570375	1.749802625	1.835505625	1.748683	1.846707	1.7152945	1.85999625	1.846879125	1.979950625	1.81119025	1.557771125	1.8602715	1.912518625	1.838628	1.8209765	1.56026375	1.787965625	1.743305375	1.769530125	1.6044375	1.6105565	1.68851275	1.6836585	2.0319075	1.670980375	1.55581	1.903352875	1.691914125	1.68149575	1.68257625	1.92428725	1.8163365	1.84018325	1.7164645	1.628891625	1.832053375	1.74753525	1.7820375	1.6032925	1.6680845	1.972222125	1.784348375	1.76326325	1.986241	1.826268875	1.696876875	1.519705625	1.720283375	1.65728475	1.7368935	1.85453075	1.876914625	1.731586	1.70012275	1.77290675	1.945058	1.91682025	1.900743	1.851233625	1.665203375	1.858127	1.526039125	1.802001625	1.706639625	1.63956275	1.603866375	1.780991875	1.870851125	1.673372875	1.807170375	1.685397875	1.7762375	2.017103	1.68653275	1.80159675	1.43787875	1.737596125	1.798510375	1.694191375	1.774155375	1.64915725	1.735195125	1.841519125	1.937962375	1.8598635	1.8074285	1.598037375	1.84630325	1.51704525	1.7680315	1.589682875	1.851981	1.810207125	1.698521625	2.08460025	1.750875125	1.850251875	1.762491	1.719418	1.884023875	1.7892435	1.7724935	1.72946125	1.806259625	1.720650375	1.899919125	1.730641	1.769669875	1.722732	1.787893	1.91811225	1.792952125	1.99373675	1.8436795	1.68278	1.744603	1.6684895	1.68983825	1.848597875	1.81056725	1.82182525	1.715452625	1.78023025	1.708971625	1.73391425	1.751840875	1.806396	1.79668925	1.665301625	1.796697375	1.79064425	1.789571375	1.638967625	1.797654875	1.8528745	1.63981025	1.789565625	1.8470155	1.760042625	1.8644015	1.671544	1.68552425	1.73981025	1.63269275	1.50940075	1.661961	1.61379975	1.85745575	1.78491375	1.77266275	1.78029975	1.66765625	1.652791375	1.7350065	1.841999375	1.733602875	1.686084125	1.85134375	1.608643125	1.7837165	1.59428175	1.799864875	1.764021875	1.6906885	1.775893	1.621873375	1.9490565	1.836122625	1.795344875	1.719038875	1.908097375	1.7795145	1.72071825	1.809764625	1.781407625	1.862875	1.848575	1.52044975	1.68225825	1.797481625	1.756417	1.4603775	1.822377375	1.74412225	1.64406425	1.8042735	1.6885655	1.663541875	1.587890125	1.66842325	1.818763875	1.738290625	1.964189375	1.7613165	1.706496	1.672445	1.63824	1.7332375	1.772206375	1.818	0.025	4.3E-5	1.9E-5	0.183991762507
67	50	251	4.563391	0.196609875	0.32320528125	0.146292171875	0.35313659375	0.19006828125	0.2293910625	0.401678125	0.17186128125	0.257652953125	0.3364589375	0.2651290625	0.213195328125	0.51978125	0.28706225	0.42956103125	-0.14322403125	0.260341625	0.20180425	0.16633978125	-0.233499296875	0.225707703125	0.184168515625	-0.214168890625	-0.168179546875	0.209412453125	0.279877625	0.186653125	-0.22800321875	0.176325875	-0.203683609375	0.24822525	0.191073875	0.167290890625	0.25314915625	0.37150246875	-0.0845794375	0.119304734375	0.208321484375	-0.06704625	0.2269918125	0.29873171875	-0.140674640625	0.190810515625	0.27629590625	0.31538284375	0.240822734375	0.2270489375	0.183257453125	0.25692028125	0.188497078125	0.1070495625	0.2433716875	0.206256734375	0.43870065625	0.169848703125	0.27199665625	0.4792904375	0.35319778125	0.247749734375	0.194918078125	0.161294859375	0.19981328125	0.22013246875	0.1311215	-0.3136245	-0.25474253125	0.080191265625	0.2952705	0.17564334375	0.3612085625	0.21779921875	-0.153541046875	0.1845731875	0.25133053125	0.253069125	0.160492390625	-0.131253328125	0.0972815078125	0.3299168125	-0.15542309375	-0.1607269375	-0.1322756875	0.259611390625	-0.14928075	0.159426484375	0.22578028125	-0.155818421875	0.3125385	0.0778736640625	-0.22227521875	0.240616453125	-0.19150996875	0.14129759375	0.238748046875	0.16739228125	-0.12344259375	0.33948575	0.13147053125	0.31269584375	0.289649875	0.18879	0.198991421875	0.0654540703125	-0.201740125	0.206749859375	0.2294808125	0.23217103125	0.10199490625	0.199655015625	0.21973903125	0.250918296875	0.233987140625	0.147464	0.2023751875	0.26543725	0.148832375	-0.111260445312	0.1747461875	0.0229391210937	0.123109257812	0.16814459375	0.06114171875	0.100854445312	0.202729765625	-0.22939684375	0.164238515625	0.221635546875	0.2799010625	0.4426418125	-0.12299096875	0.231279671875	0.128743585937	0.118385414062	0.197412046875	0.3778204375	0.428109125	0.22392715625	0.211208734375	0.0748057109375	0.34110565625	0.28350096875	0.25694259375	0.21759246875	-0.0780798671875	0.43371975	-0.10261053125	0.27475434375	0.30359221875	0.40779009375	0.155163859375	0.24299415625	-0.129343875	0.0961181953125	0.161798875	0.228156140625	0.242605296875	0.2246541875	-0.2999988125	0.1696290625	0.246652265625	-0.16116721875	-0.18379878125	0.27264940625	0.216569328125	0.29081590625	0.32517109375	0.15485003125	0.21617428125	0.28387078125	-0.2777989375	0.1531214375	0.277345	0.3380898125	0.1945948125	0.21998140625	0.22339053125	-0.0763339765625	0.2009938125	0.3719039375	0.2046413125	0.273077	0.127517804687	0.19846325	0.112091757812	0.1725914375	0.21448715625	0.207501890625	0.15805215625	0.3603023125	-0.0309339785156	0.2204775	0.126688617187	0.2384873125	0.223763453125	0.168607203125	-0.108028945312	0.29022503125	0.142716140625	0.41322878125	0.2414859375	0.23091859375	0.27063125	0.20429978125	0.217346953125	0.179575375	0.1827095	0.27245990625	0.127809640625	0.3374881875	0.195000953125	0.1568943125	-0.159007609375	0.08733303125	0.118046515625	0.213034015625	0.120298703125	0.239511859375	0.15750071875	0.1988234375	-0.2789719375	0.26889440625	0.33754921875	-0.18557471875	0.2738025625	0.102651132812	0.35256459375	0.28429171875	0.29342171875	0.201580421875	0.2922800625	0.117549445312	0.229031875	-0.130322296875	0.36597821875	0.249322984375	0.104538234375	-0.157196796875	-0.153661859375	0.3099429375	0.205790296875	0.334274125	0.0699901640625	0.28754671875	0.1935034375	0.128180453125	0.2844099375	0.2256875625	-0.16157684375	-0.099515625	-0.1553766875	4.56	0.22	0.162	0.033	0.231019907624
68	19	251	3.44594775	0.798695625	0.7553315	0.7816605625	0.578249125	0.7619868125	0.6872305625	0.73008225	0.766692625	0.6310469375	0.6802688125	0.9161806875	0.6463645	0.584810625	0.66489275	0.7485570625	0.64883275	-0.13741290625	0.529662375	0.61493975	0.45194015625	0.6719993125	0.6414043125	0.8788679375	0.50964184375	0.9328719375	0.6141575	0.597758	-0.3307891875	0.6315895	0.5834366875	0.6460909375	0.48338046875	0.723407875	0.522046125	0.52309575	0.621596125	0.9122644375	0.6181026875	0.5913564375	0.5409684375	-0.27995678125	0.4784888125	0.6736445	0.76196925	0.5817951875	0.48605896875	0.5753775	0.736771	0.695082625	0.7384635625	0.4466235625	0.526902	0.5806566875	0.669095875	0.6632415	0.647226875	-0.24922309375	0.76871625	0.69111275	0.57383125	0.614109875	0.535003125	0.62753475	0.648575	0.57697175	0.6193390625	0.7946465625	0.77354675	0.6041715	0.622241625	0.775358125	0.45738825	0.5508935	0.6954106875	0.570703375	0.44147625	0.8073925	0.566505	0.8078459375	0.5725908125	0.8853245	0.60021925	0.48560771875	0.838150125	0.8701968125	0.5391153125	0.725665	0.44111328125	0.6166654375	0.49889175	-0.36122228125	0.6806299375	0.46671440625	0.6871438125	0.703994	0.6357276875	0.4663889375	0.5876599375	0.8266894375	0.5010171875	0.5141701875	0.4697420625	-0.15623434375	0.796992375	0.672501125	-0.14608078125	0.4959695	0.6770476875	-0.1921701875	0.6576946875	0.48950821875	-0.16365103125	0.6109375625	0.5448970625	0.5888740625	-0.27173803125	0.732783875	0.7997430625	0.548642125	0.673447625	0.62964925	0.46414946875	0.47680490625	0.6774823125	0.5995695	0.6118184375	0.6422944375	0.5824833125	0.54962275	0.363819625	0.629837	0.6426839375	0.673968	0.468649	-0.136833078125	0.5178569375	0.837266125	0.5362640625	0.729552	0.7813024375	0.43475596875	0.750325875	0.45907771875	0.6479614375	0.685482125	0.6205765625	0.6628831875	0.577596	0.610334875	0.778464375	0.6694879375	0.602948875	0.6498730625	0.6419076875	0.7261080625	0.532454125	0.7645214375	-0.220765546875	0.50813578125	0.6508384375	0.691672375	0.7101673125	0.662821625	0.6434683125	0.6947299375	-0.1728688125	0.5782555625	0.80311575	0.8170971875	0.51861203125	0.7659484375	0.5918946875	0.57411425	0.5931515	0.7761184375	0.6367339375	0.4802936875	0.8990275	0.6594651875	0.644498125	0.56871525	0.678544875	0.631955	0.39700946875	0.7996435	0.6948603125	0.5295135625	0.7303179375	0.666742125	0.682480625	-0.124417851562	0.6216813125	0.536553375	0.4764085625	0.5257946875	0.7313839375	0.45221453125	0.51264990625	0.58441675	0.574133	0.70031875	0.48971271875	0.62655275	0.684106375	0.698893875	0.8342674375	0.5647355625	0.6951374375	0.5195925	-0.212356328125	0.5815075	0.6296674375	0.6743175	0.7721019375	0.7377024375	0.43900946875	0.654359125	-0.15338359375	0.5962076875	0.8667425625	0.70835175	0.696698375	0.4106539375	0.36364996875	0.47105290625	0.5030424375	0.6053411875	0.4827896875	0.6934009375	0.4201754375	0.536896875	-0.14740834375	0.670537375	0.6020495625	0.6356395	0.5326250625	0.6874625625	0.57834225	0.47925925	0.546604625	0.6414506875	0.527987625	0.48200484375	0.6231553125	0.5797073125	0.74834825	0.69843925	0.537220125	0.489576	0.4406104375	0.648	0.039	1.7E-4	9.0E-5	0.296044674066
69	128	251	4.4076565	1.27202375	0.533796	0.290131875	0.38326440625	0.2724195625	0.0957159140625	0.26727896875	-0.32221775	0.13921196875	0.31743790625	0.242239796875	0.21963790625	-0.0643717109375	-0.108481671875	0.13723128125	0.12749225	-0.03600896875	0.137582640625	0.3599173125	0.08975253125	-0.0530267695312	0.31970675	0.37264778125	0.116934171875	-0.0140398896484	0.2318799375	-0.185767296875	-0.105924867187	0.229671703125	0.080417703125	0.1758079375	0.168593703125	0.104434085937	-0.0655394453125	0.128554359375	-0.186392703125	0.33043646875	0.227722390625	0.239997796875	0.27906959375	0.136845796875	0.184386125	0.162329078125	0.176714953125	0.11885065625	0.23231234375	-0.095781140625	-0.14885765625	0.197931953125	0.16239759375	-0.130315945312	0.137229921875	0.25296678125	0.176854625	0.196915390625	-0.2644959375	0.17759153125	0.153287734375	0.24178740625	0.14411403125	0.148535140625	0.126184039062	0.236914578125	0.170171421875	-0.0297588769531	0.356101375	-0.0933490703125	0.208336	0.112880695312	0.148166859375	0.1688681875	-0.29422715625	0.295769875	-0.116091054687	0.0568079804687	0.158391078125	-0.16399975	0.1850480625	0.133208703125	-0.0613458046875	0.3368940625	0.31183690625	-0.0420713398437	-0.00707782910156	0.15441815625	-0.0422980546875	0.17928296875	0.0994391953125	-0.00720877929687	0.201575734375	-0.0785216953125	0.34164575	0.124305328125	0.37070834375	0.167626984375	0.09713796875	0.116185109375	-0.17457875	0.18314565625	-0.124460484375	0.215485734375	-0.0962573984375	-0.094511	-0.0155286796875	0.166895140625	0.18973096875	0.157804734375	0.14830103125	0.260538484375	0.318255875	0.26267975	-0.0896204609375	-0.095877140625	0.198004015625	-0.04262828125	0.145455140625	0.112099117187	-0.0813517265625	0.209582453125	-0.0436107851562	0.1215439375	0.42094471875	0.216599546875	-0.08361671875	0.22011565625	0.154498328125	0.23847296875	-0.20925525	0.16670440625	0.3116445	0.28650534375	-0.0751066015625	0.22858296875	0.3984625625	0.22958684375	0.1873979375	-0.1716269375	0.2765669375	0.43299103125	0.13759140625	0.3017985	0.3622489375	0.0925214375	-0.111953320312	-0.025530796875	0.177815640625	-0.0380773125	0.219093703125	0.14359084375	0.1631973125	0.22204259375	0.158753234375	0.307197125	0.30900440625	0.255568390625	0.149331171875	0.24760671875	0.1724224375	0.0797794609375	0.146874484375	0.29528009375	-0.068472234375	0.2883178125	0.1863406875	0.28142746875	-0.125392726562	0.34941465625	0.40851396875	-0.0610942226562	0.262200375	0.19711440625	0.32037334375	0.26235378125	0.2783624375	-0.12467484375	0.33850221875	0.150492015625	0.43383471875	0.253350828125	0.253410015625	0.27146875	0.15149159375	-0.25166403125	-0.0751816484375	0.12697959375	0.28655778125	-0.1405920625	0.143529203125	0.117969703125	0.17379884375	-0.0774499375	0.234097265625	0.281223	0.31751703125	0.30635546875	0.12666059375	0.08693203125	0.171797375	0.307465375	-0.113477507812	0.117923765625	-0.09251984375	0.18814615625	-0.127638578125	0.18901596875	0.174224953125	0.124299914062	0.2698126875	0.26364184375	0.157222296875	-0.1335913125	0.233237796875	0.355927	0.1590076875	-0.16185115625	-0.125253921875	0.37199046875	0.3630669375	-0.167654796875	-0.090194328125	-0.11471590625	-0.0603006054687	-0.075265109375	0.13983665625	0.22911359375	-0.042364	0.1622803125	0.105942539062	0.23681115625	0.176120875	-0.123052789062	0.09342525	-0.0466655546875	0.31016653125	0.149304	0.135032	0.19266415625	-0.209423890625	0.152081828125	-0.0762240390625	0.193309359375	0.135198375	0.31900690625	0.27406653125	-0.02784721875	0.22787290625	-0.106171359375	-0.33598140625	-0.119293929687	-0.0179694648437	4.41	0.2	0.091	0.008	0.202412871552
70	84	251	3.20734925	1.607628375	1.639632125	1.454554375	1.535735375	1.689021625	1.397259625	1.78532625	1.627505625	1.494960875	1.47702625	1.675342125	1.499312625	1.612004625	1.4832635	1.5775135	1.598011625	1.713105375	1.67192525	1.491	1.62294675	1.685882625	1.62753875	1.499671875	1.487867625	1.47932875	1.613981875	1.5341555	1.552694875	1.619809125	1.702261875	1.647639625	1.830269375	1.555902375	1.50456325	1.56836975	1.559842375	1.50747225	1.570034	1.4859835	1.751984375	1.60087325	1.3676905	1.557310375	1.64660775	1.625502875	1.49522525	1.594116875	1.6145935	1.560504	1.556406875	1.703730375	1.542908125	1.469488125	1.593973625	1.55153275	1.605970375	1.5998405	1.42105825	1.616234625	1.525225875	1.62734975	1.5110345	1.698428875	1.701495	1.46240175	1.74166525	1.52725325	1.571818375	1.6293385	1.64438	1.772640875	1.570086375	1.491839125	1.643929	1.554218	1.6465055	1.442024375	1.432865625	1.5195365	1.483768875	1.5146445	1.547507875	1.623674375	1.544462625	1.69257	1.595768125	1.54428575	1.639501875	1.588896	1.5736195	1.529650625	1.6786605	1.570566	1.628556	1.48975425	1.46676625	1.44638425	1.414565875	1.4987915	1.622174625	1.656273875	1.6260125	1.45448175	1.401905875	1.528641625	1.476669875	1.524982625	1.508446375	1.581104125	1.458665	1.322444625	1.430154625	1.51498025	1.4599735	1.644327375	1.612702375	1.648857	1.58942225	1.50795375	1.446466875	1.54854575	1.55874675	1.571054875	1.54747925	1.7431095	1.5782095	1.62293775	1.51955275	1.650072	1.471843375	1.509978	1.62613225	1.414221625	1.5184385	1.456400375	1.65150625	1.513754125	1.64806225	1.448975	1.62306725	1.652178875	1.54675575	1.49387325	1.571292875	1.411101625	1.46299975	1.62349425	1.49651775	1.405110375	1.460689125	1.619831875	1.497660875	1.52169725	1.628799	1.5940895	1.508635	1.525487375	1.399987625	1.468742125	1.5371725	1.583494625	1.477003875	1.65356875	1.605057125	1.59586975	1.41007825	1.7947235	1.758789125	1.547309875	1.425764375	1.58853725	1.394981	1.415398875	1.69620975	1.621516	1.56853825	1.489141125	1.6086765	1.506677125	1.558078875	1.44135925	1.424808375	1.429114625	1.68865025	1.3918995	1.614022625	1.3916755	1.69593875	1.3543655	1.409689875	1.480988375	1.552820875	1.590169	1.614324125	1.5769985	1.513840375	1.568196125	1.4520375	1.574540875	1.59365275	1.470575	1.622394875	1.48463625	1.519346375	1.600122875	1.64844275	1.351700125	1.459110875	1.600078375	1.469726875	1.346886875	1.507915875	1.739044375	1.539869875	1.599516875	1.604406	1.5050895	1.446236625	1.54461725	1.493356375	1.508320875	1.556088	1.47553225	1.314014625	1.487144875	1.609715625	1.432911125	1.515362625	1.3670775	1.488473	1.287568375	1.660991	1.554545875	1.48346125	1.332786875	1.4624085	1.404896375	1.608907125	1.46484925	1.425053125	1.67694425	1.640929625	1.445077875	1.750372	1.32318025	1.519062125	1.664731875	1.653528	1.71121975	1.452341125	1.617	0.017	6.2E-5	1.5E-5	0.139526689588
71	48	251	3.62350175	1.4364915	1.64892925	1.635995375	1.378473875	1.44126375	1.4629055	1.439319875	1.435809	1.765354625	1.538550625	1.91048	1.546712125	1.436152375	1.407009625	1.5172555	1.447252375	1.41219325	1.615405875	1.458384875	1.43932825	1.443248125	1.604113	1.650058375	1.602945125	1.681273875	1.268454375	1.573887375	1.320721	1.509077	1.54329	1.41307025	1.478520375	1.581525	1.75624775	1.43704525	1.678993625	1.60876075	1.564982	1.701420625	1.634410375	1.698611	1.4379245	1.40812075	1.699790125	1.555444625	1.626944875	1.440612875	1.574013625	1.59634275	1.421780625	1.453475875	1.479758625	1.39138675	1.68607325	1.678628	1.8522605	1.494439	1.2346305	1.780717	1.386683125	1.44204425	1.541501625	1.47264925	1.581664375	1.73771325	1.44992875	1.427158875	1.57415425	1.627944	1.5097545	1.33046425	1.458323875	1.639840875	1.52761875	1.538195625	1.33658425	1.60135625	1.5778315	1.629179875	1.47302625	1.576161125	1.337384625	1.597511	1.543672875	1.683858	1.5339845	1.826499375	1.732753375	1.626293625	1.43785675	1.55979	1.569220125	1.64035925	1.440877375	1.53106475	1.286141125	1.584635375	1.566198	1.460014	1.72194575	1.600406375	1.359177	1.60471125	1.34767875	1.482868125	1.550701	1.654356875	1.422597125	1.556963125	1.469155	1.6823985	1.421672125	1.51887	1.584502375	1.62435	1.661341	1.74968525	1.569551875	1.750043	1.55386175	1.651767875	1.414020125	1.559114875	1.5043755	1.78047975	1.434987625	1.547631125	1.6575055	1.64508375	1.429389625	1.371811875	1.394322	1.493813875	1.6318785	1.5080305	1.505677875	1.6384555	1.50766825	1.34006025	1.574721	1.63423025	1.619346	1.562960625	1.46249425	1.456876	1.410176	1.665857875	1.25288575	1.815179	1.8042375	1.682869	1.45991425	1.466828625	1.460987125	1.5063465	1.426896125	1.550649375	1.459319875	1.565505625	1.61489525	1.4998275	1.742885875	1.741523875	1.808842	1.302603125	1.70749675	1.528715375	1.6759075	1.66874375	1.549255375	1.603868375	1.53200925	1.67163025	1.583798875	1.485537375	1.633392375	1.38362525	1.281367	1.553701875	1.645711375	1.417390125	1.60874175	1.424856625	1.62807775	1.54238725	1.74143925	1.616068625	1.30048625	1.65271175	1.356669875	1.70809725	1.533106	1.374249375	1.632623875	1.600831875	1.514920125	1.470134375	1.560823125	1.661165375	1.762476	1.370395	1.644996375	1.658123375	1.579021375	1.45724725	1.67272275	1.6336985	1.512260375	1.573943875	1.727086375	1.604130625	1.48400125	1.38239725	1.704505625	1.56273775	1.44813575	1.623092375	1.617206	1.38778025	1.51001225	1.434306875	1.64254025	1.582309	1.565916875	1.78393725	1.365912625	1.45846325	1.385032875	1.4052175	1.548265625	1.624111875	1.55372	1.608654625	1.605618375	1.58096225	1.38330925	1.4936355	1.75511825	1.59019375	1.47728875	1.47065425	1.333170125	1.571	1.51597775	1.32498475	1.421791875	1.69269675	1.67994075	1.591726625	1.776774375	1.571	0.023	1.5E-5	2.0E-5	0.181212907517
72	30	251	4.5368555	2.50496175	2.187797	2.13121125	2.23216875	2.148167	2.24754125	2.16955875	1.96835275	2.2410425	2.050007375	2.133236	2.2771315	2.3116605	2.3393765	2.11658675	2.058275375	2.32107	2.009200125	2.1329605	2.049910875	2.1690795	2.066059125	2.3193565	2.2038935	2.186549	2.3373895	2.05092	2.15127725	2.249125	2.29084625	2.14191525	2.02724775	2.1773525	2.1882865	1.955094	2.03271275	2.20293625	2.065486125	2.18964775	2.092670625	2.090837375	2.254019	2.235131	2.22947175	2.11382925	2.29346325	2.19976	2.066063	2.081325125	2.352797	2.2201845	2.115306	2.24362875	1.962331375	2.16255875	2.40991475	2.077452875	2.101271	2.3091375	2.23434625	2.22742975	2.13997325	2.053280375	2.3365455	2.24366175	2.2873455	2.17398875	2.27066375	2.025620875	2.1250715	2.23902475	2.073423375	2.3210515	2.282209	2.18090775	2.1907055	2.18314475	2.33835575	2.288314	2.30707275	2.08733825	2.30171275	2.24265475	2.2718135	2.38408	2.206209	2.2003895	2.17044175	2.1594625	2.19345875	2.07085075	2.331528	2.35457125	2.335729	2.25751025	2.031798	2.20237325	2.3583855	2.35470075	2.17675625	2.09509725	2.1876865	2.1464405	2.32560025	2.42849775	2.30659625	2.255479	2.2691465	2.10028175	2.11498825	2.28216675	2.18514025	2.39659225	2.208267	2.2533665	2.22966425	2.326103	2.2747635	2.605261	2.429704	2.186886	2.134729	2.29946525	2.1635855	2.3055945	2.322657	2.3501045	2.36771375	2.246895	2.3454365	2.30105525	2.29365775	2.326262	2.161065	2.23241375	2.53872775	2.1626285	2.36794375	2.23702425	2.33145225	2.2392425	2.18480675	2.26315975	2.1100675	2.1664015	2.13567575	2.25866775	2.32282475	2.085859	2.20942075	2.45980175	2.21428425	2.2374855	2.21185225	2.335217	2.1336975	2.384368	2.209593	2.239187	2.1264735	2.447297	2.25721475	2.20587075	2.2234375	2.058313625	2.4955235	2.12532575	2.2015115	2.1644305	2.1528435	2.33708075	2.35994725	2.239843	2.25556875	2.281819	2.26813	2.1885585	2.2194035	2.271415	2.4063995	2.38943125	2.20685675	2.2894155	2.346219	2.010890375	2.1485515	2.23166725	2.299103	2.1460875	2.271454	2.30407525	2.35624975	2.32454925	2.218975	2.3844495	2.26440725	2.265801	2.34462075	2.26500275	2.33702475	2.2393595	2.17088525	2.418836	2.33444475	2.21916725	2.4126605	2.259218	2.14345725	2.31908475	2.23115075	2.4368915	2.39105625	2.366811	2.44114725	2.075148625	2.320641	2.2471925	2.158373	2.4797415	2.52926775	2.309154	2.3370275	2.13428325	2.31563775	2.56713725	2.2507275	2.2318845	2.40254825	2.2741835	2.23581475	2.1799695	2.180975	2.3553985	2.23742725	2.3077965	2.45858675	2.27137575	2.27605825	2.16826075	2.08485175	2.13008275	2.2706445	2.53558125	2.23015325	2.18652575	2.29044275	2.21202675	2.3560445	2.31602	2.3862115	2.209	0.024	-2.9E-5	1.4E-5	0.18341326742
73	68	251	4.415702	2.19098825	1.789519375	2.136377	1.7529585	1.668005	1.331572	1.19685575	1.054687125	0.813354	0.774127125	0.7146624375	0.7411229375	0.549338125	0.34907396875	0.45832490625	0.2727299375	0.41702946875	0.46436771875	0.232330765625	0.32592075	0.254098125	0.1659693125	-0.181424703125	0.273076125	0.340750625	0.25150359375	0.102664570312	0.172218078125	0.125556328125	0.19452490625	0.104422984375	0.163560984375	-0.0216747695312	-0.203875546875	0.1601858125	0.25863846875	-0.0895443515625	0.36126534375	-0.1913351875	0.195389578125	0.130712914062	0.165408796875	-0.1792615	0.20849265625	0.141218015625	0.0987039921875	-0.23490178125	-0.0683818515625	-0.21261640625	0.20402434375	-0.164734453125	0.136842046875	-0.119124460937	0.147691375	0.23023134375	-0.238113390625	0.18706103125	0.21571896875	-0.192884296875	-0.146568984375	-0.195701125	0.211338203125	0.22954246875	0.1979408125	0.115532414062	0.196787953125	-0.138542578125	0.16894871875	0.1474458125	0.224588921875	0.072891859375	-0.121789203125	0.30821175	-0.105297734375	0.161443875	0.102812359375	0.258795125	0.21195628125	0.101318710937	0.0333828671875	-0.129652179687	0.147871890625	-0.2779559375	-0.175444453125	0.157081734375	0.19713365625	0.131025859375	0.121777421875	0.33194021875	0.28246571875	-0.3221664375	0.255226609375	0.190784375	-0.130222171875	0.10396353125	-0.220765390625	0.1011260625	-0.11139915625	-0.10198734375	0.14858015625	0.19449625	-0.11505709375	-0.17677234375	-0.153374	-0.139662296875	-0.171895359375	0.21970571875	0.27401325	-0.1354646875	0.151762421875	0.176144890625	-0.127671359375	0.25200853125	0.191205359375	0.126708671875	0.200439234375	0.101482398437	-0.13277059375	-0.31547571875	0.3081063125	-0.1577103125	0.149284140625	-0.22123909375	0.238399671875	-0.144032015625	-0.189437078125	0.19939146875	0.29090040625	-0.165063515625	-0.125033679687	-0.139959515625	0.16702296875	0.12343946875	0.2527406875	-0.155988265625	0.04922503125	0.15884928125	-0.25041121875	0.164692390625	0.11854240625	-0.2974370625	-0.19680509375	-0.138079921875	0.16382796875	0.275713625	0.163860109375	0.24185996875	-0.109782320312	0.137280125	0.106153328125	0.156083296875	-0.11154071875	-0.191523421875	0.2233498125	0.24016840625	-0.126356890625	0.102197570312	0.150232671875	0.209191125	0.213668515625	-0.190804875	0.127975585937	-0.1315164375	0.218291359375	0.106419515625	-0.15003275	0.19962115625	0.102521929687	0.239104265625	0.161086921875	0.22751484375	0.0943541328125	0.03419590625	-0.224856828125	0.108646367187	0.4526355625	-0.178660578125	0.130859703125	-0.0813555625	0.0995708984375	0.0878287265625	0.193048390625	0.2248600625	0.0465325507812	0.246250484375	0.2938396875	-0.16398253125	-0.110926171875	-0.0627346484375	0.162607640625	0.334850125	0.127188046875	-0.14841296875	-0.3496385625	0.067329640625	-0.189462203125	0.238670234375	0.0977339375	-0.16589653125	-0.1568531875	-0.1782869375	-0.13682059375	-0.1312101875	-0.1965923125	-0.261705125	-0.20044846875	-0.299976375	-0.192826375	-0.220413171875	-0.201865015625	-0.0315961796875	0.218433921875	-0.165096515625	-0.0957650390625	0.2134715	-0.0619914296875	0.137438890625	0.1805338125	-0.220560046875	-0.0489567851562	0.3162215	0.158658265625	0.21930403125	-0.27575340625	0.1328065	0.092372234375	0.16824821875	0.3478010625	-0.105758492187	-0.185173625	0.186248265625	0.27555678125	-0.101310109375	0.199143421875	0.19239040625	-0.150624328125	-0.130330328125	-0.28205865625	0.19556971875	-0.175340859375	-0.26993984375	-0.110551585937	0.203329015625	0.14161015625	0.256938796875	0.181821859375	0.1892659375	-0.258822859375	0.1746499375	0.192524515625	4.0	0.15	0.0274	0.0013	0.188510663243
74	9	251	5.5580905	0.151749390625	0.2913036875	0.27883209375	0.3028651875	0.267898875	0.152506390625	0.28065503125	0.29177665625	0.34004709375	0.27685175	0.27466603125	0.11473496875	0.27256425	0.194233015625	0.163600984375	0.179397375	0.3340204375	0.15016065625	0.181835625	0.31896340625	0.2107459375	0.5092709375	0.28959975	0.1131126875	0.29426834375	0.1356576875	0.26243478125	0.29741321875	0.30188640625	0.53287525	0.4492728125	0.2943053125	0.288376375	0.3117221875	0.08606146875	0.160737125	0.155629328125	0.252008203125	0.256251765625	-0.228293296875	-0.27798409375	-0.166474671875	0.157166890625	0.21367975	-0.1893358125	0.256597625	0.170184625	0.37975553125	0.29883196875	0.208433640625	0.245836796875	0.39173934375	0.238899875	-0.188568484375	0.2492305	-0.098565484375	-0.126779328125	-0.2796878125	0.162265828125	-0.108183953125	0.267967	0.266989	0.32580321875	-0.22154434375	0.3283706875	0.4060095625	-0.224274375	0.2149546875	0.258185765625	-0.08243621875	-0.22443625	0.41538934375	0.33646365625	0.13108534375	0.249958515625	0.239051671875	0.15405221875	-0.108891929687	0.174053234375	0.20065525	0.118603921875	0.19774034375	0.38486090625	0.40066475	0.37978528125	0.1765456875	0.34255971875	0.184801078125	0.31475746875	-0.194806515625	0.0976055	-0.0954657265625	-0.163044109375	0.396164625	0.16888271875	-0.191673328125	0.35485334375	0.42356846875	0.31725059375	0.245499203125	0.29609690625	0.22581028125	0.23092740625	0.208906859375	0.15653115625	0.3366961875	0.19399684375	0.3615583125	0.213101875	0.30371659375	0.207769328125	0.3926145625	-0.167554	0.169774484375	0.2667315625	0.174095	0.107563570312	-0.35225103125	0.2065328125	-0.189070203125	0.222497890625	0.241322640625	0.414920625	0.4533494375	0.2760456875	-0.115193882812	0.42776528125	-0.2815476875	0.26012034375	0.19156390625	0.33128059375	0.30667865625	0.150765921875	0.233453	0.177298171875	0.237068015625	0.14153840625	0.153903875	0.251905640625	0.3833984375	0.28571546875	0.15868021875	-0.101832570312	0.27236403125	0.178645578125	-0.241870109375	0.3090118125	-0.1503606875	0.28480178125	0.325174375	-0.2254366875	-0.183394859375	0.2776481875	0.243293171875	-0.140852140625	0.4005341875	-0.086364578125	0.24510978125	-0.096597125	0.103477820312	0.2195474375	0.2506215625	0.3645085	-0.17927765625	-0.091230453125	0.3891736875	0.18229221875	0.242940140625	0.23512015625	0.25594909375	0.37962209375	0.351548375	0.14480996875	0.3002159375	0.311327375	0.212022125	-0.22479603125	0.2905059375	0.3188465	0.30334840625	0.28906484375	0.140238046875	0.242163296875	-0.12273865625	0.27669384375	0.20831128125	0.34064859375	0.37310059375	-0.13494040625	0.189207546875	0.133284421875	-0.139026859375	0.0989403984375	0.2316875625	0.148161796875	0.3182038125	0.5619158125	0.1806566875	-0.0941106015625	0.30417846875	-0.231620078125	0.359990375	0.16967115625	0.101909304687	0.188211578125	0.32446215625	0.23840146875	0.281085375	0.342119375	0.205219671875	0.2728224375	0.217439359375	-0.177939359375	0.2904818125	0.119280015625	0.22582178125	0.33436384375	0.251865578125	0.23000859375	-0.21245840625	0.240934953125	0.20203175	0.26461709375	-0.12368615625	0.34200265625	0.188323609375	0.185408234375	0.131048414062	0.197256875	-0.16685853125	0.210817859375	-0.068301828125	0.22462909375	0.31842	0.22011078125	0.231200359375	0.204645390625	-0.132262484375	0.3429629375	0.2833783125	-0.0403784296875	0.24927196875	0.29423621875	0.333466875	-0.160505984375	0.26336628125	-0.41384953125	0.21693628125	0.259154171875	0.153237640625	0.35	0.07	0.00108	3.8E-4	0.383078981102
75	92	251	4.7741295	-0.206551921875	0.2395273125	-0.0277278007812	0.105083265625	0.25465590625	0.3112295	-0.0081464296875	-0.16484809375	0.195402625	0.17445678125	0.242871484375	0.39950559375	0.210852625	0.097257859375	0.100203125	0.124923640625	0.281212625	0.1655029375	-0.25053065625	0.2068095625	0.176468125	-0.184542109375	0.105763609375	-0.12224209375	-0.1711588125	0.14120396875	-0.0540922578125	0.209784875	0.263631375	0.3628145	0.2155519375	-0.153103796875	0.1471479375	-0.352485	-0.104594765625	-0.091225640625	0.36434646875	0.281072875	0.0436424023437	-0.26704153125	-0.121069804687	-0.128457164062	-0.0590569023437	-0.17518903125	0.15754659375	-0.166377734375	-0.167682359375	-0.21550434375	-0.169810578125	-0.190547546875	0.1478339375	-0.146070125	0.31369546875	-0.212454359375	0.23160215625	0.263698125	-0.13709646875	-0.0932059296875	-0.27117428125	-0.29927678125	0.3187710625	-0.0609202929687	0.26788840625	0.205630484375	-0.283954375	0.0495932304687	-0.116607773437	0.0915130234375	0.116298828125	-0.079171953125	0.24972784375	0.1589714375	0.215724546875	-0.14835228125	-0.105419085937	0.131042796875	0.36422325	0.0820094609375	0.130230390625	-0.117055648437	-0.176982828125	-0.355197	0.0887947578125	-0.0445897539062	-0.166600359375	0.34765084375	-0.090592546875	0.12870928125	-0.430048125	-0.203178625	-0.194978421875	-0.0916872109375	0.170069859375	-0.128923617187	-0.14344984375	-0.136545203125	-0.2488505625	-0.0559112070312	-0.232161921875	-0.2297635625	-0.16121853125	0.38957678125	-0.156651421875	-0.153014578125	0.148249375	0.193411453125	0.23293196875	0.20066334375	-0.251089265625	-0.284595	0.2514775	-0.0556515117187	-0.0994165703125	0.13731896875	-0.27953328125	-0.22638121875	0.18784090625	0.124866953125	-0.4063179375	-0.207298125	0.08721578125	0.161915546875	-0.23203278125	0.2905343125	-0.1435311875	-0.16305503125	0.2786319375	-0.19825390625	0.115589796875	0.0298212539062	-0.245561328125	0.195040390625	-0.0666286796875	0.09288871875	0.200867359375	0.157772703125	0.12406025	-0.2238264375	-0.19806971875	0.12667659375	0.25903696875	-0.240373453125	0.253224546875	-0.2891071875	-0.122791257812	0.229261484375	-0.0821709921875	0.311056375	-0.186791859375	0.0576781445312	-0.00412814160156	-0.15355365625	-0.2069334375	0.21940271875	0.079592953125	0.31912671875	0.243768421875	0.136627296875	0.122146179687	-0.211357328125	-0.16444759375	0.27377453125	0.07416734375	0.134920921875	0.17038428125	-0.20479996875	0.267733375	-0.20059884375	0.4012388125	0.177837421875	0.0825122265625	-0.0969178828125	0.118884234375	-0.0678520234375	0.1655494375	0.146729546875	-0.224702921875	0.131503671875	-0.136955875	0.034999765625	0.244005125	-0.16750353125	-0.16898296875	-0.248496875	-0.17100946875	0.16374175	0.30304328125	-0.0767450234375	0.105477421875	0.16974775	0.05150696875	0.30895071875	-0.142861125	0.193721859375	-0.188938484375	-0.22621834375	-0.078441828125	0.17521828125	-0.31011690625	0.12903125	-0.0262793066406	0.0906087421875	0.215387046875	-0.212698015625	-0.11314184375	-0.129001625	0.38178159375	-0.125418078125	-0.0334673867187	0.152529109375	-0.199794921875	0.225206671875	0.0616955078125	0.28161621875	0.2016456875	0.20665828125	0.18467559375	-0.165562140625	0.3271915	-0.0696072421875	0.159885015625	-0.3054690625	-0.106960328125	-0.15436603125	-0.104611023437	-0.110073054687	0.111370171875	0.174959578125	0.15226809375	-0.181401765625	0.197851671875	-0.177129375	0.1668704375	0.11886240625	0.1320641875	0.173726359375	0.0567042109375	0.23721028125	-0.1868925625	-0.145530390625	0.222145671875	0.1809895625	0.120173203125	0.32066359375	-0.38559953125	-0.105768726562	0.1624675625	-0.21248465625	-0.11868825	0.128358265625	4.77	0.15	1.7	12570.0	0.197686384264
76	112	251	3.793859	1.980442	1.66386875	1.7497725	1.6316515	1.4685485	1.15986175	1.25567925	1.150901375	1.15569025	1.1609425	0.97157625	0.64812875	0.80658875	0.87074125	0.6731035625	0.7318845625	0.555896125	0.651000125	0.509261125	0.656303875	0.627667125	0.5016888125	0.5725311875	0.3663054375	0.3891239375	0.163774484375	0.4059750625	0.40493228125	0.2715586875	0.3315648125	0.1656739375	0.3476139375	0.36767284375	0.222489953125	0.27413521875	0.36530484375	0.38973009375	0.235320890625	0.3565233125	0.3115608125	-0.24211865625	0.3590108125	0.1422699375	0.121506132812	0.202032015625	0.16256003125	0.200721015625	0.35821309375	-0.0729934609375	0.174096046875	-0.1830961875	0.3386196875	0.172672546875	0.360206125	0.150897359375	0.2735455625	0.292360875	0.16679071875	0.217835921875	0.1225189375	0.23017525	0.1372315625	0.16938246875	0.13804734375	0.1775848125	0.101175867187	0.166061078125	0.17529246875	0.236200296875	0.2327963125	-0.090866953125	0.1315273125	0.1629920625	0.077992484375	-0.1382119375	0.10157928125	0.35630884375	-0.12072803125	0.0652430234375	0.238822515625	0.220908015625	0.21684171875	-0.139976796875	0.228277625	-0.0563229765625	-0.155473015625	0.30013353125	0.178579078125	0.13730478125	-0.083031609375	0.099054234375	0.233230046875	-0.193174171875	0.185103859375	0.147557609375	0.15982828125	0.23782040625	-0.193694015625	-0.23004103125	0.220116796875	0.165281515625	0.1790313125	0.0922294453125	-0.173292984375	0.130570039062	0.15386565625	-0.071453265625	0.252249734375	0.1528573125	0.129933914062	0.1928795625	-0.187325375	0.1451659375	-0.0617372734375	0.21381265625	0.0531096132812	0.0845373671875	-0.21939875	0.129151445312	0.196218390625	0.16842175	-0.158698546875	0.11584209375	-0.11049496875	0.27795265625	0.2056575	0.218743359375	0.14726340625	-0.30013296875	-0.145190046875	-0.056431609375	0.169878890625	0.32246290625	-0.141732375	-0.18349384375	-0.144934875	0.0996052265625	-0.218047421875	0.133309	-0.177808734375	0.183477015625	0.1888391875	-0.138859609375	0.203962796875	0.114063171875	-0.1109705	-0.16596603125	-0.208204625	0.14570359375	-0.238531796875	0.214331421875	0.15902696875	0.140378140625	-0.158225765625	0.301579875	0.13686371875	0.125066640625	-0.217947859375	-0.0195623457031	0.053894546875	0.3993939375	0.1990975625	-0.1714804375	-0.3393635625	-0.136867203125	0.167341328125	0.33093234375	0.16423028125	0.233137390625	-0.0996118125	0.186232609375	-0.216389515625	0.116928546875	-0.0751556796875	-0.14012465625	0.134527296875	0.173358953125	0.39163	0.16336740625	0.242148421875	-0.170179203125	-0.16543	-0.138729375	-0.114129351562	-0.09736809375	0.0879636328125	0.08817521875	-0.15741725	0.16325965625	-0.0687084609375	0.141656203125	0.1550113125	-0.215632	-0.36451390625	-0.097858359375	0.0903719765625	-0.3949755	0.25581565625	0.1662801875	-0.141251796875	-0.2388899375	-0.0253298378906	0.3047628125	0.0869385859375	0.112468179687	0.104766382812	0.253340640625	0.0946175625	0.338835125	0.119899203125	-0.135276171875	-0.245345859375	-0.125951390625	0.14469465625	0.1171645	-0.0934844140625	-0.127182453125	0.156478546875	0.113856765625	-0.109860796875	0.29595275	0.098242125	-0.08706028125	0.0747438671875	-0.1592208125	0.26267478125	0.148117671875	-0.147620203125	0.24641040625	0.35881303125	0.14502375	0.240861875	-0.28361696875	0.113311859375	-0.0921660703125	-0.18771990625	-0.1595305	0.1460718125	-0.0541787421875	0.128681375	0.1662129375	-0.257399078125	0.171912859375	0.121734976562	0.08825278125	0.115677414062	0.23028671875	0.2256475625	0.27676625	0.229158484375	2.81	0.11	0.0155	8.0E-4	0.192085963621
77	27	251	5.6880245	2.6425985	2.7372945	2.60536475	2.574271	2.79587325	2.68096975	2.618829	2.709462	2.5944115	2.60294825	2.61056125	2.5438675	2.7361075	2.669349	2.49797075	2.41873825	2.448501	2.6935065	2.75669475	2.363222	2.52595725	2.860863	2.7514585	2.55891475	2.5033055	2.44652175	2.68214425	2.75223875	2.658641	2.713128	2.95361475	2.66858775	2.61166325	2.43312825	2.64477275	2.61460775	2.77507825	2.4063815	2.365474	2.551305	2.56721525	2.558931	2.756054	2.73019	2.5164665	2.4015235	2.51086725	2.51149925	2.71536925	2.5234415	2.74593825	2.414127	2.21922275	2.53651675	2.609283	2.70530525	2.66247375	2.4440935	2.454495	2.59078525	2.67442125	2.276465	2.457657	2.42009075	2.42340625	2.4832325	2.75893075	2.6109105	2.3131375	2.502904	2.56624325	2.628784	2.5685935	2.52437675	2.3159245	2.5989595	2.36912125	2.568156	2.51580825	2.50513875	2.4093875	2.54357625	2.4173835	2.50478175	2.54426875	2.607611	2.392562	2.5623535	2.608361	2.57330475	2.5991035	2.42642925	2.412716	2.464152	2.54363225	2.4361555	2.47719225	2.66595575	2.469281	2.70931575	2.54601325	2.3524385	2.59644525	2.30448525	2.51407675	2.5445535	2.3152875	2.41357825	2.304153	2.42972475	2.5398545	2.5803135	2.571777	2.25273975	2.33169225	2.52224725	2.29998075	2.35934675	2.534956	2.4986365	2.34146475	2.61974	2.50972275	2.46894625	2.44209375	2.18941025	2.226444	2.4418685	2.3332395	2.400305	2.49847525	2.53768675	2.42266925	2.26136475	2.3797825	2.4146055	2.4588885	2.4748885	2.365484	2.4118085	2.32736075	2.2480135	2.321086	2.4683995	2.3053625	2.3837085	2.479821	2.56195775	2.34669125	2.27997675	2.3209335	2.33087325	2.34871175	2.45906775	2.37025425	2.14493475	2.42996825	2.41224825	2.31066325	2.317754	2.33463325	2.23971	2.4469185	2.38578225	2.40912975	2.577434	2.40583125	2.42982925	2.33548875	1.974168125	2.27244325	2.31838275	2.241789	2.30737275	2.165587	2.247016	2.17850425	2.131055	2.54581825	2.030668	2.267627	2.296778	2.30128425	2.31470825	2.33263475	2.19157275	2.3974965	2.366104	2.15359925	2.29384	2.10757575	2.21911725	2.3406065	2.3107975	2.21117925	2.15272975	2.266876	2.1658345	2.2008025	2.2651395	2.1343635	2.19506175	2.4316965	2.3963225	2.1548625	2.32407075	2.073915	2.1247875	2.2719775	2.20509125	2.17350575	2.15677725	2.043089125	2.1814895	2.22316625	2.2568385	2.15779375	2.29872275	2.289578	2.23540325	2.290182	2.23587	2.20171925	2.3660425	2.1343815	2.28229025	2.057499375	1.963262125	2.261141	2.244285	2.333487	2.35459125	2.136585	2.34398775	2.22335525	2.047956375	2.16475075	2.18316875	2.18014675	2.22949925	1.87427925	2.2700245	2.25714525	2.09006775	2.192096	2.151823	2.12808675	2.25894075	2.041860375	2.15334825	2.736	0.033	1.97E-4	1.7E-5	0.220314536096
78	42	251	3.04080825	1.592597125	1.619654875	1.458970875	1.5238555	1.45068175	1.636726625	1.74749125	1.570679125	1.60759925	1.41462525	1.3288825	1.430099875	1.681893375	1.502085375	1.569196125	1.517921625	1.603480375	1.711056875	1.467648875	1.563296	1.77586375	1.58653775	1.782025875	1.66860075	1.496653375	1.6591065	1.557705625	1.523843	1.54150625	1.780357875	1.499216875	1.744452625	1.57026425	1.71392375	1.674146375	1.6700805	1.72051125	1.57490525	1.672154	1.98176425	1.750048	1.768868875	1.639829125	1.544329875	1.715253875	1.836001625	1.530307625	1.783216875	1.8245915	1.736210375	1.85267975	1.79544725	1.960059125	1.82897175	1.940376625	1.7686005	1.938280375	1.85821825	2.060457	1.8029525	1.80757475	1.778941625	1.7910835	1.875037625	1.88585925	1.701331125	1.623583375	1.6739675	1.731305875	1.915824375	2.001105125	1.793214375	1.913063875	1.74671375	2.037013875	1.758889875	1.770803375	1.7705875	1.708246	1.756613	1.860361875	1.924949375	1.81602975	2.001572	1.971267125	1.777986375	1.93182075	1.964477875	1.936632	1.914341375	1.703459375	1.839530375	1.988562125	1.75313525	1.91675975	2.0416025	1.9248415	1.825451875	1.9003065	1.819162125	1.88085675	1.8755625	2.010589375	1.865171	1.910624125	1.943723625	2.073685625	1.95949125	1.955241375	1.899826125	1.9079645	1.829059	2.133087	2.021412875	2.020552125	2.112372	1.875442125	1.993549625	2.022234625	2.01528025	1.800888625	1.848106875	2.013026875	1.815427875	1.839871375	1.873565625	1.995426	2.050221875	2.019975875	1.924588875	2.146727	1.9400095	2.13490825	2.11836525	2.041165875	1.919288375	2.07466375	1.8201845	2.074576	1.938424875	2.23500525	2.2710175	2.028302625	1.957159625	2.124123	1.999922375	1.946935375	2.0459645	2.00074075	1.979956375	2.002399125	2.002366875	2.026516875	2.08471125	2.007043875	2.11197775	2.1948095	2.10260275	2.044263875	1.933514375	2.0637665	1.911756625	2.13346575	2.028036125	2.10705225	1.8408275	2.040993625	1.9961465	2.070294625	2.167124	2.00088975	1.92951525	2.022711625	1.982847625	1.84774575	2.104456	2.24947475	2.219828	2.084781125	1.912887625	2.11817375	2.12890125	2.1656085	2.2239415	1.967227375	2.285786	2.063355	2.106696	1.98939525	2.1431875	1.96764725	1.9824685	2.02486725	2.0796535	2.1053025	2.1334995	2.0558905	1.96563725	2.09764325	2.219709	2.049530125	2.14525825	2.0729235	2.06533525	2.14135475	2.18034	2.0880615	1.99354625	2.10284225	2.06529525	2.16513825	2.2161825	2.07258175	2.29819675	2.05460325	1.999601375	2.05129175	1.968056	2.08637475	2.11016625	2.2047525	2.031311	2.174746	2.2869565	2.2038055	2.0252565	2.382866	2.2204925	2.22918	2.11210875	2.21174325	2.21799875	2.01753125	2.25111075	2.077825125	2.0655055	2.207343	1.988770125	2.074508875	2.13921575	2.082983	2.08098425	2.28420275	2.10036825	2.08883625	2.26230175	2.26901225	2.2352605	2.074427375	2.1115065	1.664	0.016	-2.33E-4	1.3E-5	0.143913634958
79	143	251	3.695353	1.720058375	1.271635875	1.547941625	1.551007125	1.520978375	1.442159	1.140443875	1.167564875	1.17581175	1.201756625	1.295286375	1.219470625	1.166796875	1.014886375	1.226646375	0.9967595625	1.058659	0.872100125	1.174619	0.9137456875	0.990989125	0.8951243125	1.101485125	0.9186771875	1.055115375	0.8677341875	1.185159625	1.00979975	0.90718375	0.9272754375	1.040738125	0.984144875	0.9099161875	0.9683811875	0.9809304375	1.0199583125	0.9722313125	1.01994	0.8597680625	1.161872125	1.047069	0.8687901875	0.8271900625	1.02843925	0.9208828125	0.809974875	0.9042978125	0.90994175	1.066023875	1.007883375	0.80364725	0.9824875	0.9081331875	1.027192625	1.06045725	0.77239575	0.7696106875	0.68221125	1.187892125	0.976345375	0.8011895625	0.950975875	0.861484625	0.9574668125	0.9799754375	0.9563740625	0.9171775625	0.7068455	0.7847949375	0.854197	0.7839199375	0.8716716875	0.764808875	0.8979315625	0.78797525	0.898290875	0.850721375	0.760930125	0.8496060625	1.0093535	0.9927655	0.8407524375	0.9964674375	0.83491375	0.8742746875	0.8772185625	0.90581675	0.772969125	0.9616345625	0.962813375	0.89018525	0.7016024375	0.8227095	0.966221625	0.9678255	1.075568125	0.8963473125	0.9358865625	1.0073899375	0.9158028125	1.0632155	0.7745220625	0.8768470625	0.935704125	1.122382875	0.798116	0.7219576875	0.9252575625	0.811079625	0.874977	1.02691525	0.7559493125	0.8180261875	0.920864375	0.9263535625	0.82297225	0.80730725	0.8178724375	0.837845875	0.9611960625	0.981087125	0.9219691875	1.0512325	1.0216989375	0.887141625	0.9671168125	0.980016	0.8868266875	0.88888275	0.7736840625	0.89624675	0.794484	0.998426875	1.01178225	0.819949	0.88189725	0.913333	0.773260125	1.003864875	0.8785289375	1.004363375	1.0059829375	0.8578201875	0.95808775	0.9079555	1.013806125	1.0159305	1.066403875	0.835963375	1.035218	0.9181119375	1.158982625	1.088791125	1.0140441875	0.6577793125	0.976141875	0.9480071875	1.0280150625	1.098642625	0.8832581875	0.9217753125	1.11850025	0.838119125	0.68511675	1.0071316875	1.08179525	0.9652826875	0.8483653125	0.9315009375	0.796269875	0.6260014375	0.9909609375	1.229023625	0.873092875	1.095415125	0.9528875625	0.8789559375	0.9105998125	0.8103165	1.01057525	0.876812375	0.7788553125	0.9497869375	0.9288913125	0.838300375	1.07234075	1.0065931875	1.138319375	0.929214	0.8808695	0.9053564375	0.862956	1.017624875	1.0389075625	1.0797665	0.918969625	1.0078369375	0.7526024375	0.8127648125	1.177013	0.85204175	0.946900875	0.7170995	0.8308265	0.8278821875	0.798470125	0.88566325	1.046910875	0.890175125	0.9231155	0.815530625	1.067863625	0.826999125	0.8725941875	0.8730585	0.89402675	0.856270375	0.8235853125	0.89210125	0.967608625	0.6814544375	1.052805875	0.8823129375	0.851337625	0.750473125	0.825863125	0.836750125	0.77092375	1.005777625	0.875699	1.048166625	1.048151125	0.8540545625	0.998119625	0.8843463125	1.0119536875	1.07375625	0.8025653125	1.10023225	0.944519125	1.003560625	0.9189063125	0.802762125	0.9587520625	0.7412453125	0.8722390625	0.8171165	0.8054029375	0.8238760625	0.7609195	1.088	0.027	2.11E-4	3.6E-5	0.217676476358
80	44	251	2.579986	0.8792120625	0.977023375	0.914029	1.112026875	0.9610105	1.0420081875	0.916929625	0.9571095	1.0166678125	0.8449008125	0.978136	1.036498	0.82662525	0.819499125	0.842620875	1.070631	0.8283361875	0.7913288125	0.702113625	0.868393625	0.9610221875	0.8618099375	0.92003	0.8100250625	0.720345	0.59906875	0.901011125	0.8394105625	0.9458951875	0.9621533125	0.9078319375	0.6806256875	0.8035400625	0.9352196875	0.722696625	0.9119536875	0.7866245	1.06925325	0.9136379375	0.7868443125	1.0139138125	0.9192173125	0.8785599375	0.850954625	0.780103125	1.136441	0.84527075	1.0699975	0.7233136875	1.0860825	0.928283375	0.8510698125	0.89622225	0.9913205625	0.87608375	0.969089375	0.69858675	0.8019605625	0.8889821875	0.708116625	0.955965625	0.7392640625	0.8696294375	0.71126375	0.5844648125	0.7740360625	0.783447375	0.7628250625	0.818805	0.7210826875	0.7537328125	0.719817125	0.6931529375	0.749335	0.9861403125	0.6859685625	0.7947236875	0.7545443125	0.8085540625	0.7861043125	0.7527556875	0.8654926875	0.87360175	0.91776225	0.52782	0.9288824375	0.8348778125	0.7450836875	0.834300875	0.8043614375	0.552790125	0.598843625	0.7481905	0.727458375	0.9093728125	0.868592625	0.7603144375	0.762137875	0.7159553125	0.7218573125	0.6728695	0.608406375	0.812313625	0.66493475	0.7433735	0.6998579375	0.5881924375	0.682615875	0.6468079375	0.47572659375	0.595921625	0.725731125	0.806686625	0.8146090625	0.643904125	0.6465595	0.814707375	0.606787875	0.7224483125	0.723803375	0.86058775	0.80366775	0.5622774375	0.6796124375	0.60648325	0.5521255625	0.580761625	0.566374	0.6839639375	0.8264506875	0.7553120625	0.8206796875	0.6592798125	0.629088625	0.5940220625	0.6357694375	0.698522625	0.595213875	0.5676116875	0.5545991875	0.780847625	0.637792125	0.641296625	0.50761684375	0.462351	0.7544903125	0.5748433125	0.7802765625	0.5646384375	0.6932155	0.667763875	0.7277910625	0.37082625	0.6562250625	0.5788200625	0.63430875	0.72069575	0.7177230625	0.3766890625	0.655177125	0.35607078125	0.5610295625	0.67748025	0.54095	0.792715	0.56658025	0.4419744375	0.34417178125	0.5991730625	0.551174125	0.688204	0.5834136875	0.7680435	0.575685625	0.388336125	0.5953593125	0.5407840625	0.5388719375	0.50023696875	0.630160875	0.6082829375	0.6240079375	0.55212375	0.30391246875	0.5812995	0.6362749375	0.47545303125	0.531230625	0.6139839375	0.58086325	0.573005	0.62584	0.41285609375	0.5977345625	0.3586474375	0.67063325	0.458278625	0.51580840625	0.3772090625	0.64143775	0.5897686875	0.45307971875	0.5756483125	0.5920044375	0.6811565625	0.47492034375	0.5832219375	0.6755704375	0.5159205	0.51490984375	0.603878875	0.60191575	0.52426890625	0.49247525	0.6669791875	0.47287509375	0.41726371875	0.50531365625	0.51930609375	0.38368653125	0.5761563125	0.5173475625	0.439984125	0.5776185625	0.5172779375	0.41823678125	0.558470125	0.4607563125	0.7363398125	0.4778240625	0.4473235625	0.536784125	0.6510615	0.38645553125	0.539645375	0.61954875	0.5382895	0.49341440625	0.3338889375	0.335125625	0.370318125	0.34862790625	0.5878774375	0.382373375	0.49958603125	0.4712118125	0.43013071875	0.47902146875	0.7082139375	0.3660455625	1.008	0.024	6.32E-4	3.9E-5	0.145715204407
81	135	251	4.03271875	1.445766125	1.418017	1.630131375	1.47100925	1.441988	1.661745	1.4579185	1.493416375	1.553062125	1.5573965	1.350339875	1.588341	1.44278875	1.37532475	1.4077015	1.568308875	1.232411	1.463427375	1.501133125	1.18144825	1.47735975	1.521574375	1.4149805	1.23978175	1.598494375	1.62421625	1.38786675	1.37393375	1.4743775	1.60383025	1.60002825	1.313597625	1.385409375	1.419571875	1.574065375	1.345198125	1.689441375	1.46351275	1.70056925	1.559261375	1.655793875	1.502155875	1.496879875	1.330595125	1.51012875	1.3551035	1.650030375	1.48400375	1.457014	1.451905375	1.53335375	1.438828	1.366604	1.5244865	1.55763325	1.61707525	1.4332705	1.483385875	1.382894	1.353057875	1.40018725	1.322047	1.28046075	1.51728	1.574292875	1.588228625	1.5663645	1.29066225	1.4649	1.743959625	1.57632875	1.681291625	1.63117475	1.45696075	1.526845	1.496337625	1.307799625	1.446166375	1.398851125	1.511470375	1.578320125	1.624557	1.48152125	1.472986625	1.596564375	1.52929	1.44201375	1.543994375	1.3609265	1.4699795	1.5198545	1.475059625	1.392409	1.53188575	1.576459125	1.401713	1.61275275	1.418904125	1.48812275	1.392224625	1.314294	1.39033675	1.524550125	1.384097875	1.563776	1.384094375	1.48554025	1.217418625	1.4774245	1.415312125	1.612783875	1.58438675	1.599995375	1.430335875	1.556527875	1.5231355	1.600942375	1.47867525	1.468891	1.6277025	1.529761125	1.4887415	1.5611565	1.578456125	1.629543375	1.552434125	1.47881775	1.491237375	1.509173	1.396612	1.638031	1.604214875	1.46429075	1.35740775	1.641026375	1.395278	1.600783125	1.333212625	1.444935125	1.5769915	1.339734375	1.477093625	1.55847475	1.670252625	1.388631375	1.397444	1.488959125	1.550127125	1.37545375	1.497612	1.55806675	1.411346	1.42388175	1.590578125	1.56097125	1.49107125	1.388588125	1.3334295	1.633257	1.561086	1.43347575	1.496326625	1.635989625	1.40131275	1.38344375	1.285397125	1.47473725	1.558362	1.54882975	1.451043	1.516594875	1.630662625	1.493114	1.570048	1.347686375	1.35221475	1.584629625	1.435454625	1.623322875	1.5778695	1.61405775	1.60570925	1.440209875	1.485387375	1.5893855	1.300976375	1.529461125	1.52577875	1.308175875	1.6533075	1.62968775	1.39616625	1.494096125	1.52110175	1.338052	1.556913125	1.456645	1.468732	1.52004275	1.5861255	1.291532125	1.533037125	1.362366	1.3130185	1.530075125	1.373001625	1.41375875	1.526438	1.57782	1.6533595	1.42614125	1.47961825	1.39783575	1.277711125	1.560378375	1.4805535	1.38075625	1.668217625	1.567138625	1.678236	1.49558975	1.40319825	1.708970125	1.51506425	1.361614625	1.500556875	1.384068	1.41970775	1.289346	1.46510675	1.52238025	1.490903	1.512314	1.683382	1.27004825	1.649672625	1.4077505	1.69810225	1.595802125	1.527351	1.665788875	1.564941	1.637881375	1.331604625	1.460903125	1.424509125	1.54141575	1.242776375	1.492070125	1.461715875	1.522	0.027	2.5E-5	2.5E-5	0.193207337828
82	99	251	6.243551	-0.124501578125	0.0203011601562	-0.074881078125	0.1593768125	0.297437375	0.117802328125	-0.114510460937	0.206556859375	0.13157803125	-0.257578125	0.3165614375	-0.112937898437	-0.145541765625	0.114581070312	0.2583904375	0.095570234375	0.16011675	0.0705605234375	0.197555296875	0.0623806289062	-0.2050768125	-0.14146271875	-0.17566025	-0.13653409375	0.226546828125	0.0861817265625	-0.168370734375	0.0627706523437	0.21619403125	-0.073637796875	-0.215821171875	-0.2081636875	-0.0792065390625	0.21490346875	0.15256309375	0.30283603125	-0.15383246875	0.129498367187	0.163574828125	0.0645418320312	0.2770673125	0.106180234375	-0.0347614257812	0.216628875	0.2402989375	-0.118617835937	0.153440875	0.0935938515625	-0.102872140625	-0.114540304687	0.115701984375	0.110673257812	-0.0724880390625	0.210587234375	0.185188578125	-0.082472625	0.08564859375	0.194488625	-0.0483772226562	-0.130069625	0.13964696875	0.2520768125	-0.083890859375	0.21462721875	-0.108245	0.162794765625	0.0464246523437	-0.1105235	-0.13984871875	0.091660484375	0.1989625	0.241384671875	0.1671235	0.24182625	0.10538909375	0.038924453125	0.17133109375	0.1933803125	-0.052108921875	0.108150773437	0.137132796875	0.112105820312	0.111439078125	-0.0861064375	0.199157546875	0.137732625	0.1555821875	-0.102371109375	0.173310078125	0.0748857734375	-0.0694340390625	0.192483109375	-0.091816890625	-0.16166840625	0.211519328125	0.116323054687	0.0211222773437	-0.11448678125	0.165263984375	-0.166870609375	-0.291795625	0.1266475625	0.38007875	0.3398556875	-0.103471796875	-0.0708295546875	-0.079624484375	-0.2616145625	0.3228826875	-0.096829875	-0.14864559375	0.2298153125	0.153724328125	-0.21188928125	-0.113988570312	0.167923578125	0.176125640625	0.1236366875	0.266795375	-0.1540975	0.137513875	-0.172031859375	-0.1081785625	-0.043022453125	0.151396234375	0.17046271875	0.175142640625	0.134085578125	0.181563890625	-0.085981125	0.235048765625	-0.169069609375	-0.147242859375	-0.2717169375	-0.1245836875	0.181580875	0.23025046875	-0.057456078125	-0.129649179687	0.3274498125	0.0706051484375	-0.106953421875	-0.076296578125	0.281794125	-0.348418375	-0.084171171875	-0.15949653125	-0.1336879375	0.164067265625	0.184080875	0.178127125	-0.27019596875	0.090763421875	-0.198402109375	-0.08517065625	0.1738091875	0.20627828125	-0.0912522109375	0.125671390625	0.08786275	0.241764296875	-0.11680946875	0.09502928125	0.235954234375	0.252449203125	-0.3469753125	0.0788131640625	0.2776586875	-0.18364409375	0.198668109375	-0.040108734375	0.15747121875	-0.156902109375	0.208248	0.2712696875	-0.110286625	-0.069431546875	0.138935296875	-0.1046759375	0.194651171875	0.09239821875	0.13133321875	-0.110617101562	0.0348937265625	0.11194040625	0.227257578125	0.07932040625	0.201468421875	-0.106091796875	0.08942946875	0.161079109375	0.12488296875	0.24348115625	0.18140090625	-0.22305321875	0.34894665625	-0.253791984375	0.110833179687	0.146573421875	0.085465578125	0.23410325	0.190914734375	0.126517539062	0.20835809375	-0.215387265625	0.076348921875	0.236124109375	0.1974485	0.3496468125	0.14328775	0.1999598125	0.17418028125	0.127414226562	0.125174625	-0.100972773437	0.411346625	-0.048866625	-0.0516101171875	0.119900257812	0.286199	0.20155653125	0.09591984375	0.216002734375	-0.0303470957031	0.30655540625	0.175731609375	0.2073955625	0.117294046875	0.2839131875	0.22954859375	-0.1439685625	0.237130375	0.178841046875	0.162006671875	0.231338125	-0.1770031875	0.07035803125	0.0672062265625	-0.0132869873047	0.08017671875	-0.165625359375	0.231487265625	0.188121859375	-0.126132679687	0.253922359375	-0.0636054140625	0.1941031875	-0.108134710937	0.14208159375	-0.1312568125	6.24	0.14	1.7	12715.0	0.174728665658
83	33	251	5.5108035	0.194568546875	0.492508375	0.18527725	0.35969090625	0.40914065625	0.28212928125	0.38279546875	0.246622265625	0.298896625	-0.148210125	0.115722617187	0.27599453125	0.194092296875	0.1726239375	0.16631740625	0.157106390625	0.177693375	0.15640959375	0.221506453125	0.20391903125	0.07842975	-0.13458025	0.089699	0.0622825859375	-0.122237085937	0.15557075	0.28350059375	0.222865515625	0.0189155878906	0.217706890625	0.29404684375	0.071511015625	0.2305949375	-0.191349875	0.32346909375	-0.210461640625	0.1516304375	-0.0786980078125	0.160559734375	0.101290625	0.2003645625	0.33138375	0.228492453125	0.09427959375	0.151848796875	-0.109411046875	0.145049921875	0.221924796875	-0.1829434375	0.186745171875	-0.3241539375	-0.071518109375	-0.189473734375	0.10018975	0.11582053125	-0.0772188203125	-0.10869909375	-0.118152796875	0.155823859375	-0.122014296875	-0.258415375	0.173049125	-0.14381953125	0.0757884375	0.161706859375	-0.234667578125	-0.13540725	0.22924178125	0.13227271875	0.160215109375	-0.0866287265625	0.146554015625	0.1842848125	0.23147809375	-0.16691021875	-0.27395034375	-0.21929615625	0.157874859375	0.1873199375	0.084800921875	-0.20455259375	0.12639696875	-0.224938296875	-0.22071559375	-0.099207046875	0.090835609375	0.07976703125	0.083882328125	0.206933625	0.15215696875	0.215148703125	-0.17035615625	0.272377375	-0.05247446875	-0.19485996875	0.188073796875	-0.0729760234375	0.1177855625	0.181258515625	0.229582890625	-0.255178765625	-0.082348171875	0.222040984375	0.27882053125	-0.11561834375	-0.164035421875	0.080251859375	-0.125320765625	0.188056703125	-0.120519148437	0.13931546875	0.28102453125	-0.0362599023437	0.216766578125	0.101873445312	-0.19362296875	-0.0616372773437	-0.240530125	-0.27188825	0.245012984375	0.17305240625	0.1313770625	-0.31341228125	0.126871476562	0.120202039062	0.44649996875	0.148747125	-0.149582734375	0.184226	-0.140345359375	0.20442046875	-0.146524	-0.081628359375	-0.15515675	0.25102440625	-0.2077525	0.232864453125	0.1026196875	-0.10189171875	-0.100125	0.150231828125	-0.244416640625	-0.160792921875	-0.128340476562	0.1783751875	-0.227693390625	0.186923421875	0.260214359375	0.181836421875	0.115586296875	0.099991796875	-0.106130140625	0.139511109375	0.088397984375	0.16008971875	0.28247025	0.22204246875	0.2379774375	-0.187476578125	-0.122327515625	0.094191734375	0.14806634375	0.1881546875	0.125904671875	-0.166962546875	0.16568171875	0.23409875	0.0961131328125	0.0860900859375	0.10664278125	0.1414635625	-0.212565265625	-0.16921790625	0.18793115625	0.19153665625	-0.117109992187	-0.1562646875	-0.089255	0.0603321015625	-0.21800359375	-0.085336203125	0.0844899453125	0.0645830742187	0.0950836015625	-0.140644734375	-0.113999023437	0.165461078125	0.099724359375	-0.115916625	0.2253484375	-0.134661734375	0.0882656015625	0.3614485625	0.179283140625	0.0784419375	0.126929328125	0.162857296875	-0.232115328125	-0.130234070312	0.176252	-0.19078203125	0.1878250625	0.28982021875	-0.29769384375	0.19632271875	-0.16492565625	0.2296600625	0.171851203125	-0.149874234375	0.169097734375	0.15483896875	-0.2040848125	0.20504153125	0.278263375	0.2111938125	-0.229032640625	-0.0289282265625	0.281501	-0.167298015625	0.211398265625	0.148115640625	-0.11805653125	-0.102097578125	-0.136878328125	-0.3125153125	-0.1757525625	-0.239020984375	-0.21384059375	-0.14005275	-0.182990828125	0.07676859375	0.2777441875	0.2352994375	0.149716578125	0.155705484375	0.112581046875	0.200533296875	0.088579234375	0.0688416640625	0.1503238125	0.14525378125	-0.113827054687	0.2740279375	0.16287665625	0.21245665625	-0.085169109375	0.0968322578125	-0.182183078125	-0.08451315625	-0.121967164062	5.5	0.18	0.159	0.019	0.184503428
84	153	251	4.00361675	1.74923975	1.657603125	1.588484375	1.507552625	1.36628375	1.283354125	1.113735875	1.067849875	0.9875078125	0.7558064375	0.8189411875	0.657818625	0.75879275	0.531454625	0.7822244375	0.586846875	0.583605375	0.54075325	0.51206275	0.44476315625	0.36606503125	0.622747875	0.43840596875	0.4539034375	0.41741765625	0.36353725	0.33538521875	0.222769453125	0.33514109375	0.37756078125	0.299547625	0.184466140625	0.294110125	0.28558628125	0.185390859375	0.128906351562	-0.16463734375	0.09326325	0.08895984375	0.2512169375	0.145406765625	0.10185471875	0.22775171875	0.21100590625	0.130906648437	-0.2522448125	0.101894476562	0.114507453125	0.31396328125	0.0583808320312	-0.0789525625	0.203833234375	0.068688703125	-0.0223739199219	0.130031726562	-0.26741034375	0.27764328125	0.0822118203125	0.249870984375	-0.14793196875	-0.28426359375	0.238297390625	0.230086203125	-0.28371196875	0.19248284375	0.182915421875	0.178432359375	-0.161195421875	0.211134328125	-0.0577653164062	-0.173374375	0.0683847421875	-0.239493390625	-0.3004354375	-0.125750570312	0.158463046875	-0.13201165625	-0.246144265625	-0.09974675	-0.244515125	0.213585890625	0.2694421875	0.113841273437	-0.289143625	-0.280983875	-0.137494390625	-0.130978914062	0.198002796875	0.196069296875	-0.206163796875	-0.2669358125	-0.103641609375	-0.3634336875	-0.094736984375	0.23974975	0.245561453125	0.202591984375	0.17439078125	-0.24522721875	-0.109515609375	0.175167125	-0.2834353125	-0.196583890625	-0.149979609375	0.123907609375	-0.127688007812	-0.249506234375	-0.1058754375	0.201736921875	0.2466279375	-0.187832921875	0.200265703125	0.122802359375	0.13319875	-0.1272895	-0.136186359375	-0.19872896875	0.248524265625	0.0879194609375	0.156669265625	-0.2981545	-0.170577203125	0.1752745	0.153615359375	0.19849603125	-0.22116715625	0.0539732734375	0.1310710625	0.0914284375	0.16082225	0.1806141875	-0.228452453125	0.18969284375	0.181583671875	-0.1674430625	0.186630953125	-0.1688194375	-0.3047064375	-0.2948028125	0.13747590625	-0.322979125	0.06497334375	-0.0910978125	0.0655223203125	-0.13324415625	-0.3216454375	0.181473671875	0.07900140625	0.113812164062	-0.285126125	-0.165735171875	-0.142229421875	0.199717078125	0.16451865625	0.1373153125	-0.166312578125	-0.1484791875	0.258257734375	-0.164395515625	0.100825953125	-0.237978171875	0.26964484375	0.229646109375	0.076807234375	0.129226117187	-0.3158011875	-0.204401515625	-0.2678846875	-0.09500171875	-0.186941	0.33223478125	0.104252828125	-0.1842245625	0.0301972070312	-0.30281334375	0.20183003125	-0.28580140625	-0.13304765625	-0.138227859375	-0.179909625	-0.1712296875	-0.17579703125	0.38985015625	-0.2728425625	0.2167951875	0.17539721875	-0.246679359375	-0.19591890625	-0.127228234375	0.244417859375	0.1452764375	0.26705415625	-0.259568421875	0.14269871875	0.068684421875	-0.17398075	0.06682565625	0.17564371875	0.297574	0.149412390625	-0.17069271875	0.15890425	-0.146304984375	0.172061765625	-0.0639927890625	-0.089859375	-0.1935433125	-0.115211585937	0.1873071875	-0.06534709375	-0.152783421875	0.2929925	-0.3215335	0.1362603125	0.08119509375	-0.223731109375	0.115325570312	-0.103907460937	-0.18610709375	-0.14768021875	-0.20619346875	-0.108670289062	-0.14791278125	0.243437625	0.16138390625	-0.204414625	-0.160173234375	0.104380976562	0.068546828125	0.211969875	-0.232366953125	0.174122984375	-0.0321663632812	0.09343771875	0.0728983125	-0.30403934375	-0.26002128125	-0.0766146171875	0.209163921875	0.192549546875	0.1864911875	-0.3365360625	-0.146311765625	0.214127765625	0.161065015625	-0.129417875	-0.14992175	-0.3295653125	0.164100453125	-0.230594546875	3.04	0.14	0.0196	0.0013	0.201396368461
85	80	251	6.8554415	0.796126375	0.42812775	0.397546125	0.17307559375	0.30561171875	0.28398328125	0.161041109375	0.14926265625	0.152003734375	0.170579046875	0.184971359375	-0.28356775	0.4071325625	0.159953875	0.181167921875	-0.10367196875	-0.12894234375	0.135108046875	0.1786524375	-0.227670203125	-0.258482734375	-0.184205375	-0.0641963085937	-0.2073305625	-0.27126971875	0.092047078125	-0.130321671875	-0.16650815625	0.1790368125	0.1471131875	0.1831141875	-0.080937671875	0.27973865625	-0.186045890625	-0.3123130625	-0.117575484375	-0.11403875	0.117785054687	-0.142598921875	-0.0862296875	-0.069016796875	0.110543515625	-0.258657125	0.0895505078125	-0.105797609375	0.1639316875	-0.121194351562	-0.104810210937	-0.250120296875	-0.1313785	0.134466140625	0.123317078125	0.201957984375	-0.1042964375	-0.082938390625	-0.16287284375	0.22194465625	-0.0936202421875	0.0320417734375	0.0673588125	0.17919340625	-0.14693546875	-0.261046703125	-0.210529625	-0.1662428125	0.170172796875	0.0621670429687	-0.22055671875	-0.0963776328125	-0.26162096875	0.139876203125	-0.309016625	-0.1686254375	-0.075750796875	0.2044331875	-0.17826196875	0.0586057421875	0.160738765625	0.13289271875	0.0968650546875	-0.1632913125	-0.217733890625	0.075833484375	-0.073128078125	0.158451359375	-0.170981234375	0.1472018125	-0.2336148125	-0.191300140625	0.219148984375	-0.15814265625	-0.2757710625	-0.0782569140625	0.20693090625	-0.162315453125	-0.0727962265625	-0.1302055	-0.1487625	-0.133445390625	0.0886621796875	0.173148703125	0.19502315625	-0.15609165625	0.0537835	0.140308859375	-0.30053615625	-0.26098875	0.196536609375	0.1211298125	0.170634046875	-0.184083734375	-0.168292703125	-0.0616887304687	-0.3390894375	-0.08708759375	0.200084421875	-0.0978428828125	-0.097888046875	0.2087835	0.0653532890625	-0.16066815625	0.10001465625	-0.19319609375	0.1385831875	0.17780340625	0.1270181875	-0.15238184375	0.2746695	-0.0562743125	0.130492765625	0.2686804375	-0.0797380078125	-0.122839179687	0.1032385625	-0.30909121875	-0.29440825	0.10702346875	-0.2142320625	-0.102755195312	0.162030875	-0.161685546875	0.058052921875	-0.0746673203125	-0.2367660625	0.251233328125	-0.1783738125	0.0903231328125	0.182006515625	0.0926726875	-0.06661178125	-0.1287565	-0.259585015625	-0.212195984375	0.156216421875	-0.220207515625	0.31962378125	0.188560234375	0.231766515625	0.174216296875	-0.119699390625	-0.1458365	0.19542496875	0.123984328125	-0.0514659179687	0.152819515625	-0.1409333125	-0.07617665625	0.103252007812	-0.1119595625	0.0576126328125	0.0755471328125	0.082230703125	-0.0875605	0.14332565625	-0.0550036484375	-0.0995085859375	0.08516003125	0.2295798125	0.20828396875	0.2674025	0.09316221875	0.35696490625	-0.26736196875	-0.1404580625	-0.20315303125	0.0751428671875	-0.105039421875	0.101456585937	0.0938269453125	-0.090313671875	-0.0770697109375	-0.13038021875	0.13853740625	-0.0985306171875	-0.2150615	-0.209483109375	-0.044197828125	-0.1605065625	-0.13203575	-0.106762898437	-0.0560414921875	-0.1876455625	-0.042620484375	-0.167634203125	-0.079587625	0.0388830507812	-0.151563234375	0.167658515625	-0.231791359375	0.0619025234375	-0.0658253125	0.059580734375	-0.180136734375	0.114121945312	0.232911078125	-0.144233125	0.153056375	-0.13529271875	-0.191038453125	0.149077609375	0.138077390625	-0.086758828125	-0.186088796875	-0.1757885	-0.2230445	0.1328316875	0.1002244375	0.18363275	-0.060581578125	-0.105757210937	0.0720074140625	0.21494478125	0.135011859375	0.183751765625	-0.0421575859375	-0.104842445312	0.139919875	0.17405634375	0.0886482734375	0.23760646875	-0.14042675	0.104963804687	-0.177914015625	0.1510886875	0.3008566875	-0.17239446875	0.15655309375	-0.0250775585937	-0.0754182890625	-0.0504477226562	6.85	0.16	0.133	0.01	0.166174413784
86	41	251	5.003167	2.2452725	2.002380125	2.19959575	2.173948	2.17752625	1.99147225	2.0103555	2.00299225	1.860260125	2.0293665	2.07272275	1.895420625	1.91641525	1.952563875	1.991045875	2.04293075	1.94652825	1.9587875	1.91313775	1.703621	2.09916675	1.75824075	1.8942125	1.83843725	1.5771145	1.755773125	1.918836	1.9444805	1.88093275	1.93167025	1.685811	1.528743625	1.64990725	1.6249635	1.635686125	1.64903125	1.65191675	1.64271675	1.604257125	1.62931	1.5887695	1.424745375	1.663658375	1.555331	1.6827335	1.44985925	1.417115	1.474189375	1.5172525	1.324073625	1.560911	1.520271	1.409932625	1.3380885	1.410316375	1.35055925	1.24170575	1.299606625	1.342258375	1.34310975	1.32818925	1.385126	1.527918	1.32329975	1.290209875	1.2694325	1.295903375	1.3185235	1.300557	1.13640625	1.30193075	1.0222968125	1.384705875	1.28655375	1.274209875	1.201924625	1.370554625	1.33758	1.217664	1.0692795	1.327844875	1.250622375	1.05504825	1.207778625	0.91041925	1.1924965	1.156360875	1.1911675	1.399662	1.0997905	0.820716625	1.06872525	1.062310375	1.01935775	0.95579475	1.00370725	1.078854625	0.870157	1.12639625	1.063116375	0.9422574375	1.125182125	0.9606516875	1.015466	0.871458125	0.946886875	0.8726655	1.006949	0.983972	0.77658675	0.9467915	0.811886	1.0330375625	0.9245175	1.038594125	0.8256716875	0.91615525	0.9767195625	0.9341349375	0.7694291875	0.6953538125	0.7750088125	0.978327375	0.855727625	0.8038595	0.7955720625	0.830020625	0.951654625	0.8615329375	0.6336898125	0.7719900625	0.93491325	0.8442115	0.875549125	0.776907875	0.77651825	0.64450675	0.808288125	0.72550775	0.87448475	0.793103375	0.7702395625	0.8587440625	0.70014375	0.7553063125	0.700279125	1.00212175	0.738998375	0.672461625	0.66962525	0.9741261875	0.768106875	0.7961161875	0.50914896875	0.5338458125	0.72499	0.6676316875	0.577750125	0.7218710625	0.6594859375	0.585154875	0.5455319375	0.623272875	0.65981925	0.39933871875	0.8456893125	0.7669965625	0.7037306875	0.5975245625	0.4797951875	0.60385025	0.5885461875	0.5789565	0.7113058125	0.6122656875	0.6508795625	0.40891521875	0.645901625	0.4828721875	0.5334929375	0.50880196875	0.722848875	0.34981625	0.622813375	0.6305480625	0.5692305625	0.552880625	0.5830230625	0.346362625	0.49832646875	0.4283785	0.40248225	0.57524575	0.47251840625	0.46271234375	0.52191396875	0.4457513125	0.37473746875	0.4400091875	0.408266875	0.3960855625	0.6126923125	0.48641275	0.49808209375	0.31572653125	0.40758740625	0.64390225	0.4293855625	0.3995593125	0.5519245	0.371448	0.51254821875	0.28454175	0.43776046875	0.54511	0.621015875	0.49119190625	0.4721074375	0.631891625	0.3896823125	0.42074675	0.4075454375	0.223093703125	0.35119840625	0.208442703125	0.5619190625	0.39322959375	0.32729871875	0.42190434375	0.40351890625	0.378694125	-0.0256469082031	0.350996125	0.49379325	0.226529625	0.31876571875	0.1796903125	0.3464011875	0.251829078125	0.35471375	0.378110375	0.252648328125	0.38932209375	0.26593284375	0.2204988125	0.258233484375	0.17442615625	0.26885153125	0.124506203125	0.2875023125	2.317	0.041	0.001617	4.7E-5	0.202433751415
87	136	251	5.105811	1.326156625	1.619455875	1.307569	1.269946	1.338261625	1.319240375	1.30541175	1.15376	1.32592	1.272202625	1.306647625	1.134498	1.325992375	1.340305	1.130809875	1.20433	1.13817825	1.2402015	1.289642	1.263156625	1.283971	1.032036625	1.06450525	1.131083375	1.050148375	1.402936875	1.324910125	1.17580025	1.093868625	0.977596375	1.07275275	1.076377875	1.31431375	1.0015300625	1.129679	0.97928925	0.9819334375	1.087153375	1.001221	1.115423125	0.976501875	1.016153	1.000143875	1.069849	0.99086775	1.025110625	1.007634	0.9188973125	0.7613315	1.0775365	0.810761375	1.0083355	0.967574375	0.91186875	0.9049358125	1.0153301875	1.0321988125	0.9037896875	1.017229125	1.009347	1.0328471875	0.982428625	0.8192255	0.713814625	1.012953875	0.8885448125	0.78825675	0.995215875	0.80350625	0.8196623125	0.963754125	0.8818478125	0.93691625	1.0286988125	0.7663796875	0.9441879375	0.8328815	0.8150254375	0.9654889375	0.885954	0.8894215625	1.028473625	0.8821456875	0.7019526875	0.8835585	0.929879125	0.755364125	0.9934353125	0.71471225	0.6960889375	0.787540625	0.943071125	0.841260375	0.7995975625	0.963317125	0.7495205	0.82064125	0.8807695625	0.7320395	0.671171375	0.6940865	0.7583894375	0.7529968125	0.695115	0.6214821875	0.75666575	0.8162240625	0.7787978125	0.950011625	1.0123680625	0.93621525	0.95198125	0.6370071875	0.716096875	0.718532625	0.8925225625	1.133262125	0.875738625	0.6548709375	0.7402373125	0.626725875	0.63710925	0.9469871875	0.646474375	0.80108525	0.61360225	0.8028396875	0.9640244375	0.50081240625	0.7759770625	0.73948025	0.8716275	0.807795375	0.699216125	0.659139	0.6337880625	0.6565981875	0.7254806875	0.859980375	0.67378275	0.648828625	0.808193625	0.741203875	0.629046875	1.00287125	0.8368513125	0.677909	0.6384780625	0.7957206875	0.923943375	0.6891323125	0.56708375	0.630344125	0.8537555625	0.625941125	0.9011036875	0.7230685625	0.763516125	0.719139875	0.7596815625	0.725160875	0.878342125	0.6473056875	0.792764	0.787675125	0.5442476875	0.501255875	0.8312344375	0.798259125	0.593715625	0.615378625	0.5713703125	0.6746555	0.557569125	0.785393375	0.5465468125	0.6541711875	0.46273553125	0.7710605	0.50290290625	0.7179505625	0.82852625	0.7563886875	0.6740476875	0.731028125	0.518697875	0.68934425	0.494915625	0.6552363125	0.78381275	0.7112189375	0.40664034375	0.590895125	0.786938375	0.524177625	0.52514325	0.654523375	0.601963625	0.7394359375	0.6800665	0.44035009375	0.6109028125	0.6312841875	0.6620269375	0.49325825	0.76863275	0.6161199375	0.50094975	0.749388125	0.5632135	0.731405375	0.671231125	0.5828104375	0.5029274375	0.594350125	0.731860125	0.51242165625	0.74381525	0.6301565	0.615040125	0.5660658125	0.5716164375	0.686976375	0.5739728125	0.7423520625	0.547186125	0.5265235625	0.49889721875	0.60576625	0.42622875	0.611924375	0.625446875	0.5835505625	0.5666363125	0.7803669375	0.6972851875	0.7630030625	0.6302083125	0.43652290625	0.51364321875	0.5270889375	0.4179069375	0.43295740625	0.6529306875	0.36202796875	0.6435501875	0.33782203125	0.6045090625	0.6555896875	0.657764	1.334	0.049	8.2E-4	6.0E-5	0.268497425488
88	71	251	5.2610265	3.37156825	3.3554025	3.21397875	3.5274625	3.39224975	3.322062	3.408084	3.078621	3.0681015	3.1644225	3.1666405	3.0770475	2.99078	3.0885485	3.220094	3.134849	3.30070475	3.063188	3.16973925	3.1938255	3.09302125	3.07691	3.23420025	2.753427	3.003281	3.01686575	3.0645015	2.84221375	2.9350675	3.0702045	2.9568915	2.8954405	2.958519	3.00017175	3.18348275	2.9213205	2.94088	3.0265325	2.8230025	2.97959475	2.84713875	2.93251125	2.91691075	2.808644	2.80867125	2.80414525	2.831894	2.7997045	2.758997	2.75219775	2.8879605	2.60591175	2.77541475	2.5908605	2.68169	2.66194825	2.682728	2.593279	2.74317775	2.408093	2.5466695	2.45613125	2.61497725	2.4860115	2.59162925	2.58723475	2.6082545	2.55815125	2.2294255	2.55172325	2.3556915	2.617062	2.4727715	2.56814825	2.4159475	2.29114475	2.52590725	2.18000625	2.26822625	2.17313475	2.355411	2.280712	2.3139695	2.10131	2.13948425	2.4352045	2.23827275	2.3783425	2.19575825	2.2400595	2.289864	2.4342375	2.37439025	2.20371775	2.308077	2.13243725	2.2063165	2.10986	2.079849375	2.28493075	2.12559575	2.09316925	2.051540125	2.11039075	2.095339625	2.153446	2.07660125	2.10795225	1.930841125	1.955405625	1.913217875	1.864337	1.904555	1.742059125	2.058542125	2.19771125	2.11337225	1.94065975	1.959490125	2.04606825	2.060742125	2.08213775	1.871646125	1.884034125	1.953337375	1.951004	2.062838625	1.92673025	2.002440125	1.906865875	1.892370125	1.9498725	1.86419475	1.84553	1.86269325	1.815098875	1.81404025	1.88015725	1.638731875	1.870058	1.770036125	1.940467375	1.898618125	1.83471225	1.8688215	1.89568275	1.674826875	1.625490625	1.764174625	1.648808125	1.805839	1.722155625	1.5453565	1.691960125	1.736183375	1.77112125	1.7204145	1.81922325	1.680313	1.65704575	1.680098125	1.667071875	1.71055175	1.785681	1.666233375	1.43932225	1.61291575	1.562243125	1.774022	1.6074865	1.63604575	1.617203875	1.600196875	1.366697375	1.522204375	1.57093825	1.684303875	1.618631	1.6023125	1.82969525	1.47995375	1.491806375	1.344755375	1.6672585	1.438576625	1.645221	1.56705175	1.324839	1.50097425	1.449322125	1.46826025	1.603320375	1.18378025	1.58225525	1.365199375	1.435888625	1.4490435	1.338684125	1.381442625	1.38854125	1.514260875	1.303352375	1.411583875	1.45013925	1.42274875	1.481164625	1.440149125	1.3636205	1.475175125	1.185579875	1.35408325	1.469188	1.473717375	1.434600125	1.418024	1.418571125	1.399114	1.391407625	1.07228625	1.250976	1.2858435	1.43734575	1.177858625	1.265889875	1.4240895	1.125315	1.16992225	1.221568375	1.2313345	1.41011475	1.24297375	1.15294025	1.253672375	1.18499925	1.324495125	1.10573325	1.057770375	1.312634625	1.27267425	1.270538375	1.179159375	1.251200875	1.313535875	1.20475725	1.20579625	1.171331375	0.95724175	1.098319375	1.14054925	1.154775625	3.453	0.028	8.93E-4	1.4E-5	0.156687434317
89	22	251	3.86666	2.353619	2.11998625	1.9850705	2.26364	2.4177565	2.2793065	2.19832675	2.34196975	2.422859	2.106721	2.2267395	2.28131425	2.25411775	2.44127625	2.2822725	2.14008675	2.20330475	2.22498425	2.09997475	2.15146675	2.24055875	2.3388485	2.20845425	2.27804375	2.29315075	2.39467475	2.26592025	2.18353325	2.1652565	1.997192875	2.17085025	2.2885495	2.2973425	2.20804775	2.3246095	2.28260925	2.30287	2.30151875	2.1999355	2.23900075	2.03184225	2.212958	2.27854825	2.2555205	2.3437885	2.25664575	2.41860525	2.3174175	2.30899025	2.30424475	2.2503355	2.205232	2.146596	2.33512325	2.104514	2.41403875	2.41008125	2.162843	2.25571825	2.3287205	2.225161	2.16956175	2.225041	2.38664025	2.1734015	2.28543	2.24077775	2.12613575	2.18305875	2.046833875	2.183613	2.25015175	2.32259425	2.25381775	2.273959	2.2825155	2.35231225	2.280992	2.028888125	2.3045395	2.25219875	2.24648525	2.24702525	2.14927975	2.268674	2.26042475	2.422456	2.193564	2.18679625	2.37240475	2.32272675	2.20350975	2.1105525	2.4142715	2.0281145	2.2425825	2.24286275	2.2785685	2.351757	2.32383225	2.37041875	2.15725725	2.18266925	2.10316925	2.36553075	2.48231875	2.172595	2.37021	2.1908515	2.368593	2.20807475	2.21761825	2.20405075	2.300641	2.053005125	2.3190225	2.4284675	2.317261	2.50185575	2.065507125	2.33571	2.21705525	2.1945455	2.445614	2.32038475	1.979523875	2.43223425	2.38511225	2.178282	2.203571	2.2197845	2.20814525	2.27068525	2.389183	2.32008875	2.2247765	2.35548725	2.1116155	2.2662645	2.139452	2.5019685	2.067396375	2.3371185	2.279175	2.2990045	2.147018	2.13139	2.317711	2.16618075	2.249202	2.19659825	2.4146355	2.52988025	2.192548	2.2613225	2.40102525	2.25686475	2.07688475	2.03471925	2.4015765	2.19169675	2.26946575	2.254857	2.319473	2.3054785	2.191447	2.02923525	2.365	2.04591875	2.2462	2.15492375	2.211661	2.429385	2.35824525	2.2118885	2.163517	2.1453765	2.0757815	2.15482325	2.215028	2.016011375	2.2638045	2.228743	2.28912925	2.064093125	2.31508275	2.2408015	2.30578325	2.245092	2.437756	2.2428195	2.31915175	2.33407075	2.07301225	2.0627925	2.10771725	2.483441	2.54616475	2.2707135	2.313899	2.153088	2.23301325	2.2699705	2.24162475	2.28723225	2.31568	2.346198	2.42513425	2.26933975	2.200976	2.036507125	2.51824	2.43980075	2.20251	2.3100625	2.2733815	2.41909725	2.1694715	2.14152725	2.24707775	2.22541525	2.333298	2.301037	2.13675725	2.2246575	2.3115155	2.10817875	2.1270705	2.1950695	2.15346375	2.3437055	2.4243285	2.31873	2.54066875	2.263079	2.39285275	2.2373555	2.3759685	2.30624125	2.10802275	2.04418625	2.172378	2.23960625	2.272894	2.3433345	2.25418625	2.18776075	1.995821875	2.303017	2.28231375	2.275	0.018	1.1E-5	1.1E-5	0.151842113153
90	88	251	6.275262	2.10006625	1.962002375	2.0023095	1.79961	1.670511125	1.5895135	1.672985	1.459084	1.633493625	1.671896	1.509475375	1.313426	1.40117875	1.313251125	1.315146	1.321957375	1.222709375	1.255295	1.320885	1.20883325	0.892984125	1.357604875	1.211495875	0.899394125	1.0054638125	0.8472231875	1.0439486875	0.8428894375	0.8351095625	1.05874525	1.0022278125	0.7691206875	1.0016420625	1.06348475	0.8304653125	0.85355225	0.6593903125	0.783346625	0.8711344375	0.89282475	1.0141615	0.775725	0.74331325	0.93829775	1.017908375	0.8146195	0.76551875	0.7027404375	0.9410978125	0.804587	0.7867999375	0.44533803125	0.7300750625	0.6708696875	0.8449101875	0.6123745625	0.40897534375	0.5276966875	0.753450375	0.8988458125	0.7252004375	0.6947271875	0.6040199375	0.726691625	0.62532625	0.59868275	0.7705680625	0.634742625	0.8436579375	0.6202864375	0.6129221875	0.7712934375	0.5389160625	0.866063	0.7459976875	0.7036986875	0.521603	0.6572245	-0.13989434375	0.6408634375	0.74878575	0.49749446875	0.8155870625	0.754175125	0.6938329375	0.6159149375	0.575169	0.7354290625	0.6266330625	0.5782603125	0.916959875	0.6372848125	0.5689774375	0.7523984375	0.8036228125	0.774418625	0.48709590625	0.6668794375	0.630521375	0.5927156875	0.6424815	0.624180625	0.7117014375	0.5808496875	0.5475883125	0.7477381875	0.6673074375	0.552947875	0.48628309375	0.6248184375	0.50408503125	0.8090385625	-0.2151526875	-0.246791609375	0.779871	0.5611021875	0.477955375	0.5156088125	0.582186	0.656697375	0.5790585	0.45988803125	0.7057538125	0.6769391875	0.5886078125	-0.228856171875	0.633031625	0.83496375	0.5881478125	0.7021674375	0.5822370625	0.68894975	0.62194125	0.5682525625	0.7112505	0.6528146875	0.4880918125	0.7258144375	0.4555776875	0.7318479375	0.65038425	0.53233825	0.6312424375	0.5811810625	0.42069040625	0.7032768125	0.77626225	0.760284	0.458660125	0.6129183125	0.72189425	0.6482256875	0.726135	0.64879975	0.6037648125	0.649658125	0.6340196875	0.670850625	1.11291975	0.89628425	0.43310371875	0.5448286875	0.6265805	0.7582309375	0.5665676875	0.582395625	0.49469425	0.6412034375	0.65892375	0.5312209375	0.415428875	0.5609554375	0.692753375	0.6239654375	0.6856484375	0.6118083125	0.672055125	0.61149875	0.587604125	0.46217934375	0.6654964375	0.551735625	0.67581975	0.89700075	0.625655	0.686442	0.45603184375	0.5300704375	0.40778746875	0.6994965	0.742246375	0.7243308125	0.4857604375	0.621489	0.6693143125	0.5760784375	0.4567829375	0.5591055	0.628886	0.65132625	0.7387174375	0.8352050625	0.486491	0.5922393125	0.7391183125	0.5940528125	0.5908941875	0.5139736875	0.65461025	0.52267459375	0.5918758125	0.58761525	0.7157725625	0.4712755625	0.780688625	0.66125175	0.6382579375	0.535521	0.5268355	0.7247234375	0.6785029375	0.5326308125	0.5444798125	0.6879501875	0.674227625	0.6910415625	0.6712564375	0.3886869375	0.5885496875	0.5134294375	0.5988893125	0.5506945625	0.6959645	0.71670925	0.832480625	0.6628053125	0.49857084375	0.5658765625	0.631487125	0.6837525625	0.6854704375	0.7091363125	0.5255101875	0.684949625	0.6814658125	0.689387625	-0.18515828125	0.75764175	-0.22884609375	0.8017113125	1.34	0.07	0.00107	9.0E-5	0.405490379336
91	64	251	5.741892	2.836221	2.928393	2.879738	2.82146375	2.542838	2.579051	2.60740925	2.44880625	2.4068225	2.61614075	2.3373675	2.3328245	2.136999	2.47134825	2.31807125	2.4987285	2.055141	1.957181625	2.19493725	2.2502965	2.036456625	2.120132	1.9718015	2.0082045	2.1762705	2.10317	2.16843075	2.35281	1.9618195	2.034134	2.1268895	1.917807	1.817850625	1.859617875	1.815790125	2.025058125	2.08437575	1.98420025	2.0499605	1.7740765	1.816480625	2.047760875	2.146071	1.93101025	1.902305125	1.8906035	1.910793125	1.999938625	1.952705625	1.888388	1.820201125	1.901880125	1.952552875	1.969120875	1.90177475	1.9683515	1.737906	1.71694925	1.92453325	1.953392	1.970868625	1.752352625	1.720983125	1.626927	1.82258	1.93573325	1.763726625	1.8862445	2.023446875	2.016645375	1.822570625	1.92605525	1.877527625	1.866075	1.936514125	1.9451585	2.071912375	2.009501	1.915765875	1.809934875	2.028909625	1.674325875	1.7580355	1.770290625	1.904355625	2.24198625	1.788435	1.8455175	1.980997875	1.900434625	1.791246875	1.85983125	2.1163395	1.926778625	1.893912	1.894064125	2.075436375	2.044734	1.92563775	2.034500625	1.929303125	1.883380875	2.02392275	1.909513875	2.18417225	1.80049375	1.9705315	1.97609125	1.9370115	1.863780625	2.027187375	1.96545625	2.16241075	1.93698125	1.904061	1.95474575	1.82400525	1.77310375	1.9104675	1.83808125	2.08471975	1.956732125	1.99718875	1.909574875	1.836919	1.90917075	1.838148	2.003769625	2.2296515	1.979994875	2.011374125	1.89592875	1.996199875	2.13551775	1.7705215	1.922066875	2.020348625	1.839792375	2.10497725	1.949354125	2.11392025	1.980414125	1.813109	1.948428	2.0109385	1.91655475	1.811781875	2.08084775	1.94301	1.93831075	1.8169775	1.889255625	2.098432	1.860484625	2.0875415	2.07216325	1.982854875	2.151464	1.971972625	2.119505	1.756383	1.870690125	2.050852	1.88442775	2.005229875	1.94674	2.039659125	1.933345375	2.15946125	1.98938975	1.888958375	1.889593375	2.00001975	2.16810225	2.040002375	1.8490195	2.034622875	1.925670625	2.040819625	1.982239	2.147382	1.959889125	2.014500625	2.012985375	2.045292625	2.009465875	1.854506125	1.99318075	1.987898625	1.903846	1.840304	1.948011375	1.787252	1.7305135	1.896281125	1.999534375	1.87657725	1.888005875	1.847545125	2.064418625	1.848888125	1.9316095	1.749815375	1.95936525	1.797370375	1.854337	1.789187625	1.867864875	2.13410275	2.065872875	1.963339	1.850791875	1.90553	1.973924625	2.01434625	1.95343775	1.947829625	2.068833875	1.9571425	1.900107375	2.022881	1.857978	1.992911375	2.008186875	1.828907625	1.744838875	1.99519775	1.9181575	2.1955665	1.876075875	1.952678625	1.8577635	1.7869345	1.79467375	1.828450625	2.08599725	2.0073315	1.832852125	1.774498625	2.002827125	1.999874125	1.940560875	1.855568375	2.006601375	2.116422	1.646946875	1.97716375	1.67965675	2.1264495	1.95919575	2.185	0.041	1.41E-4	2.7E-5	0.290036500281
92	17	251	4.293721	-0.22777259375	0.1470008125	0.2280149375	-0.149699171875	-0.193335390625	0.113934351562	0.14880378125	0.188358703125	-0.21805490625	-0.0686781328125	-0.109642289062	-0.246567375	0.16052246875	0.17154353125	-0.183713765625	0.164089921875	0.135818046875	0.236317421875	-0.183986875	-0.149990296875	0.20949803125	0.1357505	-0.12766115625	-0.129947875	-0.19956484375	-0.191587234375	0.15591725	0.178324375	0.0964959921875	0.2629259375	-0.124986367187	-0.15780746875	-0.0934925078125	-0.2983526875	0.194928921875	-0.28931671875	0.12541509375	-0.14601878125	0.19813765625	0.156931421875	-0.16727803125	0.055612625	-0.118766070312	-0.0647782304687	0.134349546875	-0.28065409375	0.2433085	0.198447171875	-0.0766766171875	0.198817609375	-0.33679346875	0.187765046875	0.1865765625	-0.1265286875	0.08484925	0.1824598125	0.1529255	0.100580523437	-0.096190296875	-0.1624291875	-0.1311815625	-0.0810610234375	-0.14114090625	-0.216490421875	0.15102359375	-0.0365367226562	-0.112212820312	0.2842873125	-0.10524653125	-0.0930943515625	-0.166926734375	-0.061007515625	0.2678574375	-0.118217304687	0.2013943125	-0.37399796875	-0.246378890625	-0.23097025	-0.17365425	-0.0950515234375	-0.1548833125	0.198491609375	0.201811265625	0.204056125	-0.188234953125	0.163924578125	0.2296325625	-0.120717460937	0.13103840625	0.27325890625	-0.087673328125	-0.29162159375	0.30036840625	0.311228875	-0.252179625	0.1843623125	-0.2903964375	-0.171888640625	0.123793945312	-0.194643234375	0.196873640625	-0.178032484375	-0.102833515625	0.150196828125	-0.14033559375	-0.0606492578125	-0.0870293984375	-0.262689	0.165671484375	-0.3652985625	-0.14211984375	-0.125326679687	0.115652625	0.208061546875	0.175099515625	0.13491453125	-0.229816859375	-0.2769946875	-0.245527984375	0.206600765625	-0.171469203125	0.274931125	0.164068984375	-0.14240946875	-0.173527859375	-0.17913203125	-0.05066115625	-0.082036296875	0.23162421875	0.18859815625	0.2644079375	0.122230257812	-0.0972715625	0.103184726562	-0.0840784921875	-0.217852609375	-0.112615859375	-0.26017709375	0.191461828125	0.181265140625	0.206362046875	0.0999818125	-0.0786899296875	-0.204659703125	0.113308507812	0.19411090625	0.173357171875	-0.31546203125	-0.242422296875	-0.3575434375	0.153338078125	0.150795453125	0.13982615625	0.235489921875	-0.153043609375	0.147283	-0.25008303125	-0.113674453125	-0.1710924375	-0.3276823125	-0.157665046875	-0.13564046875	-0.108455851562	0.19707784375	-0.122112914062	-0.0629094257812	-0.131169359375	-0.088195625	0.1788319375	0.0982538203125	-0.209903234375	0.117317867187	0.30310909375	0.1604695	-0.127419242187	0.127896765625	0.12685965625	0.189767421875	-0.244669375	0.189216859375	-0.165642796875	0.145504671875	-0.240427890625	-0.120813171875	0.233043453125	0.216080515625	-0.211028546875	0.13251878125	-0.129170890625	-0.21707428125	0.091730375	-0.172108421875	0.139250875	0.2550334375	0.154792953125	-0.1424051875	0.16177696875	0.1217735	0.218851546875	0.0867132578125	0.344755125	0.14117078125	0.137354265625	0.4722644375	-0.23465359375	-0.27291965625	-0.090488109375	0.22643190625	0.113459015625	-0.200886078125	0.17154984375	0.182055875	0.1280341875	-0.138180625	0.135405328125	-0.24117071875	-0.103423085937	-0.26375375	-0.174181734375	0.143292921875	0.17893334375	0.1876315	-0.2153249375	0.16130540625	-0.3164659375	0.220260578125	-0.1598409375	0.2196065625	0.17997225	-0.1851609375	0.168957328125	-0.16348346875	0.116802554687	-0.2510855	0.28264146875	-0.2828496875	0.26330903125	0.14470759375	0.255410078125	-0.2071455625	-0.15498775	0.2739370625	-0.15060325	0.3560643125	0.058306453125	-0.217557125	0.28302759375	0.177989359375	-0.205214578125	-0.201411828125	4.29	0.15	1.7	8506.6	0.191230358704
93	72	251	4.1349235	1.594194625	1.383649125	1.6377885	1.554993	1.486031875	1.346804625	1.647743875	1.570186125	1.594829125	1.52682575	1.487888625	1.3711035	1.48582075	1.349727625	1.452477125	1.542561375	1.596128125	1.622715125	1.661975	1.35919375	1.54452775	1.4224825	1.5337535	1.4281105	1.524701125	1.361925625	1.53034825	1.632600875	1.54383525	1.473434125	1.4734485	1.561832375	1.65868425	1.618016625	1.497464375	1.548604125	1.583540875	1.41308775	1.28722825	1.648835875	1.416422375	1.5104775	1.51243725	1.357084875	1.4284145	1.28901475	1.441817375	1.41476275	1.449619625	1.371021	1.670719125	1.57440825	1.53345775	1.427002125	1.545124375	1.350078875	1.32135475	1.24899825	1.366559	1.349088875	1.357720375	1.408815625	1.38574875	1.397260375	1.6097085	1.47483925	1.526277375	1.544185375	1.38722725	1.24621075	1.3686855	1.47005725	1.39867225	1.40315225	1.540891125	1.422111625	1.393976625	1.304944625	1.338908875	1.5156905	1.59302025	1.3814815	1.3924795	1.259080125	1.509624625	1.437753875	1.554431375	1.695727625	1.2605825	1.4446165	1.2911225	1.429959625	1.42476	1.3568545	1.444101375	1.53390475	1.389158	1.30871575	1.39106275	1.37638	1.29351775	1.2391855	1.338065875	1.296113	1.2744015	1.3833345	1.550630625	1.424092625	1.488311375	1.299221	1.633116	1.531446	1.1959235	1.5072405	1.4521985	1.524231125	1.44454425	1.456267375	1.37165575	1.351914875	1.4330515	1.474572125	1.46204275	1.2300165	1.394405625	1.396081125	1.50757875	1.53729375	1.337506	1.4088205	1.143645375	1.40864425	1.404414625	1.371428	1.376063625	1.30774125	1.32232725	1.41350075	1.24690775	1.202295375	1.46103225	1.2913085	1.40073975	1.243815625	1.1533445	1.238913125	1.288820125	1.29544725	1.231970875	1.203978875	1.25235	1.416104875	1.429751375	1.3444305	1.302417875	1.472932125	1.234160125	1.285886875	1.26225325	1.421936875	1.241357125	1.346243625	1.0368076875	1.25223325	1.17289575	1.27601925	1.385266875	1.449882875	1.4468365	1.402503625	1.351467125	1.30931025	1.370391625	1.460523375	1.196404875	1.430112375	1.513567875	1.2928745	1.298382375	1.27463025	1.257832	1.337658	1.256552	1.068431	1.10193775	1.348215625	1.399631125	1.349746875	1.19310975	1.40292175	1.213848	1.28090325	1.1907805	1.2117845	1.358354375	1.17992575	1.10235125	1.235293375	1.16143975	1.12028675	1.18996625	1.178971125	1.26784625	1.174854	1.27120225	1.24425975	1.2693055	1.21099525	1.092754625	1.196791625	1.325430125	1.01686425	1.324109625	1.300078	1.32822425	1.28379075	1.48484275	1.206057625	1.328514625	1.112809	1.1418205	1.126172375	1.261285625	0.9676280625	1.292833375	1.31684	1.146083625	1.0241165	1.17980225	1.14838875	1.327200375	1.207910875	1.2599525	1.096767	1.217476875	1.226482	1.099161125	1.192390625	1.177289875	1.220267375	1.050175625	1.164371125	1.40694225	1.024032625	1.13703625	1.3270045	1.2302495	1.22538575	1.288440375	1.372436125	1.594	0.027	2.45E-4	2.7E-5	0.19255518677
94	31	251	3.3635245	0.218761625	0.134044578125	-0.1657720625	-0.1711175	-0.1349366875	-0.184819140625	0.14234171875	-0.30448925	-0.1388125625	0.10505575	0.2039915625	0.1760481875	0.201579078125	0.103760203125	-0.113101625	-0.1618268125	0.134636671875	0.102608234375	-0.17273178125	-0.13243646875	0.209318921875	0.219453875	0.21294203125	0.39200990625	-0.291021875	-0.209368828125	0.279824	0.24354984375	0.148309640625	-0.27960715625	0.194342296875	0.3378996875	-0.195949984375	-0.0980903828125	0.18996653125	0.144689875	-0.111674085937	-0.0724111328125	-0.0958271796875	-0.247402984375	-0.0268087695312	0.2718311875	-0.33084778125	0.16233171875	0.184937046875	0.216079078125	0.153916703125	-0.1021920625	-0.206924484375	0.35945446875	-0.1818974375	0.155963765625	-0.108630078125	0.201178765625	-0.158292515625	0.18603503125	-0.174039078125	0.19713784375	-0.108150351562	0.13529290625	0.139987375	-0.13174578125	-0.16505915625	-0.19570365625	0.3554596875	0.182420109375	0.243466796875	-0.26411271875	0.111253921875	-0.16172190625	-0.10705353125	0.248391453125	-0.13537546875	0.29905365625	0.175067015625	-0.27003675	-0.242064984375	0.20923384375	-0.095084234375	-0.26780784375	-0.195569921875	-0.2413404375	0.15333403125	0.07487653125	0.23493396875	-0.21156584375	0.11130125	-0.205174625	-0.105540671875	0.08356128125	-0.212427328125	0.0368586328125	-0.116430796875	-0.088252625	0.24498246875	-0.0951362265625	0.24456015625	0.29320728125	-0.22701303125	0.146995109375	0.29094878125	0.210500015625	0.160402578125	0.127158890625	-0.3556723125	-0.0607441484375	0.15704275	-0.20928028125	-0.0900695	-0.08952028125	-0.154317671875	0.2087931875	-0.093987921875	0.23816534375	0.0855848828125	-0.0591318398437	-0.1433904375	-0.21427896875	0.21173678125	-0.173873359375	0.073554671875	-0.254489328125	0.237984265625	-0.103746835937	0.1783538125	-0.17786365625	0.232342578125	0.23593515625	0.33801696875	-0.132643828125	-0.143255453125	0.27380615625	-0.24803175	0.3714529375	-0.2467303125	0.20141734375	-0.158600796875	0.25744659375	0.124211640625	0.287468625	-0.0624405703125	0.20400121875	-0.19659021875	0.16985290625	-0.228189625	-0.06174690625	0.109474679687	-0.111432390625	0.16672453125	0.182484953125	0.140479703125	0.0567529960937	-0.123193484375	-0.166953578125	0.115313695312	0.21745559375	-0.121356234375	0.211141015625	0.195120609375	0.112469851562	0.26286775	-0.120438640625	0.09414721875	0.146128765625	0.204698734375	-0.104982	0.3052619375	-0.0950953828125	0.0743099375	-0.0877125078125	0.306271375	0.202214296875	-0.10190015625	-0.199126953125	0.19431346875	-0.171147640625	0.259675453125	-0.143562515625	-0.0651193398437	-0.3272520625	0.20941	-0.30565909375	0.2736663125	0.192856703125	-0.107477429687	0.0852790703125	0.048978421875	0.058185	-0.0324272851562	0.2257449375	-0.17828853125	-0.19545309375	0.252619765625	-0.09901128125	0.192839828125	-0.141000421875	0.2663665625	-0.29961815625	-0.15218128125	0.3316025625	-0.0854581875	0.267202375	-0.128574046875	-0.126814351562	0.18637984375	-0.221964421875	0.130536578125	0.30013825	0.0920604375	-0.105170078125	0.192875078125	-0.255613953125	-0.10046178125	0.114194273437	0.236007875	-0.048546046875	0.2980014375	0.096812265625	0.244485171875	0.38791475	-0.2700183125	-0.1880025	0.28802003125	-0.1691105625	-0.114759085937	-0.104111578125	0.060018	0.2293429375	-0.16915271875	0.3330398125	0.122930328125	-0.0609746367187	-0.3581480625	0.15551678125	-0.3706993125	0.177299859375	-0.20224840625	0.21321796875	-0.112380945312	0.15081025	-0.087451046875	0.2243898125	0.158654984375	-0.20407303125	-0.117844765625	0.0466103125	0.164492125	-0.10846109375	0.110223867187	-0.12578075	3.36	0.17	0.2	0.09	0.194531766307
95	113	251	5.0386195	0.25882834375	-0.1111625625	0.30734984375	-0.21382934375	-0.2643618125	-0.26224075	-0.14045403125	0.2916124375	-0.185280265625	-0.0963342578125	0.0704456015625	0.14240978125	-0.14280125	0.1980146875	0.131526421875	-0.198612921875	-0.1583799375	0.306091	-0.1192205625	-0.183049859375	-0.25672978125	-0.203335921875	0.170387421875	0.0917539140625	-0.146407140625	-0.228449234375	-0.13346884375	0.111162953125	0.180898609375	-0.166527453125	0.2778445625	0.235048375	0.070709171875	0.14157403125	-0.0890735703125	0.16027321875	-0.1152258125	-0.323319125	-0.30554896875	0.138169921875	0.24314996875	-0.083285671875	-0.24096159375	0.14045646875	0.19711903125	-0.146013875	-0.166405734375	-0.1950835	-0.2925110625	-0.10895525	0.0973107734375	0.1652894375	0.22387028125	-0.214214265625	0.148906875	0.097011171875	0.102804023437	0.27296059375	0.21028978125	-0.249798828125	-0.20433096875	0.0893852890625	0.049589953125	-0.128788414062	0.1751555	0.203130828125	-0.0969288828125	-0.1388903125	-0.35206	-0.113563882812	-0.0650079101562	-0.27535296875	0.134589015625	0.11153540625	-0.2479675	-0.29718875	-0.125791140625	0.21496725	0.19451125	0.13801959375	-0.11869840625	0.0704412265625	-0.16048009375	-0.12200078125	0.208362578125	0.11586746875	0.219387359375	-0.1970525625	0.198551609375	-0.204400953125	0.27199503125	0.136781359375	0.06702153125	0.246366265625	-0.221745515625	-0.135082078125	0.143135625	-0.111890765625	-0.130753929687	0.22827996875	-0.15492234375	-0.1514768125	0.159624125	0.183394890625	0.18873953125	-0.07194284375	-0.178230671875	0.119295890625	-0.079664828125	0.2003029375	0.13495596875	-0.139851046875	0.107143585937	-0.21427946875	-0.194042765625	0.0831957265625	0.194115703125	-0.17459834375	0.1812386875	-0.078539578125	-0.146277984375	0.125181257812	0.175886	0.203139875	-0.216446578125	-0.215973515625	-0.0842064296875	0.212005296875	0.28181434375	0.141984453125	0.07177321875	0.109468	0.105903625	0.151213015625	-0.1966861875	0.0711320546875	-0.086469609375	-0.224150890625	0.0611018867187	0.327722125	-0.184452125	-0.173729921875	-0.32271971875	-0.2437631875	0.204588390625	0.11564309375	0.1813136875	0.150653546875	0.2093749375	-0.100950132812	0.1873763125	0.201155140625	0.0829976328125	-0.31416021875	-0.236957671875	-0.122283117187	0.13335671875	0.19296784375	-0.146959859375	0.109411828125	0.31160134375	-0.24887459375	-0.097817671875	0.147779359375	0.1954065625	-0.235169359375	-0.1236166875	-0.249629671875	0.106472109375	0.16775921875	-0.25619128125	0.19378746875	0.114321554687	-0.09146484375	-0.19155796875	0.26839025	-0.195658640625	0.19289184375	0.28024171875	-0.130291179687	-0.207952	0.114364851562	0.117240007812	0.06261890625	-0.214533203125	0.0901863359375	-0.255751984375	-0.35944628125	0.0437203320312	0.18878678125	0.18100771875	0.156667109375	-0.191352625	0.119020921875	0.105699046875	-0.138654015625	-0.36348596875	0.24265759375	-0.18515103125	-0.158987125	0.14264471875	0.27140390625	-0.2006788125	0.0908153046875	0.16945715625	0.07986915625	-0.125982453125	0.050105828125	-0.5455361875	-0.0953260390625	0.20078709375	0.115447757812	0.0745168828125	-0.158284046875	0.178689078125	0.115470296875	0.122582625	0.0620106796875	0.0627208203125	-0.2236674375	0.05706403125	0.087280578125	-0.156428578125	-0.0892570234375	0.198908078125	-0.1760328125	0.1055233125	0.116311867187	0.136055859375	0.15736246875	0.22672590625	0.161761453125	-0.186745046875	-0.062666171875	0.0471054921875	-0.17123003125	-0.107881273437	-0.1982934375	-0.259179390625	0.086570484375	-0.158058859375	0.29748253125	0.2361269375	0.113565398437	-0.204560734375	-0.207440140625	0.286814125	-0.235271796875	0.230310484375	0.1382629375	5.04	0.18	0.21	0.09	0.184496552592
96	124	251	5.0420445	2.47914425	2.44818175	2.3356085	2.378571	2.60020975	2.26747275	2.4106565	2.4937865	2.23964675	2.3112965	2.34819075	2.52175225	2.4202485	2.29588525	2.4510475	2.436352	2.419794	2.236249	2.309987	2.29223325	2.567852	2.2716665	2.52403275	2.51362175	2.2697615	2.3440435	2.726871	2.236357	2.42029875	2.53689875	2.26457575	2.40953425	2.33926875	2.381891	2.4321095	2.5632005	2.399939	2.46122475	2.41661475	2.33436575	2.559427	2.26135825	2.33717375	2.56260525	2.38169575	2.55073475	2.22293225	2.416036	2.4027065	2.41052775	2.42835525	2.42726	2.17999525	2.27474275	2.3891205	2.49383775	2.33104375	2.2723185	2.49633175	2.51554925	2.44283975	2.33595675	2.477938	2.271322	2.5840655	2.445743	2.23607725	2.50258925	2.18755075	2.48596325	2.29690625	2.38370275	2.4771715	2.19082075	2.32361	2.475074	2.27362075	2.30662125	2.22683475	2.37837125	2.39200775	2.33734475	2.42189475	2.296616	2.329267	2.4006755	2.39607875	2.2352195	2.3887235	2.53102275	2.31657375	2.381245	2.5629365	2.46970025	2.50996975	2.4040765	2.30359425	2.30893975	2.17661875	2.67616575	2.33696375	2.2448315	2.5644745	2.50724	2.391856	2.4431395	2.27368525	2.390003	2.2497815	2.527	2.264948	2.37806525	2.407265	2.270977	2.2504835	2.379086	2.11753825	2.2726425	2.1751635	2.4017195	2.66031725	2.385333	2.405391	2.25441275	2.496999	2.33254825	2.26057525	2.5756535	2.2909595	2.15992175	2.268572	2.22231925	2.32962725	2.45732575	2.286641	2.33347675	2.38422925	2.2307655	2.39410425	2.29430525	2.35430225	2.15874825	2.37118575	2.15871875	2.34407975	2.506785	2.12197525	2.193844	2.2829695	2.2669655	2.1269675	2.35419325	2.36509425	2.36775575	2.3211615	2.4775245	2.50145775	2.31436	2.35409275	2.42002225	2.40896725	2.23977175	2.41336325	2.35437525	2.51412725	2.526582	2.11446975	2.3704045	2.43725175	2.1876375	2.3139855	2.13542025	2.203822	2.32707675	2.23585225	2.273778	2.294438	2.36880025	2.11745675	2.11805275	2.11498025	2.39498125	2.3163305	2.276636	2.0604795	2.09506775	2.3462295	2.343103	2.28886375	2.44895475	2.2546025	2.406413	2.26265775	2.1531515	2.4030665	2.23776675	2.383119	2.12754	2.28837325	2.28939525	2.39909275	2.323952	2.39747825	2.2839115	2.33592025	2.488795	2.31098525	2.213686	2.091041875	2.28764075	2.088177	1.8776445	2.4112365	2.3725115	2.1496175	2.16258325	2.261004	2.1163095	2.4469655	2.2053855	2.265276	2.53872325	2.27902575	1.996994125	2.26270425	2.259857	2.2340835	2.220184	2.11457025	2.22545825	2.3159235	2.33071425	2.343131	2.51069525	2.04145875	2.26171925	2.038299125	2.20844975	2.1874195	2.12560975	2.27189125	2.188806	2.13614175	2.26677	2.3798615	2.250172	2.205028	2.34061375	2.3336475	2.274413	2.478	0.029	8.8E-5	1.3E-5	0.201490627336
97	66	251	3.353968	0.0776883984375	-0.235080609375	-0.161577265625	-0.00498762939453	0.175262859375	0.224966046875	-0.121996945312	-0.058319453125	0.208053265625	-0.11389765625	0.18435825	0.28269778125	-0.096020359375	0.25754171875	-0.23948425	0.16010696875	-0.2849290625	0.27730090625	0.309712625	0.248273078125	-0.21501465625	0.146922921875	0.14653303125	0.06991178125	0.170143765625	0.27061165625	-0.118503171875	0.098402015625	-0.0427888984375	0.1284685	-0.17622690625	0.1883079375	-0.216182015625	0.258617015625	-0.150134671875	0.1193188125	0.19327728125	0.282058625	0.217637890625	0.19500675	-0.069013234375	0.17420290625	-0.2355169375	0.200799640625	0.242272734375	-0.2086541875	0.135253765625	0.190554671875	0.1404985	0.130519945312	0.254869375	0.121276351562	-0.195265921875	0.1608984375	0.233273328125	-0.0555544140625	-0.135739875	-0.149371265625	-0.193328296875	-0.102239796875	0.133351875	0.27048209375	0.173379390625	0.108170453125	0.145153125	-0.098374578125	-0.159812703125	0.208594	0.222988359375	0.39380728125	0.211300296875	0.237849703125	0.23977803125	0.111307929687	0.16145240625	0.199266265625	0.31555334375	-0.160516953125	0.241554765625	-0.1087920625	-0.086992921875	-0.2193404375	0.125571953125	0.2131824375	0.0595704414062	0.166501	0.114485632812	-0.128563242187	0.136561375	0.1717506875	-0.0557236796875	-0.110207445312	0.216781125	0.203006578125	-0.090760578125	0.227058953125	0.115761453125	-0.20669815625	0.305311875	0.1309468125	0.1604415	0.130506242187	0.2929455625	0.159004578125	-0.097340265625	0.24168184375	0.24510453125	-0.259145453125	-0.22345921875	0.126048460937	0.117568257812	0.293889125	0.245957890625	-0.136420359375	-0.176960890625	0.181256375	-0.194916421875	-0.19636134375	-0.180932203125	0.148858359375	0.19324796875	0.210057	0.29112825	-0.145331671875	0.40169075	-0.118406960937	0.26738334375	0.200897078125	-0.1475279375	0.2940699375	0.178073	-0.18912775	0.231534921875	-0.18655034375	-0.102404703125	0.0947026875	0.23776240625	0.250996828125	-0.137893328125	-0.1610461875	-0.103817875	0.13298128125	0.1144135625	-0.260449453125	0.30847740625	0.0418054257812	0.32882634375	0.209099921875	-0.19255765625	0.12804778125	0.136395140625	-0.128835023437	-0.07296975	0.20220525	-0.17662746875	0.25961584375	0.18416253125	-0.127516453125	0.302562125	0.113298796875	0.19101640625	-0.22585346875	-0.1561801875	0.252507546875	-0.0640828046875	0.189838640625	0.101368140625	0.142985875	-0.15066265625	-0.165687046875	0.10354584375	-0.17917609375	-0.184373390625	-0.0911354296875	0.161910203125	0.10269053125	0.194257375	-0.1925934375	-0.201067234375	0.186687	-0.13875075	0.1031193125	0.08773090625	-0.181035703125	0.089754703125	0.160861890625	0.148899828125	0.20012759375	-0.143358921875	-0.158399890625	0.127484375	0.13119334375	0.25528503125	0.2385498125	0.1556936875	0.312385125	-0.24520471875	0.2076590625	0.135002078125	0.0446723398437	0.0698359453125	-0.08832053125	-0.1510611875	-0.033871453125	0.27133096875	-0.147855296875	0.115926445312	0.182770328125	-0.234877734375	-0.256051890625	0.23241003125	-0.233600765625	-0.101445109375	0.1914251875	0.27586078125	-0.161711015625	-0.130115742187	0.135753765625	0.213062703125	0.230383703125	0.0530569765625	-0.1667995	-0.152321296875	-0.109038171875	0.104826179687	0.20692146875	0.239581921875	0.25274571875	0.20940921875	0.131170515625	0.30052565625	-0.145807046875	0.12873478125	0.0932129765625	0.0797906484375	-0.163197796875	-0.195095078125	-0.22470646875	0.173947109375	-0.1272288125	0.192442421875	0.224373390625	0.157028296875	-0.177988796875	0.209018734375	0.225085875	0.0436213671875	-0.209787453125	-0.178916421875	0.0707278984375	0.21	0.07	0.0024	0.0011	0.270122514165
98	158	251	7.2069765	0.46454840625	-0.177897359375	0.225324609375	0.236740375	-0.14313225	0.200514625	-0.11205796875	0.124736523437	0.17631296875	-0.3839695625	0.205423953125	0.22249903125	0.235485046875	0.216054859375	0.13533265625	0.34255865625	0.217577234375	0.0830422265625	-0.16692890625	0.3013698125	0.118617507812	0.198439078125	0.22560053125	-0.12397490625	0.144077546875	-0.111958539062	0.160619140625	0.15699459375	0.170490953125	0.16308365625	0.236876875	-0.244998578125	-0.307641	-0.13526946875	0.189257484375	0.26404015625	0.2673076875	-0.130615015625	0.36687978125	-0.29292478125	0.154620328125	-0.107453632812	-0.213530625	-0.259453796875	0.3482873125	0.38934634375	0.185763484375	0.155578625	-0.0980429140625	-0.09399375	0.361433375	-0.23692646875	-0.125896835937	0.20068553125	0.1508395	0.17668234375	0.1639994375	0.0607076953125	0.187166828125	0.144401765625	0.125681976562	0.146569703125	0.0979796484375	0.0392642226562	0.242251953125	0.180878953125	-0.33640959375	0.081780296875	-0.135764671875	0.143873328125	0.0654283632812	0.0815546015625	0.28252509375	0.3612440625	0.15162240625	0.22748775	0.195523875	-0.27663953125	0.093650265625	-0.245443984375	0.20969628125	0.27101853125	0.165791140625	0.0159139726562	0.159344421875	0.2470383125	0.235603390625	-0.094894984375	-0.20139875	-0.14908315625	0.32395146875	0.4187885	0.22074115625	0.09332034375	0.17841434375	0.268696125	0.4241003125	0.238942625	0.20426771875	0.227447796875	0.227757109375	0.1820940625	0.191056328125	0.237667578125	0.3937924375	0.340645625	0.119697359375	0.20172871875	0.3258769375	-0.18226690625	0.290066875	0.2059613125	0.173348359375	0.1441488125	0.194024109375	0.113572453125	0.148730734375	-0.0408242109375	0.113994234375	0.2701026875	-0.1357363125	0.179082578125	0.19741571875	-0.34727025	0.15340665625	0.17642853125	0.1919916875	0.23455840625	0.126637085937	-0.200955578125	0.173350109375	-0.2912771875	0.3614278125	0.139526765625	0.31212403125	-0.2808285625	0.198660859375	-0.1390241875	-0.211510578125	0.208701375	0.1909445	0.26696409375	0.1967183125	0.29441203125	0.15358946875	-0.28514559375	0.11938315625	0.37915725	0.3246833125	-0.250138953125	-0.133574390625	0.1953226875	-0.11196921875	0.370400375	-0.130145515625	0.3170195	0.2344115625	0.13530303125	0.26623709375	0.197978390625	0.27796353125	-0.148285609375	0.33310575	0.117143335937	0.39492496875	0.14217721875	0.24219953125	0.259181484375	0.14119875	0.22200103125	-0.24434196875	-0.1564938125	-0.147930546875	0.135097578125	-0.12868709375	0.23118078125	0.143157734375	0.214398109375	0.157784828125	-0.1204451875	0.26685346875	0.16027803125	0.1941589375	0.23567534375	0.22699125	-0.249539734375	0.112310882812	0.0231507890625	-0.22800784375	0.404902625	0.34397665625	-0.194293234375	0.31257665625	-0.1388729375	-0.150631453125	0.2204194375	0.182761390625	-0.350594375	0.186928828125	0.111136242187	0.28358125	0.403059875	0.244284140625	0.18982321875	0.31997296875	0.5355575625	0.18723053125	-0.08590434375	0.217939796875	0.1990055	0.2768496875	0.26391165625	0.29024553125	0.2276120625	-0.164907875	-0.154330125	0.101495132812	0.19919578125	0.105276554687	0.235449640625	0.35185371875	0.21344125	0.27740375	0.35962034375	0.21857840625	0.0929985078125	0.2898955	-0.2452225625	0.27639165625	-0.133870125	0.1761009375	0.14639840625	-0.106139382812	0.216890546875	0.283921625	-0.124338070312	-0.22168440625	0.187408984375	-0.37128075	0.1932316875	-0.0726812421875	0.125549375	0.29393990625	0.17079725	0.19628371875	0.179562171875	-0.0749632734375	-0.257958984375	0.121763421875	-0.165516109375	7.21	0.2	0.198	0.041	0.223574457894
99	70	251	4.282963	1.0285211875	-0.23682884375	-0.129269296875	0.960351375	1.144655	0.8457283125	1.073050875	1.020244	-0.236160921875	0.88644	0.7944146875	-0.19004659375	1.096603	-0.184404578125	0.906067625	0.760214375	0.9709584375	-0.14679934375	0.8954785	-0.33614925	0.919541	0.8421999375	-0.23913834375	0.8555783125	0.9196258125	0.8110046875	1.077627375	-0.246246046875	1.00036275	-0.186597828125	0.693585	-0.31185559375	-0.3033146875	-0.194415578125	0.7974091875	0.9644918125	1.029784	-0.0831707890625	-0.21159559375	0.950110125	0.9332991875	-0.290135625	1.103898375	-0.189969703125	0.9807208125	1.032213625	-0.27062728125	0.8514850625	0.998715	1.00580475	1.0319809375	-0.160833734375	0.9218111875	-0.21342315625	-0.271088375	0.9238645625	0.8759605	0.74374625	1.0049816875	1.0246369375	-0.282584875	-0.33594809375	-0.240191015625	-0.1766479375	-0.47077728125	0.93201975	-0.16707425	0.905322625	-0.229339984375	1.057643625	-0.1875873125	0.831439875	-0.4365195	-0.26453471875	0.9730219375	0.8853315625	-0.133594203125	0.73430325	0.912125875	0.9431345625	0.892438875	-0.175469453125	0.916430125	0.9241370625	0.8172216875	0.9203801875	0.799440875	0.62290525	0.75683925	-0.2489069375	-0.19033240625	0.9938123125	-0.319731875	1.036335625	-0.30573821875	-0.23585721875	0.8288815	0.9222513125	-0.116513085937	-0.161101171875	-0.26966403125	0.81648175	1.055816	0.8906585625	-0.180018375	0.90036625	-0.2503648125	1.0088215	-0.2590185625	0.93501975	0.9785315	-0.208884140625	1.029732625	-0.2711133125	-0.31722421875	0.84473475	0.725828125	-0.217378484375	-0.255816390625	0.8821905625	1.0271044375	0.9817563125	-0.23026034375	0.90774525	0.800657125	-0.22429621875	-0.069755203125	1.235944125	-0.251371140625	-0.26629071875	0.7410551875	-0.245224296875	-0.2907813125	0.9386788125	0.809029875	0.818424875	0.991568	-0.4192368125	0.8459271875	0.9088175	0.99714	0.836955875	1.179340375	0.8403235	-0.18687834375	0.9483908125	1.07204025	0.8105084375	-0.30115978125	-0.227621484375	0.7751886875	0.9484233125	0.7645885625	0.786423625	0.9587800625	-0.2680865625	0.94258925	0.8513409375	0.9154740625	0.835081375	1.0273395	0.7888095	-0.226460953125	-0.16163325	-0.15759740625	0.902720875	0.8171445	0.772094625	-0.24189121875	-0.13113265625	-0.219006984375	0.8550088125	-0.328910875	-0.33372228125	-0.22826140625	-0.317037625	0.8758624375	-0.2085440625	-0.1705725	0.914960375	-0.14021334375	-0.24148046875	0.9926755	-0.32447071875	0.855107	0.864475375	-0.20879096875	-0.128818171875	0.9447074375	0.9456451875	0.7484259375	1.087135	0.9112496875	-0.3123700625	-0.175474046875	-0.201970171875	1.031838875	0.674534125	0.815230875	0.7302933125	-0.115845632812	-0.3207258125	0.8767059375	1.08661275	-0.13893540625	-0.34877775	0.9073864375	0.785106875	0.8673694375	0.9175394375	0.68999175	0.838408375	-0.236592265625	0.891693125	-0.126449773437	0.8469255625	-0.2116208125	-0.23372971875	0.887867625	-0.10623084375	-0.200007203125	-0.16952303125	0.8195141875	0.7087974375	-0.242158390625	0.8907839375	0.715545	0.935506875	0.813668125	-0.21035684375	0.8088445625	0.7589423125	-0.2862025	0.793918625	0.7474413125	-0.158368890625	0.7919445625	-0.128043070312	-0.2673170625	0.7620676875	0.7086460625	-0.276009125	0.9111881875	0.8959085625	0.810486875	0.8819993125	0.804175875	-0.28759678125	-0.180703640625	0.881663875	0.57	0.09	3.7E-4	2.4E-4	0.60681222334
100	86	251	4.416107	2.43516925	2.38383	2.316571	2.1666285	1.921321125	1.87937075	1.95286275	1.9319655	1.613976125	1.513548375	1.41160075	1.323507	1.43403825	1.279650125	1.12032275	1.16822725	1.0219668125	1.168084	0.805602875	1.151927375	0.95815475	0.75694075	0.8246525	0.8696773125	0.8075638125	0.763661875	0.5847395	0.676980125	0.636047625	0.7679351875	0.737899	0.48695190625	0.594597125	0.668336625	0.5857820625	0.7153909375	0.686839875	0.40895471875	0.704251375	0.492925875	0.67109925	0.5280370625	0.2739379375	0.5484508125	0.37143365625	0.35742040625	0.529978625	0.365151875	0.227122421875	0.35745346875	0.3893510625	0.258620703125	0.1476905625	0.223966875	0.3251795625	0.27662665625	0.1707253125	-0.0667794296875	0.30760428125	0.3292704375	0.42552465625	0.28662328125	0.14834221875	-0.09863359375	0.31859234375	0.244439921875	-0.0905939296875	0.29336109375	0.217443984375	-0.125135359375	0.212468890625	-0.134948109375	-0.17014671875	0.42047525	-0.0467010546875	0.25698953125	0.2895185625	0.398076625	0.21714534375	0.220379328125	0.209190359375	-0.212669765625	-0.26874440625	0.3137200625	0.319353125	0.087109484375	0.073812453125	0.080274765625	0.27079746875	0.058265984375	-0.18037928125	-0.121492398437	-0.207086453125	0.1944866875	-0.23347459375	-0.126873445312	0.4086723125	0.171114671875	0.33161203125	0.131615578125	0.130338757812	-0.14977459375	-0.0259939570312	0.0880013359375	-0.116530953125	-0.1107036875	0.15324340625	0.259807859375	0.174053953125	-0.17381740625	0.218680484375	0.16071065625	0.298074625	-0.109411710937	0.28781846875	0.222061640625	0.140341453125	0.2536069375	-0.20242828125	0.2357655	-0.0993233984375	-0.259331578125	0.136212953125	0.1087239375	0.123916296875	0.363777	-0.177249328125	-0.120472703125	-0.093604546875	0.323807	0.33030053125	0.132968796875	-0.107237132812	-0.22821940625	0.1039820625	0.25823284375	-0.099602578125	0.144564125	0.2874038125	0.258174625	0.339249875	-0.0363309296875	0.096568859375	-0.148465765625	0.4789971875	0.140325734375	0.1852005625	0.2524664375	0.1453096875	0.237817859375	0.08032759375	-0.1992579375	0.15175059375	0.224147015625	0.28812684375	-0.104636085937	-0.148743859375	0.30962846875	0.150894890625	0.246236953125	-0.32877546875	0.172266703125	-0.1313309375	0.091452671875	-0.17065809375	0.197220984375	0.1749076875	0.08399203125	-0.125344609375	-0.13248634375	0.0739935546875	0.1378004375	-0.216699265625	0.223256515625	-0.0370790195312	-0.216214734375	0.22825621875	0.191936	0.1852455625	0.175189234375	-0.079236703125	0.27436509375	0.18328340625	0.192795	0.2290205625	0.238655796875	-0.1787855625	-0.098115578125	-0.0839506640625	0.0691960234375	-0.210120984375	-0.079385890625	0.1376094375	0.255131921875	-0.1738873125	0.133905	0.097083015625	0.080629546875	0.3538065	0.22728434375	0.105133328125	0.29331003125	0.132972828125	0.120702164062	-0.0994704375	0.17214121875	0.214151765625	0.08051346875	-0.1889385	-0.1354390625	0.32210353125	0.4037185625	-0.2501505	0.154233046875	0.125766390625	0.18767025	0.163429703125	0.23194584375	0.124816585937	-0.1089055	-0.204911578125	0.19220315625	-0.1261123125	0.192303359375	-0.215584859375	0.304991	-0.219395765625	0.1648161875	-0.138063359375	0.18719921875	0.2188241875	-0.292218625	-0.221211078125	0.20338515625	0.15459428125	-0.183828625	-0.194484015625	0.1715029375	-0.127564296875	0.056361421875	-0.07631884375	-0.126480765625	0.194202046875	0.19165271875	-0.13773884375	0.195922453125	-0.111132117187	0.149358546875	0.1867535	0.223061734375	3.09	0.11	0.00988	4.9E-4	0.205496302745
101	114	251	5.8851905	-0.1891361875	0.0565016484375	0.174058015625	0.139633578125	-0.274965875	0.142392609375	0.212028828125	-0.177257921875	0.07552875	0.0539036484375	0.15970525	-0.1938783125	0.32184171875	0.29700134375	0.090197390625	0.136001296875	0.20468234375	-0.17119346875	-0.13523196875	0.131320203125	-0.3774416875	-0.1785716875	0.119790921875	0.0842468125	0.084763578125	-0.2021928125	0.25395178125	0.130213882812	0.16472640625	-0.230684546875	0.069051984375	-0.2652335625	0.20237903125	0.203133640625	-0.166388765625	-0.098570328125	-0.3149913125	0.113493117187	0.17749553125	0.09102296875	0.162107421875	-0.18765078125	-0.085041671875	-0.204645625	0.0786509140625	-0.19331634375	-0.238553234375	-0.17639859375	0.127500984375	-0.0315204414062	0.0807006953125	-0.0571935234375	-0.159407921875	-0.186311015625	0.195306734375	0.172729984375	-0.2625109375	-0.113534703125	-0.195738421875	-0.179818515625	0.2444893125	0.19711284375	-0.0713352578125	0.121226546875	-0.0717780546875	0.1414893125	0.3661068125	0.141290921875	-0.063691609375	0.15508003125	-0.0662425	-0.19132796875	0.204113359375	0.18909071875	-0.076240546875	0.133335484375	-0.0960710390625	0.147695796875	0.1246219375	-0.17411378125	0.122200953125	-0.200865296875	0.0630498164062	-0.08066296875	0.130330585937	-0.16385084375	0.40770865625	0.17796671875	0.18267990625	-0.181847578125	0.2674588125	0.127394585937	-0.0797355703125	0.0463514960937	-0.13179834375	-0.26077234375	-0.33579275	-0.0730898125	0.163565453125	-0.226837046875	0.32617721875	-0.053719546875	-0.115986046875	0.27035709375	-0.139384890625	-0.1380639375	0.15005471875	0.33371675	-0.219051328125	-0.12145	0.113448445312	0.123273601562	-0.116719773437	0.0739167734375	0.1354674375	0.189688609375	-0.170641953125	-0.16099684375	0.147518765625	0.0439352539062	0.07986575	-0.1480904375	-0.05135821875	0.12251553125	-0.17770540625	-0.0462236484375	-0.25300784375	0.115142890625	0.113055632812	-0.02889828125	-0.085107921875	-0.2777539375	0.0642230429688	-0.157748109375	0.146796203125	0.17196321875	-0.10659484375	-0.0550897734375	-0.114613640625	0.0969146328125	-0.112927726562	0.186788	0.33763509375	0.077144078125	-0.070092671875	0.20192684375	0.093777859375	-0.26126796875	0.174991515625	0.145571203125	-0.199073859375	0.090312484375	0.213374890625	0.16671984375	-0.14190490625	0.214241671875	0.2568806875	0.213272328125	0.28764271875	0.136730328125	-0.0520960820312	-0.239797984375	0.09654290625	0.153729671875	0.32635071875	0.0928565	0.239004109375	0.0729160078125	-0.173016765625	0.100865023437	-0.197963015625	0.089159515625	-0.079701203125	0.0810556640625	0.2226025625	0.183781078125	-0.0937229375	0.166478953125	-0.0457872109375	-0.186551171875	0.205705046875	0.20348440625	0.154019828125	0.15936759375	-0.116463328125	0.0442030546875	0.106310054687	-0.18474465625	-0.201580890625	0.21074253125	0.29015071875	-0.1495509375	0.189384359375	0.129690570312	0.178843921875	0.39438934375	-0.231733859375	-0.176964765625	0.117991296875	0.0624720859375	0.334844375	-0.09623496875	0.120020625	0.14806028125	-0.1125741875	-0.2747749375	-0.2827499375	0.163832921875	-0.1856974375	-0.188887875	0.0903321171875	0.207402375	0.102783351562	0.2260104375	-0.121342453125	0.16557621875	-0.121373234375	0.118147890625	-0.135802296875	-0.067914078125	-0.2432405625	0.158865015625	-0.18165109375	-0.172963375	-0.11412078125	-0.104631109375	0.19280046875	0.099733421875	0.184140140625	0.184915609375	0.152071625	0.115709117187	0.1223200625	0.3324598125	-0.168959015625	0.0719528125	0.134452640625	0.1758745	-0.173921375	0.109219	-0.15318265625	-0.057102125	-0.11916615625	0.16422553125	-0.07408690625	-0.124968078125	0.126177523437	0.0431430546875	0.288119875	-0.244212125	5.89	0.1	1.8	0.0	0.175038341137
102	7	251	5.286913	0.18588121875	0.155341625	0.24495346875	-0.141740765625	0.143369203125	-0.24003371875	0.250359625	0.124259921875	0.185284703125	0.199000515625	0.074037203125	-0.134209	0.1018606875	0.11956575	0.25638571875	-0.1365349375	0.2881551875	0.088562828125	0.237248328125	0.18160584375	0.106462671875	0.23344825	-0.061430546875	0.26567071875	0.195985	0.19440096875	0.0566243867187	-0.0815963203125	-0.152554	0.232058171875	-0.20152425	0.14325896875	0.19095959375	-0.143918109375	0.34038240625	-0.136508203125	0.2181139375	0.13131834375	0.0617025273437	-0.095762140625	-0.14853790625	0.197944828125	-0.19299159375	-0.27471178125	0.118839835937	-0.0921872890625	-0.27889915625	0.15207109375	0.154865609375	0.21886221875	0.165300890625	-0.1776368125	0.26190796875	-0.2300305	-0.2294064375	0.1932860625	-0.09906775	0.21443	0.239821984375	-0.0568707734375	0.18706240625	-0.259578765625	-0.2982159375	0.4437048125	0.19468484375	-0.287316375	0.226382625	-0.158461375	0.182330515625	0.294554125	-0.0461701640625	0.0563157617187	0.19902659375	0.129932757812	0.0798326328125	-0.203658703125	0.1693888125	-0.106631335937	-0.260286671875	0.13870178125	-0.117079921875	0.175006875	-0.197113421875	0.214056953125	0.267119	0.18005328125	0.168444546875	-0.252332703125	0.147247015625	0.26591428125	0.123391296875	0.372908875	-0.210275234375	0.103372554687	0.0328295195312	-0.0925446484375	0.24453109375	-0.2051696875	0.26866253125	-0.119881109375	-0.19128534375	-0.1664120625	-0.051484375	0.146951125	0.128420867187	0.200711265625	0.109805625	0.27536421875	0.09484265625	-0.226284875	0.3035663125	0.27256228125	-0.16540265625	0.261284328125	0.104353054687	0.28934709375	-0.22316275	-0.105457851562	-0.226542890625	-0.140632109375	0.13448521875	0.0736355859375	0.445689625	0.129860007812	0.104097492187	0.175937046875	0.291288	0.0974474375	0.3280026875	0.164920046875	0.22544253125	0.27622284375	0.115267585937	0.120088734375	-0.13931859375	-0.217430234375	0.17462509375	0.12701396875	0.22407446875	-0.115899953125	-0.16258828125	-0.164809078125	0.214471578125	0.248294734375	0.111123070312	-0.1605674375	-0.137931765625	0.165844078125	0.209401078125	0.138082875	-0.100442640625	0.210131515625	0.166384515625	0.24372734375	0.130594796875	0.27609009375	0.198394734375	0.231723546875	0.127980609375	-0.161025390625	0.16395415625	0.121191039062	0.236473625	0.16468346875	-0.133610546875	-0.177829734375	-0.12455725	0.20991178125	0.30537034375	0.27346065625	0.211151453125	-0.108479539062	0.2796348125	0.158089828125	0.0975826875	-0.222678609375	0.162393125	0.215228921875	0.210784625	0.234472859375	0.108842132812	0.1769340625	0.29047103125	0.0501202890625	-0.23862121875	0.120540546875	0.15189934375	0.13255609375	0.120849226562	0.10222840625	-0.152417171875	-0.16732615625	-0.22926115625	0.18138109375	0.145793546875	0.0415954296875	-0.30470696875	-0.0654089179687	0.310378125	0.25593115625	-0.148027265625	-0.217114015625	0.0816415078125	0.119507945312	0.130119414062	0.218527265625	0.06901190625	-0.18140353125	0.17054153125	-0.166631234375	-0.22242934375	0.13562659375	-0.13680165625	0.338887	-0.1810001875	0.1331055	-0.2987305	0.110239226562	0.140946140625	0.2263899375	0.188569328125	0.35420528125	0.230302328125	0.34359075	0.253809265625	0.34845865625	0.14617603125	-0.152912796875	-0.0955148203125	0.0759160234375	-0.1961161875	0.1491419375	0.14582575	0.158582265625	-0.0626683945312	0.20625065625	0.1347493125	0.1341401875	-0.0869124453125	0.160845609375	0.125242328125	-0.0749782109375	-0.28145740625	0.165570296875	-0.252368171875	0.134854875	0.3801	0.128029742187	0.2491289375	0.302079625	5.29	0.18	0.2	0.05	0.195107064602
103	61	251	3.00112775	0.44534175	0.0630413007812	0.20168421875	0.152731296875	-0.147419484375	-0.0944480703125	0.134502234375	0.184692875	-0.0559953203125	-0.26627428125	-0.244232359375	0.1299501875	-0.19882334375	-0.177930328125	-0.12096475	-0.104971773437	-0.21226396875	0.06343384375	0.0895590234375	-0.224856375	-0.2094748125	0.14654725	-0.0836884296875	-0.29535640625	0.192062625	-0.130482390625	-0.14478640625	0.16908228125	-0.110672351562	0.100187140625	-0.176272375	-0.197469828125	-0.153913203125	-0.103002445312	-0.243547453125	0.204862734375	0.204181203125	0.16237803125	0.197358953125	0.1189983125	0.1883314375	-0.10542721875	-0.214521484375	-0.185768296875	-0.0453208359375	0.0558695	0.109956460937	-0.21411109375	0.241710609375	-0.1942275	0.109192351562	-0.28008309375	0.07625090625	-0.134807421875	0.240296125	0.07059915625	0.122660875	0.0734282890625	0.090981515625	0.15453109375	0.140667734375	-0.184407109375	0.22694721875	-0.110189992187	-0.09063603125	-0.16354075	0.216358890625	-0.103340851562	0.126122328125	0.08117246875	-0.24730046875	-0.104033859375	-0.17092171875	-0.086883546875	-0.250825109375	-0.42904646875	0.0805059921875	0.160768890625	-0.0804180625	0.138276421875	-0.18341246875	-0.156532015625	-0.25053871875	-0.070977328125	0.10052428125	0.1835000625	-0.23225759375	0.2870295	-0.1837103125	-0.0555948320312	0.27161	0.0846609296875	0.151207	-0.0689025625	-0.187605484375	0.068047375	0.2767385	-0.209554828125	-0.103959882812	-0.135499265625	-0.193798921875	-0.14116334375	-0.0858733671875	0.17338834375	0.11679828125	-0.091881890625	0.150691484375	-0.1882975625	0.23078825	0.242110078125	-0.17802025	0.17661115625	-0.24654690625	0.140691203125	-0.15522865625	-0.0542395234375	-0.183757640625	-0.193478421875	0.076032703125	0.27859384375	-0.1444889375	0.114413976562	0.109234734375	-0.0589061796875	0.0698349296875	-0.27183384375	-0.199190734375	0.16720709375	-0.19989546875	-0.141886453125	0.240885859375	-0.14185903125	0.203995828125	0.050869171875	0.28017171875	0.083139234375	0.222778703125	0.098329734375	-0.0786404453125	0.238502953125	0.06034434375	0.19308209375	0.212925359375	-0.00524510253906	0.121323671875	0.120243515625	-0.22945809375	0.168919265625	-0.122938882812	-0.1766780625	0.18467	0.155836390625	-0.180430109375	-0.15485565625	0.123726625	0.161131453125	0.148378703125	0.1459846875	0.33291690625	-0.1622483125	0.226764140625	-0.211985484375	0.0444557929687	0.157529703125	-0.2087895	-0.2648605625	0.15910728125	0.200625671875	-0.22945278125	0.27170128125	0.19026184375	0.166021109375	0.33024940625	0.19591359375	-0.106126859375	0.08770353125	-0.099961984375	-0.2713465625	-0.123796914062	0.1784791875	0.2208055625	-0.163317296875	0.107385578125	-0.2191580625	0.195130515625	0.082552609375	-0.25707965625	0.216679953125	-0.07739115625	0.15110784375	0.0599372851562	-0.2104971875	0.138090609375	0.127128054687	0.342838375	-0.106556515625	-0.19508434375	0.21845025	-0.126283507812	-0.26868203125	-0.192094828125	0.1820835	0.264086	0.07320759375	-0.19659840625	-0.0941876015625	0.20229059375	-0.13704196875	0.155038859375	-0.26566703125	0.21860578125	0.08953640625	-0.131772796875	-0.1336503125	-0.0387316445312	0.070858921875	-0.173552203125	0.0960396875	0.21681190625	0.164240765625	0.102081007812	0.10431284375	0.0950021328125	-0.212783203125	0.1589394375	0.131172328125	-0.066287375	0.20683425	-0.10209384375	0.120080429687	0.0683128828125	-0.1588330625	-0.1278314375	-0.2787089375	-0.2363025	-0.274774125	0.040791328125	0.105889210937	-0.1249615	-0.150874703125	-0.151348984375	0.127430015625	0.151829703125	0.141408953125	0.099929140625	-0.129878875	-0.162632953125	0.105480390625	-0.144558875	0.14446684375	3.0	0.17	0.136	0.023	0.171958838547
104	60	251	9.284025	1.2678145	1.193607375	1.230152	1.3804995	1.30143075	1.28202675	1.33117175	1.497002375	1.293444875	1.24601775	1.206877625	1.0741075	1.29804875	1.458439875	1.229975625	1.215019	1.0260675625	0.906786875	1.199261125	1.16913425	1.267663875	1.182543625	1.230363375	1.295774625	1.12953425	1.498418125	1.17056125	1.123462125	1.2459885	1.2661935	1.063072625	1.282921	1.33240475	1.38490725	1.116164375	1.346667375	1.353095375	1.218166625	1.24970725	1.219170375	1.066598125	1.322642125	1.115059875	1.275237375	1.107638375	1.46108825	1.197755	1.10002075	1.231233375	1.1831925	1.41888675	1.07676775	1.119509	1.18183725	1.254542875	1.225855	1.198988	1.134089875	1.173971125	1.0629435	1.28889825	1.243218875	1.24530425	1.250990375	1.146381875	1.27631675	1.111858	1.151080375	1.157377875	1.149241625	1.0856235	0.9840396875	1.12832625	1.202350625	1.328097	0.938375625	1.078902625	1.2452725	1.20497275	1.28351425	1.22022325	0.992626	1.118926	0.8508888125	1.202957875	1.070502625	1.1088805	1.0995045	1.042589125	1.187523	0.788889375	1.14606375	0.942961625	1.21963475	1.11552325	1.0638335	1.0360598125	1.121250375	1.0111355625	0.9884399375	1.155288625	1.012054625	0.939489375	0.9714400625	1.051	1.204824875	1.114367125	1.06364425	1.009005375	1.0539805	1.15228525	0.988203375	1.07778325	1.154969875	0.9656536875	0.9152814375	1.0513755	1.0356960625	1.026675625	1.0251250625	1.082588125	1.09119875	1.0489925	0.92048725	1.136236	1.035959125	1.263918	0.986345625	1.08832925	1.106416	1.021570625	0.9259533125	1.191925875	0.9308848125	1.0087155	0.935649875	1.05304675	1.0130445	0.9513674375	1.221401875	1.168388125	1.061877625	1.2015475	0.9278665625	1.022243375	0.9785293125	1.132250875	1.0425165	1.144725375	1.0254625625	1.13101	1.291391875	0.863527125	0.9295585625	1.10355175	0.977215625	0.9818425625	0.8597044375	0.9496988125	1.089720625	0.9111595	1.055206375	1.21173825	1.00573325	1.07475675	0.82063825	1.26916525	0.897042125	0.733274375	1.093658625	1.0493935	1.0267973125	0.807129625	1.131845	1.098916875	0.9276499375	1.0052820625	0.97369	0.827289	1.2277575	1.0391403125	1.079471875	1.0035758125	0.86268875	1.161042625	0.9868056875	0.970578875	1.250778875	0.8739856875	0.9734393125	0.864943375	0.869355625	0.7991775625	0.941517	0.8812615	0.875051625	0.8678935625	1.00541775	1.10586175	1.0150416875	0.765915	0.9208456875	1.11385375	0.8843451875	0.9530404375	0.8703635	0.8207124375	0.8231524375	0.99157275	1.007337875	0.8918886875	0.7802048125	0.7583475625	0.51652978125	0.7982440625	0.934525625	0.6996451875	0.8204914375	0.964907125	0.7056244375	1.173272875	1.032063	0.873714625	0.746402125	0.6254801875	0.9649795625	0.8600655625	0.619602125	0.652005875	0.88484825	1.049140125	0.6288868125	1.118211375	0.9849974375	0.7370886875	0.8216586875	1.02240775	0.898928375	0.8719924375	0.7762483125	0.859886375	0.7715453125	0.81203775	0.753454625	0.651083125	1.14562425	0.755037125	0.790772125	0.9348676875	1.10629475	1.47	0.08	5.0E-4	9.0E-5	0.513479236228
105	3	251	3.47233775	1.204254625	0.9610260625	1.08171925	1.089585	1.327475375	1.0244135	1.157250375	1.06478	1.151871875	1.201377375	1.25732225	1.177827875	1.349318125	1.162089875	1.185548	1.391554125	1.334356125	1.073511875	1.18559475	1.466859	1.1098855	1.10033275	1.410544	1.313847	1.09925275	1.387948	1.265340125	1.280331625	1.18501075	1.226160625	1.0413234375	1.423271625	0.9448970625	1.22755925	1.412506125	1.14449375	1.206291375	1.3240175	1.167110875	1.2859845	1.414179875	1.057970375	1.213799125	1.164033375	1.210586625	1.1820745	1.06372975	1.015860375	1.143548	1.232926625	1.358900875	1.2307695	1.220512875	1.142376375	1.459167	1.14882675	1.251890625	0.8712846875	1.206127375	1.3231175	1.41260875	1.303186375	1.35038425	1.32870825	1.297679	1.1597635	1.063132	1.0540455	1.235645	1.136361375	1.271628	1.359796375	1.223403	1.087418125	1.136427125	1.059758625	1.143815375	1.2151075	1.1981325	1.1245425	1.002343875	1.272749625	1.268118625	1.138522125	1.228443625	1.194724875	1.213110125	1.140698875	1.289761375	1.28981675	1.23288825	1.18640525	1.41289325	1.0179226875	1.254535125	1.336818	1.198878375	1.232878375	1.259328875	1.314965875	1.258971125	1.351285375	1.330197875	1.1177305	1.29495125	1.33918575	1.204039375	1.23079825	1.308558375	1.258585375	1.030008875	1.1370595	1.398166875	1.260159125	1.220012375	1.39163225	1.169609375	1.24715775	1.216476	1.379953875	1.201518375	1.115364125	1.16485525	1.13251975	1.303089125	1.245060125	1.207336	1.433611625	1.2698395	1.323747125	1.295816625	1.050753	1.168184625	1.246676625	1.23730925	1.17953925	1.120591125	1.15827975	1.134087875	1.220054	1.042357	1.171860125	1.187021875	1.1603265	1.2249005	1.132340375	1.19414575	1.431860625	1.4396225	1.2119445	1.134139125	1.333852375	1.173328	1.370107	1.052005	1.079511	1.428121625	1.0784925	1.29849325	1.275075625	1.11301625	1.30309625	1.122931	1.4567205	1.278710375	1.11699575	1.183482875	1.232938625	1.05870725	1.114064625	1.24675475	1.361747	1.1288235	1.13653675	1.0634785	1.28965175	1.325873375	1.1594305	1.15740275	1.169082875	1.11065625	1.294936	1.241130625	1.037083875	1.2218825	1.43911225	1.184797875	1.302214875	1.45533275	1.38613725	1.26901325	1.100793	1.352517625	1.367733625	1.1486775	1.242248625	1.30843925	1.165563125	1.282590875	1.366490625	1.199451875	1.3703665	1.22278	1.338732375	1.24193675	1.269673	1.276878125	1.269882625	1.328729	1.1200375	1.2952705	1.350085625	1.085705375	1.200790125	0.97637175	1.206882125	1.1879175	1.21202175	1.375830375	1.147737375	1.062384625	1.23367675	1.100347125	1.36856425	1.177071625	1.1348225	1.224185375	1.266438625	1.39108475	1.0854825	1.155033	1.214715375	1.494700625	1.169947375	0.9633163125	1.211528125	1.126408875	1.2332635	1.447	1.2478415	1.274078	1.18348625	1.035367	1.11530325	1.284861625	1.1430285	1.227319375	1.330833125	1.2603005	1.27360125	1.244	0.024	1.9E-5	2.3E-5	0.181305234289
106	45	251	5.5402985	0.841148875	0.876780875	0.995919625	0.8393604375	0.95501875	0.89476375	0.9691318125	0.991254	0.863303375	0.73416875	0.8542255625	0.7189950625	0.649742	0.740865125	0.895058	1.105668125	1.1459845	0.7738788125	0.9270264375	0.5964655625	0.8286530625	0.920430625	0.8156701875	0.7265165	0.9533950625	0.877284	0.9210705	0.8985218125	0.8129815	1.0191829375	0.7567955	0.9146295625	0.6909969375	0.9298654375	1.101525875	0.771528875	0.7584705	1.06414675	0.948125625	1.101232	0.944608125	0.922294	1.020535	0.8225263125	1.02958875	0.897582875	0.8981889375	1.04975125	0.899879	0.7889204375	0.937272875	1.0063634375	1.140903125	0.9684048125	0.8457226875	0.857855625	0.9522003125	0.94713975	1.14107925	1.03392425	0.9032599375	0.953120125	0.944009125	1.0737885	0.6788521875	1.0385595625	0.759835875	1.0466891875	1.005124875	0.7842545625	0.69749075	1.008047125	0.7961111875	0.7871025	0.78591875	0.8020298125	0.8072210625	1.0360519375	0.958295375	1.027018125	0.6825390625	0.9347525	1.050610625	0.9977648125	0.9150468125	0.902242125	1.0205346875	1.0319176875	0.83298025	0.598187875	0.9191085625	1.0030371875	0.9434935625	1.0102678125	1.1372645	0.8783746875	0.9964114375	0.815031625	0.9836650625	0.91289375	0.8285871875	0.9153554375	0.9497078125	0.90509425	0.852509125	1.047677875	0.970119875	0.9341490625	0.865460125	0.92316775	1.0015709375	0.9638008125	0.877374125	0.8410575	0.8711998125	1.032884125	0.9062258125	1.051531	0.8661851875	0.744917	0.989575	0.92339475	0.90606475	0.9904743125	0.745114	0.952573625	1.030132	0.7480659375	0.9694815	1.023408	0.918867875	1.108884875	1.139356125	0.9252616875	0.82923125	0.8459575625	0.7735835	0.8096984375	0.935173875	0.929134875	0.9013656875	0.7062156875	1.0587415	0.913631	0.9017921875	0.8478143125	0.878080875	0.724449875	0.954983625	0.98497675	0.871428375	0.87837775	0.893696375	0.969903875	1.058138125	1.0252725	0.96404925	0.8059835625	0.994445375	0.892996625	0.9166940625	1.050234125	0.9394191875	0.7262665625	0.922259	0.68822775	1.0476759375	1.0261870625	0.82713825	0.920507	0.897739875	0.887619	1.057283875	0.950965875	1.06080175	1.070824125	0.6950476875	1.145250125	0.859815125	0.89305125	1.021924	0.950265875	1.146114125	0.9393466875	0.9929569375	1.0337425	1.12959125	1.087153125	1.111386375	0.763877125	0.5797394375	0.7564878125	0.990917625	1.019243625	1.103819875	0.923494125	0.8331245625	0.9223955	1.03134425	0.780823625	0.95225475	1.0439489375	0.7397108125	0.9886595	0.9614604375	0.9721774375	0.842812875	0.9104335625	0.9150470625	0.77839525	0.833881125	0.999865375	0.7795500625	0.944798875	0.906352875	0.9577965	1.096619875	0.9409855625	1.181703625	1.1897385	0.940969875	0.943254	1.051991	0.837674375	0.985294	1.099064875	0.9370886875	0.9119176875	1.0326894375	1.1031345	0.8936313125	1.1281155	0.8969493125	0.8616409375	0.8599493125	0.9954086875	0.9424648125	0.896281875	0.8836903125	0.955598875	0.9503606875	0.714010875	0.732535875	1.110065375	1.019206125	1.34296725	1.199614625	1.098013375	0.79276425	0.9442189375	0.962	0.045	3.0E-5	6.0E-5	0.314946218747
107	74	251	4.817491	0.9404798125	0.9739120625	0.959248125	0.88330875	0.9969435625	0.993542125	0.892091	0.850409	1.109335375	0.78086425	0.906935375	0.9930873125	1.011828875	0.840981375	0.9405316875	0.898479	0.80368925	1.10579925	1.05315	1.003041875	0.9333499375	0.956695125	0.962615	0.8573464375	0.960221	1.031146875	1.0738275	0.9057318125	1.207641375	0.7354659375	1.128127625	1.1739495	0.9379805	1.289889	0.9842485625	1.125415	0.9995674375	0.979863875	1.07361775	1.0396220625	1.1610435	0.9142533125	0.9507559375	0.854894875	1.051394125	1.092236	0.876268125	1.11439275	-0.257047453125	0.9250964375	0.8183099375	1.013352625	-0.246609	0.8345134375	0.937252625	1.075981875	1.308781125	1.251598375	0.8719181875	1.056233	0.9846570625	1.03417225	1.063039125	1.122781125	0.9339528125	0.9996825625	1.160425	1.0287891875	0.957195375	0.78281625	-0.1583240625	0.9165185	0.86958625	0.945445875	1.065133375	1.0097391875	1.0122175	1.065640875	1.10227925	0.898990625	0.90811175	1.1054225	1.0111088125	0.7962991875	0.837955125	1.013983375	0.9188840625	0.8632019375	0.95126075	0.9548436875	1.313960875	0.9373755625	0.922582625	1.075713125	-0.200312515625	1.132932375	0.955807	0.929557	1.0633425	0.845043625	1.0082876875	0.7757684375	1.037763125	0.9444269375	0.946313625	0.8543465625	1.142621	1.096207875	1.0103215625	0.98737675	1.0442119375	0.9329239375	0.91136125	1.2145525	1.054076625	1.057414625	0.7429960625	0.9086108125	1.060973875	1.100609375	1.0445224375	1.15842975	1.0193579375	0.99602625	1.1844555	0.9979710625	0.94886825	1.07456375	1.0128376875	1.372976375	1.1553855	0.8746068125	1.0445745	1.018749	1.111834625	0.8553195625	0.7995475625	1.017180625	0.98983325	0.9775665	1.187497625	1.0066630625	1.1568885	0.911299875	1.023199375	0.74460825	0.98961475	1.111075875	1.198193375	0.9530174375	1.262541375	1.16863125	1.07207	1.05682875	1.0637185	1.090318	0.93170125	1.074170625	0.9439114375	0.891437125	1.088331625	0.9166439375	-0.17441734375	1.166234375	1.146342125	-0.156177125	1.1228145	0.9365438125	1.0268179375	1.102513875	1.003174875	-0.329234125	1.09077775	1.007876375	0.9938678125	1.09146125	0.8706216875	1.016277	0.8898513125	0.8962284375	1.047815875	1.106648625	1.04443725	0.909813375	1.1658365	0.939217875	1.14134225	1.06222275	1.062901625	1.043280375	1.0330766875	1.1579545	1.046375	0.9353334375	0.9360688125	1.065324375	0.93137325	0.84319825	1.2436485	1.24005675	1.213231875	1.0368440625	0.9528440625	1.101198375	0.9470303125	0.908796125	0.927116875	1.160370625	0.911883375	1.0355840625	1.028236875	1.161629	0.9387924375	1.056972875	1.0316458125	1.02698275	1.081062875	1.169521	0.965265375	0.82436325	0.9275064375	1.0830695	1.070619375	1.106140875	1.07440825	1.07110175	0.937284625	0.8937803125	1.0809885	0.981269	0.8925620625	1.1688875	0.808117625	1.15030425	0.9157376875	1.0365863125	1.053097625	0.969013	0.8697756875	1.048975125	1.0307451875	0.959045375	0.971645125	1.004493625	1.114682625	1.0995775	1.127735125	0.9134996875	1.13991875	0.8843244375	0.998	0.042	1.0E-5	6.0E-5	0.334596420974
108	139	251	8.641466	0.166825375	-0.0835564140625	-0.211388390625	0.3103986875	0.1815086875	0.123991640625	0.16616028125	0.1096259375	-0.1324165625	-0.18142303125	-0.0583771601562	0.177364703125	0.0986935625	0.19789559375	0.213549609375	0.153212546875	-0.216662625	0.1515671875	0.254355921875	0.17999475	0.18322296875	0.17974546875	-0.184776359375	-0.155326734375	0.33127446875	0.225671859375	0.32513496875	-0.1284849375	0.104923234375	-0.2447245	-0.28268678125	0.2753320625	0.076715921875	-0.077393046875	-0.13502546875	-0.133215703125	0.194306109375	0.34236484375	-0.0636597148437	0.20885203125	0.38233709375	-0.080140765625	-0.139426765625	-0.152709046875	-0.138431453125	-0.0461589765625	-0.07885540625	0.23936034375	0.111851429687	-0.299686375	0.136508796875	-0.134766578125	-0.218463765625	-0.16628953125	-0.4024055625	-0.22680246875	0.148711109375	-0.16828865625	0.089778671875	0.120806546875	0.1234564375	0.27339575	0.21522409375	-0.1731929375	-0.204967421875	-0.18868165625	-0.180307375	-0.156219015625	-0.209604390625	0.213686828125	0.162318625	-0.195027828125	-0.162813828125	0.1600500625	-0.217584984375	0.100276882812	0.0537139921875	-0.0670944296875	-0.0901678515625	0.22452646875	0.230869671875	-0.187853640625	-0.155517828125	-0.111776367187	0.159956875	0.28366315625	-0.179644875	-0.128757265625	0.145387625	-0.100681125	0.092125890625	-0.1537421875	0.0819963515625	0.185332453125	-0.130011375	-0.324099	-0.152671796875	0.35857909375	0.161155515625	-0.0617240429687	-0.110750078125	0.1020523125	-0.201653640625	-0.119240554687	-0.123462914062	0.069930046875	-0.16042753125	-0.1138075	-0.115432929687	-0.0879185546875	0.1710990625	0.1089229375	-0.1147248125	0.36157446875	0.23549496875	0.232940484375	0.104746882812	-0.2694195625	0.24649553125	-0.10528034375	-0.0652771757812	-0.180996796875	0.1502883125	0.08445184375	0.068401484375	-0.07682959375	0.131441171875	0.0551181132812	0.100662078125	0.26990175	-0.0888440859375	-0.168073515625	0.155608984375	0.153052640625	0.15546328125	0.08264125	-0.095968546875	0.17781434375	-0.0535583671875	-0.245417828125	0.109589179687	0.159251890625	-0.13161725	0.1478710625	0.075866984375	-0.259566171875	0.19252278125	-0.18362665625	-0.326679625	0.069016140625	0.115978320312	0.114854703125	-0.125539695312	0.191277265625	-0.24832253125	-0.17621459375	0.111056789062	-0.164234171875	0.0994824375	-0.17655971875	-0.118714710937	0.20760440625	0.16404221875	-0.29032865625	0.218198984375	-0.128218328125	0.158756859375	-0.234793375	-0.2417295625	0.170773078125	-0.137754515625	-0.233570703125	0.123319242187	0.170775546875	-0.115638726562	0.09538384375	0.111857726562	0.206705625	-0.197225359375	0.171818953125	0.28124209375	-0.305386	-0.198778828125	-0.11699984375	-0.140462	0.168312375	0.232105640625	0.3376461875	0.11938246875	0.19836528125	0.49286053125	-0.0592276953125	0.2060824375	0.208635609375	0.11209165625	-0.16656784375	0.22834834375	0.0824648203125	0.180653765625	-0.15633140625	0.053858578125	-0.24105490625	0.147263703125	-0.092050265625	0.196466125	0.14075059375	0.13392028125	0.19702875	-0.108346929687	-0.15942490625	-0.153368671875	0.170979671875	-0.28137596875	-0.0895991015625	0.181206296875	0.18840334375	0.196151828125	-0.189888796875	-0.103078859375	0.121933773437	0.139087	0.167131796875	0.253414359375	-0.175015203125	-0.106760148437	0.19157975	0.34273315625	-0.0578496132812	-0.2479099375	-0.191211171875	-0.34039996875	-0.173572265625	-0.218140546875	-0.13243115625	-0.141065421875	0.169871015625	-0.09890946875	0.213621078125	-0.140108875	0.27643934375	-0.114827195312	-0.21393453125	-0.070833515625	0.169976046875	-0.0607645429687	0.083352875	0.1530448125	-0.2846669375	0.07426896875	0.246423984375	8.64	0.18	0.3	0.3	0.183863940667
109	123	251	2.93381225	0.95202625	1.188930875	1.0980395	1.1444325	1.1156005	1.150446125	1.16787225	1.1495525	1.1876245	1.150519125	1.206254	1.144715375	1.06902875	1.3294645	1.093075375	0.984775875	1.2495535	1.180401	1.2741695	1.21208775	1.062371375	1.17921025	1.10126225	1.027300875	1.275223875	1.252320625	0.987937	1.074141125	1.062117125	0.9713943125	0.9977041875	1.084491125	0.973903125	0.9983665625	1.0287821875	1.06566725	1.130712625	1.147753125	1.152722875	1.127241625	0.957216625	1.0049526875	0.938942875	1.0192791875	1.07116125	0.94519225	1.1889445	0.997853375	0.9600681875	1.100006	1.0193020625	1.261079125	0.664933125	0.919014	1.158466625	0.9629673125	1.00684425	0.988884875	0.8656409375	0.9801546875	1.002408625	0.8969755	0.903462875	1.0247765	0.9716591875	1.083946625	1.12012875	1.093051	0.8285294375	0.6052380625	0.96249375	0.962800875	1.060046875	0.86584	0.8021645625	0.921530125	0.9047910625	0.8503915	0.912888	0.878085125	0.8884995625	0.923496375	0.912825	0.9176861875	0.975043125	0.613911625	0.741954375	0.8435625	0.89649325	0.774211625	0.6213935	0.8263270625	0.9243599375	0.916309875	1.0421699375	1.033280625	0.7738199375	0.75384225	0.71368425	0.7839166875	0.9829066875	0.9346674375	0.7578073125	1.0012808125	0.8987299375	1.0736385	0.9919961875	0.9342129375	0.59005175	0.88804275	0.885933375	0.62010675	0.8311825625	0.8288469375	0.856389	1.056753875	0.718528375	0.8910560625	0.553670125	0.9885870625	0.837128625	0.8404355625	0.90667325	0.894283875	0.8878860625	0.8987258125	1.00690775	0.7914719375	0.7559628125	0.957110375	0.816007	0.897824625	0.9650163125	0.7130560625	0.6262323125	0.6639135	0.8823225625	0.84983225	0.7360235	0.802200875	0.7010318125	0.857061	0.770781875	0.894519	0.7310105625	0.916817625	0.849261625	0.7139591875	0.7927690625	0.5210079375	0.732924875	0.91719	0.8741358125	0.76429025	0.7871659375	0.534511375	0.767000875	0.771812	0.6490311875	0.70735325	0.7319	0.6725748125	0.6689319375	0.6994999375	0.72788175	0.6739885625	0.79626425	0.545873125	0.684836125	0.688842875	0.8303643125	0.81902875	0.6138644375	0.6590903125	0.6520494375	0.7985594375	0.7624138125	0.7813301875	0.71661	0.6948324375	0.5472933125	0.62433875	0.943114125	0.5662258125	0.632304875	0.692827625	0.763988625	0.730707375	0.678868625	0.832333625	0.6766395625	0.6593610625	0.4665405	0.6978155625	0.6793200625	0.614251875	0.7250356875	0.8449068125	0.834380125	0.7866049375	0.7566785	0.76086425	0.7498400625	0.684140375	0.9301486875	0.626524375	0.508274875	0.5471065625	0.682673875	0.68415425	0.8303556875	0.589713875	0.6582468125	0.65788375	0.7511624375	0.67456475	0.7716265625	0.5274033125	0.5377733125	0.510921625	0.57008175	0.46493921875	0.7742585	0.6176303125	0.6126531875	0.5966831875	0.581404	0.4353400625	0.661023875	0.5918441875	0.7249355	0.7093669375	0.680631125	0.482728375	0.5404720625	0.6237000625	0.4961696875	0.792922625	0.5367020625	0.7669581875	0.6635946875	0.50656803125	0.614366125	0.58463075	0.4516339375	0.5289593125	0.659843875	0.48845134375	0.587811125	0.6500989375	1.209	0.025	6.02E-4	3.4E-5	0.154395049847
110	117	251	5.1618495	2.864715	2.78009	2.8647155	2.99406025	2.8485655	2.87225625	2.9189955	2.85256925	2.85139325	2.848973	2.916403	2.86891375	2.87719675	2.800087	2.8671645	3.0090985	2.661131	2.808591	2.56803125	2.77137425	2.89162275	2.814883	2.670961	2.867807	3.00152525	2.81896975	2.932562	2.66532375	2.89638825	2.77228975	2.9307075	2.90122875	2.9095425	2.813378	2.93986675	2.7323495	2.6758095	2.835231	2.4759075	2.72776725	2.7788	2.613025	2.8536955	2.87158775	2.923938	2.718552	2.8035915	2.78457225	2.52852525	3.00419675	3.0065135	2.83632	2.9008015	2.6019005	2.86625725	2.72632275	2.787832	2.5715425	2.86433325	2.73177275	2.74798475	2.83134225	2.72487625	2.76171125	2.98935775	2.83563675	2.96378925	2.7715535	2.7805875	2.83183275	2.83374275	3.0538865	2.78531775	2.7322685	2.72033275	2.72200925	2.85186725	2.682863	2.981853	2.69750525	2.7581365	2.81214075	2.87039025	2.8058185	2.91640825	2.78702975	2.67614125	3.05826525	2.88090375	2.71052275	2.7356245	2.80647325	2.53589725	2.9602835	2.79506575	2.7693995	3.10551575	2.73984075	2.936504	2.867651	2.7508565	2.5936725	2.90061425	2.62694575	2.5974645	2.681984	2.81103125	2.83252075	2.79398325	2.874069	2.900593	2.7552455	3.07744575	2.6332955	2.9641275	2.79201675	2.7604155	2.70394875	2.78235675	2.7627985	2.78502025	2.80998875	2.867354	2.795766	2.74175725	2.9420065	3.005184	2.799639	2.963964	2.775875	2.69144425	2.60578575	2.616272	2.8067785	2.78935325	2.87862025	2.74790775	2.60334975	2.6785415	2.60587675	2.933717	2.9121	2.744155	2.91839225	2.7542725	2.787599	2.784872	2.78101525	2.59391175	2.7763185	2.86950225	2.919824	2.85926075	2.6064345	2.6580095	2.7290315	2.8481955	2.79808125	2.730265	2.83811175	2.843164	2.787283	2.71349075	2.93949075	2.8562805	2.7810435	2.9046115	2.84258875	2.88295675	2.67518475	2.96460525	2.685893	2.69841675	2.80304325	2.772749	2.7400415	2.51861825	2.912927	2.70682475	2.702745	2.6413495	2.89832075	2.87966825	2.62091525	2.8372425	3.00300175	2.67402375	2.79175225	2.89147925	2.6603015	2.79987525	2.95545325	2.941532	2.80738725	2.63811175	2.9632495	2.83488375	3.04100875	3.019925	2.7838655	2.78783425	2.81822525	2.8506375	2.91714225	2.75928875	2.80392	2.83187025	2.62626775	2.81411225	2.87628775	2.8014085	2.922994	2.83487825	2.805248	3.094004	3.05881825	2.686689	2.74346975	2.91154175	2.84188275	2.76862525	2.8727675	2.8607555	2.81091725	2.721946	2.846827	3.159101	2.77422275	2.676197	2.79916025	2.81021375	2.6322325	2.81046025	2.71833325	2.74321225	2.74615175	2.847126	2.82782625	2.927707	2.69364825	2.7131975	2.6921635	2.8425435	2.9508655	2.86321875	2.8392395	2.6821925	2.563767	2.90874	2.70814525	2.853	0.024	2.1E-5	1.2E-5	0.18759946344
111	159	251	9.915974	0.18472615625	0.138567265625	0.261461921875	0.0411863828125	0.22200025	0.2201331875	-0.090126265625	-0.137441078125	0.319311375	0.216227140625	0.0843498828125	-0.111055023437	0.0537482851562	-0.227446828125	0.121942015625	-0.26453165625	0.19522490625	0.221374421875	0.3313126875	0.3048976875	0.18415771875	0.208959328125	-0.14569925	-0.171684921875	0.157489796875	-0.19139628125	0.22337434375	-0.22539778125	0.10674134375	0.19316825	-0.164927125	-0.30459603125	0.37861921875	-0.153213453125	0.1382620625	0.202275359375	0.174515234375	0.27404246875	-0.2163585625	-0.151376234375	-0.067774625	0.17747784375	0.0600571015625	-0.147530171875	0.29911353125	0.216976796875	-0.209702828125	0.242842484375	0.186395125	-0.202963109375	0.148300265625	0.203710328125	-0.32372146875	-0.10840603125	0.169025203125	0.1654038125	-0.2794328125	0.20368915625	0.2868561875	0.16851771875	0.30211996875	-0.18570596875	0.135317015625	-0.14168315625	0.1680533125	0.240408515625	0.18735871875	-0.18117071875	-0.22589290625	0.188916203125	0.27433884375	0.15036934375	-0.127922914062	0.116594484375	-0.102444328125	0.116157117187	0.150534734375	0.34272315625	0.20060734375	-0.13149990625	0.4142340625	0.1775265	0.245849828125	0.191809296875	-0.225192421875	-0.08462225	0.228279078125	0.2060066875	0.26910490625	0.255167390625	-0.140418140625	0.0564179414062	0.131114734375	0.0596021054687	0.31402421875	0.12889440625	0.109793179687	0.129142054687	0.2001660625	-0.127074703125	0.186418703125	0.31147215625	0.0690856640625	0.270326375	0.20827309375	0.219104359375	0.128487164062	-0.114249414062	0.208505265625	0.28091271875	-0.0826815078125	0.1362924375	0.25743153125	0.061321078125	0.0814434375	0.37122859375	0.22813371875	-0.173870046875	0.128813734375	-0.1527891875	0.0907478515625	0.258218453125	0.180471796875	0.17660671875	0.179695890625	0.12710096875	0.096474984375	0.26877065625	-0.3931729375	0.1370813125	0.2045728125	0.30724184375	-0.29638003125	0.235619453125	0.178540328125	0.104460210937	0.106629453125	0.20740234375	-0.125081453125	0.140980421875	0.123128023437	0.08691359375	-0.125433351562	0.154811625	0.176426234375	0.3047313125	0.142424703125	0.2578743125	0.259368765625	-0.232851359375	-0.158964640625	-0.0909823359375	0.3202245625	-0.27477571875	0.1099454375	0.20202590625	0.175057015625	-0.22406671875	0.249473640625	0.139745609375	-0.165185875	-0.193304421875	-0.15660034375	0.190041875	-0.194074609375	-0.104318601562	0.134306375	0.12807275	0.31123	-0.3839876875	0.14958146875	0.0863478671875	0.147106796875	0.222774765625	0.3452611875	0.38436246875	-0.127885273437	0.144884171875	-0.088458546875	0.158731609375	-0.227147546875	0.21647334375	0.30320909375	0.24939459375	0.169423984375	-0.120715109375	0.24041178125	0.07846021875	0.088249828125	-0.0919514296875	0.113284007812	-0.0925049921875	0.183047203125	0.0862296640625	-0.44467975	-0.28891003125	0.0484788164062	-0.139926609375	0.260046125	0.198210359375	0.192120046875	-0.150406875	0.27094315625	0.35470546875	0.3510005625	0.145683125	0.073123921875	0.2367110625	-0.215514640625	0.17226053125	0.140795546875	-0.1424608125	0.131036164062	0.103202875	0.15467865625	0.19350859375	-0.15548846875	0.218618609375	0.0550478632812	-0.2759369375	0.129802390625	-0.0948063203125	0.183267625	0.25534878125	0.14171509375	0.22313509375	-0.0884414453125	-0.116388117187	-0.146747921875	-0.22658815625	-0.139837171875	-0.1457346875	0.228791515625	0.288052125	0.0936433125	0.192752984375	0.219681265625	0.193490234375	0.28396921875	0.0402537617187	0.212517546875	0.0560600898437	0.4247769375	0.153500546875	0.162207265625	0.22949725	0.170767546875	0.117089476562	0.174835890625	-0.216754296875	9.92	0.21	0.25	0.06	0.202213856548
112	152	251	4.879325	2.9039055	2.50191975	2.71678625	2.666682	2.82957925	2.69382375	2.849859	2.664523	2.40016675	2.93784775	2.52607475	2.71888	2.439891	2.43113425	2.43748575	2.54976325	2.5456555	2.54233675	2.469042	2.6158265	2.32575175	2.5284275	2.3420525	2.265834	2.31926375	2.36021075	2.3313105	2.088966625	2.23729	2.082883125	2.1422855	2.2622745	2.0492465	2.208119	2.22938775	2.2188525	2.15470625	2.17299475	1.8945025	2.043553875	1.998456625	1.732006	2.093698125	1.985054	2.01114725	1.992136375	1.9171395	1.844437625	1.84188525	1.926677375	1.65286325	1.676116125	1.685161625	1.795793	1.810144375	1.97782625	1.52652225	1.611002375	1.970626125	1.791709375	1.797517875	1.689673375	1.54133225	1.71495375	1.565340625	1.599151125	1.67831575	1.425015	1.54685625	1.619495375	1.508264	1.450776	1.34105025	1.531897875	1.51759425	1.618589375	1.345617875	1.244233625	1.466885125	1.217973	1.594692625	1.41179375	1.3284315	1.588075	1.37400625	1.440897875	1.35934775	1.541459125	1.257451875	1.3862395	1.229904375	1.35289275	1.18528575	1.480991125	1.5400695	1.4813075	1.37636775	1.43808475	0.9811035	1.206299375	1.16191875	1.292688125	1.0234745	1.146102625	1.26039425	1.1257425	1.214037125	1.050089875	1.0142815	1.287806375	1.106204	1.406321125	1.0180906875	1.111410625	1.087204875	1.098611	1.01187975	1.064363625	1.0419826875	0.8500939375	0.99361175	1.042360125	0.945013625	0.8399818125	0.9101368125	0.7906078125	1.032286625	1.0101388125	0.9755725625	0.828238625	1.058447125	0.8665683125	0.842451	0.9646425625	0.813224	1.026530875	1.000645375	0.793614	0.8928318125	0.902916375	0.838192375	0.9955335	0.8602496875	0.82555	0.7945195	0.7671695	0.7657836875	0.912286	0.7918144375	0.7261719375	0.85272225	0.66245825	0.773204375	0.82562875	0.6871815625	0.88302475	0.89269125	0.7344779375	0.8263631875	0.6356964375	0.55177975	0.6386405625	0.7685663125	0.608491875	0.6949553125	0.52039215625	0.6485863125	0.738327	0.753996375	0.5314986875	0.6155606875	0.4724251875	0.726046375	0.559308625	0.567320375	0.5660046875	0.5183231875	0.49412390625	0.74760725	0.52138815625	0.565698	0.6803943125	0.5388813125	0.8939355625	0.532268625	0.69759525	0.742423375	0.533059375	0.5707489375	0.615779375	0.45299765625	0.587657875	0.5156374375	0.370235125	0.4281971875	0.48485165625	0.5523246875	0.484454125	0.535278625	0.35630865625	0.6060978125	0.3121064375	0.4689414375	0.4817121875	0.46460496875	0.4926401875	0.37962096875	0.680350875	0.587346375	0.3826633125	0.272142875	0.4037730625	0.5476675	0.6266506875	0.371717125	0.41672209375	0.57016825	0.5639965	0.3812545	0.5411235625	0.49149953125	0.43754765625	0.4240553125	0.5598125625	0.482084	0.4166295625	0.367853375	0.44065096875	0.235362265625	0.5297849375	0.43646446875	0.2704705	0.3526603125	0.386344125	0.2853656875	0.4827276875	0.3564490625	0.51349278125	0.398313375	0.641816375	0.25991634375	0.3411278125	0.4863996875	0.34964915625	0.420514125	0.37348128125	0.311684875	0.3902220625	0.4776995	0.40655871875	2.984	0.034	0.001762	3.0E-5	0.165701491801
113	87	251	5.863527	1.5830045	1.493179125	1.53898075	1.316469	1.602796875	1.522578375	1.660396375	1.4768345	1.258358125	1.329289625	1.449696	1.449044125	1.497787	1.32871375	1.819599625	1.434192375	1.529101125	1.451815625	1.47857675	1.5663	1.583356625	1.253085625	1.574310875	1.344802625	1.473892375	1.338615125	1.50804675	1.495342375	1.527002375	1.371512125	1.381170125	1.584757125	1.636579875	1.387398125	1.42128275	1.4504425	1.348025375	1.322370875	1.491562125	1.51822725	1.421297375	1.60090525	1.32727775	1.385201375	1.521444625	1.3584625	1.36299525	1.33790075	1.57495875	1.55585175	1.45764025	1.267367125	1.507628875	1.06808625	1.37726775	1.303254875	1.681720875	1.38302425	1.71465975	1.153238625	1.523552125	1.3742915	1.475136125	1.408243375	1.348821	1.711898	1.321780125	1.576513875	1.352137875	1.37472075	1.405508125	1.318318625	1.507383	1.57037725	1.33560775	1.565181375	1.530377375	1.255115375	1.483721375	1.160529125	1.3212465	1.54270075	1.481647375	1.359347125	1.519689125	1.378936875	1.4254155	1.280032375	1.356813875	1.43150725	1.380364125	1.379101	1.36610825	1.498228125	1.37263875	1.38953675	1.2456415	1.388677125	1.59408475	1.363491875	1.6066525	1.533784875	1.100185125	1.354040375	1.560901	1.23237025	1.3304785	1.3942555	1.540568875	1.241218375	1.71031225	1.484159	1.42638925	1.502425375	1.415258125	1.419352625	1.448283125	1.45237475	1.302449625	1.3801085	1.485056375	1.45271925	1.62645275	1.358489375	1.463817375	1.19567025	1.30385625	1.509083375	1.520684375	1.5158315	1.361361125	1.576524375	1.52649275	1.264341375	1.534062	1.3308205	1.37840775	1.288821375	1.23022875	1.296165625	1.335797375	1.6282085	1.24389675	1.39259125	1.434492625	1.24842	1.2888445	1.305988875	1.6237905	1.410265875	1.52573325	1.4542875	1.495671625	1.456077375	1.33809025	1.3972245	1.55231575	1.101628875	1.452934	1.400762375	1.49583725	1.566785125	1.34417575	1.34930475	1.325344	1.5383965	1.474248625	1.49825675	1.6441365	1.392222625	1.59917325	1.288942375	1.3959025	1.281154875	1.2323185	1.4012235	1.31553625	1.370220125	1.47952775	1.30874575	1.4425285	1.3974235	1.5213395	1.499264	1.296039125	1.274774125	1.221942375	1.627810875	1.44421775	1.399977125	1.239233375	1.2769115	1.333682625	1.36651425	1.727499375	1.46822675	1.44510075	1.534287625	1.453769	1.364913125	1.390356625	1.55931175	1.54036725	1.43901	1.24956	1.216379375	1.5178545	1.49669725	1.375507125	1.4506655	1.488575875	1.501866375	1.355867	1.284802125	1.42220775	1.284586875	1.378136125	1.388472125	1.421164125	1.325171	1.386832875	1.48256575	1.377343375	1.210880625	1.617855	1.494497	1.490992	1.505462125	1.58851675	1.458493375	1.405254	1.30520875	1.300099625	1.334764875	1.392486625	1.241784375	1.42796075	1.336601625	1.191523375	1.356811625	1.260628875	1.3588425	1.46390475	1.372838	1.345804875	1.560739875	1.288202	1.469789125	1.469044375	1.127234625	1.534	0.04	1.04E-4	3.8E-5	0.30123805881
114	73	251	6.4955175	0.14701890625	0.4097886875	-0.0351211015625	-0.068499015625	-0.15640540625	0.2844065	0.233388484375	0.302921125	0.2240940625	0.3227226875	0.31928690625	0.138319953125	0.1539834375	0.189937484375	0.266624875	0.27757521875	0.183710234375	0.4765195625	0.252128640625	0.38941775	0.21572715625	0.153129953125	0.2860554375	0.205863375	0.2352670625	-0.066768390625	0.330475125	0.45603109375	0.146810515625	0.172599609375	0.16960571875	0.246418796875	0.178603375	0.4087831875	-0.158868453125	0.137799984375	0.3362933125	0.19867475	-0.111688929687	0.10293040625	0.078384578125	0.1029645625	0.19437215625	0.094106453125	0.405483375	0.1358820625	0.147041796875	-0.160721671875	-0.0778389609375	0.318851375	0.164356890625	0.252017015625	0.20721884375	0.14984271875	0.24653790625	-0.2961891875	0.226957390625	0.197162984375	0.1239405625	0.256830984375	-0.150982734375	0.26306540625	0.138570609375	0.259225578125	0.24437234375	0.15938078125	-0.143223078125	0.3351585625	0.2637435	0.23688171875	0.197658921875	0.31771953125	0.270144625	0.221105078125	0.09918946875	0.3549129375	0.2727924375	0.277945375	0.46677925	0.169621953125	0.24332525	0.1540743125	0.35015028125	0.29472765625	0.254872671875	0.2807954375	0.15633128125	0.16432325	0.2814825625	0.3865558125	0.30281809375	0.162769	0.219767265625	0.304522875	0.20571259375	0.2800186875	0.499643375	-0.15492059375	0.173769390625	0.25949128125	0.19924040625	0.107758023437	0.31181428125	0.152722140625	0.28161328125	-0.33451696875	0.30500378125	0.199365109375	0.30114465625	-0.0695346484375	-0.15262465625	0.192418890625	-0.0496435859375	0.35949765625	0.227087734375	0.109296851562	0.236363	0.186179421875	0.230911203125	0.36175	0.21421153125	0.122922742187	0.1785165625	0.1198490625	0.542892625	0.238091125	0.3749774375	0.2470853125	0.178905703125	0.34620071875	0.269018625	0.23841846875	0.2737415625	0.3530620625	0.219401875	0.0749904453125	0.29196509375	0.2399913125	0.23395125	0.17190825	0.31613840625	0.17687465625	-0.139024078125	0.23383671875	0.33356878125	0.25799734375	0.28844896875	0.28458334375	0.144856796875	0.151364796875	0.311812125	0.25423228125	0.14400446875	0.35744334375	-0.172289609375	0.2507905625	-0.0608932382812	0.3796515	0.1952558125	0.228224	0.163427203125	-0.1816328125	0.30030709375	0.296150375	0.223312375	0.170607703125	0.31233378125	-0.153667828125	0.297193375	0.1984881875	0.1836565	0.280339	0.33233178125	0.23220325	0.377579	0.178767484375	0.191617484375	-0.13862603125	0.30040003125	-0.1764491875	0.16737209375	0.130337960937	0.239563109375	0.2365135625	0.39220171875	0.35110084375	0.16491896875	0.42377346875	0.170554625	0.150738859375	0.258822609375	0.20282990625	0.26979146875	0.32307125	0.24423478125	0.22490421875	0.19709671875	0.256438390625	0.241737390625	-0.10832153125	0.203743984375	0.21665540625	0.10868575	0.180035	0.23492659375	0.3330209375	-0.16806634375	0.15269290625	0.30108921875	0.117131148437	-0.143088546875	0.286117125	0.1657989375	0.26296115625	0.19594628125	-0.1977728125	0.37763353125	0.147946765625	-0.166566703125	0.275826875	0.29425225	0.112034398437	0.31246846875	0.17040184375	0.4747203125	0.31615575	0.340527125	0.229991921875	-0.22445821875	0.36016884375	0.24465703125	0.1852886875	0.0293438164062	0.145835046875	0.42349215625	0.10935065625	0.240897875	0.30884715625	-0.132594265625	0.3615748125	0.3065423125	-0.121929867187	-0.148916859375	0.189787484375	-0.216942515625	0.238615796875	0.3101371875	-0.18213203125	0.10052584375	0.192519	0.35	0.07	8.6E-4	3.7E-4	0.423766167123
115	97	251	5.345845	-0.22639421875	0.117841164062	0.183251140625	-0.163225734375	-0.235189703125	0.0730089609375	-0.166629109375	-0.29982425	-0.1622688125	-0.189803328125	-0.087659625	-0.25376503125	-0.1672635625	-0.192051578125	-0.19509371875	-0.21307703125	-0.09208415625	0.255901234375	0.20212384375	-0.157889890625	0.192374875	-0.162645078125	0.13158946875	0.238272375	-0.185014609375	0.16345115625	-0.159719671875	-0.0755979609375	-0.1178905625	-0.350952125	-0.29266903125	0.168947765625	-0.142889640625	-0.205409703125	0.176786078125	-0.231384515625	0.114054773437	0.19423525	-0.217602234375	-0.133591375	0.0287601953125	-0.112758851562	-0.24299421875	0.21871865625	0.126157835937	0.0573975078125	-0.1674338125	0.109350539062	-0.18573440625	-0.252186328125	-0.31662775	-0.134456703125	0.083549328125	0.21996571875	-0.2083265	-0.223826453125	-0.137878078125	-0.178458109375	-0.28798696875	-0.225813109375	-0.26336828125	0.105085023437	-0.160255296875	-0.16461303125	0.046679578125	0.2408975	-0.2188908125	0.3708724375	0.1738710625	0.33118959375	-0.0775426484375	-0.085696015625	0.120659554687	-0.31971025	0.181345078125	0.215734046875	0.13693725	0.1365213125	-0.168289609375	-0.350427625	-0.33223721875	0.152234515625	0.1555670625	0.3458378125	-0.11957215625	0.106352679687	0.19847659375	0.21820578125	0.2523640625	-0.196921234375	-0.20077384375	-0.171648	-0.251699890625	0.2894081875	-0.3451751875	-0.16858528125	0.1637884375	0.0784078671875	0.1413054375	0.202877171875	0.1888325625	-0.13019590625	-0.376417125	0.2793769375	-0.14336175	-0.1582069375	0.0332491601562	-0.189445984375	0.089105	-0.127688148437	-0.226853828125	0.211032546875	-0.116674984375	-0.2069775625	0.15024996875	-0.19889484375	-0.214535453125	-0.17442503125	0.27030909375	0.33569196875	-0.0740406875	-0.120983382812	0.154289765625	0.39662490625	0.240208328125	-0.174758015625	0.142098953125	-0.138572734375	0.069871578125	0.222851703125	0.239859484375	0.091529546875	0.11618728125	-0.20845928125	0.096754328125	-0.1915484375	0.096105546875	0.195266203125	-0.230035625	-0.160967203125	0.1193581875	0.034734921875	0.126698359375	0.26283628125	-0.14229221875	0.19910565625	-0.145157875	0.12561075	0.1600065625	-0.384121875	-0.13521328125	0.248539875	-0.1639956875	0.108516265625	0.133178875	-0.1319939375	-0.2442080625	-0.268108875	-0.175262109375	0.1550084375	-0.13087703125	-0.0825239375	0.03361484375	-0.2888996875	0.124945898437	-0.18150803125	-0.151948109375	-0.216569515625	0.134822171875	0.166499640625	0.2793685625	0.146988046875	0.112115835937	0.102172226562	-0.26476671875	0.24997640625	-0.110955757812	0.16557559375	-0.2664289375	-0.24075365625	-0.28440484375	-0.206602453125	0.14953578125	-0.130994734375	0.30201159375	-0.17225159375	0.37334903125	-0.19255153125	0.190367359375	-0.256325296875	0.100299601562	0.092190734375	-0.2002380625	0.29555253125	-0.1909635	0.058376140625	0.252199421875	-0.185879625	-0.30683521875	0.14651746875	-0.198804	0.20664634375	0.213934671875	0.099025359375	0.103088007812	0.189427140625	-0.189478	-0.0828196640625	-0.228987703125	0.153628734375	0.202791671875	-0.3846606875	0.228778203125	0.13322240625	-0.22787575	-0.112415765625	0.172758796875	0.13960309375	0.126423492187	0.143086171875	0.059159203125	-0.1064963125	-0.06999621875	-0.100172609375	0.16529021875	0.14083434375	0.248022703125	-0.28177903125	0.146449875	-0.22062765625	-0.190816375	0.11897590625	-0.0420258632812	0.28743109375	-0.210078796875	-0.1773459375	-0.17525690625	0.245947453125	-0.234987828125	0.167254015625	-0.0706060234375	-0.127553585937	0.180042390625	0.14724678125	-0.144075125	-0.126548226562	-0.221973609375	-0.30415815625	0.139678609375	-0.139023234375	5.35	0.12	1.7	0.0	0.196080877338
116	69	251	5.109379	-0.236758078125	0.218854640625	-0.18807515625	0.25905346875	-0.17709828125	0.159641625	-0.259093015625	-0.1174728125	0.198047765625	0.2618985	0.173445671875	0.259978828125	0.36102565625	0.29404778125	0.14488125	0.24903375	0.241641140625	0.14475609375	-0.141749578125	-0.113445398437	-0.1324023125	0.2624334375	-0.0630294453125	-0.1359705	0.37143825	-0.138765296875	-0.33092778125	0.164067796875	0.1598105625	0.18854521875	0.115832375	0.129650132812	-0.172243125	0.19117828125	0.154646640625	0.2069399375	0.0802452578125	0.20387371875	0.137534453125	-0.114399007812	-0.2609009375	0.253850921875	-0.19151765625	0.2023261875	0.24520778125	0.1833209375	0.0959912109375	0.209636453125	0.249015328125	0.095756328125	0.13891090625	0.191165875	0.224611015625	0.173486828125	0.26956703125	-0.189969765625	0.13852028125	0.30280934375	0.083289265625	-0.148025703125	0.27206721875	0.22931440625	0.3121783125	0.20158825	0.164950375	0.160602234375	0.181141375	-0.121189585937	0.119491851562	0.42647975	-0.078444703125	0.172421390625	0.118745132812	-0.2773599375	0.226917796875	0.256920078125	0.198939578125	-0.0614853007812	0.119529742187	0.0336025039062	-0.17447921875	0.33675484375	0.128171195312	0.203031328125	-0.19042721875	-0.12688390625	-0.22982934375	0.190188046875	0.2966734375	0.129505023437	-0.171953609375	0.154967015625	0.100865296875	0.122971710937	0.22114571875	0.274682625	-0.085019171875	0.2709676875	0.107390765625	0.139612859375	0.139390875	0.176193734375	0.224490015625	-0.172104015625	-0.066860078125	0.111218453125	-0.102524320312	0.122509734375	-0.08502071875	-0.151799875	-0.0748759296875	0.24721290625	0.151347203125	0.096557375	0.105372804687	-0.3139213125	-0.185305953125	-0.0780601875	0.2508515	-0.0679579921875	0.202408296875	0.2496875	0.19413440625	-0.203700296875	0.1701448125	0.151719828125	-0.15838378125	0.20013553125	0.131303125	0.16611915625	-0.3096554375	-0.245840140625	0.1319805625	-0.206901921875	0.17494115625	-0.15640165625	-0.0716340390625	0.121040195312	0.236024578125	-0.107989421875	0.185221578125	0.196762	0.3102306875	0.241803703125	0.216295921875	-0.036837015625	-0.147677671875	-0.160257625	0.20360721875	0.211162453125	0.153729484375	0.1453819375	0.12104846875	0.116350789062	0.20662690625	0.30146821875	-0.114366429687	0.1799070625	-0.135028203125	0.163840703125	-0.12188465625	0.209094625	0.16090165625	0.187116796875	0.212999109375	-0.19016990625	0.142384703125	-0.103173921875	0.15911515625	-0.28952328125	-0.221272484375	-0.118160234375	0.145219359375	0.09471465625	0.3336616875	-0.13399825	0.204670609375	0.3125624375	-0.262019640625	0.130921890625	0.23575446875	-0.127802375	0.218243171875	-0.175592296875	0.097545640625	0.07713034375	-0.093556828125	-0.24884965625	-0.18363734375	-0.128736601562	0.2318366875	-0.210544125	-0.27052190625	0.183014625	0.2999655625	-0.190967921875	0.122309703125	0.185705546875	-0.3617815	0.15392240625	-0.15187934375	0.160382375	0.1421895	0.0862341640625	-0.3392946875	-0.12855659375	0.179052796875	-0.10990684375	0.299666125	0.10818925	0.0767655390625	-0.0764830234375	0.2416129375	0.1498723125	-0.202457328125	-0.13216928125	0.171275171875	-0.128730203125	0.22375034375	0.219376890625	0.1344303125	0.208799140625	0.248220375	-0.169668171875	0.2036043125	-0.12846175	-0.185250890625	-0.2406283125	0.38158225	-0.121560273437	0.169461703125	0.2260283125	0.14809334375	0.318259	0.07852659375	0.19592815625	-0.22830721875	0.281008375	0.190735765625	0.200610453125	-0.3077126875	0.2297008125	0.156021609375	0.111516859375	-0.13455109375	0.248958015625	0.167773671875	0.33887403125	0.13333471875	-0.129514429687	5.11	0.07	1.8	0.0	0.196153851037
117	15	251	3.71708325	1.068765375	1.452576375	1.267816	1.268673375	1.09811	1.220494375	1.21751475	1.173848	1.144125625	1.11773275	1.148020875	1.25844675	1.314473625	1.19380775	0.9820094375	1.122144375	1.056030625	1.249648375	1.130045375	1.09423875	1.0959105	1.169648	1.156471625	1.18418	1.21242125	1.241009625	1.141031125	1.240632875	1.13120825	1.222833625	1.265594375	1.182517625	1.167888875	1.141289875	1.156026625	1.0471308125	1.200132	1.117903875	1.1394565	0.9592443125	1.188899625	1.3060405	1.369246	1.0480575625	1.05952875	0.96332625	1.18491225	1.383776125	0.96496375	1.261961875	1.16605175	0.980271625	1.219498	1.24158625	1.2135755	0.8481414375	1.180605	1.29886125	1.10485425	1.1968595	1.11387275	1.0057400625	1.418595875	1.094449125	1.240112125	1.124759125	1.31425825	1.1786045	1.1215425	1.190477375	1.0315839375	1.22351425	1.11885175	1.327128625	1.269579875	1.123935625	1.119255375	1.005702625	1.0508515	1.160991	1.226101625	0.9839358125	1.144210875	1.215139625	1.05439525	1.145757	0.823684	1.0140171875	0.982949875	0.9941151875	1.314780125	1.28495625	1.18689575	0.9738685625	0.9357258125	1.099143875	0.8181483125	1.151511125	1.18547525	1.33304675	1.229178375	0.998356375	1.18795525	1.093131875	1.308348625	1.0798285	1.057630875	1.127841875	1.15095025	1.105940375	1.217402875	1.218767	1.118265625	1.150178	1.1957465	1.23839225	1.181808875	1.0559025	1.220752375	0.9720623125	1.111891375	1.2325185	1.113964875	1.36002575	0.980231	1.0555445	1.07210425	1.267875	1.148388375	1.2844115	0.992124625	0.9742849375	1.048980375	1.067344125	1.05813325	1.256131125	1.24582125	0.9617436875	1.18858975	1.157470875	1.11958875	1.126962375	1.110949875	1.088512125	1.123127625	1.11740725	0.96626275	1.0334891875	0.907070375	1.125814625	1.070318125	1.0151110625	1.0805475	0.8645460625	1.205665875	1.24911475	0.9207330625	0.955577125	1.086876125	1.245948125	0.9894734375	1.0077128125	1.16574975	0.9714421875	1.09436175	0.87978275	0.991729	1.175043	1.298608	1.0137068125	0.6728369375	0.91351875	1.08482125	1.115934625	1.0433655625	1.041549	1.14634925	1.0607405	1.0312343125	0.9611795625	0.9979879375	1.043770125	1.148112125	1.31603275	1.14460375	0.9977711875	1.169685625	0.97335425	1.0393573125	1.268345125	1.1049865	1.0026725625	0.7594985625	1.0054239375	0.932296625	1.0159054375	0.8258976875	0.96968325	0.9749049375	0.9275531875	0.87801875	0.912746625	1.0089050625	1.118417625	0.9210739375	1.037766375	0.8500293125	0.9506920625	1.07131975	0.9126790625	0.969311625	0.9634488125	0.8045816875	1.0063715	0.7438171875	0.8340481875	1.054674625	0.96476875	1.065259875	0.8895254375	0.8719008125	0.911004875	1.002923625	0.9698391875	0.96924775	1.01651275	0.990538375	0.945049375	1.0823465	0.8391120625	0.876297875	1.0236945	0.801415625	0.9841398125	0.9256184375	0.9015441875	0.898302375	0.9930454375	0.9139905625	1.151199625	1.175962375	1.23955975	1.0110879375	0.9153808125	0.90359925	0.9912678125	0.9506529375	1.070185375	0.8110065	1.12876925	1.263	0.025	2.29E-4	2.9E-5	0.194142134728
118	160	251	11.74626	0.44501915625	-0.1004276875	0.185538234375	-0.173202609375	-0.214074125	0.115296125	0.196953828125	0.148277171875	0.135563015625	0.3080975	0.32615803125	0.0754517890625	0.211255703125	0.33021171875	0.107535046875	0.177711953125	0.070929734375	-0.121577453125	0.170520578125	-0.117447171875	0.106136140625	0.137757484375	0.26760821875	-0.2957515625	-0.15147725	0.3052155625	-0.252530734375	0.133972109375	-0.0738003984375	0.20462378125	-0.21858296875	-0.141635375	0.187144140625	0.196840609375	0.131613125	0.218625078125	-0.2056591875	0.1537255625	-0.2658571875	0.27333021875	0.097861703125	0.228082125	0.4220633125	0.2966576875	0.19929671875	-0.247909109375	-0.24459071875	-0.1786651875	-0.169049453125	0.1297951875	0.169084015625	0.3982048125	0.142073125	0.235453515625	0.09690921875	-0.225705265625	0.4353920625	0.150888078125	0.194546296875	-0.130650953125	0.216447578125	0.1470463125	0.081962234375	-0.16661646875	-0.13283903125	-0.217083296875	0.219513859375	0.0806062734375	0.1379119375	0.2860069375	0.23826671875	0.0959677109375	0.3514600625	0.25173803125	-0.1638748125	0.1354494375	-0.206843984375	0.327897375	0.15706265625	0.23584	0.203348875	-0.15023328125	0.17067990625	0.0768966015625	0.15822359375	-0.15161609375	0.28057434375	0.234121671875	0.0607451875	0.16730371875	0.18477134375	0.2627571875	0.092838265625	0.54705775	0.21102515625	-0.1366080625	0.19762340625	-0.118039492187	-0.3589390625	0.118845804687	0.234113125	0.19318425	-0.13662175	0.3023824375	0.210951421875	0.107492609375	0.41380775	-0.185898484375	0.152790890625	0.131027390625	0.2004730625	-0.123372523437	0.148849546875	0.181222640625	0.28687640625	0.24098771875	0.247118015625	-0.227969453125	-0.07493409375	0.186771828125	0.102041390625	0.2855845625	0.151116625	-0.178199421875	0.2683318125	0.28930025	0.1999705	0.1103219375	0.1453065	0.134733953125	0.28618159375	0.1739754375	0.193384703125	0.135969140625	0.18702875	0.126658703125	0.184553390625	-0.106027203125	-0.11205825	0.15929934375	0.103699578125	0.121999367187	-0.0848184375	-0.13076296875	0.1979513125	0.26948334375	0.1341463125	0.120168132812	0.105735351562	0.3927105	-0.160410046875	0.105932234375	0.1793125	0.235162109375	-0.128514390625	-0.132630765625	0.211941875	0.218754515625	0.145677359375	0.18519371875	0.189417125	-0.129164601562	0.141229453125	0.412999625	0.07666365625	0.32294821875	0.132915203125	0.0658561484375	0.116728117187	0.173407640625	0.122326609375	-0.151798109375	0.0655215664062	-0.26956653125	0.213570109375	0.230746875	0.28770475	0.103118421875	-0.109023742187	-0.0849376015625	-0.16287528125	-0.1212478125	0.111849609375	0.244346671875	0.1692561875	0.19370096875	0.141573375	0.28053478125	0.2069455625	-0.21279278125	0.30791678125	0.23888765625	0.232447125	-0.126830828125	0.13896159375	-0.0665840390625	-0.254978421875	0.21963034375	0.216398484375	0.07415509375	0.110706453125	0.1678014375	-0.29111209375	-0.0510245859375	0.127000414062	0.2370155625	0.19265809375	-0.182797625	-0.18889265625	0.2980375625	0.19444459375	-0.0996656171875	0.218346	0.168071078125	0.250174859375	0.18745103125	-0.092240703125	0.116962640625	0.22093240625	-0.164152796875	0.26252603125	0.1372914375	0.374681375	-0.14680196875	0.45371665625	0.117535929687	-0.171299609375	0.186563515625	-0.107987351562	0.155889640625	-0.17894215625	0.108768328125	-0.0894674453125	-0.224632421875	-0.19997703125	0.189981	0.128945101562	-0.18713953125	0.16948378125	0.3041119375	0.239939515625	-0.0994121953125	-0.1530004375	0.2711721875	0.233008125	0.295643875	0.173982328125	-0.082056234375	0.150976	0.44426403125	11.75	0.2	0.231	0.032	0.20502685136
119	65	251	2.99344175	0.143937953125	-0.26481084375	0.142147390625	-0.129668578125	0.15034053125	-0.083517359375	0.19065965625	-0.099911484375	0.119436265625	0.0920205	0.0968929140625	0.14480303125	0.1815829375	0.1311074375	-0.21820125	0.1811284375	0.1824281875	0.3062325	0.105298203125	0.219475125	-0.26250740625	0.14288434375	0.226918421875	-0.102761289062	-0.147031625	0.132245234375	-0.231440671875	0.13614190625	0.12559084375	0.199030875	-0.03281921875	-0.2665670625	0.165518078125	-0.14512515625	-0.092668296875	0.180786125	0.252342578125	0.16218146875	0.229208296875	-0.226897453125	-0.192504859375	0.122481835937	0.0149429140625	0.237058546875	-0.126467195312	0.15616075	-0.1666574375	0.215717078125	0.247319421875	0.08750175	0.148256453125	0.2268760625	0.0888613984375	-0.068343421875	0.20826128125	0.19431715625	-0.1352770625	0.1730609375	0.158799453125	-0.096828171875	-0.098227078125	0.18331728125	0.082874125	0.133118984375	0.124914351562	0.0714866875	-0.118633390625	-0.144274625	-0.16790703125	0.105700679687	-0.0734870390625	0.2233513125	-0.0426247773437	-0.073772609375	0.189576109375	-0.0914360703125	-0.210661328125	0.21476253125	0.163635828125	-0.187095515625	-0.185723046875	0.112889695312	0.120009773437	0.134236296875	-0.235667125	-0.112373234375	-0.212984921875	0.115417117187	0.197326453125	0.239364234375	-0.257131515625	-0.0788549296875	0.142120671875	0.074779578125	0.109358703125	-0.126740453125	-0.1577355625	-0.0592521328125	-0.1934880625	-0.27592971875	0.10279809375	-0.145742171875	0.125499773437	-0.09942715625	0.107554960937	-0.2033655	0.236949859375	-0.1911954375	0.094013625	0.2834164375	0.0657410234375	-0.129687046875	0.102493679687	-0.185045109375	-0.070802234375	0.111495296875	0.193107234375	-0.1865849375	-0.084046953125	0.27738721875	-0.221352890625	0.194592328125	-0.234134453125	-0.114063335937	0.148073046875	0.105799617187	-0.118077765625	0.101176671875	-0.233374578125	0.3002875625	0.22498934375	-0.2165640625	0.19435065625	0.170653765625	0.063727328125	0.194613046875	-0.219962265625	-0.176696140625	0.120506789062	-0.25186246875	-0.021001328125	-0.3679299375	0.125848296875	0.18050153125	0.28484465625	-0.194506546875	0.0627788789062	-0.20007596875	0.124236882812	0.20850140625	-0.14853084375	0.169510546875	-0.091683265625	-0.314461875	-0.14657934375	-0.177185875	-0.31779846875	-0.13443134375	0.0935448125	0.143666796875	-0.109800992187	-0.1409138125	0.132150046875	0.0800056640625	-0.07457634375	0.238019578125	-0.240928125	-0.17265596875	0.131044554687	0.126172460937	-0.216395375	0.159485078125	0.24003553125	0.188816046875	-0.225158953125	-0.0555803867187	0.139939984375	0.236252328125	0.189867625	-0.1372504375	0.111424742187	-0.189265328125	0.092118234375	-0.20349265625	-0.13903303125	-0.0894450390625	-0.11336046875	-0.0852183203125	0.206112390625	0.227965953125	-0.1242030625	0.143199421875	0.13815378125	-0.142057140625	0.2047229375	0.0986539296875	0.150689234375	-0.26352346875	-0.16586575	0.0589156640625	0.104183109375	0.179748515625	-0.235197640625	0.173522890625	0.143388015625	-0.175606453125	0.08915971875	-0.14304590625	-0.210576671875	-0.16416578125	-0.2925530625	-0.09329175	-0.169400203125	-0.20016909375	0.154811015625	0.104106757812	0.16745784375	-0.095870390625	0.130246304687	0.2057475	0.208211265625	-0.111861171875	-0.157831578125	-0.240376203125	-0.212735390625	0.15480178125	0.174537484375	0.14067159375	-0.18541440625	0.13481840625	0.102554429687	0.211578078125	-0.2565115	-0.16715215625	-0.105650054687	0.180945765625	0.133763765625	-0.0530326445312	0.0642014257812	-0.1055075625	0.176742859375	-0.2373808125	-0.112546890625	0.111559929687	-0.126552515625	-0.2845145	-0.20244521875	0.157412703125	-0.214756078125	-0.17180759375	2.99	0.17	0.3	0.4	0.170976247938
120	8	251	4.09884575	0.19638734375	0.3317294375	0.233036234375	0.111612	-0.1432331875	0.132375171875	-0.096436453125	0.21704325	-0.2952093125	0.174902578125	-0.1490883125	0.198765328125	0.149303109375	0.1316455	0.0572419179687	-0.0871204609375	-0.107772484375	-0.209451375	-0.1502543125	-0.136541546875	0.0888702421875	-0.24691140625	0.158246796875	0.126581351562	-0.129037335937	0.26771859375	0.111746398437	-0.120773640625	-0.13013521875	0.091513828125	0.182170609375	0.1986830625	0.0676596171875	0.18846665625	-0.2469550625	0.108474828125	-0.25984859375	-0.117428859375	0.188642	0.20584021875	0.189799765625	0.183180359375	-0.084034890625	-0.076492046875	0.00796468945312	0.170405734375	-0.227441984375	0.236329875	0.32116553125	0.3718990625	-0.14428190625	-0.229350859375	-0.075627453125	-0.19698921875	0.20474525	-0.169530359375	-0.131734328125	-0.253481046875	-0.109898914062	0.110188898437	0.0635950234375	0.21345015625	-0.19461253125	0.073994625	-0.0174609179687	0.216088453125	-0.2241896875	-0.116371820312	-0.13609975	0.173482484375	-0.1898593125	0.152625	0.174949703125	0.20693871875	0.128567757812	0.167376	0.105678398437	-0.134883078125	-0.1105955625	-0.0745000625	-0.190988265625	-0.1591926875	0.124349953125	0.14610640625	0.089638375	0.130323195312	0.253616015625	0.124183632812	-0.110983710937	0.190144921875	-0.10160509375	-0.140404484375	0.27531571875	0.22321746875	-0.14935925	-0.108196585937	0.253402921875	0.0970531328125	0.26303003125	0.077911046875	0.169850828125	0.203202046875	0.1027159375	0.175423	0.109827671875	0.2374298125	-0.2194964375	-0.16951759375	0.165649984375	-0.15506196875	0.219744734375	-0.227315671875	-0.181929875	0.268761	0.2262913125	0.110923648437	-0.2187703125	-0.12124125	0.14409884375	0.234235515625	-0.118775390625	0.112181367187	-0.0850957109375	0.22439996875	0.26580309375	0.389557125	0.190155890625	0.121570164062	-0.0872820234375	-0.07790253125	0.21448	0.187437625	0.129421171875	0.3388735625	-0.0162380986328	0.159069609375	-0.05418634375	0.132114609375	-0.163150953125	0.13910865625	-0.131617640625	0.10302478125	0.18480775	-0.15614265625	0.127305296875	-0.1364143125	0.20052121875	0.168024421875	-0.1645741875	-0.1336945	0.17267359375	0.260730625	0.165357375	-0.0843886328125	0.21610834375	-0.128905359375	-0.0902984375	-0.131547171875	0.109718671875	0.0799368828125	0.196513046875	-0.14038765625	0.15793571875	0.08682925	0.17949225	0.18169378125	-0.14399409375	-0.177273359375	-0.128024382812	0.241481484375	0.215455203125	-0.115052328125	-0.1731531875	0.114675625	0.2859981875	0.143362515625	-0.0301761621094	-0.181306625	-0.194534453125	-0.1662088125	-0.152674796875	-0.032801234375	-0.30046321875	-0.070017609375	-0.1893911875	-0.28955675	0.252829515625	0.128316484375	-0.101686078125	-0.096884453125	-0.15468853125	0.19298596875	-0.261248296875	0.1821780625	0.054149390625	0.191078046875	0.0278592578125	0.19837025	0.138812171875	0.3701014375	-0.141248640625	-0.1326875625	-0.292241	0.123962609375	0.260940609375	0.168032703125	0.133804453125	-0.0800533125	0.16250453125	0.19344884375	-0.16702684375	-0.32057934375	-0.16104565625	-0.195171390625	-0.1355566875	-0.242085359375	0.210165984375	-0.375449875	0.069539875	-0.1319819375	0.28798903125	0.109352875	-0.1469824375	-0.2707836875	0.122619515625	-0.159148578125	-0.185608640625	-0.0851011484375	0.1512285625	-0.0546497421875	-0.194927	-0.181701453125	-0.0653142890625	-0.11863609375	0.1036466875	0.17053075	0.1228256875	-0.40554009375	-0.0854091875	-0.08161103125	0.0882531328125	0.256929078125	-0.146552265625	0.1956750625	-0.1975508125	0.1632611875	-0.037713328125	-0.0915804296875	0.100700171875	-0.1897033125	4.09	0.18	0.163	0.027	0.176266446025
121	116	251	6.6691645	0.3905021875	-0.113498015625	-0.0765187734375	-0.1889220625	-0.145022125	0.138761359375	-0.125027445312	-0.172581078125	0.10714453125	0.36952865625	0.160867296875	0.090105578125	-0.146361390625	0.121810570312	0.06736528125	-0.3064956875	0.18190609375	0.119752234375	-0.18542484375	-0.32776046875	0.130362835937	-0.180860984375	0.129585375	-0.191439625	0.211761609375	0.114286257812	-0.204206078125	-0.09521446875	0.208719703125	-0.168040421875	0.11052984375	0.0575404296875	-0.13755078125	0.22402559375	-0.131071875	0.120654960937	0.35189690625	0.15891725	0.142619640625	-0.22994996875	0.235580109375	0.0966149765625	0.193173515625	0.0403824257812	0.2276561875	0.137491796875	0.125968796875	-0.154339890625	-0.225151484375	0.3419265	-0.17086365625	0.15733409375	-0.125266421875	-0.0601065195312	-0.1076266875	0.11974703125	0.114731515625	0.25020515625	0.20218965625	-0.21597040625	-0.033422984375	0.2653054375	0.28493271875	-0.1218003125	0.17236615625	-0.239217625	0.125188609375	0.1660594375	0.1738553125	0.17127584375	0.15577834375	0.15265840625	0.13688709375	-0.22749	0.1811253125	0.309274375	0.208223421875	0.29485065625	0.0711680546875	-0.27173953125	0.26918753125	0.18383359375	0.4340880625	0.29290615625	-0.0610135234375	0.125618609375	-0.219627421875	0.21273646875	0.0843235390625	0.19614559375	0.226771625	-0.136185734375	-0.33436484375	-0.182098953125	0.201981765625	-0.225860109375	-0.20572765625	-0.2156203125	0.168597484375	-0.101264765625	0.1584661875	0.26173409375	-0.157214671875	0.119641164062	-0.106190820312	-0.3682129375	0.180144	0.18282609375	0.1962239375	0.26643015625	0.2077121875	-0.129878617187	0.158742765625	-0.14970446875	-0.0460547539062	0.203093484375	0.217442078125	0.198455203125	0.130178257812	-0.36557615625	0.21857371875	-0.0913860234375	-0.0893839453125	-0.100208046875	0.225473421875	-0.33673653125	0.169338546875	0.18452640625	-0.21173946875	0.147397328125	0.14294278125	0.07580678125	0.13062053125	0.27317559375	0.1934653125	0.33426140625	-0.23548675	0.139365703125	0.2780938125	-0.225449796875	-0.27764959375	0.14561771875	0.25293828125	0.226624671875	-0.256602421875	0.2288265625	-0.23167971875	0.150515453125	0.164869328125	0.255419671875	-0.11363034375	0.18621559375	0.23722434375	0.115554601562	-0.145970890625	0.20407165625	0.134970921875	0.178627484375	0.18994690625	0.31365165625	0.172206390625	0.2079950625	0.23893959375	0.212696171875	-0.132887640625	0.1696266875	-0.183092921875	-0.156337640625	-0.13810634375	0.131540140625	0.112809265625	0.129147453125	-0.107419625	0.227549703125	0.1797104375	-0.24419453125	0.210630984375	0.0782305703125	-0.1815301875	-0.0401927070312	-0.100969	-0.077174484375	-0.115966695312	0.104928234375	0.179118796875	-0.225269015625	0.0985421796875	0.130097289062	0.13046996875	0.2394708125	0.068190015625	-0.143411984375	0.209558390625	0.10704265625	-0.215023671875	0.248384125	0.1877285625	0.1719481875	0.13618609375	-0.0941408125	0.171891734375	0.16029390625	0.0615184023437	0.111848804687	0.125437171875	0.218503890625	0.107040390625	0.21788684375	-0.311911375	-0.25907103125	0.0618018359375	-0.081982859375	0.13457034375	-0.156949	0.0978893125	-0.254659125	0.167180328125	-0.191553515625	0.12478984375	-0.104117429687	0.0833637890625	-0.18065175	0.12563959375	0.0723578671875	-0.1875945	0.0848049921875	0.0845660234375	0.181113	0.106724765625	0.123083484375	0.233045421875	0.2613668125	-0.140425140625	0.142960078125	0.08220303125	-0.2822198125	0.050500625	0.1197043125	0.16723396875	0.14836240625	-0.241360828125	0.085349765625	-0.18131578125	0.20722828125	0.168153	-0.1391703125	-0.1999571875	0.122303703125	0.0873631875	0.110941578125	6.67	0.18	0.22	0.05	0.186364355939
122	51	251	3.09825625	0.215469390625	-0.144568265625	-0.103600296875	0.0825538125	-0.18772240625	0.125911898437	0.178641234375	0.1532408125	0.1666158125	0.154437484375	0.179057390625	-0.148843390625	-0.0833830234375	-0.215151203125	0.1298760625	0.1899915	0.03467465625	-0.135691078125	0.22149859375	-0.15472190625	-0.15202859375	0.158817140625	0.245283625	0.1614698125	-0.16426534375	0.142584625	-0.148330046875	0.226440046875	0.0717825546875	0.2951436875	-0.153893234375	0.26320728125	0.1977608125	0.2360650625	0.3143265625	0.253696703125	0.3567038125	-0.250551609375	-0.12750934375	-0.0824693046875	0.08358778125	0.111892320312	0.033044984375	0.188525375	0.333594375	0.128405765625	-0.1331333125	0.145684703125	0.292049	0.15536565625	-0.2317958125	-0.182770484375	0.185834140625	-0.2375535	0.19825175	0.114548210937	-0.056122796875	0.18690940625	0.144796609375	0.081026765625	0.199084484375	0.15420478125	0.1774601875	-0.0441394804687	0.19067015625	-0.0953078515625	0.22350059375	-0.183310796875	-0.151416359375	0.164902109375	0.196944234375	0.1958753125	-0.154086921875	0.154601078125	-0.1797658125	0.105720125	-0.083672046875	-0.11904921875	0.0970340625	-0.152803625	-0.299164875	-0.096370953125	-0.359107	0.15900375	0.2464445	0.203586453125	0.35453840625	0.11765171875	0.2615180625	-0.32446696875	0.194334578125	0.1579459375	0.16271275	-0.144868625	0.03938928125	0.09990196875	0.14748228125	0.163086375	-0.045139484375	-0.108508382812	-0.2115519375	-0.077390203125	-0.36551840625	0.07984121875	0.26408853125	-0.03229584375	-0.086318328125	0.220431359375	0.08657634375	-0.266586375	0.194295640625	0.238803921875	0.086369046875	0.082893375	-0.104470132812	-0.0360936054687	0.2676366875	-0.19405478125	-0.1854365	0.157630796875	0.111130375	0.16073078125	-0.268165	-0.08914896875	-0.093138609375	-0.2704226875	-0.245781078125	-0.15468321875	0.303929875	0.237881453125	-0.27167171875	-0.08551175	0.208607015625	-0.3621569375	-0.0436447265625	-0.211129953125	0.209236671875	-0.115692859375	0.189597734375	0.236247640625	-0.0893483828125	0.138098125	-0.2434631875	0.217200640625	0.19218740625	0.132520046875	-0.1745158125	0.072938828125	-0.165957359375	0.29346740625	-0.15651059375	0.194708984375	-0.219816046875	0.22808859375	-0.17201121875	-0.151025359375	0.1823995625	0.13727090625	0.1303738125	0.229718640625	0.175972734375	0.067236046875	-0.119939796875	0.124009226562	-0.179867671875	-0.18331059375	0.103772820312	0.24452296875	0.27240228125	-0.21314728125	-0.19918265625	0.10333084375	0.143557875	0.0815780703125	0.108361234375	0.21833165625	0.26219825	-0.162447890625	0.077809484375	-0.119105242187	-0.172713390625	-0.08777959375	-0.0866060390625	0.15779190625	0.188772109375	-0.0781638203125	-0.11211459375	0.1338616875	0.166694296875	-0.28448253125	0.130487242187	0.295884375	0.198270515625	0.179141875	0.32114821875	0.170168	0.179408609375	-0.0336701171875	0.226384921875	0.110926921875	-0.16828315625	0.182245125	-0.18190009375	-0.232488328125	-0.301519	-0.2379225625	-0.13297509375	-0.220666015625	-0.0853423359375	0.30372178125	0.2534643125	-0.1955244375	0.101517484375	-0.08930553125	-0.1279895	0.17628871875	0.1869844375	0.056307453125	-0.2676796875	0.0683839375	0.14438671875	0.17503259375	-0.19613421875	-0.1706355	-0.2030541875	0.134991546875	-0.0784858125	0.1774069375	-0.1978105625	0.170853765625	-0.152976625	0.1917684375	-0.08255834375	-0.15703140625	0.162525890625	0.143074125	-0.184963984375	0.109668734375	0.1545248125	0.164825578125	-0.176700796875	0.24199075	0.254192984375	0.22157825	0.23334209375	0.292899	-0.127050132812	-0.095266203125	-0.083374359375	-0.0297486542969	3.1	0.18	0.2	0.3	0.183821218598
123	40	251	4.506702	0.550616125	0.49648921875	0.17155071875	0.16361596875	0.20414775	-0.1555118125	-0.209503484375	-0.16991678125	-0.204290984375	-0.0961826484375	0.28017346875	-0.117264265625	-0.153051453125	0.09662128125	-0.30705025	0.18629290625	-0.0372589179687	-0.09722021875	-0.13157884375	0.208651	0.1603205625	-0.120367078125	0.17111884375	-0.16442396875	-0.2647608125	-0.1302990625	0.12378440625	0.132437984375	-0.3134935	-0.186909015625	0.096963484375	-0.209018296875	0.31943259375	0.126663085937	-0.0870656171875	0.203778921875	0.1986696875	0.294672875	-0.20011759375	0.2442135625	-0.08163475	0.289880625	0.1419815	0.17969075	0.1048308125	0.209467828125	-0.106153460937	-0.25143165625	0.179002234375	-0.123552453125	0.170819296875	-0.09124703125	-0.19069309375	0.35244628125	0.22572465625	0.045255484375	0.054660046875	0.127677132812	0.30714734375	0.2035616875	0.1611820625	-0.138192453125	0.0343526914062	0.048529140625	0.1784635625	0.35391065625	-0.13537040625	0.29353859375	-0.165675390625	-0.04803421875	0.148879921875	0.178185515625	0.181871796875	0.0675321875	-0.121432289062	0.07566215625	0.162264234375	0.3514445	0.14659428125	0.20057871875	-0.0714255234375	0.1820043125	0.0433079101562	0.31743815625	-0.17396925	-0.310140125	-0.100779515625	0.197800078125	0.135249203125	0.0893770625	-0.203001265625	-0.089272609375	-0.200203953125	0.153551	0.13472271875	-0.09514040625	0.216699171875	0.1734881875	0.17364878125	0.331053375	-0.191738578125	-0.211591234375	0.27042325	0.028836203125	-0.1785255625	0.27281021875	0.123357820312	0.109979335937	-0.29136003125	0.31034375	0.188890265625	0.38869653125	0.15642809375	0.206351796875	0.0580346835937	0.27732396875	-0.187592890625	0.2660921875	0.16192909375	-0.33393271875	0.250761078125	-0.25171525	-0.0959690390625	0.1311123125	0.259749171875	0.20359878125	-0.07332315625	-0.126752421875	-0.123656523437	0.24117925	0.16083425	-0.134126953125	0.4464666875	-0.120382859375	-0.10679290625	0.198764125	0.333853875	0.213669125	0.232949875	-0.1220984375	-0.096401453125	-0.116095226562	0.0989172265625	0.2246286875	0.2096715	0.243427875	0.140071015625	0.3249195	0.07627328125	-0.11464034375	0.14291425	-0.15913309375	-0.114143210937	0.126773242187	-0.227662578125	0.17766534375	0.21386378125	0.093548890625	0.182274203125	-0.214904890625	0.086575859375	-0.0881065625	-0.2082673125	-0.23673803125	0.35218390625	0.0879983203125	0.141975265625	0.13034665625	-0.19897321875	0.14395028125	0.107628304687	0.173074125	0.5285755	0.182033640625	0.184388765625	0.130379335937	-0.48951375	0.13482571875	0.261777828125	-0.150368609375	0.0865734453125	0.112304234375	0.23422825	0.08336196875	0.20974053125	0.161255578125	0.30143065625	-0.31682003125	-0.19664775	0.06728175	-0.043268953125	-0.1708838125	-0.06707315625	0.134953828125	0.0278362109375	0.2395636875	0.13129253125	-0.14115425	0.093150859375	-0.0512768203125	0.203659359375	0.0836606640625	0.401361375	-0.24958475	-0.19430284375	0.130290421875	0.206653953125	0.145635	-0.250342484375	0.45180190625	0.140284765625	0.130215421875	-0.232115	0.081293109375	-0.216320015625	-0.165817796875	-0.176361421875	-0.053885875	0.32889790625	0.21075090625	0.127731046875	0.0973352265625	0.27135915625	-0.06959646875	-0.110369757812	0.07283715625	0.0448495273437	-0.17653096875	-0.09548090625	0.200931390625	-0.103103203125	0.1619855625	-0.13150103125	0.225578703125	0.0961678125	0.135981953125	0.127755320312	0.265098375	-0.169185390625	0.219197140625	0.151604375	-0.13376571875	0.213264578125	-0.190629328125	0.195691640625	-0.0670432109375	0.2264049375	-0.15326821875	0.067749375	-0.186126234375	4.5	0.2	0.129	0.015	0.193955030874
124	79	251	4.597744	0.39347253125	0.15045953125	0.0740034296875	-0.150115171875	-0.34399709375	-0.217754421875	0.14658475	0.109100679687	-0.129459789062	-0.174347890625	-0.13429215625	0.177693171875	0.201023015625	-0.123036546875	0.0649264296875	0.2547533125	0.1483045625	-0.079785203125	0.139563046875	-0.111381195312	0.17182009375	0.3705498125	-0.155320953125	0.167244765625	0.138264859375	0.22914671875	-0.196331828125	-0.115534359375	-0.119707601562	-0.06280896875	0.17432421875	-0.1998116875	0.17562271875	0.2189118125	-0.162332203125	0.18544859375	0.12869146875	-0.18305525	-0.217727578125	-0.10710840625	-0.191731125	-0.118299359375	-0.236317515625	0.0906848984375	-0.259282046875	-0.116264054687	-0.15686915625	0.173595828125	0.1697204375	-0.09836696875	0.09850509375	0.29636503125	0.0525400703125	0.147871609375	-0.142168453125	-0.20028509375	0.101979492187	0.184766078125	0.184431859375	-0.12728990625	0.20207046875	0.225969	0.139435265625	-0.208078390625	0.0765310078125	0.25494065625	-0.182660484375	-0.2291095625	0.31941990625	0.14571828125	-0.22654759375	-0.1182246875	-0.15209715625	0.116432054687	-0.135786609375	-0.152740890625	-0.12772434375	0.177769734375	-0.110679664062	0.20690521875	0.170180390625	0.048838078125	0.199038484375	0.223560265625	0.0950353515625	0.23483078125	-0.20458725	-0.137824484375	0.26115959375	0.0988706953125	0.110935015625	-0.16282928125	-0.156701609375	0.36155834375	0.133785375	0.155029734375	0.141576984375	-0.19974240625	0.47325690625	-0.105297648437	0.130901367187	-0.164079328125	0.05543090625	0.104161015625	-0.1688469375	0.35906934375	-0.196470671875	0.092193890625	0.21534846875	0.2774536875	-0.1326951875	-0.181715625	-0.107320007812	0.29586496875	0.118112132812	0.070668875	-0.247888875	-0.14833596875	-0.0966496875	-0.069998171875	0.148658546875	-0.078104796875	0.123044554687	-0.144145765625	0.21764696875	0.0585884140625	-0.2876625	-0.0790818203125	-0.176338421875	-0.1847763125	0.09591440625	0.1968459375	0.0986085546875	0.149996234375	0.1692623125	0.1522029375	-0.260793765625	0.151557078125	0.14178371875	0.162527015625	-0.2197591875	-0.116170476562	-0.187710765625	0.37590628125	0.20703678125	0.20988225	-0.0924561328125	0.1437591875	0.099823578125	0.29646421875	-0.1967258125	0.14817725	-0.095497890625	0.130803789062	-0.103077515625	-0.28274846875	0.0692713125	-0.199021203125	-0.28985046875	-0.2040423125	0.143675203125	0.230059359375	0.086049265625	-0.14466603125	-0.239094609375	-0.30315315625	0.234752828125	0.17802915625	-0.119822117187	-0.25442509375	0.311323625	-0.20396490625	-0.193890765625	0.258873	-0.2082781875	-0.094001421875	-0.21116	-0.237098515625	0.146477453125	0.17740121875	-0.123385617187	-0.0258849960937	0.0213979863281	-0.0957159609375	0.167372875	0.20685853125	0.0822271953125	-0.14563228125	0.112549601562	-0.1450234375	-0.25832096875	-0.132513375	-0.109847976562	0.30481240625	0.0624513984375	0.29644128125	0.13842490625	0.1354551875	0.0282820546875	0.148656921875	0.189324578125	-0.144484578125	0.125646664062	0.200303109375	-0.122974445312	-0.0253930566406	-0.0611566953125	0.134207125	0.176558125	-0.150879328125	-0.14824625	-0.125800875	-0.0609809375	0.30578978125	0.2668715	0.14007375	0.20574059375	0.1267226875	0.13520790625	-0.198792984375	-0.15292090625	0.152765484375	0.245916140625	-0.114500132812	0.1867024375	0.2864209375	0.160884578125	-0.1230193125	-0.122596023437	-0.186735109375	-0.15859178125	-0.119115539062	0.19921621875	0.121657898437	-0.079090703125	0.0518909335937	-0.1735443125	0.10660953125	-0.23128390625	-0.148197265625	-0.20788234375	-0.20501265625	0.14093971875	0.189895671875	-0.232685015625	0.157459421875	-0.170074265625	0.213250984375	-0.125353890625	-0.0923582734375	4.6	0.16	0.173	0.032	0.179352569476
125	16	251	2.99553275	1.170341625	1.165351375	1.219119875	1.29163425	1.186480375	1.06001	1.2886995	1.0467355625	1.37755175	1.204615375	1.308454375	1.151223125	1.0207139375	1.031385625	1.247544125	1.1164645	1.0265175	1.22839675	1.1594225	1.277420875	1.193007	1.100727875	1.13268	1.212884	1.083610125	1.0393749375	1.2482015	1.084796125	1.0006789375	1.138461	1.0442254375	1.165003875	0.9770390625	1.11126725	1.10417525	1.09372925	1.12740625	0.9871643125	1.133183625	1.23365525	0.9245275625	0.993474125	1.2323725	1.17942925	1.085431	0.997960625	1.1039575	0.7770775	0.9529130625	1.15466975	1.089441	1.12436275	0.973049625	1.152454125	1.26710975	1.0139805625	1.130961	0.77790875	1.136120375	1.14597025	1.169321875	0.9033125	0.926746875	0.913737625	1.007068375	0.884256125	0.9849028125	0.801473125	1.02860625	1.10014625	0.912334875	1.01038075	1.065190625	0.830885875	0.9865128125	0.99983275	1.0387336875	0.9705763125	1.061556625	0.9631751875	0.737837375	0.998178875	1.055729875	1.066977625	1.056883125	1.262196375	1.0106415625	1.0720885	0.9765915	0.9565575	1.129006125	1.165605375	0.8903585	0.802734125	1.053576625	0.8080103125	0.8641860625	1.10426725	1.081040875	0.818205125	0.835659625	1.0184441875	0.8740186875	0.9760145625	0.86566325	0.84953375	0.980843125	1.0294264375	0.9173605	1.0810635	0.9468110625	0.90187175	0.9266383125	0.9274725	1.065388	0.9879971875	0.9872243125	0.6944615625	0.9261845625	0.987514125	0.9603170625	1.06135575	1.11544025	0.9257025625	1.00701625	0.75569175	0.85336575	0.8779719375	0.8851214375	0.9455003125	0.8742755	0.9712944375	1.0347375	0.870757625	0.8781746875	0.9624413125	0.77831675	1.0443770625	0.7873765	0.6961528125	0.8875854375	1.07819675	0.87899275	0.826688375	0.8688458125	1.096381875	0.9079151875	0.985369625	0.8037589375	0.8820618125	0.73764225	0.8774614375	0.87716475	0.801122	1.03332625	1.09161125	0.7735309375	1.04535	0.822784375	0.9294185	0.8586771875	0.907210125	0.924754375	0.653064875	0.9839923125	0.8024055625	0.8042166875	0.7434828125	0.8262145625	0.9596514375	0.7777996875	0.872189125	0.7096704375	0.943478	0.8358384375	0.6324893125	0.714626875	0.7936626875	0.9061536875	0.8223138125	0.749771	0.9621051875	0.85310625	0.9074735625	0.614008125	0.6781356875	0.7414526875	0.850403	0.9644314375	0.9768193125	0.67962825	0.7754424375	0.8517830625	0.6492690625	0.656754625	0.84861225	0.850792125	1.009078	0.7554825	0.8511535	0.6563748125	0.576648875	0.6790531875	0.7884276875	0.8230380625	0.702476	0.894674875	0.6727525	0.8762725625	0.864201125	0.96739175	0.7795135625	0.825235875	0.6427055625	0.9129220625	0.746668375	0.911226875	0.9754605	0.9237136875	0.80204825	0.58412925	0.667417625	0.83494825	0.59436275	0.78342325	0.6454289375	0.6883504375	0.561104	1.06416575	0.5807363125	0.9190110625	0.8929290625	1.022224875	0.8980425	0.68907925	0.786803	0.8584815	0.8305126875	0.6375449375	0.8104209375	0.610167	0.4841820625	0.646092625	0.8066898125	0.8878060625	0.5682784375	0.8254123125	1.051053	0.5524546875	0.649120125	1.216	0.025	4.25E-4	3.3E-5	0.161857330529
126	127	251	4.5279175	2.048323875	1.84230575	2.251877	2.022497625	2.07662575	1.982261	1.92392525	2.107092	2.002171375	1.99367575	2.036032375	1.8145635	2.071166375	2.028641	1.797653375	1.980331125	1.893925625	1.918384375	2.068793625	1.92686825	2.08887025	1.928792125	1.862684375	1.75170675	2.17884525	1.982895375	2.14608975	1.7951375	1.8941455	2.032627375	1.98419675	2.19033075	1.8923935	2.03799325	2.08935975	2.027724	1.832432875	1.91401725	1.98753325	1.947010375	1.791233	1.982051875	1.817312625	1.93395425	2.02994575	1.855798375	1.972148125	1.830067	1.98908625	1.823462875	1.85908775	2.089983125	1.8541935	1.830951875	2.017756875	1.9851925	2.075077875	2.07918	1.868728875	1.91434975	2.011817375	1.992592125	2.001191625	1.9860745	1.91578175	1.82480475	1.83145575	2.005986375	2.08538975	1.888081875	2.0488565	2.07267875	1.967675125	1.9087355	1.98948625	1.8903045	1.86133475	2.08776025	1.88229275	2.024585625	1.97393325	1.873098125	1.934338875	2.1453415	1.79146725	1.97939925	1.941863625	1.599265625	1.995678	1.95377675	1.884409	2.073402875	1.85477	1.975486625	2.07669575	1.906301	1.833098125	2.022823	1.870723875	2.02816125	2.09028	1.962419875	1.988782625	1.907613375	1.869482875	2.040637625	1.9796745	1.986781875	1.9225725	1.93664475	2.0754995	2.1263705	2.02312325	1.836030375	1.872704375	2.062943625	2.13000875	1.965076625	1.924014625	1.99375525	2.028951375	1.980195	1.7475695	1.895728125	1.91089475	1.97258725	2.031346	1.74968325	1.80978975	1.936211125	1.85720225	1.917312125	1.845631125	2.07333875	1.793938625	2.0419615	1.731371875	2.0568625	1.922001375	2.0965105	1.88416025	1.72916725	1.936709875	1.889110875	1.88450825	2.049284375	1.7933925	1.79375275	2.062364625	2.025509875	2.10468075	1.87489	1.770518	2.0189965	2.099511	1.829512	1.986060375	1.924927875	1.948287625	2.004685875	2.10049125	1.84849025	2.050304875	1.923669875	2.062856	1.909985	1.89819775	1.845395	2.15732625	1.945846	2.070955375	1.824712625	1.955336875	1.877846625	2.0422205	2.09846775	2.084929375	2.03195	1.868463375	1.81614175	1.903956125	2.014779125	2.032639375	2.031239375	2.003799125	1.963543875	1.853611375	1.930899375	2.069878625	2.051871875	2.1740655	2.05062475	1.934668	1.913136	2.040215	2.02416925	2.03996025	2.015389625	1.861322625	1.9576315	1.9073555	2.10062025	2.08151925	1.911558	1.935054	1.98756775	1.912362125	1.81583625	1.84364925	1.94627425	2.118212	1.88108675	1.880466	2.055697375	1.884539875	1.907561	2.02469325	2.051580125	2.10083675	1.9642025	2.09810725	1.795150125	1.75779225	2.0501805	2.1121665	1.979853875	1.982816	2.14682425	1.99154175	2.044305375	1.865009875	1.8260035	1.91421925	1.94057775	2.056427125	2.086227875	1.994725875	1.86486525	2.018624125	1.877435625	1.93018825	1.9593155	1.945263625	2.04982175	2.0046105	1.949659	1.816106875	2.065764875	1.9511065	2.054287125	2.0	0.023	2.3E-5	1.5E-5	0.19090986744
127	5	251	5.863527	1.14564875	1.345336625	1.120808875	0.9944675	1.283573625	1.098539375	1.3642155	1.146713875	1.059086375	1.00766275	1.16872725	1.0168845	1.0662065	0.9628375625	1.591656125	1.169597	1.355364875	1.033672875	1.139657375	1.37848875	1.21824125	1.136684375	1.129791	0.9763739375	1.2436175	0.9906180625	1.205442	1.0968805	1.235489875	1.0285306875	1.05364775	1.200817875	1.293970875	1.082837	1.227771375	1.26082075	1.103166125	1.1251295	1.1674925	1.168873125	1.29568925	1.263466	1.026164375	1.108820875	1.204964875	1.13492125	1.037255875	1.10254975	1.092933625	1.27442325	1.347218875	0.940592875	1.267547	0.83809525	1.123438875	0.967226625	1.304539	1.2543825	1.335631375	0.961288625	1.1637885	1.05153975	1.153746625	1.225116375	1.03936375	1.24208175	1.1248075	1.35962125	1.1540705	1.138429875	1.07560075	1.088524125	1.341466125	1.422203	0.9850081875	1.279392875	1.13404375	0.981785375	1.3207475	0.919970125	1.090898875	1.20527275	1.28583375	1.197964375	1.255067125	0.9543589375	1.19902075	1.134990625	1.1333255	1.339106875	1.179143	0.993643125	1.143892125	1.33928225	1.204965125	1.110217375	1.0119876875	1.15927175	1.310567375	1.0515475	1.246633625	1.20105	0.952497625	1.21011125	1.316348625	1.13614725	1.034702	1.186525875	1.23344425	0.9752851875	1.354874875	1.2301605	1.179806	1.075784875	1.252837875	1.1128615	0.922300375	1.220658875	1.250268375	0.9878810625	1.211570375	1.156732125	1.242342875	1.0208548125	1.2873965	1.0360508125	0.9487103125	1.185588375	1.232977875	1.13414025	1.070880625	1.223660375	1.419892875	1.220511375	1.188643875	1.019030375	1.220484375	1.080446375	1.0727055	1.0756705	1.14654575	1.216836125	1.07020725	1.192662875	1.25997875	1.1651225	1.170598875	0.896279875	1.210539875	1.2291855	1.278061	1.33995875	1.132677875	1.09066275	1.0881805	1.11774525	1.18654725	0.9572458125	1.360429625	1.090330375	1.257430125	1.0028463125	1.211940875	0.9911990625	1.16261675	1.188357	1.174006625	1.08739425	1.298026125	1.138529625	1.31494875	1.104067125	1.23277675	0.83744625	1.04974	1.19885225	1.12856825	1.105409875	1.194674875	1.083671125	1.021446625	1.270992125	1.33623175	1.0816505	1.0249679375	1.159775375	1.0373153125	1.38142725	1.191645125	1.105333	1.13419375	0.969976875	0.99875675	1.164348625	1.315183	1.237231625	1.22269475	1.21549275	1.11064525	1.234359875	1.228145875	1.263883875	1.388666	1.13490925	1.061074375	0.8825696875	1.31620325	1.260724875	1.053080625	1.151793125	1.183996625	1.298076	0.9944330625	1.083211375	1.147389625	0.968277625	1.072483125	1.162434125	1.27506675	1.29245325	0.9469390625	1.35723675	0.941073375	1.086525375	1.117515625	1.248763375	1.3372385	1.139142875	1.32117575	1.086871375	1.19622575	1.08887575	1.04962575	1.08940325	1.080651125	0.8857744375	1.129412	1.0234051875	0.9496190625	1.247151875	1.0135410625	1.05891925	1.10198475	1.109024875	0.8983135625	1.312458875	1.06207675	1.19569325	1.153388125	0.9115355625	1.249	0.042	1.06E-4	4.7E-5	0.318821054092
128	126	251	4.1383755	1.698884125	1.92665525	1.60628675	1.872812625	1.715022875	1.779121	1.6532955	1.636618625	1.769637	1.527344625	1.962464875	1.595825875	1.680681	1.779131875	1.572117125	1.855615375	1.763803375	1.680628375	1.885712125	1.61451675	1.755010375	1.533174875	1.6176835	1.799222875	1.836951625	1.63168375	1.881371	1.67655325	1.676221625	1.820659125	1.78752175	1.72445875	1.641288375	1.622995625	1.80259625	1.6889725	1.81801725	1.634278625	1.740267125	1.47650875	1.696824	1.59865625	1.561955	1.72757175	1.636944125	1.711129875	1.571422	1.741768875	1.6274345	1.495696875	1.717817375	1.8652315	1.64885	1.598498375	1.861917625	1.729466875	1.513524	1.635388875	1.847326875	1.846230375	1.834822125	1.646038625	1.998760375	1.703458625	1.687321625	1.688803375	1.845503375	1.614094	1.801637125	1.733307	1.81738025	1.586276625	1.908414375	1.847558625	1.81701475	1.599851625	1.62984825	1.688357875	1.68443925	1.727625125	1.520444875	1.647839	1.8682865	1.60187675	1.645957875	1.7105825	1.728438875	1.65333475	1.826784125	1.589429125	1.703364625	1.91907575	1.746506125	1.8262035	1.613520125	1.742333	1.897234125	1.635613625	1.72600875	1.863817	1.72830375	1.6130465	1.6808735	1.946687875	1.64919975	1.772874875	1.75468525	1.721005125	1.62451725	1.952391875	1.70562425	1.7606275	1.72227125	1.977982375	1.770232	1.707997375	1.763351375	1.698053375	1.74906875	1.634826375	1.654888	1.813586375	1.614711125	1.7347435	1.785606625	1.79920025	1.698076625	1.7568895	1.7330145	1.91056225	1.734993125	1.88355	1.635032625	1.86202775	1.753889625	1.698093125	1.627957125	1.677386875	1.726251	1.70372475	1.81280775	1.554538	1.709633625	1.7789755	1.889216125	1.460555625	1.81130225	1.571507625	1.69745075	1.59628425	1.79102775	1.616915875	1.650763875	1.70875175	1.761223625	1.80712325	1.813449875	1.633585	1.586294375	1.61580175	1.696510625	1.795320875	1.657125125	1.33344075	1.82806175	1.763215625	1.573430125	1.626992875	1.931074625	1.679820125	1.604088	1.828804	1.6278625	1.587576	1.84488425	1.7089775	1.5551515	1.75830925	1.7673485	1.81839425	1.770824125	1.753615125	1.717365875	1.809591	1.6568655	1.746388	1.402681625	1.602950625	1.75473375	1.704198625	1.5711725	1.673121625	1.55816025	1.572314125	1.5737835	1.70439175	1.722072625	1.60922425	1.745922625	1.567344125	1.729499125	1.777458	1.798990625	1.6455415	1.574405875	1.730281125	1.82337975	1.688136625	1.534067875	1.59709425	1.80626725	1.761972125	1.681303375	1.415813375	1.62374725	1.69735575	1.732066625	1.76804275	1.71847675	1.547219	1.788021875	1.777013875	1.6693855	1.953251125	1.65780275	1.5858125	1.673968375	1.718731	1.56163825	1.846947125	1.518661875	1.708608875	1.725493	1.61219575	1.637256	1.7079905	1.521921	1.698752125	1.5500805	1.5259845	1.500631	1.5628645	1.6962785	1.695351	1.557392125	1.54689925	1.32478575	1.749932125	1.792292125	1.59561625	1.781	0.023	6.3E-5	1.8E-5	0.187351739172
129	134	251	3.5710815	1.693896	1.304771125	1.52595325	1.6100005	1.535841625	1.406638	1.218528875	1.21404775	1.253413125	1.252806	1.346257625	1.3194495	1.3070505	1.113036125	1.3359535	1.128145	1.113132125	1.129314875	1.280075625	1.071505625	1.067309875	1.0413655	1.238866625	1.058327	1.09729875	0.978630875	1.2800355	1.102168	1.05188425	1.120940625	1.179392375	1.136255125	1.022494125	1.11910875	1.078590125	1.128464	1.05761425	1.14320775	0.97544	1.268664	1.256056375	0.9812550625	1.04630425	1.155336375	1.172445	1.058384875	0.99731025	1.042710125	1.140418875	1.151738625	0.9274759375	1.03125325	1.141545125	1.13620075	1.153548	0.9168300625	0.974635125	0.7557311875	1.307202	1.0990645	0.848283625	1.07604075	1.07791675	1.010380125	1.1346025	1.0743755	1.01687275	0.7807731875	0.920666375	0.966002875	0.9421128125	1.0663485	0.93294975	1.0345190625	0.933964875	1.0430285625	0.9950535625	0.8172895	1.01207175	1.1650415	1.108015375	0.93041625	1.124890375	0.9624273125	1.04235925	1.09558075	1.091662875	0.8689731875	1.087291625	1.1052015	0.970932625	0.880440375	0.857797625	1.1160075	1.079611	1.2213905	1.060968	1.112909	1.123566625	1.0593655	1.1298275	0.86900475	0.987269	1.0066071875	1.204598375	0.936607875	0.897961375	1.073198375	0.899848875	1.032850875	1.091778125	0.9035204375	0.9435555625	1.0322131875	1.06463425	0.9760608125	0.884801875	0.8997308125	0.8922558125	1.192617875	1.0679675	1.0423649375	1.151136625	1.12063675	1.03726475	1.0683035	1.071673125	1.016485	0.995803625	0.8977578125	0.9602125	0.9116350625	1.11122925	1.139525625	0.9427908125	0.9964995	1.115247625	0.9710728125	1.093447375	0.9362574375	1.195945125	1.07630825	0.96623	1.045776	0.99733375	1.146098375	1.21958325	1.173315625	0.9864548125	1.12020175	1.13476575	1.225187875	1.308318625	1.191164875	0.8134515	1.106399375	1.097358375	1.136349625	1.238502	0.9979161875	0.9968986875	1.18351275	0.8938095625	0.762246875	1.080445	1.21246875	1.13341075	1.007001875	1.018456	0.8707605	0.8565323125	1.153871875	1.315023625	1.11801175	1.201017625	1.06751625	0.9265754375	1.07824325	0.8698725	1.176758	1.0329686875	0.83993175	1.0402505625	1.050689875	0.9848885	1.17945775	1.077721875	1.209665625	1.0153069375	0.9487270625	1.0600195	0.977581375	1.115205125	1.199955	1.168236375	0.994630625	1.1035425	0.9043781875	0.9022949375	1.25683125	0.9729596875	1.1011255	0.909304625	0.90424925	0.9644600625	0.8595539375	0.97589775	1.17244525	0.9248454375	1.053288125	0.9362278125	1.153496875	0.99391325	1.0004285	0.9055824375	1.058414875	0.97313125	0.9908065	0.9804020625	1.140569625	0.796516875	1.224048625	0.9952639375	1.02405425	0.830811625	0.8985968125	0.9204915	0.8481205625	1.124270875	0.9544839375	1.188849	1.154241375	1.0077274375	1.108751875	0.958655375	1.1256765	1.163793625	0.9081923125	1.202514	1.0286756875	1.08478975	1.0851555	0.9975645625	1.094392	0.9986229375	1.041537	0.9845670625	1.0857985	0.9594555625	0.8384495	1.193	0.026	1.69E-4	3.3E-5	0.199986472651
130	13	251	3.69753325	1.555169625	1.343032375	1.501354125	1.596625375	1.766391125	1.437401125	1.496400625	1.631768375	1.776517875	1.437187	1.711927	1.639150375	1.644721125	1.57591225	1.659048125	1.6777375	1.67634	1.60846675	1.729443625	1.738014625	1.62150025	1.612137375	1.82261825	1.37265975	1.58250375	1.587226875	1.409500125	1.417209	1.64838325	1.565699125	1.556775875	1.54047275	1.453302375	1.6172695	1.748794875	1.66686	1.518907625	1.5887675	1.59205175	1.570915	1.511675375	1.382575	1.36496275	1.404041875	1.37311075	1.5079765	1.608887375	1.508834125	1.420437375	1.602989375	1.555569625	1.417924125	1.28611625	1.556991375	1.34706975	1.555210625	1.602457875	1.38975725	1.50185	1.34932725	1.493646125	1.2966735	1.435880375	1.43921375	1.383781375	1.332128625	1.26862025	1.480741875	1.10185525	1.550160625	1.357269	1.44115775	1.429752	1.28508125	1.495963625	1.3324275	1.402441	1.181257875	1.25173475	1.489261875	1.348413625	1.327482	1.317154375	1.4015895	1.116469	1.35721375	1.422927125	1.3625365	1.272864	1.267218625	1.379784375	1.244816125	1.39391325	1.496486	1.102625875	1.429245375	1.07595425	1.139964	1.3751405	1.453476875	1.20057975	1.299104875	1.325943	1.308694375	1.23076375	1.2054995	1.245970875	1.383166	1.2063175	1.166915875	1.19510375	1.0874715	1.396848	1.150914625	1.209339125	1.348041	1.222230625	1.078223625	1.127554	1.17495725	1.39219075	1.097317875	1.29415325	1.04213825	1.123735	1.527253625	1.205503	1.299606875	1.333342	1.23373925	1.233669625	1.285768125	1.2017885	1.28056625	1.28832775	1.249899	1.2203895	1.16597275	1.106039375	1.224912875	1.06281025	1.12561725	1.4080905	1.218968375	0.9743849375	1.39106775	1.095817	1.067468875	1.28281725	1.129468125	1.217659625	1.108843	1.2062475	0.9837434375	1.1057945	1.18007475	1.00426325	1.0194028125	1.078638375	1.0194445625	1.0360168125	1.124044	1.05268775	0.9981598125	1.237796875	1.113618	1.00934125	1.048943875	0.924431375	0.986570625	0.970640875	1.0272339375	0.9873155625	0.80005975	0.9585743125	1.080885625	1.03817875	1.122987625	0.9290409375	0.9704871875	0.9801466875	0.87800275	1.118585875	1.141552	0.933764625	1.11794775	1.04744775	0.9007500625	1.2287315	1.099927625	1.082963875	1.0665135	1.0328611875	0.8671805	0.932287625	0.704604875	1.202344375	1.07934725	1.10428725	1.199352	1.05600475	0.7333280625	0.861923875	1.08437775	1.001629	1.112606125	1.120520875	1.0341031875	0.8044414375	1.0137790625	1.0199978125	0.933170375	0.993544	1.00991525	1.25715375	0.952758625	0.8214066875	1.0260085	0.7760165625	1.0380928125	1.031264125	0.903070125	1.092027625	1.223672375	1.102218875	0.9511274375	0.8109364375	1.0387503125	1.0317076875	1.0532635	0.9055811875	0.78372825	0.810346125	0.6691929375	1.05297775	0.8648923125	0.8507580625	1.036951125	0.814503625	1.1747915	0.9807953125	1.0192595625	0.9064529375	0.8590129375	1.08330625	0.8554661875	0.8810131875	0.970666375	0.7894795	0.894017625	1.71	0.025	5.34E-4	2.5E-5	0.172098956806
131	120	251	5.741892	2.93891475	2.928393	2.879738	2.82146375	2.542838	2.579051	2.60740925	2.44880625	2.4068225	2.61614075	2.3373675	2.3328245	2.136999	2.47134825	2.31807125	2.4987285	2.055141	1.957181625	2.19493725	2.2502965	2.036456625	2.120132	1.9718015	2.0082045	2.1762705	2.10317	2.16843075	2.35281	1.9618195	2.034134	2.1268895	1.917807	1.817850625	1.859617875	1.81443975	2.023629875	2.052486375	1.9475555	2.029475625	1.7740765	1.816480625	2.047760875	2.092592875	1.91602925	1.89459625	1.8906035	1.88455625	1.967564875	1.952705625	1.878244	1.8011615	1.901880125	1.892889375	1.943885125	1.86114075	1.88575525	1.677939	1.71694925	1.859289125	1.91323125	1.953892375	1.66998475	1.68214175	1.626927	1.82258	1.92252925	1.7592695	1.852818625	1.968603625	1.99306775	1.822570625	1.88648425	1.836882625	1.8467425	1.856666	1.9229185	2.058528375	1.999629	1.8768395	1.80817425	2.02534425	1.6701055	1.74361	1.716709125	1.871586625	2.21775775	1.7775145	1.833006125	1.91949175	1.892285	1.78416725	1.76966425	2.1163395	1.8622175	1.893912	1.827355125	2.051004	2.03898425	1.87044275	2.00138075	1.89623275	1.867634	1.995838875	1.85044575	2.17438575	1.768638	1.960595625	1.975942875	1.906381	1.849435625	1.988894625	1.910062625	2.12837925	1.9249	1.904061	1.953104625	1.75106675	1.728708875	1.903896125	1.82055025	2.052751375	1.9106135	1.964619375	1.8878275	1.801042875	1.88044225	1.82393975	1.97023325	2.18643525	1.934519	1.958363	1.854818375	1.996199875	2.069168125	1.747933	1.88676975	1.984369375	1.825553875	2.0657915	1.9392895	2.081116625	1.967752125	1.788541625	1.943195375	1.949641125	1.88587425	1.756305375	2.039559875	1.927841	1.93831075	1.816142	1.86060475	2.060148625	1.860484625	2.019545	2.0289265	1.976425125	2.116549	1.971972625	2.073675375	1.737687375	1.855369125	1.957894625	1.830183875	2.005229875	1.91326425	2.01723875	1.933345375	2.151751	1.98938975	1.8492935	1.87679425	1.932395125	2.105282	1.972226	1.7891135	1.980310625	1.925670625	1.965027	1.946825625	2.1267665	1.90698625	1.966673125	1.997646	2.02226875	1.959652125	1.81759425	1.94947075	1.987898625	1.84918175	1.8306865	1.915829125	1.741335375	1.7305135	1.854904125	1.963808375	1.86218225	1.858474375	1.82987275	2.0372265	1.81915225	1.9316095	1.737968875	1.91800425	1.740003625	1.84422	1.763700625	1.867864875	2.13410275	2.06101825	1.945825	1.791047875	1.89821025	1.899029125	1.97490425	1.91996575	1.871524375	1.988608625	1.937463125	1.88276225	1.982819125	1.7930325	1.9825145	1.96533	1.79137875	1.709943125	1.951737875	1.91714	2.1654095	1.82444625	1.90780525	1.827216625	1.77042075	1.790382125	1.786052375	2.066428375	1.940526375	1.831889625	1.726262375	1.9918195	1.954058	1.895272875	1.78639525	1.988416	2.083499875	1.610684125	1.92157975	1.6005945	2.077421625	1.9096095	2.179	0.035	1.58E-4	2.4E-5	0.293283622537
132	46	251	3.95261	0.827588125	0.6057821875	0.61423625	0.73027425	0.825068	0.71146475	0.5565045	0.7880283125	0.7698040625	0.8766189375	0.681298125	0.5759351875	0.72291325	0.45906565625	0.6556900625	0.729067125	0.6860939375	0.65996025	0.7800401875	0.6215251875	0.5686808125	0.6239705	0.5044745	0.612283375	0.634740625	0.6643221875	0.7800839375	0.47007825	0.5365491875	0.48840559375	0.6755445625	0.5403281875	0.5720093125	0.6556016875	0.72399675	0.7430468125	0.7191755	0.6799125	0.6828995625	0.719198625	0.35830834375	0.7214474375	0.692393625	0.7281385625	0.360889625	0.5708365	0.555334875	0.6218886875	0.6523323125	0.5813605	0.787325875	0.7188966875	0.766874	0.557682875	0.4753798125	0.5167295	0.5362305625	0.51349359375	0.6072739375	0.5825625625	0.50513115625	0.65803225	0.7309888125	0.5329834375	0.74431025	0.48055878125	0.4605731875	0.5415438125	0.5011089375	0.5985673125	0.501302375	0.608011625	0.5771845625	0.468828	0.668221625	0.5597898125	0.6113623125	0.71599925	0.39722128125	0.44162146875	0.50402034375	0.6049489375	0.8399171875	0.705113625	0.5797193125	0.58291275	0.502037875	0.6251109375	0.507088375	0.8478505	0.7111420625	0.39465759375	0.64686825	0.7752078125	0.4540493125	0.709071625	0.5468141875	0.459212375	0.601931625	0.524699625	0.5474411875	0.46690640625	0.715138375	0.644702	0.6079423125	0.6404146875	0.69626325	0.37712565625	0.6124365625	0.620317875	0.600210125	0.563016	0.618381875	0.5811040625	0.43034228125	0.42594490625	0.37460759375	0.37707484375	0.571348875	0.4527245625	0.42644728125	0.56266525	0.49703065625	0.51844915625	0.6798481875	0.36793575	0.46665571875	0.5786718125	0.6384189375	0.39949278125	0.5445778125	0.5663118125	0.4500311875	0.4549970625	0.5152435	0.6125345	0.4908884375	0.535884375	0.5758254375	0.44546784375	0.539676375	0.49650440625	0.5495458125	0.5607963125	0.5592308125	0.5311564375	0.43459496875	0.42673603125	0.38179546875	0.644369125	0.559295375	0.7072140625	0.6184435625	0.5784520625	0.56248175	0.46919734375	0.244355921875	0.6031228125	0.36594240625	0.51771028125	0.6318181875	0.44287271875	0.33047075	0.5491064375	0.488673	0.43665725	0.443573125	0.50846678125	0.476835375	0.37575115625	0.513136625	0.45308225	0.51301109375	0.377828125	0.557511625	0.656288125	0.5883211875	0.47427796875	0.5539948125	0.33704265625	0.6958746875	0.36730740625	0.39173921875	0.5296538125	0.42735896875	0.4504235	0.39549753125	0.37658659375	0.477569625	0.5922395	0.233218	0.2846089375	0.3981194375	0.386788625	0.3837959375	0.51829259375	0.4763999375	0.526284625	0.36837634375	0.49971671875	0.35544303125	0.43558284375	0.43985040625	0.56014875	0.565239875	0.2832835	0.37741853125	0.3085496875	0.46756290625	0.6699848125	0.41839825	0.571931375	0.558290625	0.4006740625	0.49042890625	0.6579051875	0.588744625	0.33242978125	0.57760925	0.40136803125	0.4066524375	0.5514915625	0.394125875	0.65141725	0.44110840625	0.28485934375	0.466205375	0.3007965625	0.24956021875	0.5302614375	0.41110353125	0.2536844375	0.3607486875	0.4596228125	0.5115933125	0.48457753125	0.3005043125	0.34500559375	0.6135740625	0.261312796875	0.32564565625	0.5573304375	0.45242003125	0.40203075	0.168894	0.5789795625	0.44134171875	0.52253875	0.545592375	0.223520734375	0.758	0.033	5.4E-4	7.0E-5	0.230195199533
133	90	251	4.952165	1.816368	1.755047125	1.7311845	1.69166625	1.725077625	1.687498625	1.85293	1.632695375	1.503529	1.6106825	1.7732325	1.571234375	1.334289125	1.70371275	1.5903265	1.484722375	1.651484	1.514154375	1.549315625	1.633270125	1.655082125	1.39368225	1.492011375	1.52549875	1.290690125	1.628955875	1.447955	1.634061375	1.52620225	1.55061775	1.32833425	1.13970525	1.405908625	1.47280875	1.379613625	1.482483875	1.3069575	1.389464375	1.198324125	1.35368925	1.359816375	1.13508	1.212564125	1.49547475	1.23308325	1.103861875	1.342184375	1.296586	1.285089625	1.149740875	1.219907375	1.247788	1.3475215	1.259397	1.38718475	1.15983675	1.21049825	0.9581288125	1.250757375	1.120207	1.105363375	1.127582	1.26972	0.8900005625	1.065541125	1.09767225	1.311746875	1.267524375	1.13778775	1.051776125	0.952855875	1.044448875	1.172256	0.9687789375	1.242645875	1.126344375	0.990962125	0.9142415625	1.226609875	0.8898318125	1.1310825	0.830139	0.751757	1.086165	0.76083075	0.9260519375	1.120604875	1.13161175	0.815115375	0.811702625	0.8306645	0.615676	0.892022125	0.9119721875	0.807977125	0.711518875	0.7507161875	0.720008125	1.095350875	0.828106625	0.761858625	0.8060525	0.7713564375	0.9897595625	0.7162061875	0.6679738125	0.634324625	0.7488680625	0.73896675	0.5996971875	0.769460875	0.74927025	0.649341125	0.7273370625	0.8057564375	0.78798825	0.87441675	0.6759444375	0.6726536875	0.71028625	0.646075625	0.6952623125	0.97251525	0.7026354375	0.550469	0.6779756875	0.56083875	0.660403	0.48742040625	0.42336659375	0.705507	0.45186934375	0.4448671875	0.913191375	0.702932875	0.69762025	0.573305625	0.737227875	0.4894468125	0.5722554375	0.35162503125	0.7585646875	0.7395440625	0.4272508125	0.6923149375	0.562203125	0.600008875	0.41872971875	0.526354625	0.6542276875	0.7147213125	0.590275625	0.6836178125	0.47863953125	0.5358368125	0.4470656875	0.64781375	0.38313325	0.6146975	0.3049828125	0.40917109375	0.33847934375	0.4425801875	0.6049616875	0.351049625	0.675001375	0.6518853125	0.48414996875	0.5564185	0.44562665625	0.47996834375	0.4233691875	0.572743	0.5556498125	0.5640376875	0.4344811875	0.43234865625	0.49825103125	0.51736896875	-0.08757634375	0.4236010625	0.6432248125	0.183940109375	0.5615634375	0.504787	0.43568496875	0.530436375	0.587064125	0.261697296875	0.43254540625	0.1547895625	0.41642240625	0.6276945	0.333402125	0.4308208125	0.5927266875	0.38809915625	0.32984034375	0.4172403125	0.30189790625	0.3226580625	0.607521625	0.41071128125	0.439819	0.2664346875	0.390800625	0.29454028125	0.390759375	0.249514609375	0.4755145	0.22038996875	0.40158890625	0.285591625	0.261432125	0.5739243125	0.281727125	0.25824053125	0.4598708125	-0.0506385	0.36689878125	0.240738234375	0.31253584375	0.24563278125	0.163842640625	0.2658068125	0.287492375	0.440932625	0.174746421875	0.44110053125	0.247835671875	0.205865625	0.2083794375	0.13978378125	0.305201	-0.0352035	0.19385840625	0.17191940625	0.3441979375	0.24937815625	0.32522671875	0.39930653125	0.130530695312	-0.1376349375	0.2173683125	0.27276053125	0.225273734375	0.30274153125	0.1788665625	-0.116780710937	-0.0277794570312	1.971	0.043	0.00172	7.0E-5	0.232213547407
134	14	251	5.105811	1.43154775	1.643686625	1.327541875	1.269946	1.338261625	1.319240375	1.332995375	1.156374125	1.32592	1.3436605	1.31785925	1.12024525	1.325992375	1.340305	1.131857	1.20433	1.244809625	1.2402015	1.3008205	1.263156625	1.283971	1.032036625	1.06450525	1.134016375	1.050148375	1.402936875	1.324910125	1.17580025	1.1054825	0.977596375	1.07275275	1.076377875	1.31431375	1.0095050625	1.129679	0.994860375	0.9819334375	1.087153375	1.001221	1.115423125	0.976501875	1.016153	1.000143875	1.069849	0.99086775	1.025110625	1.007634	0.9188973125	0.765968625	1.0775365	0.831369625	1.0083355	0.967574375	0.91186875	0.8965439375	1.0153301875	0.995880875	0.9037896875	1.017229125	1.009347	1.0328471875	0.9811073125	0.8192255	0.744513375	1.0083841875	0.8885448125	0.78825675	0.995215875	0.80350625	0.8196623125	0.961227	0.8818478125	0.9533559375	1.0286988125	0.7663796875	0.9438148125	0.8328815	0.8150254375	0.9654889375	0.885954	0.8894215625	1.028473625	0.8821456875	0.7019526875	0.8947560625	0.929879125	0.755364125	0.9934353125	0.71471225	0.6960889375	0.794555875	0.938332625	0.841260375	0.7995975625	0.96078125	0.779358875	0.82064125	0.8982678125	0.7320395	0.663476375	0.7757713125	0.7583894375	0.7482049375	0.750497125	0.6214821875	0.75666575	0.8162240625	0.7787978125	0.950011625	1.04341775	0.9038589375	0.95198125	0.620476625	0.740255	0.718532625	0.88358825	1.133262125	0.875738625	0.6083233125	0.7402373125	0.603210875	0.63710925	0.9469871875	0.7516900625	0.80108525	0.7297915	0.8028396875	0.954911125	0.5794595625	0.7759770625	0.7382776875	0.8716275	0.807795375	0.699216125	0.659139	0.64058225	0.65826125	0.6970595	0.8855278125	0.67378275	0.648828625	0.808193625	0.7396075	0.646390875	1.00287125	0.8368513125	0.709523375	0.6250785	0.7692165625	0.923943375	0.6244268125	0.5268608125	0.630344125	0.833205875	0.625941125	0.871264875	0.6973689375	0.763516125	0.719139875	0.8290815625	0.7141373125	0.903734375	0.639701625	0.792764	0.787675125	0.50821940625	0.47876046875	0.828968625	0.798259125	0.593715625	0.615378625	0.537747875	0.657755375	0.557569125	0.785393375	0.574141	0.6541711875	0.46814075	0.725282125	0.518570375	0.7179505625	0.820094625	0.742627	0.6740476875	0.721979375	0.4942391875	0.7107825	0.4889264375	0.5797866875	0.758835375	0.7112189375	0.40811296875	0.590895125	0.77765225	0.599660375	0.518940125	0.6430965625	0.601963625	0.7394359375	0.627712	0.473114625	0.5966280625	0.6318341875	0.6620269375	0.48294953125	0.7591049375	0.6113695	0.6282045	0.7403815	0.552553375	0.708381125	0.671231125	0.580323875	0.49289453125	0.5904005	0.731860125	0.5203906875	0.73167775	0.5956943125	0.622431	0.5660658125	0.589179125	0.656728375	0.5739728125	0.7423520625	0.5254010625	0.5107083125	0.49889721875	0.605335625	0.524606875	0.6072864375	0.667538125	0.5824465625	0.5666363125	0.7803669375	0.6972851875	0.7560820625	0.636058375	0.45568640625	0.51364321875	0.5226513125	0.4179069375	0.43295740625	0.635080375	0.3675974375	0.6435501875	0.369480125	0.6045090625	0.6555896875	0.6611900625	1.345	0.041	8.3E-4	5.0E-5	0.267342034711
135	81	251	8.190847	0.2966034375	-0.332634625	-0.150740421875	0.2082736875	-0.243741859375	0.23944959375	-0.126160242187	0.34556371875	0.27088846875	0.4451725	0.15582396875	0.40801609375	0.28330425	0.242882265625	0.227302890625	0.24673175	-0.2453778125	-0.1761335	-0.3662914375	0.28555628125	0.155653578125	-0.289420125	0.198361109375	-0.2860023125	0.3488494375	0.12577984375	-0.110153	0.19831421875	0.1904665	-0.0537385859375	-0.160643484375	-0.0865541796875	0.2217715625	-0.4085221875	0.1679614375	0.140659140625	-0.239172109375	0.150998921875	-0.159398875	0.2979665	-0.107359898437	-0.0955985390625	0.162446796875	-0.0801338203125	-0.07720740625	0.18529215625	0.2153429375	-0.1399688125	0.153002859375	0.191205921875	0.3113883125	0.16093021875	-0.077605546875	0.119085023437	-0.2051781875	-0.2913070625	0.1993944375	-0.076982640625	-0.28343934375	0.131044570312	-0.0901713359375	0.21059603125	-0.15248228125	-0.105545875	0.16155465625	0.213324640625	0.1468803125	0.215495390625	0.18373940625	0.096815328125	-0.235603875	0.120852226562	0.2367353125	-0.14036409375	-0.34424734375	0.29424003125	0.3251166875	0.184388484375	0.235016015625	0.1606151875	0.2147690625	-0.28835734375	-0.20368115625	-0.26281490625	0.27761515625	-0.20832384375	0.15131559375	0.13906996875	0.1896948125	-0.216966515625	-0.318263125	0.131857546875	0.4371813125	0.36552959375	0.255542875	0.235091578125	-0.143829703125	0.173953234375	0.197164140625	-0.32712328125	-0.235668453125	-0.203874390625	-0.210430875	0.0567821523437	-0.167931515625	0.165880546875	0.274626125	0.156038265625	0.173587140625	-0.1995533125	-0.1892215625	-0.120013015625	0.2158540625	0.0749574609375	0.114187523437	0.241018734375	-0.1715716875	-0.50490078125	0.33280278125	0.147778546875	0.19082296875	-0.2513651875	0.25944025	-0.0701542265625	0.24895715625	0.252982015625	0.193987953125	-0.0198864140625	-0.128326039062	-0.14426565625	0.245029890625	-0.23606271875	0.2845593125	0.207444984375	0.3376768125	0.24964265625	0.283380125	0.275845875	0.226402703125	0.206121140625	0.1557839375	-0.0632152070312	-0.106999609375	-0.176898609375	-0.23110409375	0.185876453125	0.3051545	0.186388125	0.163704609375	0.139259015625	-0.0917701640625	0.170861734375	0.258564640625	0.140925078125	-0.135069921875	-0.1665938125	0.243612765625	-0.118061835937	-0.109664375	-0.140700296875	0.31432940625	0.36697475	0.13265415625	-0.243274171875	0.2882946875	0.3055711875	0.203493390625	-0.172489625	-0.151056140625	0.15969409375	0.0858069609375	0.192387953125	-0.13373896875	0.159343078125	0.25478134375	-0.107643539062	-0.17458915625	-0.134747078125	0.102646632812	-0.0227072929687	0.168433984375	-0.144025671875	0.118805289062	0.16099990625	-0.067687984375	-0.196454171875	-0.30267596875	-0.23486753125	0.08072840625	-0.114327398437	0.29783646875	-0.190544140625	0.29935790625	-0.19433715625	0.238944484375	-0.223002578125	0.18125046875	0.16513940625	0.2848150625	-0.197230796875	0.15822390625	-0.239970171875	0.1801035	-0.189293859375	0.20586478125	-0.12224775	0.27631690625	0.150612625	0.3873431875	-0.071060453125	-0.184346	0.219296046875	0.134144578125	-0.248312	0.16594759375	-0.26497684375	0.191935015625	-0.0771422421875	0.2253990625	-0.27647659375	-0.3225763125	0.309846	0.2734674375	0.18518409375	0.27501675	0.25375925	0.29573059375	-0.04998840625	-0.26843671875	0.333363375	-0.1666915	-0.281475875	0.37055640625	0.2075984375	0.3334353125	0.13240065625	0.33469553125	-0.225870734375	0.23745075	-0.153199109375	0.2864224375	-0.188501609375	0.18454540625	0.234113296875	0.120229882812	0.2745345	-0.143593875	-0.132621109375	0.1516560625	-0.166722796875	8.19	0.19	0.3	0.3	0.21961609698
136	76	251	4.369313	2.24057475	2.4372165	2.41038025	2.40786575	2.29569325	2.150829	2.4901535	2.21871475	2.1953465	2.09183475	2.19283725	2.15622125	2.20013175	2.13664125	2.03843075	2.11754775	2.29950925	2.33444525	2.69771125	2.27712025	2.4253925	2.181623	2.14037675	2.356615	2.33212025	2.4112885	2.3971275	2.192396	2.21537325	2.28358775	2.38037875	2.21056825	2.12401825	2.3401735	2.2103735	2.45981525	2.2855025	1.954847625	2.3602155	2.396069	2.37719175	2.2666295	2.30711125	2.3290985	2.36934175	2.21855	2.1821655	2.303891	2.4539975	2.19397275	2.19372375	2.231311	2.20623375	2.3205725	2.30938625	2.44415325	2.342309	2.30419525	2.34173825	2.378741	2.41329975	2.3265095	2.30237675	2.42632225	2.26524575	2.43113	2.1622825	2.390264	2.3662895	2.2067855	2.19101	2.082512625	2.29183575	2.26404175	2.22527125	2.237277	2.13339825	2.3670425	2.33433125	2.2684515	2.32104175	2.10578625	1.999499	2.3874935	2.4145585	2.2282145	2.277075	2.1546255	2.1362245	2.3237145	2.3236375	2.35550675	2.1591815	2.2705475	2.2483835	2.4793675	2.51057275	2.30065	2.42864025	2.35387425	2.22726675	2.36621825	2.162159	2.30773575	2.2650755	2.28917425	2.3400975	2.179209	2.54007	2.4493095	2.5968375	2.3903515	2.1416205	2.27979125	2.16567075	2.4698975	2.48422425	2.1172435	2.228319	2.2602895	2.090354875	2.378267	2.036162125	2.2634085	2.3424865	2.2472825	2.46103575	2.46005525	2.3754095	2.22797625	2.2567335	2.41262425	2.36264275	2.20478775	2.292509	2.49918775	2.1766405	2.24847325	2.22699525	2.32325225	2.36097325	2.32928525	2.382282	2.3198735	2.3214925	2.43303925	2.52266325	2.42797	2.20102525	2.32322275	2.31983675	2.32220425	2.32198175	2.3457645	2.041874625	2.3436225	2.385297	2.5534695	2.21162	2.25493175	2.3136965	2.329119	2.3558145	2.2348085	2.363926	2.32454475	2.17578025	2.281676	2.21307325	2.194516	2.252216	2.37295125	2.39309225	2.15696425	2.3280245	2.067220125	2.203002	2.2765895	2.0794545	2.3616945	2.60425	2.35890225	2.2845335	2.30433725	2.46887875	2.38702	2.38037	2.12142375	2.32092425	2.1682825	2.389351	2.29290975	2.26789175	2.47735825	2.65549475	2.328971	2.30209075	2.44196475	2.31227225	2.28037025	2.320034	2.22311325	2.44860425	2.20419075	2.1230335	2.3957155	2.1696245	2.32185	2.2486925	2.39405	2.40699325	2.27519875	2.51204625	2.2141405	2.328927	2.145608	2.271107	2.246067	2.1214075	2.236988	2.44876425	2.4661505	2.16156375	2.238487	2.3099105	2.37225375	2.300065	2.22824625	2.34187275	2.2666995	2.22163925	2.316272	2.30797675	2.22829875	1.959972	2.35820925	2.11591125	2.36740125	2.1495795	2.2945855	2.033517875	2.2584	2.364824	2.35325925	2.3253975	2.1156525	2.2460475	2.20787525	2.3421035	2.25247375	2.326	0.023	1.6E-5	1.4E-5	0.17646566546
137	77	251	3.83055875	1.55882375	1.69515475	1.788703375	1.609493125	1.8726805	1.808668625	1.454540125	1.532224	1.6011405	1.481915875	1.735933875	1.864662	1.741771	1.867318	1.64295825	1.80974625	1.766874	1.869586625	1.445187125	1.72698925	1.693893125	1.5972105	1.57034875	1.527048	1.533784375	1.691015625	1.48918425	1.851349375	1.6871905	1.598766125	1.700974	1.596400125	1.580327125	1.876133375	1.69309025	1.70740075	1.537042	1.831643625	1.849896375	1.69402575	1.75703475	1.79828375	1.709284375	1.7591755	1.463492375	1.50146425	1.7174135	1.7628325	1.881588125	1.60887175	1.59262875	1.656817625	1.728535625	1.758234875	1.71959925	1.844510375	1.7247615	1.6562755	1.628758875	1.648877375	1.724372	1.717431375	1.73375725	1.7615	1.807342375	1.705729	1.677346125	1.8211035	1.800474875	1.66609475	1.63153025	1.85953025	1.578314875	1.656980125	1.812746	1.633376625	1.70965	1.753537875	1.500863375	1.664290375	1.512422125	1.662082375	1.890462875	1.728920625	1.646384	1.660359125	1.793255625	1.70527375	1.689264875	1.745839	1.594645375	1.567838375	1.786857875	1.52081175	1.597681625	1.692455875	1.782797	1.674807	1.845747375	1.763630375	1.6238125	1.71999175	1.749370625	1.69733575	1.585605125	1.6214305	1.684686875	1.494341375	1.587516125	1.763646875	1.75381325	1.684239875	1.458463375	1.661560125	1.512190375	1.587788875	1.566691125	1.75171775	1.663198375	1.779972125	1.6258935	1.775967125	1.771874625	1.676103875	1.74614425	1.492156375	1.726008	1.579979	1.714590375	1.717977375	1.831462375	1.638963	1.75639725	1.801558625	1.680400125	1.826568125	1.6677205	1.597188125	1.752769125	1.5824505	1.73222	1.694199375	1.686952125	1.733743375	1.59506575	1.541243625	1.7144505	1.73547725	1.584757	1.642770625	1.788012625	1.661685375	1.713407375	1.520548625	1.64139175	1.499804125	1.757202125	1.72814525	1.678542	1.5994595	1.441628125	1.595680875	1.863851375	1.708894625	1.6970205	1.56062925	1.728499625	1.61442975	1.641160125	1.726934625	1.613334125	1.687251875	1.59297825	1.773296	1.626514	1.411153625	1.391984875	1.613134625	1.62100225	1.795496	1.433713	1.60040225	1.592067375	1.771751875	1.654642125	1.754376875	1.581823625	1.63043525	1.74156675	1.447053375	1.562392625	1.7696305	1.5030565	1.69048425	1.5927845	1.74765325	1.5950465	1.73480975	1.754214625	1.437422125	1.571406125	1.740100125	1.560359875	1.705571375	1.78584925	1.4510445	1.610559375	1.57518025	1.6488265	1.90499575	1.6443925	1.815376	1.698438375	1.600388125	1.60269175	1.738098625	1.630374125	1.723643625	1.888123	1.5282605	1.64065275	1.6833445	1.73601225	1.688980375	1.502980375	1.71525675	1.560448	1.58877075	1.526531875	1.679995625	1.768374875	1.61070475	1.824718	1.758694375	1.62228125	1.714133875	1.745629625	1.6950485	1.75176675	1.881867375	1.6341745	1.648358125	1.666350625	1.68817375	1.702927	1.6549345	1.56078275	1.697301625	1.710209375	1.652919125	1.728	0.023	4.2E-5	1.8E-5	0.170373451249
138	118	251	4.499145	0.2344635625	-0.16468475	0.186518234375	0.228432875	0.119429851562	0.14481525	-0.1649574375	0.27664121875	-0.0976568359375	-0.34498621875	0.13550996875	-0.183296875	-0.166972734375	-0.0630456054687	0.19815925	-0.136274484375	0.227775296875	0.230617234375	0.151864109375	0.16069453125	-0.106645421875	-0.0620082695312	0.116372578125	0.0450285351562	0.183785109375	0.23991865625	-0.103614546875	-0.0803212109375	-0.11456028125	-0.2213000625	-0.29880834375	-0.128320648437	0.327441	0.19175684375	0.127681	0.189259078125	-0.0334262734375	-0.100343453125	-0.0568378984375	-0.270747375	-0.15642559375	0.39625003125	-0.183009890625	-0.119752445312	-0.167628578125	0.22025125	-0.1396005	-0.0873530859375	0.13355175	0.117577351562	0.15313421875	-0.172388265625	0.165809	-0.2113794375	0.26291609375	0.1906665	0.25889334375	-0.0770463828125	0.139318375	-0.188659375	0.1431425	-0.091277078125	0.1656679375	0.0879560546875	0.207532609375	-0.0306678398437	0.177869984375	0.183825390625	0.1853411875	-0.037739734375	-0.21699828125	-0.102377484375	-0.180392265625	-0.2494053125	0.0485424296875	0.18899734375	-0.126501148437	-0.182636328125	-0.1312699375	0.168793828125	0.29498546875	0.3417131875	-0.08157415625	-0.108588320312	0.145941875	-0.0760240703125	-0.10852915625	-0.2134838125	-0.14434290625	0.237517390625	-0.0576598398437	0.159495765625	0.114772984375	0.532364	-0.0108646669922	-0.2458583125	-0.244994953125	0.195277875	-0.094208234375	-0.103836539062	0.18544525	-0.1376014375	0.16699321875	0.39590965625	0.16824234375	0.20582284375	0.2326753125	-0.111549765625	-0.0501525039062	0.180467734375	0.341413375	0.14835228125	0.13473615625	-0.084609125	0.188355140625	0.174438265625	0.108229101562	0.185493140625	0.120978070312	0.3186911875	0.142015828125	0.17323996875	-0.0286082226562	-0.218629296875	0.107398476562	0.18248003125	0.134649765625	0.2424731875	0.0901497890625	-0.15741440625	-0.2521889375	-0.120399109375	-0.070675984375	0.183383796875	0.212497734375	0.29936721875	0.159877625	0.115500625	0.223304796875	-0.142689640625	0.1772824375	0.2426563125	-0.2472405	-0.1736779375	-0.0635092851562	0.1598995625	0.22487559375	0.2700676875	0.188578859375	0.111656554687	-0.153770203125	0.12164128125	0.268023875	-0.111998476562	0.4002045625	-0.125537335937	-0.087747921875	0.233134859375	0.248990625	-0.0314563496094	0.18749121875	-0.121969976562	-0.0791385078125	0.097759015625	-0.134609515625	0.254797984375	0.129667601562	0.203967125	-0.15066034375	0.15623925	-0.080552921875	-0.119873	-0.17263534375	0.14909896875	0.0822107421875	0.24659628125	-0.0736252890625	0.181317875	-0.0481153632812	-0.209595125	0.160573671875	0.2702645	0.1157981875	0.15517775	0.26429109375	-0.114441546875	0.14978990625	-0.065945375	-0.1750490625	0.198057515625	0.091124015625	-0.103603421875	0.230692640625	0.28103915625	0.158903234375	-0.07899475	0.108544414062	-0.166491828125	-0.102711507812	-0.2213751875	0.127943429687	0.0700594453125	0.27822971875	0.24533634375	0.28159503125	-0.234852765625	-0.0707308515625	-0.136383734375	0.1616745	0.35598075	-0.3438883125	-0.125442867187	-0.096930546875	-0.122921640625	-0.212940390625	0.350268625	0.067295	-0.0712405625	-0.09972403125	0.25289240625	0.234961609375	0.2972408125	0.1370899375	-0.199089875	-0.1147349375	-0.097826671875	0.089692625	0.1770205	-0.08332759375	-0.100778578125	-0.23988534375	-0.182067625	-0.222013859375	0.25451609375	-0.0809631640625	0.124137125	-0.223271140625	-0.059806125	0.2180519375	-0.105070375	0.112672429687	-0.21660353125	0.1664485	-0.146683234375	-0.0961950546875	0.0647875703125	0.29039478125	0.148757390625	0.21141221875	-0.15496296875	4.5	0.18	0.21	0.08	0.183882147273
139	150	251	5.664883	3.3318585	3.216749	3.20860975	3.10538075	3.09753775	3.21019975	3.24112275	3.2231545	3.17029475	3.06854475	3.43938075	3.01793025	3.12170525	3.2184835	3.219411	3.27871625	3.3631205	3.331476	3.410872	3.09002475	3.392867	3.299816	3.0995805	3.116399	3.406571	3.34255025	3.22206825	3.1197955	3.52634425	3.32028825	3.0395185	3.1426435	3.1907735	3.08542	3.17213675	3.371421	3.01343525	3.334506	3.2813615	3.26266	3.1943725	3.11635425	3.08860875	3.3700905	3.43688525	3.42945975	3.2559585	3.0816425	3.0760935	3.418843	3.2949275	3.2039595	3.25581375	3.28167675	3.3331885	3.21330625	3.381674	3.31814125	3.05748675	3.157684	3.1566175	3.2791685	3.3472515	3.26386975	3.26273825	3.39590325	3.13037275	3.4137795	3.24039	3.12558825	3.24754475	3.1231825	3.30496275	3.28933425	3.33035925	3.2498595	3.29895225	3.152923	3.26776175	3.3412015	3.255294	3.17828675	3.0832145	3.2269435	3.27970725	3.22529625	3.21743075	3.16633375	3.33051825	3.1448755	3.26395825	3.3776595	3.30847	3.19976925	3.25492	3.13819825	3.30582	3.26027525	3.27695125	3.11775275	3.4095795	3.29267375	3.33145125	3.1954755	3.28816125	3.32068925	3.14132225	3.422583	3.197353	3.45774825	3.38027025	3.270044	3.26273525	3.3027215	3.35575175	3.21115825	3.42877675	3.51356375	3.18336975	3.32458525	2.979157	3.42829775	3.238777	3.2903055	3.32198375	3.199823	3.5655405	3.231389	3.20689475	3.10879775	3.17945925	3.21596475	3.3728625	3.2072065	3.2163395	3.23564125	3.04237975	3.30690475	3.31506425	3.15628675	3.164441	3.4467265	3.366621	3.3724635	3.50878775	3.24829	3.3290075	3.25208025	3.28589	3.21848	3.3697045	3.17931775	3.23803875	3.184261	3.38978	3.29532025	3.4549445	3.35276975	3.3657725	3.2655685	3.1686545	3.37203625	3.42066325	3.30527025	3.31252225	3.1829485	3.163251	3.29492025	3.1891825	3.33884725	3.4700465	3.2274875	3.3794775	3.42727125	3.193471	3.369893	3.38981225	3.457127	3.372613	3.41298125	3.45738825	3.29233925	3.45843975	3.33544225	3.39059025	3.324748	3.33173275	3.174053	3.41526025	3.3284705	3.305928	3.43874975	3.22900625	3.2639885	3.18421925	3.3783865	3.13179725	3.31595625	3.41627275	3.122432	3.316155	3.30158775	3.0698205	3.22222125	3.21208325	3.30937775	3.32081525	3.23847375	3.41588525	3.28412475	3.470043	3.37726975	3.55145325	3.4442205	3.41164475	3.3069835	3.4065455	3.23306875	3.373848	3.265588	3.38668575	3.201024	3.42896575	3.370585	3.323952	3.14363425	3.425463	3.40967	3.24853125	3.34022875	3.44372825	3.2923145	3.45767975	3.311492	3.41577275	3.1814955	3.381868	3.129292	3.5325875	3.363909	3.0835315	3.342179	3.28775225	3.4691695	3.43010525	3.27703475	3.46743175	3.27518675	3.52115075	3.385687	3.253	0.023	-1.9E-5	1.0E-5	0.188073373838
140	155	251	3.10980475	1.45968825	1.30814775	1.362221875	1.419082125	1.2302395	1.39299575	1.43615525	1.570933125	1.358299875	1.11053375	1.20306525	1.348444125	1.183491375	1.436104	1.343126875	1.3262955	1.22690375	1.225878625	1.397275625	1.3754365	1.377042	1.242993375	1.084572	1.3513595	1.416554	1.3008185	1.3502015	1.243172125	1.125178125	1.239198875	1.241962125	1.13291325	1.197662625	1.153857875	1.20881575	1.285599875	1.21440925	1.18633625	1.30495	1.336480375	1.028915	1.27126375	1.245114125	1.356226375	1.176353	1.300248125	1.199732625	1.130230125	1.108690375	1.207685375	1.11457725	1.345424625	1.2829935	1.215483375	1.0395846875	1.16631725	1.13700875	1.518550875	1.307522625	1.0834745	1.1949975	1.214869	1.086793375	1.0747225	1.15426175	1.22246	1.228000375	1.133572	1.12742225	1.236579	1.2367285	1.28792325	1.12296575	1.50710875	1.37880875	1.346079875	1.1013165	1.182800375	1.013756	1.296139	1.14080625	1.14467325	1.24845575	1.216762875	1.205776125	1.25951325	1.099739625	1.149099875	1.229557875	1.095637875	1.126894125	1.373757625	1.36349275	1.425757875	1.321352625	1.242835	1.207759125	1.03639675	1.298016875	1.0508725	1.413400625	1.223578	1.407550875	1.12006075	1.0345076875	1.1046165	1.102477125	1.13935675	1.0133055625	1.165141	1.21065525	1.008692125	1.101480375	1.164302125	1.275866375	1.0363461875	1.427592	1.240250125	1.0494355	1.28586225	1.085464625	1.235062	1.267732875	1.284568	1.299419125	1.279686125	1.129242625	1.431879	1.31473925	0.956195	1.29595675	1.31923425	1.187357	1.22732425	1.210583625	1.207010125	1.10585325	1.30381975	1.0094550625	1.32672175	1.19879025	1.35038475	1.406163625	1.06019325	1.230153	1.23863175	1.25393975	1.24015775	1.3078085	1.216690375	1.099595625	1.267159375	1.0187473125	1.23339725	1.166689625	1.06589325	1.084404875	1.163782625	1.086494	1.0810955	1.0046998125	1.527443875	1.322862625	1.1254805	1.204665	0.981313	1.30010675	1.26187525	1.111052375	1.280933125	1.01127875	1.050713	1.206082625	1.207357875	1.184352125	1.1021755	1.0068163125	1.052105875	1.0174986875	1.182997625	1.165574625	1.2451415	1.296068875	1.23263425	1.1473775	1.298425125	1.15500825	1.23534075	1.2339365	1.2283225	1.2889725	0.953291875	1.113114	1.068685	1.075166125	0.971531875	1.1161315	1.27826425	1.154304375	1.29941225	1.13947175	0.9626684375	1.19089675	1.33216825	1.290323875	1.043738625	1.265958375	0.9634695625	1.083238625	1.239361875	0.976775	1.233835375	1.218911875	1.227031625	1.19377625	1.2240875	1.283733375	1.211037125	1.313883875	1.187408625	1.135791375	1.114372	1.192853375	1.087440875	1.0423223125	1.12702325	0.9853709375	1.2893535	1.143191375	1.1400165	1.15095475	1.108989625	1.105616875	0.986636125	1.097608	1.158647	1.000122625	1.200112625	1.180958375	1.13671975	1.292767875	1.17131725	1.27508675	1.116272875	1.0514585	0.9860720625	1.148100875	1.088765	1.174160625	1.288093375	1.312	0.022	1.3E-4	2.2E-5	0.160375584733
141	95	251	4.3410135	0.9309446875	0.8942019375	0.86519325	1.097941625	0.8441644375	0.8764738125	0.95094925	0.9576605	0.8884261875	1.0097758125	0.9602006875	0.7274790625	0.74792	0.8828553125	0.8241198125	0.77598275	0.707958375	0.8599598125	0.8665333125	0.832328125	0.8132914375	0.8365856875	0.811358	0.9564290625	0.861696125	1.072122	0.895749125	0.7710311875	0.9286731875	0.965743625	0.9187081875	0.9947675	0.96905475	1.02179	1.017959875	0.8694795	0.890321625	0.8858446875	0.8217071875	0.920577375	0.9048056875	1.114940375	0.8537230625	0.82818725	1.00730225	0.9350914375	0.7068286875	0.9928008125	0.863532125	0.8740974375	1.008021875	0.8161405	1.041067625	0.8318863125	0.990332125	0.9630734375	0.9373291875	0.8047675	0.8282398125	0.8163186875	1.0376778125	0.8889374375	0.7938445625	0.8166785	0.7820645625	0.89101575	0.8245336875	0.9152368125	0.747203125	0.9268220625	0.7347779375	0.97241825	0.7854683125	0.6917388125	0.9362944375	0.880852125	0.9742020625	0.7252283125	1.04691375	0.823065875	0.9377913125	0.8286368125	0.57423175	0.9151565	0.9326549375	0.898356375	0.817417	1.090236625	0.8878298125	0.8895300625	0.829694375	0.9031254375	1.14039375	0.8922860625	1.064873	0.77037275	0.92269025	0.868621125	0.8892066875	0.807487875	0.973627	0.884571375	0.8135444375	1.007192125	0.9495254375	0.869009625	0.75013575	0.7355186875	0.6711001875	1.022661	0.9481506875	1.051995	0.9347106875	0.789891	0.9183511875	0.7863373125	1.034275625	0.7668875625	0.882627	0.961306125	0.750425	0.78322925	0.9597825	0.9321290625	0.9708029375	0.8797550625	0.57648	0.638880625	1.0277314375	0.757504625	0.9064755	0.8125780625	0.7064521875	1.11761525	0.9313068125	0.7446193125	0.7298085625	0.6310025625	0.7000901875	0.8247856875	0.829794125	0.8742029375	0.70037025	0.5445320625	0.8904965	1.107384375	0.93766075	0.832927125	0.917981	0.812042875	0.7995945	0.887640875	1.028349625	0.9131688125	0.8463484375	0.692497375	0.7628015	0.9265313125	0.9698090625	0.866669875	1.0230275	0.8584965	0.852821625	0.849104375	0.807932375	0.735655125	0.674564875	0.830152	0.8575596875	0.9370758125	1.14085675	0.76833375	0.906718875	0.7988433125	1.125243375	1.047490125	0.8809753125	0.7388104375	0.7212580625	0.877643625	1.0433691875	0.7485935	0.9532053125	0.758509375	0.94101375	0.980195375	1.0023551875	0.90703025	0.819216125	1.065921875	0.7528076875	0.963819875	0.86812625	0.8146671875	1.093178625	0.883222875	0.91239775	0.8857780625	0.9100033125	0.85748875	1.054974625	0.828317875	0.8356515625	0.8252115	0.901597625	0.652513625	1.0028294375	0.783817625	0.8861848125	0.874154625	0.911336625	0.7399244375	0.8951691875	0.9661299375	0.8084223125	0.7639526875	0.783444125	0.8081721875	0.94790175	1.0015655	0.92837975	0.784428	0.913878	0.993716	0.902442875	1.045980625	0.88252225	0.8187500625	1.0226235625	1.219032125	0.980221625	0.712027875	0.8213941875	0.87563175	0.923855375	0.7837886875	0.8582086875	1.219592375	0.862066125	0.993458125	0.7777964375	1.0476235625	0.7686520625	0.8103576875	0.6876996875	0.9661938125	0.8255480625	0.7764236875	0.774057875	0.9475988125	0.943	0.031	8.6E-5	4.7E-5	0.244280795539
142	147	251	6.5229415	3.07034525	3.43030475	3.3334	3.32834525	3.4197505	3.38936525	3.40560425	3.3490715	3.28707725	3.15056125	3.07123175	3.27159575	3.56886475	3.25621475	3.29673575	3.12304025	3.18318175	3.161023	3.0993315	3.0321385	3.3077745	3.3800175	3.226917	3.0662275	3.3840025	3.35380125	3.214404	3.333421	3.054048	3.10137225	3.11871925	3.13576525	3.11931425	3.17937175	3.42877475	3.2520465	3.236346	3.19811425	3.14471325	3.455127	3.11344775	3.25985575	3.130771	3.110113	3.269053	3.340721	3.25370875	3.112436	3.18438525	3.34285125	3.22344	3.2891745	3.2194475	3.324402	3.43386875	3.24799475	3.119333	3.335656	3.3113335	3.366443	3.2006855	3.3248885	3.30483425	3.3262235	3.3048015	3.284071	3.29425525	3.02973725	3.35579525	3.22878175	3.3005995	3.286871	3.0991765	3.19044075	3.2458995	3.4684515	3.39515675	3.08308425	3.245995	3.3318245	3.12044875	3.25031725	3.2765695	3.378962	3.46580425	3.30200475	3.134383	3.34739375	3.305773	3.2734045	3.4849925	3.13302275	3.2966585	3.32652975	3.394202	3.23968125	3.1578545	3.24439075	3.17237775	3.224143	3.2344265	3.19423625	3.2248925	3.22797225	3.261666	3.35623475	3.2454075	3.204924	3.21993775	3.22988425	3.26265825	3.42038925	3.0609485	3.29877475	3.36264925	3.27381225	3.3459845	3.17754725	3.2946905	3.1723775	3.29505425	3.3067745	3.244655	3.297442	3.36744525	3.12555875	3.212339	3.219849	2.9942655	3.17531775	3.166465	3.1388015	3.168002	3.22203175	3.027645	3.254979	3.11148875	3.3544045	3.4160965	3.0526105	3.24805025	3.4026335	3.15712225	3.24936	3.1495175	3.097277	3.42050325	3.21243075	3.09987575	3.10537875	3.161725	3.2452345	3.25971975	3.3446765	2.9998055	3.3354025	3.218185	3.1912575	3.35776575	3.154642	3.235104	3.06744775	3.2946955	3.249857	3.378698	3.371501	2.9305605	3.19711825	3.14541325	3.354392	3.3326945	3.13667175	3.2550855	3.03833625	3.459582	3.105829	3.48761425	3.1502055	3.21890375	3.22092875	3.23043675	3.33487875	3.23636625	3.3887005	3.34288175	3.3012445	3.3708455	3.43132925	3.143185	3.24	3.11804075	3.35387475	3.1482295	3.17914375	3.290697	3.40029725	3.08415275	3.34388225	3.2168815	3.410196	3.275272	3.375239	3.26809	3.39997675	3.162932	3.15978775	3.4190065	3.38370275	3.19766575	3.24905375	3.3173985	3.3612345	3.2943155	3.27965175	3.3459925	3.205521	3.36116475	3.27354275	3.4353075	3.18474075	3.21633975	3.2700655	3.3311575	3.319823	3.31039175	3.2115055	3.31406375	3.363708	3.38746225	3.39173225	3.2330965	3.19825775	3.2316065	3.234853	3.18433625	3.4441055	3.4561355	3.3664105	3.267544	3.475487	3.2644925	3.1414325	3.18674475	3.24256625	3.05769325	3.258795	3.390963	2.990715	3.0571385	3.186036	3.299	0.028	1.5E-5	1.2E-5	0.233987208827
143	100	251	5.7084555	0.7906709375	0.88491325	0.7310238125	0.9621973125	0.755002375	0.8891666875	0.702277125	0.81491	0.826313	0.9187386875	0.7207921875	0.69989875	0.6923229375	0.99087275	0.6308085625	0.8756134375	0.7917298125	-0.1369550625	0.6815234375	0.672587125	0.728705875	0.7990500625	0.7810470625	0.975286625	0.7344140625	0.78560475	0.7067235	0.7947159375	0.605955125	0.934292125	0.771704875	0.7302960625	0.899778625	0.646492	0.8432468125	0.6462989375	0.591988	0.8493765	0.726768875	0.6994355625	0.6532206875	0.7817903125	0.61222675	0.7394114375	0.73117875	0.6745755	0.8014501875	1.074151375	0.822743875	0.6985161875	0.61896875	0.78518925	0.9124595	0.6894220625	0.71392125	0.8311286875	0.7046511875	0.7686056875	0.9215843125	0.600059875	0.7427519375	0.7837791875	0.9142075625	0.74350425	0.5770783125	0.8234133125	0.80226275	0.7975301875	0.83787525	0.729904	0.78201225	0.767745	0.7695225625	0.8182546875	0.7944701875	0.5531501875	0.934491625	-0.14969803125	0.859861375	0.793634625	0.6176933125	0.6886375	0.73145175	0.50406725	0.7548235625	0.8190395625	0.75887875	0.9603170625	0.8566495625	0.9056675625	0.7935499375	0.6893575	0.7740935	0.68650175	0.743837625	0.78707625	0.5759659375	0.758726125	0.6242194375	0.7905859375	0.703416875	0.80103125	0.7078905	0.7062495625	0.9185500625	1.04081625	0.754036375	0.6272935625	0.58750925	0.9562324375	0.7667759375	0.8142973125	0.68549625	0.867324625	0.7423514375	0.89947625	0.624402125	0.74755425	0.7758365	0.867030625	0.9176025625	0.6711023125	0.850653625	0.7082320625	0.9988228125	0.709287625	0.8423114375	0.929340125	0.66519225	0.8598058125	0.635782125	0.6580150625	0.7236511875	0.5533820625	0.658919375	0.7902464375	0.7604194375	0.8779491875	0.728875375	0.7621836875	0.7270706875	0.8667041875	0.64350625	0.7633975625	0.6039365	0.46316375	0.6387665	0.7641435625	0.939496625	0.7981976875	0.83322075	0.7548345	0.7593471875	0.7245834375	0.7690540625	0.6631271875	0.7333184375	0.8727315625	0.9167975625	0.7349239375	0.752927875	0.7155705625	0.7367580625	0.8928161875	0.667986	0.780355625	0.706411625	0.6035589375	0.8550275	0.7741575	0.8074701875	0.9296453125	0.73980825	0.8650105625	0.886721125	0.8697223125	0.947091	0.790204	0.7939064375	0.7216195625	0.89609725	0.8979340625	0.6532095	0.8892314375	0.95553275	0.723779625	0.6554095625	0.9714735625	0.87986225	0.8176458125	0.6083839375	0.730974875	0.846789875	0.758235375	0.718597375	0.748307375	0.968464125	0.7457930625	0.8415083125	0.81099075	0.80401475	0.6597026875	0.710675625	0.7485540625	0.714793	0.5757754375	0.7635695625	0.73394175	0.7172815625	0.8516488125	0.882853875	0.7077441875	0.7841609375	0.8115385	-0.231340453125	0.7944650625	0.87150675	0.8562935625	0.8488971875	0.751175625	0.9209326875	0.8566403125	0.73672575	0.9040175	0.8193641875	0.766751625	0.6978995	0.7969185	0.9140635625	0.7026905	0.7882588125	0.722631125	0.9061748125	0.6237476875	0.7347696875	0.7884665	0.70774425	0.59942875	0.702139875	0.9880201875	1.0068989375	0.9235843125	0.749442375	0.9201101875	0.7677273125	0.52631325	0.9116730625	0.8226215	0.43674221875	0.84305475	0.832	0.047	1.0E-4	8.0E-5	0.344101054215
144	38	251	4.2389235	1.38495075	1.486769375	1.400170375	1.459824375	1.368015625	1.51272875	1.37090425	1.442818875	1.5151005	1.550124125	1.3526275	1.349106625	1.30339575	1.601108125	1.257911125	1.609795125	1.3884945	1.29916325	1.341491125	1.290077375	1.45778475	1.32145775	1.532189125	1.527949375	1.3742585	1.53040025	1.329951	1.49928625	1.20944525	1.415144875	1.413757875	1.34424675	1.506236875	1.279473625	1.498711625	1.368442875	1.186204875	1.405466875	1.489831125	1.428955125	1.4362815	1.482517	1.37378575	1.395548125	1.374730375	1.429658125	1.425557125	1.848057875	1.498663625	1.4640775	1.26664625	1.598237875	1.50506925	1.47875675	1.5361625	1.54748425	1.430124125	1.469896625	1.65689075	1.292703	1.317281	1.5294365	1.594469125	1.408668	1.444224875	1.451553375	1.4485205	1.513559125	1.653526625	1.624217625	1.524630375	1.53750925	1.45160875	1.47453325	1.522576125	1.227567625	1.640754375	1.275972	1.519901125	1.537873	1.321857	1.57148625	1.4402655	1.239976375	1.4736455	1.525755125	1.423069	1.705164125	1.6704	1.658933875	1.49362625	1.584390625	1.656827625	1.3617195	1.39583225	1.47540475	1.34400775	1.5660335	1.336088625	1.581973875	1.380971875	1.6525495	1.551424	1.4253605	1.67725075	1.71980975	1.49485775	1.36341025	1.461109	1.788585875	1.4740095	1.451225625	1.619975875	1.680972	1.464411625	1.730728	1.517456	1.447389875	1.513470375	1.587047625	1.575734375	1.575500875	1.496692375	1.514718875	1.76767325	1.366220375	1.420735625	1.761357375	1.578782375	1.643048625	1.597889125	1.512028375	1.603811625	1.33804475	1.3355515	1.523052125	1.576369	1.564277	1.632301	1.456811625	1.4236755	1.84840275	1.46956225	1.486870125	1.455155625	1.3476155	1.587268625	1.77429225	1.71631275	1.607208625	1.65580825	1.407028125	1.612669125	1.6911715	1.60949175	1.314269125	1.432645625	1.7161225	1.524722625	1.56232825	1.6137465	1.61387725	1.583218	1.705709375	1.52414425	1.681347625	1.359930125	1.361668125	1.566248125	1.727870375	1.6243665	1.64701575	1.628793125	1.743631375	1.652994125	1.5915055	1.73414075	1.51279925	1.485562875	1.71069025	1.677618875	1.695069875	1.5520195	1.811545375	1.751799	1.484414625	1.585859	1.817374	1.76067175	1.512981625	1.4479045	1.553014125	1.6793265	1.468439875	1.775308125	1.5853335	1.7979845	1.5041945	1.747701	1.637857125	1.651142625	1.489873125	1.637446375	1.585174	1.61267375	1.3785025	1.5233695	1.68672725	1.50164725	1.68242075	1.725958625	1.6357675	1.61605125	1.664813	1.228022	1.605608875	1.707118125	1.655274625	1.707086875	1.6956635	1.697637	1.6430625	1.589883125	1.713016125	1.64324125	1.6173585	1.584143375	1.79993575	1.733997125	1.377858125	1.528564875	1.503001375	1.6705585	1.475953125	1.61204925	1.6383915	1.55043375	1.4341195	1.694009125	1.60873425	1.7657345	1.659660125	1.6642745	1.71341875	1.6093845	1.465056375	1.661074	1.53686275	1.430196875	1.45405925	1.46	0.03	-8.8E-5	2.6E-5	0.213587006873
145	94	251	5.7084555	1.270180875	1.362025375	1.25701025	1.4026565	1.22243625	1.397571125	1.231707875	1.3266935	1.383317125	1.44549725	1.2322525	1.2228315	1.192488375	1.515236375	1.127899	1.4736865	1.28424975	1.12357225	1.2249205	1.165616375	1.314354875	1.230982	1.375186625	1.46677	1.249597875	1.3762285	1.1942195	1.361005375	1.089010875	1.360034	1.29362	1.229583875	1.426317375	1.157045125	1.379249875	1.211467875	1.06579025	1.315194125	1.32348575	1.28856075	1.264755125	1.34640775	1.198050125	1.262923625	1.251328125	1.277054625	1.307573375	1.707667875	1.369247875	1.308592875	1.140939625	1.427343875	1.385375625	1.298374125	1.36243775	1.412511125	1.27826175	1.3272615	1.525026125	1.1627825	1.214157625	1.384634625	1.459400875	1.282356	1.242512875	1.338197125	1.320668	1.3685815	1.48433625	1.440489125	1.378809	1.38886025	1.324507	1.35307525	1.361689125	1.081053	1.5142565	1.077867	1.388522875	1.386349125	1.171522875	1.358622125	1.2996765	1.051613625	1.328207875	1.397895	1.291479125	1.580532625	1.494345	1.520575125	1.35774375	1.3582195	1.470202125	1.230662375	1.2711285	1.354058625	1.161050375	1.366436125	1.1848845	1.393871	1.225304125	1.45575075	1.378639	1.288354125	1.519608625	1.600049375	1.33549225	1.210846625	1.267684125	1.608838	1.340037	1.340297125	1.406468875	1.510970375	1.30542575	1.54817	1.32107575	1.31154175	1.35920925	1.4222855	1.450771625	1.363368375	1.367766375	1.360129875	1.601738875	1.2257825	1.32283275	1.58194725	1.371156375	1.472990125	1.3710435	1.317260125	1.409015875	1.162604375	1.1970935	1.372035125	1.406802625	1.440185125	1.41366325	1.3248595	1.277989875	1.62675275	1.241219875	1.348419875	1.255952125	1.137607625	1.367761	1.54390375	1.567348375	1.437337875	1.4707025	1.278639625	1.43015925	1.475406125	1.438026	1.16331575	1.293832625	1.522064375	1.42236675	1.380886625	1.41612175	1.425391625	1.405698875	1.526922875	1.329605875	1.46694475	1.23341825	1.199257	1.434477875	1.510650125	1.448384625	1.4973675	1.42132025	1.5490225	1.499820125	1.43534325	1.575131125	1.366481875	1.3513895	1.474119625	1.52481975	1.5273385	1.345158	1.60522525	1.595134125	1.31929775	1.361327125	1.647044125	1.57405075	1.353318875	1.234462125	1.371121625	1.50489975	1.323694875	1.521716125	1.3995255	1.635068125	1.355428375	1.536748125	1.453657	1.4692245	1.296448125	1.432781375	1.403576875	1.426241625	1.202199625	1.367361	1.4576705	1.32690775	1.508895875	1.53530075	1.412332875	1.437068125	1.4760195	1.000665375	1.44906625	1.523984	1.49481725	1.52966325	1.48595975	1.545877625	1.466337875	1.40631375	1.542362625	1.470001375	1.42530525	1.374126625	1.56416175	1.5747225	1.247886625	1.368937	1.320415	1.517760125	1.281707625	1.4202465	1.4425745	1.34309	1.244087	1.457152625	1.5162135	1.633270375	1.520935875	1.467928875	1.55600825	1.415323	1.234656125	1.505604	1.391410875	1.183490125	1.357062875	1.359	0.035	-3.7E-5	3.7E-5	0.300561532455
146	108	251	4.0281425	2.01108425	2.10778325	1.878393125	2.12177975	1.899889	2.25872075	1.974803	2.070766125	1.9215215	2.126187	2.16574525	2.12495725	2.0665295	2.0859215	2.003981375	1.9349185	2.137258	2.19433475	2.18341275	2.24042875	2.30741475	2.065866	2.093606	1.976614	2.0942515	2.060624125	2.01464575	1.9646815	1.99525475	2.22678175	2.031327	1.991772875	2.109104	1.97650775	1.985642125	2.11906225	2.0132355	1.997932125	2.085652125	1.898459375	2.1452275	1.85391325	2.11936	1.96638225	2.01364075	2.187796	1.9917495	1.80760825	2.053419	2.1202755	1.812350625	2.214614	2.17089925	2.34262825	2.18450725	2.042384375	2.086937375	2.028954	2.02676025	2.2037155	1.924679375	2.088403875	2.00070975	2.061854375	2.0781185	1.936530375	2.19906	2.1119195	2.1918625	2.0447005	1.863802625	1.963356625	2.23149525	2.19458775	2.0968035	1.99866725	2.35446975	2.085845	2.066123875	2.149635	2.165465	1.973906125	1.947920625	2.16567775	1.949489625	2.033688	2.124069	2.085767875	1.98483825	1.976332125	1.888569375	2.202653	2.2026435	2.11438875	2.22805375	1.784267	2.17953925	2.13283825	1.9896365	1.98131125	2.08563475	2.04471	1.945715625	1.998549625	1.959230125	1.952174625	1.91681	2.24379875	1.9424715	1.896505875	2.066033625	2.076914875	2.053712125	1.877869625	2.404882	2.132867	2.065449375	2.182689	2.29137325	2.18277525	2.20978125	1.97535925	1.97585675	2.25147325	1.85508675	2.1631655	2.24005275	2.112618	2.01438825	2.2753415	1.98710925	2.0470285	2.1013405	1.98104475	2.1792415	2.173451	2.11627725	2.062259625	1.81928825	2.259635	1.80124775	2.073966625	2.05104425	2.059763625	2.2380195	2.05139025	1.95791825	2.06024875	1.844969625	1.973747875	2.16633125	2.0656515	2.130071	2.112413	2.017318875	2.0584685	2.023974	1.962672375	2.14123875	2.22434	2.11615825	2.043019625	2.010879	1.893978375	1.949043875	1.945495375	2.014374375	2.023026125	2.153904	1.883440125	1.9946215	2.07050175	1.960002875	2.14836025	2.045396125	2.1951415	2.2427515	1.792165125	2.2254455	1.942652875	2.13651475	2.16780875	2.045931625	1.934307375	2.023484375	1.987982375	2.25803375	1.9585245	2.05486225	2.08535025	2.212045	1.98582025	1.829311125	2.209116	2.02185975	1.96787875	2.019876	2.186441	2.07746525	2.09863325	1.9957355	2.053358125	2.063203125	2.165522	2.0120225	2.1279085	1.996939125	2.057001875	1.975344625	2.3243885	2.111514	2.18663325	2.26115325	2.16653325	2.069395625	1.93363	1.998488625	2.073301875	2.089034375	2.13161	2.050810875	2.125353	2.107496	2.1800535	1.95473525	2.0332685	2.122995	2.084597625	2.08908125	2.003581625	2.114034	2.0787375	1.943587125	2.14904525	1.92326425	1.838647	1.89550875	2.139296	2.04478175	1.92736175	2.210922	2.10737375	2.24293025	1.979403625	2.0947495	2.056949375	1.992080625	2.236893	2.023408	2.137957	2.097	0.022	1.8E-5	1.4E-5	0.168024160176
147	56	251	4.686804	1.71147675	1.885452875	2.25504875	2.11337575	1.82372025	1.973433875	2.044332625	1.99756025	2.13263125	1.988035375	2.036880625	1.78860975	1.869180375	2.116641	1.80525575	2.064432125	2.11077275	2.043973625	2.03327525	2.12223625	1.783779	2.029017125	1.808229625	1.993025625	2.083994875	2.0805235	2.00760025	1.892421375	2.001107625	1.85615925	1.932435125	2.01895825	2.105318	1.781120375	2.156292	2.007936	2.08886175	1.95852775	2.0525895	1.87443125	1.926366	1.898847125	1.906012	2.045240625	1.829609	1.945015875	1.915222125	1.891434	2.028978	1.85788275	1.89238875	1.97173075	1.959867	1.862952625	2.110597	2.050404	2.068526125	2.08341425	1.886058625	2.122158	2.0686245	2.05803575	2.2961615	1.86795625	2.064859	2.026611625	1.9162895	2.1690725	1.972168	1.964193875	2.115957	2.045742	1.8533225	1.97300875	2.0611865	2.092049375	1.6595035	1.919987125	2.05317925	2.1140275	1.87603575	2.01734925	2.16919925	2.19394225	2.060681375	2.105891	2.15911475	1.9898495	1.7969725	2.08712	2.1262895	1.899299	2.026982625	2.017627875	1.956721875	1.950222	2.21895875	1.929618625	1.8509575	1.916572	2.0754695	1.980219125	2.254224	2.02298	1.979962375	1.980939125	2.17163325	1.853774875	1.924524375	1.95766875	2.11418925	1.922071875	1.981814	1.90102225	1.980022875	2.02171175	1.975567	1.88510625	1.97672625	1.913062	1.819611	2.0949845	2.11787775	1.99478975	2.109828	2.13469625	1.91370425	1.903933375	2.1425755	1.946561125	2.019020375	2.019377875	1.795190875	1.99039175	1.809947	1.955101	1.9927435	1.913963125	1.94188825	1.896147375	1.863063625	2.156824	2.056220375	2.168881	1.804258125	1.975763125	1.81002575	1.899019875	2.0581105	2.042194	2.11651075	2.016104	1.785029375	2.0838675	2.19846375	2.1662095	1.890356875	1.980235	2.0971905	2.080120625	2.00714775	1.889707625	1.891577375	1.950638125	1.922044375	2.070237875	2.037941375	1.876507625	2.0422505	2.21015075	2.18875075	2.1987065	1.908454875	1.933488125	2.12284	1.967699625	1.98465425	2.24735975	1.93473625	1.880657	2.097066375	2.09566725	1.943661625	2.2095205	2.017167375	2.13106875	2.057878375	2.0196715	2.060008125	2.1107825	1.8416865	1.908318875	1.913925875	1.90004025	2.24140175	2.07499275	2.138273	1.982190625	2.11490925	1.928773	1.98212425	1.848683125	2.172657	2.009476875	1.92812975	1.9082115	2.002924875	2.107244	2.1051975	1.973533875	1.99207	1.906499	2.0565495	1.993017375	1.9501245	2.09570475	1.892139875	1.998049375	1.988445	2.005780625	1.936690625	1.9479525	1.961531875	2.10757	2.1026925	1.86637375	1.949884125	1.907939375	1.979927875	1.967317375	2.1436655	2.04362725	2.086552875	2.000387	2.05375675	1.905721875	2.1082415	2.01484175	1.88308825	2.14983325	2.013754625	2.007273625	1.82980125	2.064749	2.09983525	2.18779125	1.892445125	2.04035625	1.99056225	2.12162025	2.027	0.026	1.2E-5	1.7E-5	0.202195135599
148	62	251	3.4620145	1.658063	1.443092625	1.83973325	1.86039425	1.549360875	1.855385875	1.650812875	1.647883625	1.53679475	1.752851375	1.5828835	1.64943725	1.58579425	1.515468625	1.667275125	1.689546125	1.288958	1.552783375	1.6707715	1.330796125	1.592427375	1.741275375	1.50755325	1.433697375	1.7882005	1.42185475	1.477992125	1.472217375	1.40459575	1.342240125	1.35204925	1.3287875	1.496732875	1.325227125	1.329891625	1.239227375	1.378991	1.098015625	1.277974	1.255597375	1.23997375	1.227782	1.381300875	1.089476125	1.186013375	1.101343	1.110012625	1.1455405	1.17109725	1.236117	1.313545375	1.339382	1.25189	1.16499175	1.177285375	1.0050644375	1.214840125	1.083704	1.0302654375	1.053506625	0.98135	1.141591875	0.9757496875	1.202644125	1.1657595	0.9018374375	0.98683025	1.003413375	1.174355	0.9969046875	0.91350325	1.0420513125	1.0901915	1.114902375	0.9176339375	1.062328375	1.069952875	0.9534769375	0.9515749375	0.807292125	0.96516625	1.0143575	0.8829689375	0.8605904375	1.20084275	1.054630125	0.9409326875	0.9627584375	1.0356189375	1.083833	0.9594934375	1.118282375	0.9928916875	1.018482125	0.9747343125	0.8390756875	0.973696875	0.8896590625	0.817857	0.8346441875	0.94473775	0.8589438125	1.0038975	1.028925375	0.801574125	0.85872975	1.137138375	0.760205375	0.855256625	0.8323811875	0.94090475	0.8853985	1.003195	0.936869	1.156775375	1.0307473125	0.8560228125	0.8098825625	1.06283625	0.9136940625	0.8552783125	0.8037605625	0.91471325	0.7630189375	0.85962425	0.903667625	1.020546875	0.8520926875	1.199634625	0.797442125	0.8397485	0.786807875	0.8495775	1.002352875	0.942694625	0.7687508125	1.0059484375	0.8178689375	0.91260525	1.072885375	0.864388125	1.08118225	1.0383773125	0.9846318125	0.946108	0.9157734375	0.8663224375	0.93070875	0.8865245625	0.9653264375	1.0439630625	0.779148125	0.857815	0.9249305	0.835589875	1.035379625	0.8557241875	0.9314935	0.6573076875	0.780989375	0.68586275	0.832578375	0.6222909375	0.8641250625	1.0132659375	0.9163694375	0.987414	0.751383625	0.823609375	0.87514625	0.881990625	0.983294	0.7794346875	0.9818764375	0.7662738125	0.956185125	0.7516098125	0.960400875	0.9058464375	0.883208125	1.00522025	0.9975945625	0.720676	0.87540225	0.8261365625	1.017688875	0.6526849375	0.868044125	0.7476998125	0.8926938125	0.933997375	0.634316	0.9483045625	0.9686500625	0.9954893125	0.679382125	1.08663325	0.804056	0.7258399375	0.7687350625	0.850316125	0.8865913125	0.9570295625	0.9949378125	0.7384639375	0.747926375	0.800605125	0.89724875	0.83332725	0.7164066875	0.9568879375	1.0430408125	0.6642455625	1.0030851875	1.051419375	1.016228625	0.910716	0.79585925	0.91449925	0.9378443125	0.8277724375	0.6433395625	0.8752351875	1.0330069375	0.783848625	0.841202625	0.7428845	0.9141405625	0.7851889375	0.7263470625	1.067665	1.1033315	0.89615675	1.141727	0.8869245625	0.9325285	0.8381089375	0.8680520625	0.96583625	0.764921625	1.115322625	1.029148375	0.8750955625	0.971589375	0.8735108125	0.8816181875	0.648113625	0.816196875	0.8382920625	1.011431875	1.498	0.032	6.19E-4	3.7E-5	0.207879229269
149	125	251	6.7390495	3.2491975	2.9174205	2.95868225	2.752497	2.9721075	2.753217	2.48719475	2.51284725	2.691005	2.40170675	2.5770395	2.41261225	2.52098375	2.44694725	2.45301	2.567108	2.3093345	2.58571275	2.2995245	2.288163	2.1706435	2.432103	2.3559435	2.329947	2.32618875	2.24771625	2.3565135	2.32470575	2.178049	2.21155175	2.44314975	2.39068175	2.453423	2.4202695	2.165454	2.58336725	2.33118075	2.3416345	2.47509225	2.237389	2.2671505	2.214191	2.458366	2.276074	2.3270485	2.42962175	2.38261225	2.07094275	2.35243375	2.35233725	2.33625075	2.294228	2.2661285	2.31913075	2.30310475	2.3757395	2.2478855	2.28806625	2.24206125	2.35321775	2.22046025	2.42412425	2.14278625	1.934329875	2.244549	2.109045	2.12053175	2.1564425	2.13187775	2.320714	2.097056375	2.1350455	2.10799325	2.2803945	2.13336375	2.292768	2.002251375	2.31793	2.00148	2.14864	1.8232925	2.16563025	2.24644325	2.1197535	2.234608	2.14738375	1.979195375	2.00639675	2.26505775	2.05956975	2.062846125	2.21453625	2.14100625	2.19682	2.2417825	2.2147905	1.9492925	2.15481225	2.06779875	1.939689875	2.087694875	2.16906975	2.23105375	2.18097225	2.041932625	2.22732975	1.989250125	2.328533	1.892554375	2.08488225	2.17373875	1.972684875	1.933967	1.835517	2.00580875	2.0223615	2.072275625	2.070556125	1.969113	1.98747625	2.060986125	1.982419875	1.924208	1.973039375	2.0276365	2.10495625	1.869115375	2.0305255	2.05615525	1.746223375	2.040181	1.854190625	1.925052375	2.172474	2.01035775	2.19718025	1.912685125	1.93114625	1.816230375	2.0245955	1.79319175	2.064568875	1.902395625	2.049327	2.047566125	1.90758625	1.9667855	1.921236	1.992499	2.025732125	1.81211175	1.939072875	1.869213625	1.9602155	1.994025125	1.92346075	1.788092125	1.973391625	1.852183875	1.8222225	1.804736	1.901033625	1.632824875	1.944337125	1.988499125	1.907365375	1.55360175	1.831835125	1.856401625	1.856138875	1.937961875	1.9779505	2.048441375	1.774679875	1.850959875	1.92462	1.851542	1.88159775	1.724971875	1.913929125	1.984482125	1.861582875	1.607548	1.939757375	1.6187305	1.83246575	1.676305375	1.749420875	1.63336525	1.770655125	1.867953375	1.850462375	1.814690875	1.68016	1.96323925	1.885764375	1.473553625	1.778212	1.764164125	1.70193625	1.633712125	1.59869575	1.78139425	1.706638875	1.929113875	1.800348875	1.689064625	1.741672875	1.778909625	1.580945375	1.8679195	1.7500795	1.82821775	1.631807	1.779087625	1.92389925	1.89803325	1.742558	1.642830125	1.813446875	1.757203125	1.7929015	1.62982775	1.8715465	1.70562175	1.80712775	1.5703995	1.70666125	1.702096625	1.407380375	1.732169125	1.7918105	1.64820575	1.72397825	1.467013125	1.71315475	1.8855895	1.861798	1.436740625	1.782663125	1.54679625	1.78430825	1.68295525	1.775732	1.441081875	1.360404625	1.4077435	1.671794625	1.681381125	1.459993	2.637	0.044	4.15E-4	2.6E-5	0.294778919516
150	82	251	3.444204	1.25044925	1.1599	1.50820925	1.507356875	1.148540125	1.393737375	1.401341875	1.4654145	1.313684625	1.481657625	1.494106125	1.428089625	1.374631375	1.32846175	1.29714475	1.428124375	1.2326535	1.469674	1.402927375	0.935844375	1.436861375	1.402349875	1.421011	1.21101725	1.43867975	1.236026625	1.29917175	1.257398	1.365057125	1.198062	1.308749875	1.2697005	1.2911475	1.23980125	1.20231825	1.269758	1.279884875	1.213808625	1.233296375	1.060429	1.227352125	1.28099475	1.343713625	1.17922125	1.084374375	1.254121375	1.062134	1.313054875	1.31620425	1.214851875	1.233149875	1.40067025	1.182093625	1.218119125	1.114632625	1.11773425	1.327457125	1.39565475	1.319032	1.101705625	1.109141625	1.39125525	1.312924625	1.110913	1.251287375	1.0408873125	1.2694065	1.36688275	1.273375875	1.115827	1.0621535	1.188833375	1.33663625	1.1268125	1.0458060625	1.2254075	1.39335225	1.372723625	1.153186125	1.157416125	1.231484625	1.335757625	1.322025	1.23646725	1.3171605	1.201003625	1.161076125	1.228794125	1.5222045	1.077782375	1.177775375	1.239033375	1.28543075	1.063340625	1.249748	1.173461375	1.33140025	1.23575	0.9687228125	1.07175075	1.242454875	1.1179415	1.22898525	1.3716185	1.221263125	0.994592	1.30211775	1.074548125	1.16028125	1.222479375	1.22846275	1.135358875	1.12615175	1.36701575	1.274666625	1.061672125	1.278894875	0.9328519375	1.315426375	1.0930475	1.178624375	1.280310625	1.222734375	1.251509875	1.29734875	0.92142675	1.278925	0.979613625	1.107176625	1.222046875	1.05135675	0.86189175	1.05219525	1.0302076875	1.103646875	1.1684215	1.183043375	1.13064275	1.22090925	1.07581225	1.08107225	1.091504125	1.0856065	0.9626528125	0.9778823125	1.12883225	1.12936375	1.1146135	0.9616861875	0.8348798125	1.204659875	1.041552375	1.0426070625	1.051537375	1.0842685	0.9808194375	1.0431506875	1.13472975	1.071843125	1.1404765	1.148634375	1.044299875	1.16756125	1.061742875	1.0755235	1.0158580625	1.190627375	1.143473875	1.05807525	1.124888	1.2238315	1.090013	1.0459429375	1.204932125	1.07625975	0.9861799375	1.0139265	1.1299415	1.06696525	1.012357125	1.253112625	0.982072	1.0289395625	1.081620625	1.165377625	0.971413375	1.0414709375	1.0372894375	0.988732375	1.2074565	1.0272169375	0.85803025	1.070859625	1.0469371875	1.247464375	0.953387375	1.1766005	1.14596525	0.8618423125	1.087111	1.065386625	1.010147125	1.1068265	1.062336	1.208615375	0.976817875	1.109309	1.069872375	0.9052503125	0.8654441875	0.8187866875	0.9414939375	0.8689259375	0.952690125	1.0288176875	0.9208865	1.123891	0.980144	0.970264875	1.082115875	1.02271675	1.05616225	0.9576655	1.0442465625	0.964978125	0.90235625	1.112826625	1.014464625	0.9749211875	1.079718125	0.803256375	0.9011633125	1.0056698125	0.9247795	1.176927625	1.073877625	1.120941625	1.036725875	1.0010420625	0.9169360625	1.068369625	1.167509375	0.9976460625	0.7779005	1.08073725	0.970695625	1.0304740625	0.787084875	0.94009325	0.935343875	1.393	0.024	3.04E-4	2.8E-5	0.169142889004
